Development branch:    unknown
Revision id:           unknown
#----------------------------------------------
Open FUSION Toolkit Initialized
Parallelization Info:
  # of MPI tasks      =    1
  # of NUMA nodes     =    1
  # of OpenMP threads =    8
Fortran input file    = oft.in
XML input file        = none
Integer Precisions    =    4   8
Float Precisions      =    4   8  10
Complex Precisions    =    4   8
LA backend            = native
#----------------------------------------------


**** Loading OFT surface mesh
  Square surface mesh:
    Mesh Type   =    1
    nx, ny      =    4 320
    Scale facs  =   5.000E-01  2.000E+00
    Periodicity =  T F
    Packing     =   1.000E+00  8.000E+00  1.000E+00

  **** Generating surface grid level  1
    Generating boundary domain linkage
    Mesh statistics:
      Area         =  1.000E+00
      # of points  =    2564
      # of edges   =    7684
      # of cells   =    5120
      # of boundary points =       8
      # of boundary edges  =       8
      # of boundary cells  =       8
    Resolution statistics:
      hmin =  1.151E-03
      hrms =  7.227E-02
      hmax =  1.250E-01
    Surface grounded at vertex       1


  **** Creating Lagrange FE space
    Order  =    1
    Minlev =   -1

Predicted Ha =   2.0000E+01
 Timestep       1  1.250000E-03    67     1       0.385    1.25E-03
 Timestep       2  2.500000E-03    65     1       0.371    1.25E-03
 Timestep       3  3.750000E-03    29     1       0.348    1.25E-03
 Timestep       4  5.000000E-03    34     1       0.352    1.25E-03
 Timestep       5  6.250000E-03    25     1       0.344    1.25E-03
 Timestep       6  7.500000E-03    24     1       0.342    1.25E-03
 Timestep       7  8.750000E-03    23     1       0.343    1.25E-03
 Timestep       8  1.000000E-02    21     1       0.341    1.25E-03
 Timestep       9  1.125000E-02    17     1       0.351    1.25E-03
 Timestep      10  1.250000E-02    17     1       0.338    1.25E-03
 Timestep      11  1.375000E-02    16     1       0.338    1.25E-03
 Timestep      12  1.500000E-02    14     1       0.336    1.25E-03
 Timestep      13  1.625000E-02    15     1       0.338    1.25E-03
 Timestep      14  1.750000E-02    14     1       0.336    1.25E-03
 Timestep      15  1.875000E-02    14     1       0.336    1.25E-03
 Timestep      16  2.000000E-02    15     1       0.337    1.25E-03
 Timestep      17  2.125000E-02    13     1       0.335    1.25E-03
 Timestep      18  2.250000E-02    13     1       0.335    1.25E-03
 Timestep      19  2.375000E-02    14     1       0.335    1.25E-03
 Timestep      20  2.500000E-02    13     1       0.374    1.25E-03
 Timestep      21  2.625000E-02    13     1       0.336    1.25E-03
 Timestep      22  2.750000E-02    13     1       0.336    1.25E-03
 Timestep      23  2.875000E-02    13     1       0.336    1.25E-03
 Timestep      24  3.000000E-02    13     1       0.336    1.25E-03
 Timestep      25  3.125000E-02    13     1       0.335    1.25E-03
 Timestep      26  3.250000E-02    13     1       0.336    1.25E-03
 Timestep      27  3.375000E-02    12     1       0.335    1.25E-03
 Timestep      28  3.500000E-02    13     1       0.370    1.25E-03
 Timestep      29  3.625000E-02    12     1       0.341    1.25E-03
 Timestep      30  3.750000E-02    13     1       0.341    1.25E-03
 Timestep      31  3.875000E-02    12     1       0.344    1.25E-03
 Timestep      32  4.000000E-02    13     1       0.362    1.25E-03
 Timestep      33  4.125000E-02    12     1       0.335    1.25E-03
 Timestep      34  4.250000E-02    13     1       0.335    1.25E-03
 Timestep      35  4.375000E-02    12     1       0.334    1.25E-03
 Timestep      36  4.500000E-02    12     1       0.334    1.25E-03
 Timestep      37  4.625000E-02    13     1       0.335    1.25E-03
 Timestep      38  4.750000E-02    12     1       0.334    1.25E-03
 Timestep      39  4.875000E-02    12     1       0.334    1.25E-03
 Timestep      40  5.000000E-02    13     1       0.335    1.25E-03
 Timestep      41  5.125000E-02    12     1       0.335    1.25E-03
 Timestep      42  5.250000E-02    13     1       0.335    1.25E-03
 Timestep      43  5.375000E-02    12     1       0.334    1.25E-03
 Timestep      44  5.500000E-02    13     1       0.335    1.25E-03
 Timestep      45  5.625000E-02    13     1       0.335    1.25E-03
 Timestep      46  5.750000E-02    13     1       0.334    1.25E-03
 Timestep      47  5.875000E-02    13     1       0.335    1.25E-03
 Timestep      48  6.000000E-02    14     1       0.336    1.25E-03
 Timestep      49  6.125000E-02    14     1       0.336    1.25E-03
 Timestep      50  6.250000E-02    13     1       0.334    1.25E-03
 Timestep      51  6.375000E-02    14     1       0.336    1.25E-03
 Timestep      52  6.500000E-02    15     1       0.336    1.25E-03
 Timestep      53  6.625000E-02    15     1       0.336    1.25E-03
 Timestep      54  6.750000E-02    16     1       0.336    1.25E-03
 Timestep      55  6.875000E-02    17     1       0.338    1.25E-03
 Timestep      56  7.000000E-02    17     1       0.339    1.25E-03
 Timestep      57  7.125000E-02    17     1       0.356    1.25E-03
 Timestep      58  7.250000E-02    18     1       0.344    1.25E-03
 Timestep      59  7.375000E-02    18     1       0.341    1.25E-03
 Timestep      60  7.500000E-02    19     1       0.343    1.25E-03
 Timestep      61  7.625000E-02    18     1       0.339    1.25E-03
 Timestep      62  7.750000E-02    19     1       0.339    1.25E-03
 Timestep      63  7.875000E-02    18     1       0.339    1.25E-03
 Timestep      64  8.000000E-02    19     1       0.339    1.25E-03
 Timestep      65  8.125000E-02    15     1       0.336    1.25E-03
 Timestep      66  8.250000E-02    17     1       0.338    1.25E-03
 Timestep      67  8.375000E-02    17     1       0.338    1.25E-03
 Timestep      68  8.500000E-02    18     1       0.338    1.25E-03
 Timestep      69  8.625000E-02    18     1       0.339    1.25E-03
 Timestep      70  8.750000E-02    19     1       0.339    1.25E-03
 Timestep      71  8.875000E-02    19     1       0.339    1.25E-03
 Timestep      72  9.000000E-02    18     1       0.338    1.25E-03
 Timestep      73  9.125000E-02    18     1       0.339    1.25E-03
 Timestep      74  9.250000E-02    18     1       0.338    1.25E-03
 Timestep      75  9.375000E-02    18     1       0.339    1.25E-03
 Timestep      76  9.500000E-02    18     1       0.338    1.25E-03
 Timestep      77  9.625000E-02    16     1       0.337    1.25E-03
 Timestep      78  9.750000E-02    17     1       0.337    1.25E-03
 Timestep      79  9.875000E-02    17     1       0.338    1.25E-03
 Timestep      80  1.000000E-01    16     1       0.337    1.25E-03
 Timestep      81  1.012500E-01    16     1       0.337    1.25E-03
 Timestep      82  1.025000E-01    16     1       0.337    1.25E-03
 Timestep      83  1.037500E-01    15     1       0.337    1.25E-03
 Timestep      84  1.050000E-01    15     1       0.337    1.25E-03
 Timestep      85  1.062500E-01    15     1       0.336    1.25E-03
 Timestep      86  1.075000E-01    14     1       0.335    1.25E-03
 Timestep      87  1.087500E-01    14     1       0.336    1.25E-03
 Timestep      88  1.100000E-01    14     1       0.336    1.25E-03
 Timestep      89  1.112500E-01    13     1       0.336    1.25E-03
 Timestep      90  1.125000E-01    13     1       0.335    1.25E-03
 Timestep      91  1.137500E-01    12     1       0.335    1.25E-03
 Timestep      92  1.150000E-01    12     1       0.335    1.25E-03
 Timestep      93  1.162500E-01    12     1       0.335    1.25E-03
 Timestep      94  1.175000E-01    10     1       0.334    1.25E-03
 Timestep      95  1.187500E-01    11     1       0.335    1.25E-03
 Timestep      96  1.200000E-01     9     1       0.333    1.25E-03
 Timestep      97  1.212500E-01    11     1       0.334    1.25E-03
 Timestep      98  1.225000E-01     9     1       0.333    1.25E-03
 Timestep      99  1.237500E-01     9     1       0.333    1.25E-03
 Timestep     100  1.250000E-01     9     1       0.333    1.25E-03
 Timestep     101  1.262500E-01     8     1       0.333    1.25E-03
 Timestep     102  1.275000E-01     8     1       0.333    1.25E-03
 Timestep     103  1.287500E-01     6     1       0.332    1.25E-03
 Timestep     104  1.300000E-01     7     1       0.333    1.25E-03
 Timestep     105  1.312500E-01     7     1       0.333    1.25E-03
 Timestep     106  1.325000E-01     7     1       0.332    1.25E-03
 Timestep     107  1.337500E-01     7     1       0.332    1.25E-03
 Timestep     108  1.350000E-01     7     1       0.332    1.25E-03
 Timestep     109  1.362500E-01     6     1       0.332    1.25E-03
 Timestep     110  1.375000E-01     7     1       0.332    1.25E-03
 Timestep     111  1.387500E-01     7     1       0.336    1.25E-03
 Timestep     112  1.400000E-01     7     1       0.332    1.25E-03
 Timestep     113  1.412500E-01     8     1       0.333    1.25E-03
 Timestep     114  1.425000E-01     8     1       0.332    1.25E-03
 Timestep     115  1.437500E-01     9     1       0.333    1.25E-03
 Timestep     116  1.450000E-01     8     1       0.332    1.25E-03
 Timestep     117  1.462500E-01     9     1       0.333    1.25E-03
 Timestep     118  1.475000E-01    11     1       0.334    1.25E-03
 Timestep     119  1.487500E-01    11     1       0.334    1.25E-03
 Timestep     120  1.500000E-01    11     1       0.334    1.25E-03
 Timestep     121  1.512500E-01    10     1       0.333    1.25E-03
 Timestep     122  1.525000E-01    10     1       0.333    1.25E-03
 Timestep     123  1.537500E-01     7     1       0.332    1.25E-03
 Timestep     124  1.550000E-01     8     1       0.332    1.25E-03
 Timestep     125  1.562500E-01     7     1       0.332    1.25E-03
 Timestep     126  1.575000E-01     8     1       0.332    1.25E-03
 Timestep     127  1.587500E-01     7     1       0.332    1.25E-03
 Timestep     128  1.600000E-01     6     1       0.331    1.25E-03
 Timestep     129  1.612500E-01     7     1       0.332    1.25E-03
 Timestep     130  1.625000E-01     6     1       0.331    1.25E-03
 Timestep     131  1.637500E-01     7     1       0.332    1.25E-03
 Timestep     132  1.650000E-01     7     1       0.332    1.25E-03
 Timestep     133  1.662500E-01     8     1       0.333    1.25E-03
 Timestep     134  1.675000E-01     9     1       0.333    1.25E-03
 Timestep     135  1.687500E-01    10     1       0.333    1.25E-03
 Timestep     136  1.700000E-01     9     1       0.333    1.25E-03
 Timestep     137  1.712500E-01    10     1       0.333    1.25E-03
 Timestep     138  1.725000E-01     9     1       0.333    1.25E-03
 Timestep     139  1.737500E-01    10     1       0.334    1.25E-03
 Timestep     140  1.750000E-01     9     1       0.333    1.25E-03
 Timestep     141  1.762500E-01    10     1       0.334    1.25E-03
 Timestep     142  1.775000E-01     7     1       0.332    1.25E-03
 Timestep     143  1.787500E-01     9     1       0.333    1.25E-03
 Timestep     144  1.800000E-01     7     1       0.332    1.25E-03
 Timestep     145  1.812500E-01     8     1       0.332    1.25E-03
 Timestep     146  1.825000E-01     6     1       0.331    1.25E-03
 Timestep     147  1.837500E-01     7     1       0.331    1.25E-03
 Timestep     148  1.850000E-01     6     1       0.331    1.25E-03
 Timestep     149  1.862500E-01     6     1       0.331    1.25E-03
 Timestep     150  1.875000E-01     7     1       0.331    1.25E-03
 Timestep     151  1.887500E-01     4     1       0.331    1.25E-03
 Timestep     152  1.900000E-01     5     1       0.331    1.25E-03
 Timestep     153  1.912500E-01     5     1       0.332    1.25E-03
 Timestep     154  1.925000E-01     6     1       0.331    1.25E-03
 Timestep     155  1.937500E-01     7     1       0.332    1.25E-03
 Timestep     156  1.950000E-01     4     1       0.331    1.25E-03
 Timestep     157  1.962500E-01     6     1       0.332    1.25E-03
 Timestep     158  1.975000E-01     7     1       0.332    1.25E-03
 Timestep     159  1.987500E-01     8     1       0.333    1.25E-03
 Timestep     160  2.000000E-01     9     1       0.333    1.25E-03
 Timestep     161  2.012500E-01     9     1       0.333    1.25E-03
 Timestep     162  2.025000E-01    10     1       0.333    1.25E-03
 Timestep     163  2.037500E-01     6     1       0.332    1.25E-03
 Timestep     164  2.050000E-01     9     1       0.333    1.25E-03
 Timestep     165  2.062500E-01     7     1       0.332    1.25E-03
 Timestep     166  2.075000E-01     7     1       0.331    1.25E-03
 Timestep     167  2.087500E-01     6     1       0.332    1.25E-03
 Timestep     168  2.100000E-01     6     1       0.331    1.25E-03
 Timestep     169  2.112500E-01     4     1       0.331    1.25E-03
 Timestep     170  2.125000E-01     5     1       0.331    1.25E-03
 Timestep     171  2.137500E-01     4     1       0.331    1.25E-03
 Timestep     172  2.150000E-01     5     1       0.331    1.25E-03
 Timestep     173  2.162500E-01     3     1       0.330    1.25E-03
 Timestep     174  2.175000E-01     4     1       0.330    1.25E-03
 Timestep     175  2.187500E-01     4     1       0.330    1.25E-03
 Timestep     176  2.200000E-01     4     1       0.331    1.25E-03
 Timestep     177  2.212500E-01     5     1       0.331    1.25E-03
 Timestep     178  2.225000E-01     3     1       0.330    1.25E-03
 Timestep     179  2.237500E-01     5     1       0.331    1.25E-03
 Timestep     180  2.250000E-01     3     1       0.331    1.25E-03
 Timestep     181  2.262500E-01     5     1       0.332    1.25E-03
 Timestep     182  2.275000E-01     7     1       0.332    1.25E-03
 Timestep     183  2.287500E-01     7     1       0.332    1.25E-03
 Timestep     184  2.300000E-01     7     1       0.332    1.25E-03
 Timestep     185  2.312500E-01     8     1       0.332    1.25E-03
 Timestep     186  2.325000E-01     7     1       0.332    1.25E-03
 Timestep     187  2.337500E-01     9     1       0.332    1.25E-03
 Timestep     188  2.350000E-01     7     1       0.332    1.25E-03
 Timestep     189  2.362500E-01    10     1       0.334    1.25E-03
 Timestep     190  2.375000E-01     5     1       0.331    1.25E-03
 Timestep     191  2.387500E-01     8     1       0.333    1.25E-03
 Timestep     192  2.400000E-01     8     1       0.332    1.25E-03
 Timestep     193  2.412500E-01     7     1       0.332    1.25E-03
 Timestep     194  2.425000E-01     7     1       0.332    1.25E-03
 Timestep     195  2.437500E-01     5     1       0.331    1.25E-03
 Timestep     196  2.450000E-01     6     1       0.332    1.25E-03
 Timestep     197  2.462500E-01     6     1       0.331    1.25E-03
 Timestep     198  2.475000E-01     6     1       0.332    1.25E-03
 Timestep     199  2.487500E-01     5     1       0.332    1.25E-03
 Timestep     200  2.500000E-01     5     1       0.331    1.25E-03
 Timestep     201  2.512500E-01     6     1       0.332    1.25E-03
 Timestep     202  2.525000E-01     5     1       0.331    1.25E-03
 Timestep     203  2.537500E-01     5     1       0.331    1.25E-03
 Timestep     204  2.550000E-01     5     1       0.331    1.25E-03
 Timestep     205  2.562500E-01     5     1       0.331    1.25E-03
 Timestep     206  2.575000E-01     4     1       0.331    1.25E-03
 Timestep     207  2.587500E-01     5     1       0.331    1.25E-03
 Timestep     208  2.600000E-01     4     1       0.331    1.25E-03
 Timestep     209  2.612500E-01     4     1       0.337    1.25E-03
 Timestep     210  2.625000E-01     5     1       0.331    1.25E-03
 Timestep     211  2.637500E-01     4     1       0.331    1.25E-03
 Timestep     212  2.650000E-01     5     1       0.336    1.25E-03
 Timestep     213  2.662500E-01     6     1       0.333    1.25E-03
 Timestep     214  2.675000E-01     7     1       0.332    1.25E-03
 Timestep     215  2.687500E-01     3     1       0.331    1.25E-03
 Timestep     216  2.700000E-01     7     1       0.332    1.25E-03
 Timestep     217  2.712500E-01     4     1       0.331    1.25E-03
 Timestep     218  2.725000E-01     6     1       0.331    1.25E-03
 Timestep     219  2.737500E-01     5     1       0.331    1.25E-03
 Timestep     220  2.750000E-01     7     1       0.332    1.25E-03
 Timestep     221  2.762500E-01     3     1       0.330    1.25E-03
 Timestep     222  2.775000E-01     4     1       0.331    1.25E-03
 Timestep     223  2.787500E-01     6     1       0.331    1.25E-03
 Timestep     224  2.800000E-01     5     1       0.331    1.25E-03
 Timestep     225  2.812500E-01     6     1       0.332    1.25E-03
 Timestep     226  2.825000E-01     6     1       0.331    1.25E-03
 Timestep     227  2.837500E-01     6     1       0.332    1.25E-03
 Timestep     228  2.850000E-01     8     1       0.332    1.25E-03
 Timestep     229  2.862500E-01     9     1       0.333    1.25E-03
 Timestep     230  2.875000E-01     9     1       0.333    1.25E-03
 Timestep     231  2.887500E-01     8     1       0.333    1.25E-03
 Timestep     232  2.900000E-01     8     1       0.332    1.25E-03
 Timestep     233  2.912500E-01     6     1       0.331    1.25E-03
 Timestep     234  2.925000E-01     6     1       0.331    1.25E-03
 Timestep     235  2.937500E-01     4     1       0.331    1.25E-03
 Timestep     236  2.950000E-01     5     1       0.331    1.25E-03
 Timestep     237  2.962500E-01     4     1       0.330    1.25E-03
 Timestep     238  2.975000E-01     5     1       0.331    1.25E-03
 Timestep     239  2.987500E-01     4     1       0.331    1.25E-03
 Timestep     240  3.000000E-01     5     1       0.331    1.25E-03
 Timestep     241  3.012500E-01     6     1       0.332    1.25E-03
 Timestep     242  3.025000E-01     6     1       0.331    1.25E-03
 Timestep     243  3.037500E-01     7     1       0.333    1.25E-03
 Timestep     244  3.050000E-01     7     1       0.331    1.25E-03
 Timestep     245  3.062500E-01     6     1       0.332    1.25E-03
 Timestep     246  3.075000E-01     6     1       0.331    1.25E-03
 Timestep     247  3.087500E-01     6     1       0.331    1.25E-03
 Timestep     248  3.100000E-01     5     1       0.331    1.25E-03
 Timestep     249  3.112500E-01     5     1       0.331    1.25E-03
 Timestep     250  3.125000E-01     4     1       0.331    1.25E-03
 Timestep     251  3.137500E-01     5     1       0.332    1.25E-03
 Timestep     252  3.150000E-01     4     1       0.331    1.25E-03
 Timestep     253  3.162500E-01     6     1       0.332    1.25E-03
 Timestep     254  3.175000E-01     3     1       0.330    1.25E-03
 Timestep     255  3.187500E-01     7     1       0.332    1.25E-03
 Timestep     256  3.200000E-01     4     1       0.331    1.25E-03
 Timestep     257  3.212500E-01     8     1       0.333    1.25E-03
 Timestep     258  3.225000E-01     4     1       0.331    1.25E-03
 Timestep     259  3.237500E-01     2     1       0.330    1.25E-03
 Timestep     260  3.250000E-01     5     1       0.331    1.25E-03
 Timestep     261  3.262500E-01     4     1       0.331    1.25E-03
 Timestep     262  3.275000E-01     4     1       0.331    1.25E-03
 Timestep     263  3.287500E-01     4     1       0.331    1.25E-03
 Timestep     264  3.300000E-01     4     1       0.330    1.25E-03
 Timestep     265  3.312500E-01     4     1       0.330    1.25E-03
 Timestep     266  3.325000E-01     2     1       0.330    1.25E-03
 Timestep     267  3.337500E-01     8     1       0.332    1.25E-03
 Timestep     268  3.350000E-01    11     1       0.334    1.25E-03
 Timestep     269  3.362500E-01    11     1       0.334    1.25E-03
 Timestep     270  3.375000E-01     9     1       0.333    1.25E-03
 Timestep     271  3.387500E-01     9     1       0.333    1.25E-03
 Timestep     272  3.400000E-01     5     1       0.331    1.25E-03
 Timestep     273  3.412500E-01     7     1       0.331    1.25E-03
 Timestep     274  3.425000E-01     6     1       0.331    1.25E-03
 Timestep     275  3.437500E-01     8     1       0.333    1.25E-03
 Timestep     276  3.450000E-01    10     1       0.334    1.25E-03
 Timestep     277  3.462500E-01    11     1       0.334    1.25E-03
 Timestep     278  3.475000E-01    10     1       0.333    1.25E-03
 Timestep     279  3.487500E-01     9     1       0.333    1.25E-03
 Timestep     280  3.500000E-01     5     1       0.330    1.25E-03
 Timestep     281  3.512500E-01     4     1       0.329    1.25E-03
 Timestep     282  3.525000E-01     5     1       0.331    1.25E-03
 Timestep     283  3.537500E-01     2     1       0.331    1.25E-03
 Timestep     284  3.550000E-01     2     1       0.330    1.25E-03
 Timestep     285  3.562500E-01     3     1       0.330    1.25E-03
 Timestep     286  3.575000E-01     2     1       0.329    1.25E-03
 Timestep     287  3.587500E-01     4     1       0.331    1.25E-03
 Timestep     288  3.600000E-01     3     1       0.330    1.25E-03
 Timestep     289  3.612500E-01     4     1       0.331    1.25E-03
 Timestep     290  3.625000E-01     4     1       0.330    1.25E-03
 Timestep     291  3.637500E-01     6     1       0.332    1.25E-03
 Timestep     292  3.650000E-01     8     1       0.332    1.25E-03
 Timestep     293  3.662500E-01    10     1       0.334    1.25E-03
 Timestep     294  3.675000E-01    12     1       0.334    1.25E-03
 Timestep     295  3.687500E-01    11     1       0.334    1.25E-03
 Timestep     296  3.700000E-01    11     1       0.333    1.25E-03
 Timestep     297  3.712500E-01     9     1       0.333    1.25E-03
 Timestep     298  3.725000E-01     9     1       0.333    1.25E-03
 Timestep     299  3.737500E-01     7     1       0.332    1.25E-03
 Timestep     300  3.750000E-01     7     1       0.332    1.25E-03
 Timestep     301  3.762500E-01     8     1       0.332    1.25E-03
 Timestep     302  3.775000E-01     9     1       0.332    1.25E-03
 Timestep     303  3.787500E-01     7     1       0.332    1.25E-03
 Timestep     304  3.800000E-01     9     1       0.333    1.25E-03
 Timestep     305  3.812500E-01     8     1       0.332    1.25E-03
 Timestep     306  3.825000E-01     9     1       0.332    1.25E-03
 Timestep     307  3.837500E-01     9     1       0.332    1.25E-03
 Timestep     308  3.850000E-01     8     1       0.332    1.25E-03
 Timestep     309  3.862500E-01     7     1       0.335    1.25E-03
 Timestep     310  3.875000E-01     7     1       0.331    1.25E-03
 Timestep     311  3.887500E-01     6     1       0.331    1.25E-03
 Timestep     312  3.900000E-01     6     1       0.332    1.25E-03
 Timestep     313  3.912500E-01     7     1       0.332    1.25E-03
 Timestep     314  3.925000E-01     5     1       0.331    1.25E-03
 Timestep     315  3.937500E-01     6     1       0.331    1.25E-03
 Timestep     316  3.950000E-01     7     1       0.332    1.25E-03
 Timestep     317  3.962500E-01     7     1       0.332    1.25E-03
 Timestep     318  3.975000E-01     8     1       0.332    1.25E-03
 Timestep     319  3.987500E-01     6     1       0.332    1.25E-03
 Timestep     320  4.000000E-01     8     1       0.332    1.25E-03
 Timestep     321  4.012500E-01     7     1       0.332    1.25E-03
 Timestep     322  4.025000E-01     8     1       0.332    1.25E-03
 Timestep     323  4.037500E-01     7     1       0.332    1.25E-03
 Timestep     324  4.050000E-01     7     1       0.331    1.25E-03
 Timestep     325  4.062500E-01     5     1       0.331    1.25E-03
 Timestep     326  4.075000E-01     7     1       0.332    1.25E-03
 Timestep     327  4.087500E-01     4     1       0.331    1.25E-03
 Timestep     328  4.100000E-01     5     1       0.331    1.25E-03
 Timestep     329  4.112500E-01     5     1       0.331    1.25E-03
 Timestep     330  4.125000E-01     5     1       0.331    1.25E-03
 Timestep     331  4.137500E-01     6     1       0.331    1.25E-03
 Timestep     332  4.150000E-01     4     1       0.330    1.25E-03
 Timestep     333  4.162500E-01     6     1       0.331    1.25E-03
 Timestep     334  4.175000E-01     3     1       0.330    1.25E-03
 Timestep     335  4.187500E-01     5     1       0.331    1.25E-03
 Timestep     336  4.200000E-01     7     1       0.332    1.25E-03
 Timestep     337  4.212500E-01     7     1       0.332    1.25E-03
 Timestep     338  4.225000E-01     8     1       0.332    1.25E-03
 Timestep     339  4.237500E-01     7     1       0.332    1.25E-03
 Timestep     340  4.250000E-01     8     1       0.332    1.25E-03
 Timestep     341  4.262500E-01     6     1       0.331    1.25E-03
 Timestep     342  4.275000E-01     7     1       0.332    1.25E-03
 Timestep     343  4.287500E-01     6     1       0.331    1.25E-03
 Timestep     344  4.300000E-01     6     1       0.331    1.25E-03
 Timestep     345  4.312500E-01     6     1       0.331    1.25E-03
 Timestep     346  4.325000E-01     5     1       0.331    1.25E-03
 Timestep     347  4.337500E-01     5     1       0.331    1.25E-03
 Timestep     348  4.350000E-01     4     1       0.331    1.25E-03
 Timestep     349  4.362500E-01     4     1       0.330    1.25E-03
 Timestep     350  4.375000E-01     5     1       0.331    1.25E-03
 Timestep     351  4.387500E-01     3     1       0.330    1.25E-03
 Timestep     352  4.400000E-01     2     1       0.330    1.25E-03
 Timestep     353  4.412500E-01     4     1       0.330    1.25E-03
 Timestep     354  4.425000E-01     2     1       0.330    1.25E-03
 Timestep     355  4.437500E-01     3     1       0.330    1.25E-03
 Timestep     356  4.450000E-01     2     1       0.330    1.25E-03
 Timestep     357  4.462500E-01     3     1       0.361    1.25E-03
 Timestep     358  4.475000E-01     3     1       0.347    1.25E-03
 Timestep     359  4.487500E-01     5     1       0.334    1.25E-03
 Timestep     360  4.500000E-01     8     1       0.335    1.25E-03
 Timestep     361  4.512500E-01     8     1       0.334    1.25E-03
 Timestep     362  4.525000E-01     8     1       0.334    1.25E-03
 Timestep     363  4.537500E-01     9     1       0.334    1.25E-03
 Timestep     364  4.550000E-01     4     1       0.332    1.25E-03
 Timestep     365  4.562500E-01     6     1       0.332    1.25E-03
 Timestep     366  4.575000E-01     6     1       0.332    1.25E-03
 Timestep     367  4.587500E-01     7     1       0.333    1.25E-03
 Timestep     368  4.600000E-01     4     1       0.332    1.25E-03
 Timestep     369  4.612500E-01     7     1       0.333    1.25E-03
 Timestep     370  4.625000E-01     4     1       0.331    1.25E-03
 Timestep     371  4.637500E-01     8     1       0.333    1.25E-03
 Timestep     372  4.650000E-01     8     1       0.333    1.25E-03
 Timestep     373  4.662500E-01     9     1       0.334    1.25E-03
 Timestep     374  4.675000E-01     8     1       0.333    1.25E-03
 Timestep     375  4.687500E-01     9     1       0.334    1.25E-03
 Timestep     376  4.700000E-01    10     1       0.334    1.25E-03
 Timestep     377  4.712500E-01    10     1       0.334    1.25E-03
 Timestep     378  4.725000E-01    12     1       0.335    1.25E-03
 Timestep     379  4.737500E-01    12     1       0.335    1.25E-03
 Timestep     380  4.750000E-01    11     1       0.335    1.25E-03
 Timestep     381  4.762500E-01     7     1       0.333    1.25E-03
 Timestep     382  4.775000E-01     7     1       0.333    1.25E-03
 Timestep     383  4.787500E-01     6     1       0.333    1.25E-03
 Timestep     384  4.800000E-01     4     1       0.332    1.25E-03
 Timestep     385  4.812500E-01     4     1       0.332    1.25E-03
 Timestep     386  4.825000E-01     4     1       0.332    1.25E-03
 Timestep     387  4.837500E-01     3     1       0.331    1.25E-03
 Timestep     388  4.850000E-01     4     1       0.352    1.25E-03
 Timestep     389  4.862500E-01     2     1       0.331    1.25E-03
 Timestep     390  4.875000E-01     2     1       0.333    1.25E-03
 Timestep     391  4.887500E-01     3     1       0.331    1.25E-03
 Timestep     392  4.900000E-01     2     1       0.383    1.25E-03
 Timestep     393  4.912500E-01     3     1       0.331    1.25E-03
 Timestep     394  4.925000E-01     5     1       0.331    1.25E-03
 Timestep     395  4.937500E-01     6     1       0.332    1.25E-03
 Timestep     396  4.950000E-01     8     1       0.332    1.25E-03
 Timestep     397  4.962500E-01     9     1       0.340    1.25E-03
 Timestep     398  4.975000E-01    10     1       0.334    1.25E-03
 Timestep     399  4.987500E-01    11     1       0.334    1.25E-03
 Timestep     400  5.000000E-01    11     1       0.388    1.25E-03
 Timestep     401  5.012500E-01    11     1       0.334    1.25E-03
 Timestep     402  5.025000E-01    10     1       0.334    1.25E-03
 Timestep     403  5.037500E-01     5     1       0.332    1.25E-03
 Timestep     404  5.050000E-01     7     1       0.332    1.25E-03
 Timestep     405  5.062500E-01     6     1       0.332    1.25E-03
 Timestep     406  5.075000E-01     7     1       0.332    1.25E-03
 Timestep     407  5.087500E-01     6     1       0.332    1.25E-03
 Timestep     408  5.100000E-01     7     1       0.333    1.25E-03
 Timestep     409  5.112500E-01     8     1       0.333    1.25E-03
 Timestep     410  5.125000E-01     8     1       0.333    1.25E-03
 Timestep     411  5.137500E-01     9     1       0.333    1.25E-03
 Timestep     412  5.150000E-01     9     1       0.333    1.25E-03
 Timestep     413  5.162500E-01    10     1       0.334    1.25E-03
 Timestep     414  5.175000E-01     5     1       0.332    1.25E-03
 Timestep     415  5.187500E-01     8     1       0.333    1.25E-03
 Timestep     416  5.200000E-01     7     1       0.332    1.25E-03
 Timestep     417  5.212500E-01     7     1       0.332    1.25E-03
 Timestep     418  5.225000E-01     4     1       0.331    1.25E-03
 Timestep     419  5.237500E-01     6     1       0.332    1.25E-03
 Timestep     420  5.250000E-01     3     1       0.332    1.25E-03
 Timestep     421  5.262500E-01     6     1       0.332    1.25E-03
 Timestep     422  5.275000E-01     5     1       0.332    1.25E-03
 Timestep     423  5.287500E-01     6     1       0.332    1.25E-03
 Timestep     424  5.300000E-01     7     1       0.331    1.25E-03
 Timestep     425  5.312500E-01     7     1       0.333    1.25E-03
 Timestep     426  5.325000E-01     8     1       0.333    1.25E-03
 Timestep     427  5.337500E-01     9     1       0.333    1.25E-03
 Timestep     428  5.350000E-01     9     1       0.333    1.25E-03
 Timestep     429  5.362500E-01     9     1       0.333    1.25E-03
 Timestep     430  5.375000E-01     9     1       0.333    1.25E-03
 Timestep     431  5.387500E-01     8     1       0.333    1.25E-03
 Timestep     432  5.400000E-01     8     1       0.337    1.25E-03
 Timestep     433  5.412500E-01     7     1       0.332    1.25E-03
 Timestep     434  5.425000E-01     5     1       0.331    1.25E-03
 Timestep     435  5.437500E-01     5     1       0.331    1.25E-03
 Timestep     436  5.450000E-01     5     1       0.331    1.25E-03
 Timestep     437  5.462500E-01     5     1       0.331    1.25E-03
 Timestep     438  5.475000E-01     4     1       0.331    1.25E-03
 Timestep     439  5.487500E-01     5     1       0.331    1.25E-03
 Timestep     440  5.500000E-01     3     1       0.330    1.25E-03
 Timestep     441  5.512500E-01     4     1       0.331    1.25E-03
 Timestep     442  5.525000E-01     6     1       0.331    1.25E-03
 Timestep     443  5.537500E-01     7     1       0.332    1.25E-03
 Timestep     444  5.550000E-01     7     1       0.332    1.25E-03
 Timestep     445  5.562500E-01     9     1       0.338    1.25E-03
 Timestep     446  5.575000E-01    10     1       0.333    1.25E-03
 Timestep     447  5.587500E-01     4     1       0.331    1.25E-03
 Timestep     448  5.600000E-01     8     1       0.332    1.25E-03
 Timestep     449  5.612500E-01     4     1       0.330    1.25E-03
 Timestep     450  5.625000E-01     7     1       0.331    1.25E-03
 Timestep     451  5.637500E-01     5     1       0.330    1.25E-03
 Timestep     452  5.650000E-01     6     1       0.331    1.25E-03
 Timestep     453  5.662500E-01     5     1       0.331    1.25E-03
 Timestep     454  5.675000E-01     5     1       0.330    1.25E-03
 Timestep     455  5.687500E-01     4     1       0.330    1.25E-03
 Timestep     456  5.700000E-01     4     1       0.330    1.25E-03
 Timestep     457  5.712500E-01     4     1       0.331    1.25E-03
 Timestep     458  5.725000E-01     4     1       0.330    1.25E-03
 Timestep     459  5.737500E-01     5     1       0.331    1.25E-03
 Timestep     460  5.750000E-01     4     1       0.330    1.25E-03
 Timestep     461  5.762500E-01     6     1       0.331    1.25E-03
 Timestep     462  5.775000E-01     7     1       0.331    1.25E-03
 Timestep     463  5.787500E-01     9     1       0.332    1.25E-03
 Timestep     464  5.800000E-01     8     1       0.332    1.25E-03
 Timestep     465  5.812500E-01     9     1       0.331    1.25E-03
 Timestep     466  5.825000E-01    10     1       0.333    1.25E-03
 Timestep     467  5.837500E-01     6     1       0.331    1.25E-03
 Timestep     468  5.850000E-01     7     1       0.331    1.25E-03
 Timestep     469  5.862500E-01     5     1       0.331    1.25E-03
 Timestep     470  5.875000E-01     6     1       0.331    1.25E-03
 Timestep     471  5.887500E-01     4     1       0.330    1.25E-03
 Timestep     472  5.900000E-01     4     1       0.330    1.25E-03
 Timestep     473  5.912500E-01     4     1       0.330    1.25E-03
 Timestep     474  5.925000E-01     3     1       0.330    1.25E-03
 Timestep     475  5.937500E-01     5     1       0.331    1.25E-03
 Timestep     476  5.950000E-01     2     1       0.330    1.25E-03
 Timestep     477  5.962500E-01     5     1       0.331    1.25E-03
 Timestep     478  5.975000E-01     8     1       0.333    1.25E-03
 Timestep     479  5.987500E-01     9     1       0.342    1.25E-03
 Timestep     480  6.000000E-01    11     1       0.333    1.25E-03
 Timestep     481  6.012500E-01    10     1       0.363    1.25E-03
 Timestep     482  6.025000E-01    11     1       0.339    1.25E-03
 Timestep     483  6.037500E-01     9     1       0.344    1.25E-03
 Timestep     484  6.050000E-01     9     1       0.344    1.25E-03
 Timestep     485  6.062500E-01     7     1       0.336    1.25E-03
 Timestep     486  6.075000E-01     7     1       0.333    1.25E-03
 Timestep     487  6.087500E-01     5     1       0.331    1.25E-03
 Timestep     488  6.100000E-01     5     1       0.331    1.25E-03
 Timestep     489  6.112500E-01     5     1       0.331    1.25E-03
 Timestep     490  6.125000E-01     5     1       0.331    1.25E-03
 Timestep     491  6.137500E-01     5     1       0.331    1.25E-03
 Timestep     492  6.150000E-01     5     1       0.330    1.25E-03
 Timestep     493  6.162500E-01     7     1       0.331    1.25E-03
 Timestep     494  6.175000E-01     8     1       0.332    1.25E-03
 Timestep     495  6.187500E-01     9     1       0.332    1.25E-03
 Timestep     496  6.200000E-01    10     1       0.333    1.25E-03
 Timestep     497  6.212500E-01     8     1       0.332    1.25E-03
 Timestep     498  6.225000E-01     9     1       0.332    1.25E-03
 Timestep     499  6.237500E-01     9     1       0.333    1.25E-03
 Timestep     500  6.250000E-01     9     1       0.333    1.25E-03
 Timestep     501  6.262500E-01     6     1       0.331    1.25E-03
 Timestep     502  6.275000E-01     7     1       0.331    1.25E-03
 Timestep     503  6.287500E-01     5     1       0.330    1.25E-03
 Timestep     504  6.300000E-01     6     1       0.331    1.25E-03
 Timestep     505  6.312500E-01     4     1       0.330    1.25E-03
 Timestep     506  6.325000E-01     5     1       0.331    1.25E-03
 Timestep     507  6.337500E-01     5     1       0.331    1.25E-03
 Timestep     508  6.350000E-01     7     1       0.332    1.25E-03
 Timestep     509  6.362500E-01     4     1       0.330    1.25E-03
 Timestep     510  6.375000E-01     7     1       0.332    1.25E-03
 Timestep     511  6.387500E-01     8     1       0.331    1.25E-03
 Timestep     512  6.400000E-01     9     1       0.332    1.25E-03
 Timestep     513  6.412500E-01     5     1       0.330    1.25E-03
 Timestep     514  6.425000E-01     8     1       0.331    1.25E-03
 Timestep     515  6.437500E-01     4     1       0.330    1.25E-03
 Timestep     516  6.450000E-01     8     1       0.332    1.25E-03
 Timestep     517  6.462500E-01     4     1       0.330    1.25E-03
 Timestep     518  6.475000E-01     6     1       0.331    1.25E-03
 Timestep     519  6.487500E-01     6     1       0.331    1.25E-03
 Timestep     520  6.500000E-01     4     1       0.330    1.25E-03
 Timestep     521  6.512500E-01     6     1       0.331    1.25E-03
 Timestep     522  6.525000E-01     4     1       0.330    1.25E-03
 Timestep     523  6.537500E-01     5     1       0.330    1.25E-03
 Timestep     524  6.550000E-01     4     1       0.330    1.25E-03
 Timestep     525  6.562500E-01     5     1       0.331    1.25E-03
 Timestep     526  6.575000E-01     6     1       0.331    1.25E-03
 Timestep     527  6.587500E-01     6     1       0.403    1.25E-03
 Timestep     528  6.600000E-01     7     1       0.331    1.25E-03
 Timestep     529  6.612500E-01     9     1       0.332    1.25E-03
 Timestep     530  6.625000E-01    10     1       0.332    1.25E-03
 Timestep     531  6.637500E-01     8     1       0.331    1.25E-03
 Timestep     532  6.650000E-01    10     1       0.333    1.25E-03
 Timestep     533  6.662500E-01     7     1       0.331    1.25E-03
 Timestep     534  6.675000E-01     8     1       0.332    1.25E-03
 Timestep     535  6.687500E-01     7     1       0.331    1.25E-03
 Timestep     536  6.700000E-01     7     1       0.331    1.25E-03
 Timestep     537  6.712500E-01     5     1       0.330    1.25E-03
 Timestep     538  6.725000E-01     5     1       0.330    1.25E-03
 Timestep     539  6.737500E-01     5     1       0.331    1.25E-03
 Timestep     540  6.750000E-01     4     1       0.330    1.25E-03
 Timestep     541  6.762500E-01     5     1       0.330    1.25E-03
 Timestep     542  6.775000E-01     4     1       0.330    1.25E-03
 Timestep     543  6.787500E-01     5     1       0.331    1.25E-03
 Timestep     544  6.800000E-01     6     1       0.330    1.25E-03
 Timestep     545  6.812500E-01     7     1       0.332    1.25E-03
 Timestep     546  6.825000E-01     8     1       0.332    1.25E-03
 Timestep     547  6.837500E-01     9     1       0.332    1.25E-03
 Timestep     548  6.850000E-01     9     1       0.332    1.25E-03
 Timestep     549  6.862500E-01    10     1       0.345    1.25E-03
 Timestep     550  6.875000E-01    10     1       0.360    1.25E-03
 Timestep     551  6.887500E-01     8     1       0.337    1.25E-03
 Timestep     552  6.900000E-01     8     1       0.333    1.25E-03
 Timestep     553  6.912500E-01     6     1       0.332    1.25E-03
 Timestep     554  6.925000E-01     5     1       0.330    1.25E-03
 Timestep     555  6.937500E-01     5     1       0.330    1.25E-03
 Timestep     556  6.950000E-01     5     1       0.330    1.25E-03
 Timestep     557  6.962500E-01     3     1       0.329    1.25E-03
 Timestep     558  6.975000E-01     3     1       0.331    1.25E-03
 Timestep     559  6.987500E-01     4     1       0.334    1.25E-03
 Timestep     560  7.000000E-01     3     1       0.330    1.25E-03
 Timestep     561  7.012500E-01     5     1       0.330    1.25E-03
 Timestep     562  7.025000E-01     6     1       0.331    1.25E-03
 Timestep     563  7.037500E-01     7     1       0.332    1.25E-03
 Timestep     564  7.050000E-01     9     1       0.332    1.25E-03
 Timestep     565  7.062500E-01    11     1       0.334    1.25E-03
 Timestep     566  7.075000E-01    10     1       0.420    1.25E-03
 Timestep     567  7.087500E-01    11     1       0.333    1.25E-03
 Timestep     568  7.100000E-01     6     1       0.331    1.25E-03
 Timestep     569  7.112500E-01     9     1       0.333    1.25E-03
 Timestep     570  7.125000E-01     5     1       0.330    1.25E-03
 Timestep     571  7.137500E-01     5     1       0.331    1.25E-03
 Timestep     572  7.150000E-01     6     1       0.331    1.25E-03
 Timestep     573  7.162500E-01     3     1       0.330    1.25E-03
 Timestep     574  7.175000E-01     4     1       0.330    1.25E-03
 Timestep     575  7.187500E-01     5     1       0.331    1.25E-03
 Timestep     576  7.200000E-01     4     1       0.330    1.25E-03
 Timestep     577  7.212500E-01     5     1       0.331    1.25E-03
 Timestep     578  7.225000E-01     7     1       0.334    1.25E-03
 Timestep     579  7.237500E-01     9     1       0.333    1.25E-03
 Timestep     580  7.250000E-01    10     1       0.333    1.25E-03
 Timestep     581  7.262500E-01    11     1       0.334    1.25E-03
 Timestep     582  7.275000E-01    10     1       0.332    1.25E-03
 Timestep     583  7.287500E-01    10     1       0.333    1.25E-03
 Timestep     584  7.300000E-01     9     1       0.331    1.25E-03
 Timestep     585  7.312500E-01     8     1       0.331    1.25E-03
 Timestep     586  7.325000E-01     5     1       0.330    1.25E-03
 Timestep     587  7.337500E-01     5     1       0.330    1.25E-03
 Timestep     588  7.350000E-01     6     1       0.330    1.25E-03
 Timestep     589  7.362500E-01     5     1       0.330    1.25E-03
 Timestep     590  7.375000E-01     5     1       0.330    1.25E-03
 Timestep     591  7.387500E-01     6     1       0.330    1.25E-03
 Timestep     592  7.400000E-01     7     1       0.331    1.25E-03
 Timestep     593  7.412500E-01     5     1       0.330    1.25E-03
 Timestep     594  7.425000E-01     8     1       0.331    1.25E-03
 Timestep     595  7.437500E-01     8     1       0.331    1.25E-03
 Timestep     596  7.450000E-01     9     1       0.332    1.25E-03
 Timestep     597  7.462500E-01     9     1       0.333    1.25E-03
 Timestep     598  7.475000E-01     9     1       0.331    1.25E-03
 Timestep     599  7.487500E-01     9     1       0.331    1.25E-03
 Timestep     600  7.500000E-01     7     1       0.331    1.25E-03
 Timestep     601  7.512500E-01     8     1       0.331    1.25E-03
 Timestep     602  7.525000E-01     5     1       0.330    1.25E-03
 Timestep     603  7.537500E-01     6     1       0.330    1.25E-03
 Timestep     604  7.550000E-01     5     1       0.330    1.25E-03
 Timestep     605  7.562500E-01     5     1       0.330    1.25E-03
 Timestep     606  7.575000E-01     6     1       0.358    1.25E-03
 Timestep     607  7.587500E-01     4     1       0.369    1.25E-03
 Timestep     608  7.600000E-01     5     1       0.332    1.25E-03
 Timestep     609  7.612500E-01     5     1       0.332    1.25E-03
 Timestep     610  7.625000E-01     7     1       0.332    1.25E-03
 Timestep     611  7.637500E-01     3     1       0.330    1.25E-03
 Timestep     612  7.650000E-01     7     1       0.331    1.25E-03
 Timestep     613  7.662500E-01     7     1       0.332    1.25E-03
 Timestep     614  7.675000E-01     8     1       0.332    1.25E-03
 Timestep     615  7.687500E-01     9     1       0.332    1.25E-03
 Timestep     616  7.700000E-01     8     1       0.332    1.25E-03
 Timestep     617  7.712500E-01     8     1       0.343    1.25E-03
 Timestep     618  7.725000E-01     8     1       0.332    1.25E-03
 Timestep     619  7.737500E-01     6     1       0.331    1.25E-03
 Timestep     620  7.750000E-01     7     1       0.331    1.25E-03
 Timestep     621  7.762500E-01     4     1       0.330    1.25E-03
 Timestep     622  7.775000E-01     5     1       0.330    1.25E-03
 Timestep     623  7.787500E-01     4     1       0.330    1.25E-03
 Timestep     624  7.800000E-01     5     1       0.330    1.25E-03
 Timestep     625  7.812500E-01     3     1       0.330    1.25E-03
 Timestep     626  7.825000E-01     4     1       0.330    1.25E-03
 Timestep     627  7.837500E-01     5     1       0.330    1.25E-03
 Timestep     628  7.850000E-01     6     1       0.331    1.25E-03
 Timestep     629  7.862500E-01     7     1       0.331    1.25E-03
 Timestep     630  7.875000E-01     8     1       0.331    1.25E-03
 Timestep     631  7.887500E-01     9     1       0.332    1.25E-03
 Timestep     632  7.900000E-01     9     1       0.332    1.25E-03
 Timestep     633  7.912500E-01     9     1       0.332    1.25E-03
 Timestep     634  7.925000E-01     9     1       0.332    1.25E-03
 Timestep     635  7.937500E-01     9     1       0.332    1.25E-03
 Timestep     636  7.950000E-01     8     1       0.332    1.25E-03
 Timestep     637  7.962500E-01     8     1       0.332    1.25E-03
 Timestep     638  7.975000E-01     6     1       0.331    1.25E-03
 Timestep     639  7.987500E-01     6     1       0.330    1.25E-03
 Timestep     640  8.000000E-01     4     1       0.330    1.25E-03
 Timestep     641  8.012500E-01     5     1       0.330    1.25E-03
 Timestep     642  8.025000E-01     4     1       0.331    1.25E-03
 Timestep     643  8.037500E-01     5     1       0.330    1.25E-03
 Timestep     644  8.050000E-01     4     1       0.330    1.25E-03
 Timestep     645  8.062500E-01     6     1       0.330    1.25E-03
 Timestep     646  8.075000E-01     5     1       0.330    1.25E-03
 Timestep     647  8.087500E-01     7     1       0.331    1.25E-03
 Timestep     648  8.100000E-01     7     1       0.331    1.25E-03
 Timestep     649  8.112500E-01     8     1       0.331    1.25E-03
 Timestep     650  8.125000E-01    10     1       0.333    1.25E-03
 Timestep     651  8.137500E-01     9     1       0.332    1.25E-03
 Timestep     652  8.150000E-01     9     1       0.332    1.25E-03
 Timestep     653  8.162500E-01     9     1       0.332    1.25E-03
 Timestep     654  8.175000E-01     7     1       0.331    1.25E-03
 Timestep     655  8.187500E-01     5     1       0.330    1.25E-03
 Timestep     656  8.200000E-01     5     1       0.330    1.25E-03
 Timestep     657  8.212500E-01     3     1       0.329    1.25E-03
 Timestep     658  8.225000E-01     4     1       0.330    1.25E-03
 Timestep     659  8.237500E-01     4     1       0.330    1.25E-03
 Timestep     660  8.250000E-01     4     1       0.329    1.25E-03
 Timestep     661  8.262500E-01     3     1       0.330    1.25E-03
 Timestep     662  8.275000E-01     5     1       0.330    1.25E-03
 Timestep     663  8.287500E-01     5     1       0.330    1.25E-03
 Timestep     664  8.300000E-01     7     1       0.331    1.25E-03
 Timestep     665  8.312500E-01    10     1       0.332    1.25E-03
 Timestep     666  8.325000E-01     9     1       0.332    1.25E-03
 Timestep     667  8.337500E-01    10     1       0.336    1.25E-03
 Timestep     668  8.350000E-01     7     1       0.334    1.25E-03
 Timestep     669  8.362500E-01    10     1       0.334    1.25E-03
 Timestep     670  8.375000E-01     4     1       0.420    1.25E-03
 Timestep     671  8.387500E-01     5     1       0.399    1.25E-03
 Timestep     672  8.400000E-01     6     1       0.331    1.25E-03
 Timestep     673  8.412500E-01     5     1       0.331    1.25E-03
 Timestep     674  8.425000E-01     5     1       0.330    1.25E-03
 Timestep     675  8.437500E-01     5     1       0.330    1.25E-03
 Timestep     676  8.450000E-01     6     1       0.330    1.25E-03
 Timestep     677  8.462500E-01     4     1       0.330    1.25E-03
 Timestep     678  8.475000E-01     6     1       0.331    1.25E-03
 Timestep     679  8.487500E-01     9     1       0.332    1.25E-03
 Timestep     680  8.500000E-01    10     1       0.332    1.25E-03
 Timestep     681  8.512500E-01    11     1       0.333    1.25E-03
 Timestep     682  8.525000E-01     8     1       0.331    1.25E-03
 Timestep     683  8.537500E-01    10     1       0.332    1.25E-03
 Timestep     684  8.550000E-01     4     1       0.330    1.25E-03
 Timestep     685  8.562500E-01     7     1       0.331    1.25E-03
 Timestep     686  8.575000E-01     4     1       0.330    1.25E-03
 Timestep     687  8.587500E-01     6     1       0.331    1.25E-03
 Timestep     688  8.600000E-01     4     1       0.330    1.25E-03
 Timestep     689  8.612500E-01     6     1       0.330    1.25E-03
 Timestep     690  8.625000E-01     6     1       0.330    1.25E-03
 Timestep     691  8.637500E-01     6     1       0.331    1.25E-03
 Timestep     692  8.650000E-01     7     1       0.331    1.25E-03
 Timestep     693  8.662500E-01     5     1       0.330    1.25E-03
 Timestep     694  8.675000E-01     8     1       0.331    1.25E-03
 Timestep     695  8.687500E-01     8     1       0.331    1.25E-03
 Timestep     696  8.700000E-01     9     1       0.332    1.25E-03
 Timestep     697  8.712500E-01     5     1       0.330    1.25E-03
 Timestep     698  8.725000E-01     8     1       0.332    1.25E-03
 Timestep     699  8.737500E-01     5     1       0.330    1.25E-03
 Timestep     700  8.750000E-01     8     1       0.332    1.25E-03
 Timestep     701  8.762500E-01     4     1       0.338    1.25E-03
 Timestep     702  8.775000E-01     6     1       0.330    1.25E-03
 Timestep     703  8.787500E-01     6     1       0.331    1.25E-03
 Timestep     704  8.800000E-01     6     1       0.330    1.25E-03
 Timestep     705  8.812500E-01     5     1       0.330    1.25E-03
 Timestep     706  8.825000E-01     5     1       0.330    1.25E-03
 Timestep     707  8.837500E-01     6     1       0.330    1.25E-03
 Timestep     708  8.850000E-01     4     1       0.330    1.25E-03
 Timestep     709  8.862500E-01     5     1       0.330    1.25E-03
 Timestep     710  8.875000E-01     5     1       0.331    1.25E-03
 Timestep     711  8.887500E-01     7     1       0.333    1.25E-03
 Timestep     712  8.900000E-01     5     1       0.331    1.25E-03
 Timestep     713  8.912500E-01     8     1       0.331    1.25E-03
 Timestep     714  8.925000E-01     8     1       0.331    1.25E-03
 Timestep     715  8.937500E-01     8     1       0.331    1.25E-03
 Timestep     716  8.950000E-01     7     1       0.331    1.25E-03
 Timestep     717  8.962500E-01     8     1       0.331    1.25E-03
 Timestep     718  8.975000E-01     7     1       0.331    1.25E-03
 Timestep     719  8.987500E-01     7     1       0.331    1.25E-03
 Timestep     720  9.000000E-01     5     1       0.330    1.25E-03
 Timestep     721  9.012500E-01     6     1       0.330    1.25E-03
 Timestep     722  9.025000E-01     6     1       0.330    1.25E-03
 Timestep     723  9.037500E-01     6     1       0.331    1.25E-03
 Timestep     724  9.050000E-01     4     1       0.329    1.25E-03
 Timestep     725  9.062500E-01     5     1       0.330    1.25E-03
 Timestep     726  9.075000E-01     4     1       0.330    1.25E-03
 Timestep     727  9.087500E-01     5     1       0.330    1.25E-03
 Timestep     728  9.100000E-01     4     1       0.330    1.25E-03
 Timestep     729  9.112500E-01     5     1       0.330    1.25E-03
 Timestep     730  9.125000E-01     6     1       0.330    1.25E-03
 Timestep     731  9.137500E-01     7     1       0.331    1.25E-03
 Timestep     732  9.150000E-01     7     1       0.331    1.25E-03
 Timestep     733  9.162500E-01     8     1       0.341    1.25E-03
 Timestep     734  9.175000E-01     9     1       0.333    1.25E-03
 Timestep     735  9.187500E-01     5     1       0.331    1.25E-03
 Timestep     736  9.200000E-01     8     1       0.332    1.25E-03
 Timestep     737  9.212500E-01     4     1       0.331    1.25E-03
 Timestep     738  9.225000E-01     7     1       0.332    1.25E-03
 Timestep     739  9.237500E-01     3     1       0.331    1.25E-03
 Timestep     740  9.250000E-01     3     1       0.330    1.25E-03
 Timestep     741  9.262500E-01     5     1       0.331    1.25E-03
 Timestep     742  9.275000E-01     4     1       0.331    1.25E-03
 Timestep     743  9.287500E-01     5     1       0.331    1.25E-03
 Timestep     744  9.300000E-01     6     1       0.331    1.25E-03
 Timestep     745  9.312500E-01     6     1       0.331    1.25E-03
 Timestep     746  9.325000E-01     7     1       0.332    1.25E-03
 Timestep     747  9.337500E-01     4     1       0.331    1.25E-03
 Timestep     748  9.350000E-01     7     1       0.399    1.25E-03
 Timestep     749  9.362500E-01     8     1       0.333    1.25E-03
 Timestep     750  9.375000E-01     9     1       0.341    1.25E-03
 Timestep     751  9.387500E-01     9     1       0.338    1.25E-03
 Timestep     752  9.400000E-01    10     1       0.336    1.25E-03
 Timestep     753  9.412500E-01     8     1       0.331    1.25E-03
 Timestep     754  9.425000E-01    10     1       0.331    1.25E-03
 Timestep     755  9.437500E-01     3     1       0.328    1.25E-03
 Timestep     756  9.450000E-01     4     1       0.328    1.25E-03
 Timestep     757  9.462500E-01     3     1       0.328    1.25E-03
 Timestep     758  9.475000E-01     5     1       0.329    1.25E-03
 Timestep     759  9.487500E-01     3     1       0.328    1.25E-03
 Timestep     760  9.500000E-01     3     1       0.328    1.25E-03
 Timestep     761  9.512500E-01     4     1       0.329    1.25E-03
 Timestep     762  9.525000E-01     3     1       0.328    1.25E-03
 Timestep     763  9.537500E-01     5     1       0.329    1.25E-03
 Timestep     764  9.550000E-01     6     1       0.330    1.25E-03
 Timestep     765  9.562500E-01     8     1       0.330    1.25E-03
 Timestep     766  9.575000E-01    10     1       0.331    1.25E-03
 Timestep     767  9.587500E-01    11     1       0.332    1.25E-03
 Timestep     768  9.600000E-01    12     1       0.333    1.25E-03
 Timestep     769  9.612500E-01     9     1       0.333    1.25E-03
 Timestep     770  9.625000E-01    10     1       0.333    1.25E-03
 Timestep     771  9.637500E-01     4     1       0.330    1.25E-03
 Timestep     772  9.650000E-01     6     1       0.331    1.25E-03
 Timestep     773  9.662500E-01     6     1       0.332    1.25E-03
 Timestep     774  9.675000E-01     5     1       0.331    1.25E-03
 Timestep     775  9.687500E-01     5     1       0.330    1.25E-03
 Timestep     776  9.700000E-01     5     1       0.331    1.25E-03
 Timestep     777  9.712500E-01     6     1       0.331    1.25E-03
 Timestep     778  9.725000E-01     5     1       0.331    1.25E-03
 Timestep     779  9.737500E-01     8     1       0.335    1.25E-03
 Timestep     780  9.750000E-01     9     1       0.331    1.25E-03
 Timestep     781  9.762500E-01    10     1       0.332    1.25E-03
 Timestep     782  9.775000E-01    10     1       0.332    1.25E-03
 Timestep     783  9.787500E-01    10     1       0.332    1.25E-03
 Timestep     784  9.800000E-01     8     1       0.331    1.25E-03
 Timestep     785  9.812500E-01     8     1       0.331    1.25E-03
 Timestep     786  9.825000E-01     7     1       0.331    1.25E-03
 Timestep     787  9.837500E-01     6     1       0.331    1.25E-03
 Timestep     788  9.850000E-01     6     1       0.330    1.25E-03
 Timestep     789  9.862500E-01     5     1       0.330    1.25E-03
 Timestep     790  9.875000E-01     6     1       0.331    1.25E-03
 Timestep     791  9.887500E-01     5     1       0.330    1.25E-03
 Timestep     792  9.900000E-01     7     1       0.331    1.25E-03
 Timestep     793  9.912500E-01     4     1       0.330    1.25E-03
 Timestep     794  9.925000E-01     6     1       0.334    1.25E-03
 Timestep     795  9.937500E-01     8     1       0.331    1.25E-03
 Timestep     796  9.950000E-01     9     1       0.332    1.25E-03
 Timestep     797  9.962500E-01    10     1       0.332    1.25E-03
 Timestep     798  9.975000E-01     9     1       0.331    1.25E-03
 Timestep     799  9.987500E-01     9     1       0.332    1.25E-03
 Timestep     800  1.000000E+00     7     1       0.348    1.25E-03
 Timestep     801  1.001250E+00     7     1       0.338    1.25E-03
 Timestep     802  1.002500E+00     7     1       0.350    1.25E-03
 Timestep     803  1.003750E+00     6     1       0.403    1.25E-03
 Timestep     804  1.005000E+00     6     1       0.330    1.25E-03
 Timestep     805  1.006250E+00     7     1       0.331    1.25E-03
 Timestep     806  1.007500E+00     4     1       0.330    1.25E-03
 Timestep     807  1.008750E+00     5     1       0.330    1.25E-03
 Timestep     808  1.010000E+00     5     1       0.330    1.25E-03
 Timestep     809  1.011250E+00     5     1       0.330    1.25E-03
 Timestep     810  1.012500E+00     5     1       0.330    1.25E-03
 Timestep     811  1.013750E+00     6     1       0.330    1.25E-03
 Timestep     812  1.015000E+00     4     1       0.329    1.25E-03
 Timestep     813  1.016250E+00     6     1       0.330    1.25E-03
 Timestep     814  1.017500E+00     7     1       0.331    1.25E-03
 Timestep     815  1.018750E+00     8     1       0.331    1.25E-03
 Timestep     816  1.020000E+00     8     1       0.331    1.25E-03
 Timestep     817  1.021250E+00     8     1       0.331    1.25E-03
 Timestep     818  1.022500E+00     8     1       0.331    1.25E-03
 Timestep     819  1.023750E+00     7     1       0.331    1.25E-03
 Timestep     820  1.025000E+00     7     1       0.331    1.25E-03
 Timestep     821  1.026250E+00     6     1       0.331    1.25E-03
 Timestep     822  1.027500E+00     6     1       0.331    1.25E-03
 Timestep     823  1.028750E+00     5     1       0.330    1.25E-03
 Timestep     824  1.030000E+00     5     1       0.330    1.25E-03
 Timestep     825  1.031250E+00     5     1       0.330    1.25E-03
 Timestep     826  1.032500E+00     4     1       0.330    1.25E-03
 Timestep     827  1.033750E+00     5     1       0.333    1.25E-03
 Timestep     828  1.035000E+00     4     1       0.330    1.25E-03
 Timestep     829  1.036250E+00     5     1       0.330    1.25E-03
 Timestep     830  1.037500E+00     5     1       0.330    1.25E-03
 Timestep     831  1.038750E+00     6     1       0.331    1.25E-03
 Timestep     832  1.040000E+00     7     1       0.331    1.25E-03
 Timestep     833  1.041250E+00     7     1       0.331    1.25E-03
 Timestep     834  1.042500E+00     8     1       0.331    1.25E-03
 Timestep     835  1.043750E+00     6     1       0.334    1.25E-03
 Timestep     836  1.045000E+00     8     1       0.331    1.25E-03
 Timestep     837  1.046250E+00     4     1       0.329    1.25E-03
 Timestep     838  1.047500E+00     7     1       0.330    1.25E-03
 Timestep     839  1.048750E+00     4     1       0.329    1.25E-03
 Timestep     840  1.050000E+00     7     1       0.331    1.25E-03
 Timestep     841  1.051250E+00     3     1       0.329    1.25E-03
 Timestep     842  1.052500E+00     5     1       0.329    1.25E-03
 Timestep     843  1.053750E+00     7     1       0.331    1.25E-03
 Timestep     844  1.055000E+00     3     1       0.329    1.25E-03
 Timestep     845  1.056250E+00     6     1       0.330    1.25E-03
 Timestep     846  1.057500E+00     6     1       0.330    1.25E-03
 Timestep     847  1.058750E+00     5     1       0.330    1.25E-03
 Timestep     848  1.060000E+00     7     1       0.330    1.25E-03
 Timestep     849  1.061250E+00     5     1       0.330    1.25E-03
 Timestep     850  1.062500E+00     8     1       0.330    1.25E-03
 Timestep     851  1.063750E+00     8     1       0.331    1.25E-03
 Timestep     852  1.065000E+00     9     1       0.331    1.25E-03
 Timestep     853  1.066250E+00     9     1       0.331    1.25E-03
 Timestep     854  1.067500E+00    10     1       0.332    1.25E-03
 Timestep     855  1.068750E+00     2     1       0.329    1.25E-03
 Timestep     856  1.070000E+00     3     1       0.329    1.25E-03
 Timestep     857  1.071250E+00     7     1       0.330    1.25E-03
 Timestep     858  1.072500E+00     5     1       0.329    1.25E-03
 Timestep     859  1.073750E+00     4     1       0.373    1.25E-03
 Timestep     860  1.075000E+00     4     1       0.338    1.25E-03
 Timestep     861  1.076250E+00     4     1       0.335    1.25E-03
 Timestep     862  1.077500E+00     2     1       0.329    1.25E-03
 Timestep     863  1.078750E+00     4     1       0.346    1.25E-03
 Timestep     864  1.080000E+00     5     1       0.338    1.25E-03
 Timestep     865  1.081250E+00     6     1       0.330    1.25E-03
 Timestep     866  1.082500E+00     7     1       0.331    1.25E-03
 Timestep     867  1.083750E+00     9     1       0.332    1.25E-03
 Timestep     868  1.085000E+00    11     1       0.333    1.25E-03
 Timestep     869  1.086250E+00    12     1       0.334    1.25E-03
 Timestep     870  1.087500E+00    10     1       0.332    1.25E-03
 Timestep     871  1.088750E+00    10     1       0.332    1.25E-03
 Timestep     872  1.090000E+00     4     1       0.329    1.25E-03
 Timestep     873  1.091250E+00     6     1       0.330    1.25E-03
 Timestep     874  1.092500E+00     5     1       0.330    1.25E-03
 Timestep     875  1.093750E+00     4     1       0.330    1.25E-03
 Timestep     876  1.095000E+00     5     1       0.330    1.25E-03
 Timestep     877  1.096250E+00     5     1       0.330    1.25E-03
 Timestep     878  1.097500E+00     5     1       0.330    1.25E-03
 Timestep     879  1.098750E+00     7     1       0.331    1.25E-03
 Timestep     880  1.100000E+00     5     1       0.330    1.25E-03
 Timestep     881  1.101250E+00     8     1       0.331    1.25E-03
 Timestep     882  1.102500E+00    10     1       0.332    1.25E-03
 Timestep     883  1.103750E+00    11     1       0.333    1.25E-03
 Timestep     884  1.105000E+00     9     1       0.331    1.25E-03
 Timestep     885  1.106250E+00     9     1       0.332    1.25E-03
 Timestep     886  1.107500E+00     9     1       0.332    1.25E-03
 Timestep     887  1.108750E+00     5     1       0.330    1.25E-03
 Timestep     888  1.110000E+00     6     1       0.330    1.25E-03
 Timestep     889  1.111250E+00     4     1       0.330    1.25E-03
 Timestep     890  1.112500E+00     6     1       0.330    1.25E-03
 Timestep     891  1.113750E+00     4     1       0.330    1.25E-03
 Timestep     892  1.115000E+00     6     1       0.331    1.25E-03
 Timestep     893  1.116250E+00     6     1       0.331    1.25E-03
 Timestep     894  1.117500E+00     7     1       0.331    1.25E-03
 Timestep     895  1.118750E+00     7     1       0.340    1.25E-03
 Timestep     896  1.120000E+00     7     1       0.331    1.25E-03
 Timestep     897  1.121250E+00    10     1       0.332    1.25E-03
 Timestep     898  1.122500E+00     8     1       0.331    1.25E-03
 Timestep     899  1.123750E+00     9     1       0.332    1.25E-03
 Timestep     900  1.125000E+00     8     1       0.331    1.25E-03
 Timestep     901  1.126250E+00     8     1       0.331    1.25E-03
 Timestep     902  1.127500E+00     7     1       0.330    1.25E-03
 Timestep     903  1.128750E+00     7     1       0.331    1.25E-03
 Timestep     904  1.130000E+00     6     1       0.330    1.25E-03
 Timestep     905  1.131250E+00     5     1       0.331    1.25E-03
 Timestep     906  1.132500E+00     6     1       0.330    1.25E-03
 Timestep     907  1.133750E+00     5     1       0.330    1.25E-03
 Timestep     908  1.135000E+00     5     1       0.330    1.25E-03
 Timestep     909  1.136250E+00     4     1       0.330    1.25E-03
 Timestep     910  1.137500E+00     5     1       0.330    1.25E-03
 Timestep     911  1.138750E+00     4     1       0.330    1.25E-03
 Timestep     912  1.140000E+00     5     1       0.330    1.25E-03
 Timestep     913  1.141250E+00     5     1       0.330    1.25E-03
 Timestep     914  1.142500E+00     6     1       0.330    1.25E-03
 Timestep     915  1.143750E+00     6     1       0.330    1.25E-03
 Timestep     916  1.145000E+00     6     1       0.330    1.25E-03
 Timestep     917  1.146250E+00     7     1       0.330    1.25E-03
 Timestep     918  1.147500E+00     8     1       0.331    1.25E-03
 Timestep     919  1.148750E+00     6     1       0.331    1.25E-03
 Timestep     920  1.150000E+00     7     1       0.331    1.25E-03
 Timestep     921  1.151250E+00     6     1       0.331    1.25E-03
 Timestep     922  1.152500E+00     7     1       0.331    1.25E-03
 Timestep     923  1.153750E+00     5     1       0.333    1.25E-03
 Timestep     924  1.155000E+00     7     1       0.331    1.25E-03
 Timestep     925  1.156250E+00     4     1       0.330    1.25E-03
 Timestep     926  1.157500E+00     5     1       0.333    1.25E-03
 Timestep     927  1.158750E+00     4     1       0.330    1.25E-03
 Timestep     928  1.160000E+00     5     1       0.330    1.25E-03
 Timestep     929  1.161250E+00     3     1       0.330    1.25E-03
 Timestep     930  1.162500E+00     5     1       0.330    1.25E-03
 Timestep     931  1.163750E+00     5     1       0.330    1.25E-03
 Timestep     932  1.165000E+00     7     1       0.388    1.25E-03
 Timestep     933  1.166250E+00     3     1       0.334    1.25E-03
 Timestep     934  1.167500E+00     6     1       0.335    1.25E-03
 Timestep     935  1.168750E+00     7     1       0.338    1.25E-03
 Timestep     936  1.170000E+00     8     1       0.367    1.25E-03
 Timestep     937  1.171250E+00     8     1       0.333    1.25E-03
 Timestep     938  1.172500E+00     8     1       0.332    1.25E-03
 Timestep     939  1.173750E+00     8     1       0.333    1.25E-03
 Timestep     940  1.175000E+00     9     1       0.333    1.25E-03
 Timestep     941  1.176250E+00     4     1       0.331    1.25E-03
 Timestep     942  1.177500E+00     7     1       0.332    1.25E-03
 Timestep     943  1.178750E+00     5     1       0.331    1.25E-03
 Timestep     944  1.180000E+00     7     1       0.332    1.25E-03
 Timestep     945  1.181250E+00     4     1       0.331    1.25E-03
 Timestep     946  1.182500E+00     6     1       0.332    1.25E-03
 Timestep     947  1.183750E+00     4     1       0.331    1.25E-03
 Timestep     948  1.185000E+00     6     1       0.332    1.25E-03
 Timestep     949  1.186250E+00     5     1       0.331    1.25E-03
 Timestep     950  1.187500E+00     6     1       0.332    1.25E-03
 Timestep     951  1.188750E+00     7     1       0.332    1.25E-03
 Timestep     952  1.190000E+00     8     1       0.333    1.25E-03
 Timestep     953  1.191250E+00     8     1       0.333    1.25E-03
 Timestep     954  1.192500E+00     9     1       0.332    1.25E-03
 Timestep     955  1.193750E+00    10     1       0.333    1.25E-03
 Timestep     956  1.195000E+00    11     1       0.334    1.25E-03
 Timestep     957  1.196250E+00     9     1       0.332    1.25E-03
 Timestep     958  1.197500E+00     9     1       0.333    1.25E-03
 Timestep     959  1.198750E+00     4     1       0.331    1.25E-03
 Timestep     960  1.200000E+00     3     1       0.331    1.25E-03
 Timestep     961  1.201250E+00     4     1       0.331    1.25E-03
 Timestep     962  1.202500E+00     3     1       0.330    1.25E-03
 Timestep     963  1.203750E+00     4     1       0.331    1.25E-03
 Timestep     964  1.205000E+00     2     1       0.330    1.25E-03
 Timestep     965  1.206250E+00     3     1       0.331    1.25E-03
 Timestep     966  1.207500E+00     4     1       0.330    1.25E-03
 Timestep     967  1.208750E+00     4     1       0.332    1.25E-03
 Timestep     968  1.210000E+00     5     1       0.331    1.25E-03
 Timestep     969  1.211250E+00     7     1       0.331    1.25E-03
 Timestep     970  1.212500E+00     9     1       0.333    1.25E-03
 Timestep     971  1.213750E+00    10     1       0.333    1.25E-03
 Timestep     972  1.215000E+00    12     1       0.334    1.25E-03
 Timestep     973  1.216250E+00    10     1       0.333    1.25E-03
 Timestep     974  1.217500E+00    10     1       0.333    1.25E-03
 Timestep     975  1.218750E+00     4     1       0.331    1.25E-03
 Timestep     976  1.220000E+00     7     1       0.332    1.25E-03
 Timestep     977  1.221250E+00     5     1       0.331    1.25E-03
 Timestep     978  1.222500E+00     5     1       0.331    1.25E-03
 Timestep     979  1.223750E+00     4     1       0.331    1.25E-03
 Timestep     980  1.225000E+00     5     1       0.332    1.25E-03
 Timestep     981  1.226250E+00     7     1       0.332    1.25E-03
 Timestep     982  1.227500E+00     7     1       0.332    1.25E-03
 Timestep     983  1.228750E+00     9     1       0.336    1.25E-03
 Timestep     984  1.230000E+00    11     1       0.334    1.25E-03
 Timestep     985  1.231250E+00    11     1       0.333    1.25E-03
 Timestep     986  1.232500E+00    11     1       0.335    1.25E-03
 Timestep     987  1.233750E+00     8     1       0.332    1.25E-03
 Timestep     988  1.235000E+00     9     1       0.333    1.25E-03
 Timestep     989  1.236250E+00     5     1       0.331    1.25E-03
 Timestep     990  1.237500E+00     7     1       0.332    1.25E-03
 Timestep     991  1.238750E+00     5     1       0.331    1.25E-03
 Timestep     992  1.240000E+00     6     1       0.332    1.25E-03
 Timestep     993  1.241250E+00     6     1       0.332    1.25E-03
 Timestep     994  1.242500E+00     6     1       0.331    1.25E-03
 Timestep     995  1.243750E+00     6     1       0.331    1.25E-03
 Timestep     996  1.245000E+00     6     1       0.332    1.25E-03
 Timestep     997  1.246250E+00     7     1       0.332    1.25E-03
 Timestep     998  1.247500E+00     5     1       0.331    1.25E-03
 Timestep     999  1.248750E+00     8     1       0.333    1.25E-03
 Timestep    1000  1.250000E+00     7     1       0.332    1.25E-03
 Timestep    1001  1.251250E+00     7     1       0.332    1.25E-03
 Timestep    1002  1.252500E+00     4     1       0.331    1.25E-03
 Timestep    1003  1.253750E+00     7     1       0.332    1.25E-03
 Timestep    1004  1.255000E+00     3     1       0.331    1.25E-03
 Timestep    1005  1.256250E+00     5     1       0.332    1.25E-03
 Timestep    1006  1.257500E+00     7     1       0.332    1.25E-03
 Timestep    1007  1.258750E+00     7     1       0.332    1.25E-03
 Timestep    1008  1.260000E+00     5     1       0.331    1.25E-03
 Timestep    1009  1.261250E+00     5     1       0.332    1.25E-03
 Timestep    1010  1.262500E+00     5     1       0.331    1.25E-03
 Timestep    1011  1.263750E+00     5     1       0.334    1.25E-03
 Timestep    1012  1.265000E+00     5     1       0.331    1.25E-03
 Timestep    1013  1.266250E+00     5     1       0.331    1.25E-03
 Timestep    1014  1.267500E+00     4     1       0.331    1.25E-03
 Timestep    1015  1.268750E+00     5     1       0.331    1.25E-03
 Timestep    1016  1.270000E+00     6     1       0.332    1.25E-03
 Timestep    1017  1.271250E+00     7     1       0.332    1.25E-03
 Timestep    1018  1.272500E+00     6     1       0.337    1.25E-03
 Timestep    1019  1.273750E+00     7     1       0.332    1.25E-03
 Timestep    1020  1.275000E+00     8     1       0.333    1.25E-03
 Timestep    1021  1.276250E+00     8     1       0.332    1.25E-03
 Timestep    1022  1.277500E+00     7     1       0.332    1.25E-03
 Timestep    1023  1.278750E+00     7     1       0.332    1.25E-03
 Timestep    1024  1.280000E+00     6     1       0.331    1.25E-03
 Timestep    1025  1.281250E+00     8     1       0.346    1.25E-03
 Timestep    1026  1.282500E+00     2     1       0.335    1.25E-03
 Timestep    1027  1.283750E+00     3     1       0.375    1.25E-03
 Timestep    1028  1.285000E+00     5     1       0.339    1.25E-03
 Timestep    1029  1.286250E+00     4     1       0.334    1.25E-03
 Timestep    1030  1.287500E+00     5     1       0.334    1.25E-03
 Timestep    1031  1.288750E+00     5     1       0.332    1.25E-03
 Timestep    1032  1.290000E+00     5     1       0.331    1.25E-03
 Timestep    1033  1.291250E+00     6     1       0.332    1.25E-03
 Timestep    1034  1.292500E+00     6     1       0.334    1.25E-03
 Timestep    1035  1.293750E+00     7     1       0.332    1.25E-03
 Timestep    1036  1.295000E+00     6     1       0.332    1.25E-03
 Timestep    1037  1.296250E+00     7     1       0.334    1.25E-03
 Timestep    1038  1.297500E+00     7     1       0.332    1.25E-03
 Timestep    1039  1.298750E+00     8     1       0.332    1.25E-03
 Timestep    1040  1.300000E+00     7     1       0.334    1.25E-03
 Timestep    1041  1.301250E+00     8     1       0.332    1.25E-03
 Timestep    1042  1.302500E+00     7     1       0.332    1.25E-03
 Timestep    1043  1.303750E+00     8     1       0.332    1.25E-03
 Timestep    1044  1.305000E+00     6     1       0.332    1.25E-03
 Timestep    1045  1.306250E+00     7     1       0.332    1.25E-03
 Timestep    1046  1.307500E+00     5     1       0.331    1.25E-03
 Timestep    1047  1.308750E+00     7     1       0.332    1.25E-03
 Timestep    1048  1.310000E+00     4     1       0.330    1.25E-03
 Timestep    1049  1.311250E+00     6     1       0.332    1.25E-03
 Timestep    1050  1.312500E+00     6     1       0.332    1.25E-03
 Timestep    1051  1.313750E+00     6     1       0.332    1.25E-03
 Timestep    1052  1.315000E+00     7     1       0.332    1.25E-03
 Timestep    1053  1.316250E+00     8     1       0.332    1.25E-03
 Timestep    1054  1.317500E+00     9     1       0.333    1.25E-03
 Timestep    1055  1.318750E+00     7     1       0.340    1.25E-03
 Timestep    1056  1.320000E+00     8     1       0.332    1.25E-03
 Timestep    1057  1.321250E+00     9     1       0.333    1.25E-03
 Timestep    1058  1.322500E+00     9     1       0.332    1.25E-03
 Timestep    1059  1.323750E+00     3     1       0.330    1.25E-03
 Timestep    1060  1.325000E+00     6     1       0.331    1.25E-03
 Timestep    1061  1.326250E+00     7     1       0.332    1.25E-03
 Timestep    1062  1.327500E+00     4     1       0.331    1.25E-03
 Timestep    1063  1.328750E+00     5     1       0.331    1.25E-03
 Timestep    1064  1.330000E+00     3     1       0.330    1.25E-03
 Timestep    1065  1.331250E+00     4     1       0.330    1.25E-03
 Timestep    1066  1.332500E+00     3     1       0.329    1.25E-03
 Timestep    1067  1.333750E+00     4     1       0.330    1.25E-03
 Timestep    1068  1.335000E+00     5     1       0.331    1.25E-03
 Timestep    1069  1.336250E+00     5     1       0.331    1.25E-03
 Timestep    1070  1.337500E+00     7     1       0.331    1.25E-03
 Timestep    1071  1.338750E+00     9     1       0.332    1.25E-03
 Timestep    1072  1.340000E+00     9     1       0.333    1.25E-03
 Timestep    1073  1.341250E+00    10     1       0.333    1.25E-03
 Timestep    1074  1.342500E+00    10     1       0.332    1.25E-03
 Timestep    1075  1.343750E+00     9     1       0.332    1.25E-03
 Timestep    1076  1.345000E+00     4     1       0.330    1.25E-03
 Timestep    1077  1.346250E+00     6     1       0.331    1.25E-03
 Timestep    1078  1.347500E+00     3     1       0.330    1.25E-03
 Timestep    1079  1.348750E+00     4     1       0.330    1.25E-03
 Timestep    1080  1.350000E+00     5     1       0.330    1.25E-03
 Timestep    1081  1.351250E+00     3     1       0.330    1.25E-03
 Timestep    1082  1.352500E+00     5     1       0.331    1.25E-03
 Timestep    1083  1.353750E+00     6     1       0.331    1.25E-03
 Timestep    1084  1.355000E+00     9     1       0.332    1.25E-03
 Timestep    1085  1.356250E+00    10     1       0.333    1.25E-03
 Timestep    1086  1.357500E+00    11     1       0.334    1.25E-03
 Timestep    1087  1.358750E+00    11     1       0.333    1.25E-03
 Timestep    1088  1.360000E+00    10     1       0.337    1.25E-03
 Timestep    1089  1.361250E+00     9     1       0.332    1.25E-03
 Timestep    1090  1.362500E+00     8     1       0.331    1.25E-03
 Timestep    1091  1.363750E+00     7     1       0.331    1.25E-03
 Timestep    1092  1.365000E+00     7     1       0.331    1.25E-03
 Timestep    1093  1.366250E+00     7     1       0.330    1.25E-03
 Timestep    1094  1.367500E+00     8     1       0.331    1.25E-03
 Timestep    1095  1.368750E+00     5     1       0.331    1.25E-03
 Timestep    1096  1.370000E+00     8     1       0.331    1.25E-03
 Timestep    1097  1.371250E+00     6     1       0.330    1.25E-03
 Timestep    1098  1.372500E+00     8     1       0.331    1.25E-03
 Timestep    1099  1.373750E+00     8     1       0.332    1.25E-03
 Timestep    1100  1.375000E+00     9     1       0.332    1.25E-03
 Timestep    1101  1.376250E+00     5     1       0.330    1.25E-03
 Timestep    1102  1.377500E+00     8     1       0.332    1.25E-03
 Timestep    1103  1.378750E+00     7     1       0.331    1.25E-03
 Timestep    1104  1.380000E+00     9     1       0.332    1.25E-03
 Timestep    1105  1.381250E+00     5     1       0.330    1.25E-03
 Timestep    1106  1.382500E+00     7     1       0.331    1.25E-03
 Timestep    1107  1.383750E+00     6     1       0.331    1.25E-03
 Timestep    1108  1.385000E+00     7     1       0.331    1.25E-03
 Timestep    1109  1.386250E+00     6     1       0.383    1.25E-03
 Timestep    1110  1.387500E+00     6     1       0.344    1.25E-03
 Timestep    1111  1.388750E+00     4     1       0.339    1.25E-03
 Timestep    1112  1.390000E+00     4     1       0.364    1.25E-03
 Timestep    1113  1.391250E+00     4     1       0.330    1.25E-03
 Timestep    1114  1.392500E+00     5     1       0.329    1.25E-03
 Timestep    1115  1.393750E+00     3     1       0.328    1.25E-03
 Timestep    1116  1.395000E+00     5     1       0.330    1.25E-03
 Timestep    1117  1.396250E+00     3     1       0.328    1.25E-03
 Timestep    1118  1.397500E+00     5     1       0.329    1.25E-03
 Timestep    1119  1.398750E+00     7     1       0.330    1.25E-03
 Timestep    1120  1.400000E+00     9     1       0.331    1.25E-03
 Timestep    1121  1.401250E+00     7     1       0.330    1.25E-03
 Timestep    1122  1.402500E+00     8     1       0.337    1.25E-03
 Timestep    1123  1.403750E+00     8     1       0.331    1.25E-03
 Timestep    1124  1.405000E+00     8     1       0.331    1.25E-03
 Timestep    1125  1.406250E+00     4     1       0.330    1.25E-03
 Timestep    1126  1.407500E+00     6     1       0.331    1.25E-03
 Timestep    1127  1.408750E+00     4     1       0.329    1.25E-03
 Timestep    1128  1.410000E+00     6     1       0.331    1.25E-03
 Timestep    1129  1.411250E+00     3     1       0.329    1.25E-03
 Timestep    1130  1.412500E+00     5     1       0.330    1.25E-03
 Timestep    1131  1.413750E+00     8     1       0.331    1.25E-03
 Timestep    1132  1.415000E+00    10     1       0.332    1.25E-03
 Timestep    1133  1.416250E+00     8     1       0.331    1.25E-03
 Timestep    1134  1.417500E+00    10     1       0.333    1.25E-03
 Timestep    1135  1.418750E+00     8     1       0.331    1.25E-03
 Timestep    1136  1.420000E+00     9     1       0.332    1.25E-03
 Timestep    1137  1.421250E+00     5     1       0.330    1.25E-03
 Timestep    1138  1.422500E+00     7     1       0.331    1.25E-03
 Timestep    1139  1.423750E+00     7     1       0.331    1.25E-03
 Timestep    1140  1.425000E+00     8     1       0.331    1.25E-03
 Timestep    1141  1.426250E+00     9     1       0.332    1.25E-03
 Timestep    1142  1.427500E+00    10     1       0.332    1.25E-03
 Timestep    1143  1.428750E+00    11     1       0.333    1.25E-03
 Timestep    1144  1.430000E+00     7     1       0.331    1.25E-03
 Timestep    1145  1.431250E+00    10     1       0.332    1.25E-03
 Timestep    1146  1.432500E+00     4     1       0.329    1.25E-03
 Timestep    1147  1.433750E+00     2     1       0.329    1.25E-03
 Timestep    1148  1.435000E+00     4     1       0.329    1.25E-03
 Timestep    1149  1.436250E+00     6     1       0.331    1.25E-03
 Timestep    1150  1.437500E+00     6     1       0.330    1.25E-03
 Timestep    1151  1.438750E+00     7     1       0.331    1.25E-03
 Timestep    1152  1.440000E+00     8     1       0.331    1.25E-03
 Timestep    1153  1.441250E+00    10     1       0.332    1.25E-03
 Timestep    1154  1.442500E+00    10     1       0.332    1.25E-03
 Timestep    1155  1.443750E+00    11     1       0.333    1.25E-03
 Timestep    1156  1.445000E+00     4     1       0.330    1.25E-03
 Timestep    1157  1.446250E+00     4     1       0.330    1.25E-03
 Timestep    1158  1.447500E+00     5     1       0.330    1.25E-03
 Timestep    1159  1.448750E+00     4     1       0.330    1.25E-03
 Timestep    1160  1.450000E+00     4     1       0.329    1.25E-03
 Timestep    1161  1.451250E+00     5     1       0.330    1.25E-03
 Timestep    1162  1.452500E+00     4     1       0.330    1.25E-03
 Timestep    1163  1.453750E+00     6     1       0.331    1.25E-03
 Timestep    1164  1.455000E+00    10     1       0.332    1.25E-03
 Timestep    1165  1.456250E+00    12     1       0.334    1.25E-03
 Timestep    1166  1.457500E+00    12     1       0.334    1.25E-03
 Timestep    1167  1.458750E+00    10     1       0.332    1.25E-03
 Timestep    1168  1.460000E+00    10     1       0.332    1.25E-03
 Timestep    1169  1.461250E+00     4     1       0.330    1.25E-03
 Timestep    1170  1.462500E+00     4     1       0.330    1.25E-03
 Timestep    1171  1.463750E+00     6     1       0.330    1.25E-03
 Timestep    1172  1.465000E+00    12     1       0.333    1.25E-03
 Timestep    1173  1.466250E+00    12     1       0.334    1.25E-03
 Timestep    1174  1.467500E+00    12     1       0.333    1.25E-03
 Timestep    1175  1.468750E+00     7     1       0.331    1.25E-03
 Timestep    1176  1.470000E+00     8     1       0.332    1.25E-03
 Timestep    1177  1.471250E+00     5     1       0.330    1.25E-03
 Timestep    1178  1.472500E+00     5     1       0.331    1.25E-03
 Timestep    1179  1.473750E+00     6     1       0.331    1.25E-03
 Timestep    1180  1.475000E+00     7     1       0.332    1.25E-03
 Timestep    1181  1.476250E+00    10     1       0.333    1.25E-03
 Timestep    1182  1.477500E+00    12     1       0.333    1.25E-03
 Timestep    1183  1.478750E+00    11     1       0.332    1.25E-03
 Timestep    1184  1.480000E+00    11     1       0.333    1.25E-03
 Timestep    1185  1.481250E+00     5     1       0.330    1.25E-03
 Timestep    1186  1.482500E+00     5     1       0.330    1.25E-03
 Timestep    1187  1.483750E+00     6     1       0.330    1.25E-03
 Timestep    1188  1.485000E+00     3     1       0.329    1.25E-03
 Timestep    1189  1.486250E+00     5     1       0.330    1.25E-03
 Timestep    1190  1.487500E+00     7     1       0.331    1.25E-03
 Timestep    1191  1.488750E+00    12     1       0.333    1.25E-03
 Timestep    1192  1.490000E+00    13     1       0.334    1.25E-03
 Timestep    1193  1.491250E+00    11     1       0.333    1.25E-03
 Timestep    1194  1.492500E+00    10     1       0.332    1.25E-03
 Timestep    1195  1.493750E+00     5     1       0.330    1.25E-03
 Timestep    1196  1.495000E+00     6     1       0.330    1.25E-03
 Timestep    1197  1.496250E+00     5     1       0.330    1.25E-03
 Timestep    1198  1.497500E+00     7     1       0.331    1.25E-03
 Timestep    1199  1.498750E+00    14     1       0.334    1.25E-03
 Timestep    1200  1.500000E+00    13     1       0.334    1.25E-03
 Timestep    1201  1.501250E+00    12     1       0.333    1.25E-03
 Timestep    1202  1.502500E+00    11     1       0.333    1.25E-03
 Timestep    1203  1.503750E+00     5     1       0.330    1.25E-03
 Timestep    1204  1.505000E+00     3     1       0.329    1.25E-03
 Timestep    1205  1.506250E+00     6     1       0.331    1.25E-03
 Timestep    1206  1.507500E+00     7     1       0.331    1.25E-03
 Timestep    1207  1.508750E+00    15     1       0.335    1.25E-03
 Timestep    1208  1.510000E+00    10     1       0.332    1.25E-03
 Timestep    1209  1.511250E+00    13     1       0.334    1.25E-03
 Timestep    1210  1.512500E+00    10     1       0.331    1.25E-03
 Timestep    1211  1.513750E+00     7     1       0.331    1.25E-03
 Timestep    1212  1.515000E+00     5     1       0.329    1.25E-03
 Timestep    1213  1.516250E+00     4     1       0.329    1.25E-03
 Timestep    1214  1.517500E+00     7     1       0.330    1.25E-03
 Timestep    1215  1.518750E+00    15     1       0.334    1.25E-03
 Timestep    1216  1.520000E+00    12     1       0.332    1.25E-03
 Timestep    1217  1.521250E+00    13     1       0.333    1.25E-03
 Timestep    1218  1.522500E+00     9     1       0.331    1.25E-03
 Timestep    1219  1.523750E+00     8     1       0.331    1.25E-03
 Timestep    1220  1.525000E+00     4     1       0.329    1.25E-03
 Timestep    1221  1.526250E+00     5     1       0.330    1.25E-03
 Timestep    1222  1.527500E+00     7     1       0.331    1.25E-03
 Timestep    1223  1.528750E+00    14     1       0.334    1.25E-03
 Timestep    1224  1.530000E+00    11     1       0.333    1.25E-03
 Timestep    1225  1.531250E+00    13     1       0.334    1.25E-03
 Timestep    1226  1.532500E+00     8     1       0.331    1.25E-03
 Timestep    1227  1.533750E+00     8     1       0.331    1.25E-03
 Timestep    1228  1.535000E+00     5     1       0.330    1.25E-03
 Timestep    1229  1.536250E+00     6     1       0.330    1.25E-03
 Timestep    1230  1.537500E+00     7     1       0.331    1.25E-03
 Timestep    1231  1.538750E+00    15     1       0.335    1.25E-03
 Timestep    1232  1.540000E+00     9     1       0.331    1.25E-03
 Timestep    1233  1.541250E+00    11     1       0.332    1.25E-03
 Timestep    1234  1.542500E+00     8     1       0.331    1.25E-03
 Timestep    1235  1.543750E+00     8     1       0.331    1.25E-03
 Timestep    1236  1.545000E+00     5     1       0.330    1.25E-03
 Timestep    1237  1.546250E+00     6     1       0.330    1.25E-03
 Timestep    1238  1.547500E+00     9     1       0.331    1.25E-03
 Timestep    1239  1.548750E+00    15     1       0.335    1.25E-03
 Timestep    1240  1.550000E+00    12     1       0.333    1.25E-03
 Timestep    1241  1.551250E+00     9     1       0.331    1.25E-03
 Timestep    1242  1.552500E+00     9     1       0.331    1.25E-03
 Timestep    1243  1.553750E+00     5     1       0.330    1.25E-03
 Timestep    1244  1.555000E+00     6     1       0.330    1.25E-03
 Timestep    1245  1.556250E+00     8     1       0.331    1.25E-03
 Timestep    1246  1.557500E+00    16     1       0.335    1.25E-03
 Timestep    1247  1.558750E+00    12     1       0.333    1.25E-03
 Timestep    1248  1.560000E+00    10     1       0.332    1.25E-03
 Timestep    1249  1.561250E+00     9     1       0.331    1.25E-03
 Timestep    1250  1.562500E+00     5     1       0.330    1.25E-03
 Timestep    1251  1.563750E+00     6     1       0.330    1.25E-03
 Timestep    1252  1.565000E+00     7     1       0.331    1.25E-03
 Timestep    1253  1.566250E+00    12     1       0.334    1.25E-03
 Timestep    1254  1.567500E+00    13     1       0.334    1.25E-03
 Timestep    1255  1.568750E+00    12     1       0.333    1.25E-03
 Timestep    1256  1.570000E+00    11     1       0.332    1.25E-03
 Timestep    1257  1.571250E+00     6     1       0.330    1.25E-03
 Timestep    1258  1.572500E+00     7     1       0.331    1.25E-03
 Timestep    1259  1.573750E+00     5     1       0.330    1.25E-03
 Timestep    1260  1.575000E+00     9     1       0.332    1.25E-03
 Timestep    1261  1.576250E+00    15     1       0.335    1.25E-03
 Timestep    1262  1.577500E+00    14     1       0.334    1.25E-03
 Timestep    1263  1.578750E+00     8     1       0.337    1.25E-03
 Timestep    1264  1.580000E+00     8     1       0.331    1.25E-03
 Timestep    1265  1.581250E+00     6     1       0.330    1.25E-03
 Timestep    1266  1.582500E+00     6     1       0.330    1.25E-03
 Timestep    1267  1.583750E+00     7     1       0.330    1.25E-03
 Timestep    1268  1.585000E+00    16     1       0.337    1.25E-03
 Timestep    1269  1.586250E+00     9     1       0.331    1.25E-03
 Timestep    1270  1.587500E+00    11     1       0.333    1.25E-03
 Timestep    1271  1.588750E+00    10     1       0.333    1.25E-03
 Timestep    1272  1.590000E+00     5     1       0.330    1.25E-03
 Timestep    1273  1.591250E+00     6     1       0.330    1.25E-03
 Timestep    1274  1.592500E+00     6     1       0.330    1.25E-03
 Timestep    1275  1.593750E+00     8     1       0.331    1.25E-03
 Timestep    1276  1.595000E+00    15     1       0.335    1.25E-03
 Timestep    1277  1.596250E+00    11     1       0.332    1.25E-03
 Timestep    1278  1.597500E+00    10     1       0.332    1.25E-03
 Timestep    1279  1.598750E+00    10     1       0.332    1.25E-03
 Timestep    1280  1.600000E+00     5     1       0.330    1.25E-03
 Timestep    1281  1.601250E+00     6     1       0.330    1.25E-03
 Timestep    1282  1.602500E+00     5     1       0.330    1.25E-03
 Timestep    1283  1.603750E+00    11     1       0.332    1.25E-03
 Timestep    1284  1.605000E+00    13     1       0.334    1.25E-03
 Timestep    1285  1.606250E+00    13     1       0.334    1.25E-03
 Timestep    1286  1.607500E+00    11     1       0.332    1.25E-03
 Timestep    1287  1.608750E+00     7     1       0.330    1.25E-03
 Timestep    1288  1.610000E+00     6     1       0.330    1.25E-03
 Timestep    1289  1.611250E+00     7     1       0.331    1.25E-03
 Timestep    1290  1.612500E+00    11     1       0.333    1.25E-03
 Timestep    1291  1.613750E+00    14     1       0.334    1.25E-03
 Timestep    1292  1.615000E+00    13     1       0.334    1.25E-03
 Timestep    1293  1.616250E+00     7     1       0.331    1.25E-03
 Timestep    1294  1.617500E+00     9     1       0.332    1.25E-03
 Timestep    1295  1.618750E+00     4     1       0.329    1.25E-03
 Timestep    1296  1.620000E+00     6     1       0.330    1.25E-03
 Timestep    1297  1.621250E+00    14     1       0.334    1.25E-03
 Timestep    1298  1.622500E+00    11     1       0.333    1.25E-03
 Timestep    1299  1.623750E+00    12     1       0.333    1.25E-03
 Timestep    1300  1.625000E+00    11     1       0.333    1.25E-03
 Timestep    1301  1.626250E+00     6     1       0.331    1.25E-03
 Timestep    1302  1.627500E+00     6     1       0.331    1.25E-03
 Timestep    1303  1.628750E+00     5     1       0.330    1.25E-03
 Timestep    1304  1.630000E+00     8     1       0.331    1.25E-03
 Timestep    1305  1.631250E+00    16     1       0.372    1.25E-03
 Timestep    1306  1.632500E+00    13     1       0.334    1.25E-03
 Timestep    1307  1.633750E+00     8     1       0.331    1.25E-03
 Timestep    1308  1.635000E+00     9     1       0.332    1.25E-03
 Timestep    1309  1.636250E+00     4     1       0.330    1.25E-03
 Timestep    1310  1.637500E+00     6     1       0.330    1.25E-03
 Timestep    1311  1.638750E+00     9     1       0.332    1.25E-03
 Timestep    1312  1.640000E+00    16     1       0.335    1.25E-03
 Timestep    1313  1.641250E+00    13     1       0.333    1.25E-03
 Timestep    1314  1.642500E+00     8     1       0.332    1.25E-03
 Timestep    1315  1.643750E+00     8     1       0.332    1.25E-03
 Timestep    1316  1.645000E+00     7     1       0.331    1.25E-03
 Timestep    1317  1.646250E+00     5     1       0.330    1.25E-03
 Timestep    1318  1.647500E+00     7     1       0.331    1.25E-03
 Timestep    1319  1.648750E+00    12     1       0.334    1.25E-03
 Timestep    1320  1.650000E+00    13     1       0.334    1.25E-03
 Timestep    1321  1.651250E+00    14     1       0.334    1.25E-03
 Timestep    1322  1.652500E+00     7     1       0.331    1.25E-03
 Timestep    1323  1.653750E+00     9     1       0.332    1.25E-03
 Timestep    1324  1.655000E+00     5     1       0.331    1.25E-03
 Timestep    1325  1.656250E+00     6     1       0.331    1.25E-03
 Timestep    1326  1.657500E+00     8     1       0.331    1.25E-03
 Timestep    1327  1.658750E+00    17     1       0.336    1.25E-03
 Timestep    1328  1.660000E+00    10     1       0.332    1.25E-03
 Timestep    1329  1.661250E+00     9     1       0.332    1.25E-03
 Timestep    1330  1.662500E+00     8     1       0.331    1.25E-03
 Timestep    1331  1.663750E+00     6     1       0.331    1.25E-03
 Timestep    1332  1.665000E+00     7     1       0.331    1.25E-03
 Timestep    1333  1.666250E+00     4     1       0.330    1.25E-03
 Timestep    1334  1.667500E+00    12     1       0.333    1.25E-03
 Timestep    1335  1.668750E+00    11     1       0.332    1.25E-03
 Timestep    1336  1.670000E+00    14     1       0.334    1.25E-03
 Timestep    1337  1.671250E+00     9     1       0.332    1.25E-03
 Timestep    1338  1.672500E+00     7     1       0.331    1.25E-03
 Timestep    1339  1.673750E+00     6     1       0.330    1.25E-03
 Timestep    1340  1.675000E+00     5     1       0.330    1.25E-03
 Timestep    1341  1.676250E+00     9     1       0.332    1.25E-03
 Timestep    1342  1.677500E+00    16     1       0.336    1.25E-03
 Timestep    1343  1.678750E+00    11     1       0.333    1.25E-03
 Timestep    1344  1.680000E+00    11     1       0.333    1.25E-03
 Timestep    1345  1.681250E+00     8     1       0.331    1.25E-03
 Timestep    1346  1.682500E+00     5     1       0.330    1.25E-03
 Timestep    1347  1.683750E+00     5     1       0.330    1.25E-03
 Timestep    1348  1.685000E+00     7     1       0.331    1.25E-03
 Timestep    1349  1.686250E+00     9     1       0.332    1.25E-03
 Timestep    1350  1.687500E+00    14     1       0.335    1.25E-03
 Timestep    1351  1.688750E+00    14     1       0.335    1.25E-03
 Timestep    1352  1.690000E+00     8     1       0.331    1.25E-03
 Timestep    1353  1.691250E+00     8     1       0.331    1.25E-03
 Timestep    1354  1.692500E+00     5     1       0.330    1.25E-03
 Timestep    1355  1.693750E+00     5     1       0.330    1.25E-03
 Timestep    1356  1.695000E+00     7     1       0.330    1.25E-03
 Timestep    1357  1.696250E+00    15     1       0.335    1.25E-03
 Timestep    1358  1.697500E+00    10     1       0.333    1.25E-03
 Timestep    1359  1.698750E+00    13     1       0.333    1.25E-03
 Timestep    1360  1.700000E+00    11     1       0.332    1.25E-03
 Timestep    1361  1.701250E+00     5     1       0.329    1.25E-03
 Timestep    1362  1.702500E+00     6     1       0.329    1.25E-03
 Timestep    1363  1.703750E+00     3     1       0.328    1.25E-03
 Timestep    1364  1.705000E+00     7     1       0.330    1.25E-03
 Timestep    1365  1.706250E+00    18     1       0.336    1.25E-03
 Timestep    1366  1.707500E+00    11     1       0.332    1.25E-03
 Timestep    1367  1.708750E+00    11     1       0.332    1.25E-03
 Timestep    1368  1.710000E+00    10     1       0.332    1.25E-03
 Timestep    1369  1.711250E+00     5     1       0.330    1.25E-03
 Timestep    1370  1.712500E+00     5     1       0.330    1.25E-03
 Timestep    1371  1.713750E+00     6     1       0.331    1.25E-03
 Timestep    1372  1.715000E+00     8     1       0.331    1.25E-03
 Timestep    1373  1.716250E+00    17     1       0.337    1.25E-03
 Timestep    1374  1.717500E+00    11     1       0.333    1.25E-03
 Timestep    1375  1.718750E+00     8     1       0.331    1.25E-03
 Timestep    1376  1.720000E+00    10     1       0.332    1.25E-03
 Timestep    1377  1.721250E+00     4     1       0.331    1.25E-03
 Timestep    1378  1.722500E+00     4     1       0.330    1.25E-03
 Timestep    1379  1.723750E+00     7     1       0.331    1.25E-03
 Timestep    1380  1.725000E+00    14     1       0.334    1.25E-03
 Timestep    1381  1.726250E+00    12     1       0.333    1.25E-03
 Timestep    1382  1.727500E+00    14     1       0.334    1.25E-03
 Timestep    1383  1.728750E+00     8     1       0.331    1.25E-03
 Timestep    1384  1.730000E+00     8     1       0.331    1.25E-03
 Timestep    1385  1.731250E+00     5     1       0.330    1.25E-03
 Timestep    1386  1.732500E+00     6     1       0.330    1.25E-03
 Timestep    1387  1.733750E+00     7     1       0.331    1.25E-03
 Timestep    1388  1.735000E+00    16     1       0.335    1.25E-03
 Timestep    1389  1.736250E+00    10     1       0.332    1.25E-03
 Timestep    1390  1.737500E+00    10     1       0.332    1.25E-03
 Timestep    1391  1.738750E+00    10     1       0.332    1.25E-03
 Timestep    1392  1.740000E+00     4     1       0.330    1.25E-03
 Timestep    1393  1.741250E+00     4     1       0.329    1.25E-03
 Timestep    1394  1.742500E+00     6     1       0.332    1.25E-03
 Timestep    1395  1.743750E+00    11     1       0.333    1.25E-03
 Timestep    1396  1.745000E+00    14     1       0.334    1.25E-03
 Timestep    1397  1.746250E+00    13     1       0.334    1.25E-03
 Timestep    1398  1.747500E+00     8     1       0.331    1.25E-03
 Timestep    1399  1.748750E+00     9     1       0.332    1.25E-03
 Timestep    1400  1.750000E+00     4     1       0.329    1.25E-03
 Timestep    1401  1.751250E+00     6     1       0.330    1.25E-03
 Timestep    1402  1.752500E+00    12     1       0.333    1.25E-03
 Timestep    1403  1.753750E+00    13     1       0.333    1.25E-03
 Timestep    1404  1.755000E+00    13     1       0.334    1.25E-03
 Timestep    1405  1.756250E+00     8     1       0.332    1.25E-03
 Timestep    1406  1.757500E+00     8     1       0.331    1.25E-03
 Timestep    1407  1.758750E+00     6     1       0.330    1.25E-03
 Timestep    1408  1.760000E+00     5     1       0.330    1.25E-03
 Timestep    1409  1.761250E+00     9     1       0.332    1.25E-03
 Timestep    1410  1.762500E+00    16     1       0.335    1.25E-03
 Timestep    1411  1.763750E+00    12     1       0.333    1.25E-03
 Timestep    1412  1.765000E+00     7     1       0.331    1.25E-03
 Timestep    1413  1.766250E+00     9     1       0.332    1.25E-03
 Timestep    1414  1.767500E+00     6     1       0.330    1.25E-03
 Timestep    1415  1.768750E+00     7     1       0.331    1.25E-03
 Timestep    1416  1.770000E+00    11     1       0.333    1.25E-03
 Timestep    1417  1.771250E+00    14     1       0.334    1.25E-03
 Timestep    1418  1.772500E+00    14     1       0.334    1.25E-03
 Timestep    1419  1.773750E+00     7     1       0.331    1.25E-03
 Timestep    1420  1.775000E+00     9     1       0.332    1.25E-03
 Timestep    1421  1.776250E+00     5     1       0.330    1.25E-03
 Timestep    1422  1.777500E+00     5     1       0.330    1.25E-03
 Timestep    1423  1.778750E+00     8     1       0.331    1.25E-03
 Timestep    1424  1.780000E+00    17     1       0.336    1.25E-03
 Timestep    1425  1.781250E+00    11     1       0.332    1.25E-03
 Timestep    1426  1.782500E+00     9     1       0.331    1.25E-03
 Timestep    1427  1.783750E+00    10     1       0.332    1.25E-03
 Timestep    1428  1.785000E+00     5     1       0.330    1.25E-03
 Timestep    1429  1.786250E+00     6     1       0.340    1.25E-03
 Timestep    1430  1.787500E+00     5     1       0.331    1.25E-03
 Timestep    1431  1.788750E+00     8     1       0.331    1.25E-03
 Timestep    1432  1.790000E+00    16     1       0.335    1.25E-03
 Timestep    1433  1.791250E+00    12     1       0.333    1.25E-03
 Timestep    1434  1.792500E+00    10     1       0.332    1.25E-03
 Timestep    1435  1.793750E+00     9     1       0.332    1.25E-03
 Timestep    1436  1.795000E+00     5     1       0.330    1.25E-03
 Timestep    1437  1.796250E+00     5     1       0.330    1.25E-03
 Timestep    1438  1.797500E+00     6     1       0.330    1.25E-03
 Timestep    1439  1.798750E+00     9     1       0.332    1.25E-03
 Timestep    1440  1.800000E+00    16     1       0.336    1.25E-03
 Timestep    1441  1.801250E+00    12     1       0.333    1.25E-03
 Timestep    1442  1.802500E+00     9     1       0.332    1.25E-03
 Timestep    1443  1.803750E+00     9     1       0.332    1.25E-03
 Timestep    1444  1.805000E+00     5     1       0.330    1.25E-03
 Timestep    1445  1.806250E+00     6     1       0.335    1.25E-03
 Timestep    1446  1.807500E+00     8     1       0.333    1.25E-03
 Timestep    1447  1.808750E+00    14     1       0.336    1.25E-03
 Timestep    1448  1.810000E+00    12     1       0.335    1.25E-03
 Timestep    1449  1.811250E+00    11     1       0.342    1.25E-03
 Timestep    1450  1.812500E+00    11     1       0.336    1.25E-03
 Timestep    1451  1.813750E+00     4     1       0.329    1.25E-03
 Timestep    1452  1.815000E+00     4     1       0.329    1.25E-03
 Timestep    1453  1.816250E+00     5     1       0.329    1.25E-03
 Timestep    1454  1.817500E+00     7     1       0.330    1.25E-03
 Timestep    1455  1.818750E+00    15     1       0.335    1.25E-03
 Timestep    1456  1.820000E+00    10     1       0.331    1.25E-03
 Timestep    1457  1.821250E+00    11     1       0.332    1.25E-03
 Timestep    1458  1.822500E+00    10     1       0.331    1.25E-03
 Timestep    1459  1.823750E+00     5     1       0.331    1.25E-03
 Timestep    1460  1.825000E+00     5     1       0.331    1.25E-03
 Timestep    1461  1.826250E+00     6     1       0.331    1.25E-03
 Timestep    1462  1.827500E+00     6     1       0.331    1.25E-03
 Timestep    1463  1.828750E+00    16     1       0.335    1.25E-03
 Timestep    1464  1.830000E+00    11     1       0.333    1.25E-03
 Timestep    1465  1.831250E+00     9     1       0.332    1.25E-03
 Timestep    1466  1.832500E+00    11     1       0.333    1.25E-03
 Timestep    1467  1.833750E+00     2     1       0.329    1.25E-03
 Timestep    1468  1.835000E+00     4     1       0.331    1.25E-03
 Timestep    1469  1.836250E+00     4     1       0.343    1.25E-03
 Timestep    1470  1.837500E+00    19     1       0.416    1.25E-03
 Timestep    1471  1.838750E+00    12     1       0.364    1.25E-03
 Timestep    1472  1.840000E+00    12     1       0.339    1.25E-03
 Timestep    1473  1.841250E+00     8     1       0.336    1.25E-03
 Timestep    1474  1.842500E+00     7     1       0.339    1.25E-03
 Timestep    1475  1.843750E+00     4     1       0.336    1.25E-03
 Timestep    1476  1.845000E+00     5     1       0.330    1.25E-03
 Timestep    1477  1.846250E+00     5     1       0.331    1.25E-03
 Timestep    1478  1.847500E+00     8     1       0.331    1.25E-03
 Timestep    1479  1.848750E+00    14     1       0.334    1.25E-03
 Timestep    1480  1.850000E+00    12     1       0.334    1.25E-03
 Timestep    1481  1.851250E+00     8     1       0.332    1.25E-03
 Timestep    1482  1.852500E+00    11     1       0.333    1.25E-03
 Timestep    1483  1.853750E+00     4     1       0.330    1.25E-03
 Timestep    1484  1.855000E+00     4     1       0.330    1.25E-03
 Timestep    1485  1.856250E+00     6     1       0.331    1.25E-03
 Timestep    1486  1.857500E+00    15     1       0.335    1.25E-03
 Timestep    1487  1.858750E+00    12     1       0.333    1.25E-03
 Timestep    1488  1.860000E+00    13     1       0.334    1.25E-03
 Timestep    1489  1.861250E+00     7     1       0.331    1.25E-03
 Timestep    1490  1.862500E+00     9     1       0.332    1.25E-03
 Timestep    1491  1.863750E+00     2     1       0.329    1.25E-03
 Timestep    1492  1.865000E+00     5     1       0.330    1.25E-03
 Timestep    1493  1.866250E+00     8     1       0.332    1.25E-03
 Timestep    1494  1.867500E+00    16     1       0.336    1.25E-03
 Timestep    1495  1.868750E+00    12     1       0.333    1.25E-03
 Timestep    1496  1.870000E+00     8     1       0.332    1.25E-03
 Timestep    1497  1.871250E+00     9     1       0.332    1.25E-03
 Timestep    1498  1.872500E+00     6     1       0.331    1.25E-03
 Timestep    1499  1.873750E+00     5     1       0.331    1.25E-03
 Timestep    1500  1.875000E+00     5     1       0.333    1.25E-03
 Timestep    1501  1.876250E+00     8     1       0.331    1.25E-03
 Timestep    1502  1.877500E+00    15     1       0.335    1.25E-03
 Timestep    1503  1.878750E+00    13     1       0.334    1.25E-03
 Timestep    1504  1.880000E+00     8     1       0.332    1.25E-03
 Timestep    1505  1.881250E+00     8     1       0.331    1.25E-03
 Timestep    1506  1.882500E+00     5     1       0.330    1.25E-03
 Timestep    1507  1.883750E+00     5     1       0.331    1.25E-03
 Timestep    1508  1.885000E+00     7     1       0.331    1.25E-03
 Timestep    1509  1.886250E+00    12     1       0.333    1.25E-03
 Timestep    1510  1.887500E+00    13     1       0.334    1.25E-03
 Timestep    1511  1.888750E+00    14     1       0.334    1.25E-03
 Timestep    1512  1.890000E+00     8     1       0.332    1.25E-03
 Timestep    1513  1.891250E+00     8     1       0.331    1.25E-03
 Timestep    1514  1.892500E+00     6     1       0.331    1.25E-03
 Timestep    1515  1.893750E+00     6     1       0.331    1.25E-03
 Timestep    1516  1.895000E+00     8     1       0.332    1.25E-03
 Timestep    1517  1.896250E+00    16     1       0.336    1.25E-03
 Timestep    1518  1.897500E+00    13     1       0.334    1.25E-03
 Timestep    1519  1.898750E+00     9     1       0.332    1.25E-03
 Timestep    1520  1.900000E+00     8     1       0.332    1.25E-03
 Timestep    1521  1.901250E+00     5     1       0.330    1.25E-03
 Timestep    1522  1.902500E+00     6     1       0.331    1.25E-03
 Timestep    1523  1.903750E+00     6     1       0.330    1.25E-03
 Timestep    1524  1.905000E+00     9     1       0.332    1.25E-03
 Timestep    1525  1.906250E+00    14     1       0.334    1.25E-03
 Timestep    1526  1.907500E+00    14     1       0.334    1.25E-03
 Timestep    1527  1.908750E+00     8     1       0.331    1.25E-03
 Timestep    1528  1.910000E+00     8     1       0.331    1.25E-03
 Timestep    1529  1.911250E+00     7     1       0.331    1.25E-03
 Timestep    1530  1.912500E+00     5     1       0.330    1.25E-03
 Timestep    1531  1.913750E+00     9     1       0.332    1.25E-03
 Timestep    1532  1.915000E+00    17     1       0.336    1.25E-03
 Timestep    1533  1.916250E+00    11     1       0.333    1.25E-03
 Timestep    1534  1.917500E+00     9     1       0.332    1.25E-03
 Timestep    1535  1.918750E+00     8     1       0.331    1.25E-03
 Timestep    1536  1.920000E+00     6     1       0.330    1.25E-03
 Timestep    1537  1.921250E+00     6     1       0.330    1.25E-03
 Timestep    1538  1.922500E+00     7     1       0.331    1.25E-03
 Timestep    1539  1.923750E+00    11     1       0.333    1.25E-03
 Timestep    1540  1.925000E+00    12     1       0.333    1.25E-03
 Timestep    1541  1.926250E+00    11     1       0.333    1.25E-03
 Timestep    1542  1.927500E+00    11     1       0.333    1.25E-03
 Timestep    1543  1.928750E+00     7     1       0.332    1.25E-03
 Timestep    1544  1.930000E+00     6     1       0.330    1.25E-03
 Timestep    1545  1.931250E+00     7     1       0.331    1.25E-03
 Timestep    1546  1.932500E+00    15     1       0.335    1.25E-03
 Timestep    1547  1.933750E+00    10     1       0.332    1.25E-03
 Timestep    1548  1.935000E+00    12     1       0.333    1.25E-03
 Timestep    1549  1.936250E+00    10     1       0.332    1.25E-03
 Timestep    1550  1.937500E+00     7     1       0.332    1.25E-03
 Timestep    1551  1.938750E+00     5     1       0.330    1.25E-03
 Timestep    1552  1.940000E+00     6     1       0.331    1.25E-03
 Timestep    1553  1.941250E+00     9     1       0.332    1.25E-03
 Timestep    1554  1.942500E+00    17     1       0.336    1.25E-03
 Timestep    1555  1.943750E+00    10     1       0.332    1.25E-03
 Timestep    1556  1.945000E+00     7     1       0.331    1.25E-03
 Timestep    1557  1.946250E+00    10     1       0.333    1.25E-03
 Timestep    1558  1.947500E+00     6     1       0.330    1.25E-03
 Timestep    1559  1.948750E+00     6     1       0.331    1.25E-03
 Timestep    1560  1.950000E+00     9     1       0.332    1.25E-03
 Timestep    1561  1.951250E+00    16     1       0.336    1.25E-03
 Timestep    1562  1.952500E+00    14     1       0.335    1.25E-03
 Timestep    1563  1.953750E+00     8     1       0.331    1.25E-03
 Timestep    1564  1.955000E+00     7     1       0.332    1.25E-03
 Timestep    1565  1.956250E+00     4     1       0.330    1.25E-03
 Timestep    1566  1.957500E+00     6     1       0.331    1.25E-03
 Timestep    1567  1.958750E+00     5     1       0.330    1.25E-03
 Timestep    1568  1.960000E+00     8     1       0.331    1.25E-03
Note: The following floating-point exceptions are signalling: IEEE_UNDERFLOW_FLAG IEEE_DENORMAL
 Timestep    1569  1.961250E+00    15     1       0.335    1.25E-03
 Timestep    1570  1.962500E+00    13     1       0.334    1.25E-03
 Timestep    1571  1.963750E+00    10     1       0.332    1.25E-03
 Timestep    1572  1.965000E+00     9     1       0.332    1.25E-03
 Timestep    1573  1.966250E+00     5     1       0.331    1.25E-03
 Timestep    1574  1.967500E+00     5     1       0.330    1.25E-03
 Timestep    1575  1.968750E+00     6     1       0.330    1.25E-03
 Timestep    1576  1.970000E+00    10     1       0.332    1.25E-03
 Timestep    1577  1.971250E+00    15     1       0.335    1.25E-03
 Timestep    1578  1.972500E+00    14     1       0.334    1.25E-03
 Timestep    1579  1.973750E+00     9     1       0.332    1.25E-03
 Timestep    1580  1.975000E+00     8     1       0.331    1.25E-03
 Timestep    1581  1.976250E+00     5     1       0.331    1.25E-03
 Timestep    1582  1.977500E+00     6     1       0.327    1.25E-03
 Timestep    1583  1.978750E+00     8     1       0.328    1.25E-03
 Timestep    1584  1.980000E+00    17     1       0.332    1.25E-03
 Timestep    1585  1.981250E+00    10     1       0.329    1.25E-03
 Timestep    1586  1.982500E+00    10     1       0.329    1.25E-03
 Timestep    1587  1.983750E+00    10     1       0.329    1.25E-03
 Timestep    1588  1.985000E+00     5     1       0.326    1.25E-03
 Timestep    1589  1.986250E+00     3     1       0.326    1.25E-03
 Timestep    1590  1.987500E+00     6     1       0.327    1.25E-03
 Timestep    1591  1.988750E+00     9     1       0.328    1.25E-03
 Timestep    1592  1.990000E+00    16     1       0.332    1.25E-03
 Timestep    1593  1.991250E+00    13     1       0.330    1.25E-03
 Timestep    1594  1.992500E+00     8     1       0.328    1.25E-03
 Timestep    1595  1.993750E+00     8     1       0.328    1.25E-03
 Timestep    1596  1.995000E+00     7     1       0.327    1.25E-03
 Timestep    1597  1.996250E+00     5     1       0.327    1.25E-03
 Timestep    1598  1.997500E+00     9     1       0.328    1.25E-03
 Timestep    1599  1.998750E+00    15     1       0.332    1.25E-03
 Timestep    1600  2.000000E+00    12     1       0.330    1.25E-03
Wrote hartmann_mug.profile (2885 points)

#----------------------------------------------
Run Complete
Run Duration =   5.330E+02

====== MPI Times (Avg, Min, Max) ======
Barrier   =   8.147E-03  8.147E-03  8.147E-03
WaitAny   =   0.000E+00  0.000E+00  0.000E+00
WaitAll   =   0.000E+00  0.000E+00  0.000E+00
AllReduce =   3.828E-02  3.828E-02  3.828E-02
#----------------------------------------------
EXIT=0
