electron_density,electron_temperature_ev,heat_flux,ion_current_density,normal_stress,surface_displacement
1e+18,2.0,21879.03565252838,1562.788260894884,0.3204353268,7.556043054614154e-06
1.0600258488068824e+18,2.0,23192.343338647435,1656.5959527605312,0.3396697292788808,8.009600952588718e-06
1.1236548001387516e+18,2.0,24584.483433370395,1756.034530955028,0.36005869309284955,8.49038404837227e-06
1.191103133283008e+18,2.0,26060.18791893719,1861.4419942097993,0.38167152176604463,9.00002655757223e-06
1.2626001098748577e+18,2.0,27624.472818838258,1973.1766299170183,0.4045816788254659,9.540260790974987e-06
1.3383887531737592e+18,2.0,29282.655247631683,2091.6182319736918,0.4288670375086781,1.0112923042792283e-05
1.418726674116599e+18,2.0,31040.371484190076,2217.1693917278626,0.45461014546042955,1.0719959832354568e-05
1.5038869469554132e+18,2.0,32903.59612980954,2350.256866414967,0.4818985053179122,1.1363434520467338e-05
1.5941590374560028e+18,2.0,34878.662416300205,2491.3330297357293,0.5108248721383878,1.2045534322919818e-05
1.689849786812462e+18,2.0,36972.28373308734,2640.877409506238,0.5414875686801616,1.2768577744985513e-05
1.7912844546220096e+18,2.0,39191.5764464948,2799.3983176067713,0.5739908196085635,1.353502246218494e-05
1.898807824465269e+18,2.0,41544.08408877547,2967.4345777696763,0.6084451057629255,1.4347473674097809e-05
2.0127853758499466e+18,2.0,44037.80299910872,3145.557357079194,0.6449675396887385,1.5208692959619932e-05
2.133604526501402e+18,2.0,46681.20950372011,3334.372107408579,0.6836822637114361,1.6121607663764244e-05
2.2616759492228552e+18,2.0,49483.2887275128,3534.520623393772,0.7247208719049258,1.7089320847913232e-05
2.3974349678010685e+18,2.0,52453.565135137804,3746.6832239384144,0.7682228573890829,1.8115121837342375e-05
2.541343036702629e+18,2.0,55602.134905321545,3971.5810646658247,0.8143360864767112,1.920249740186894e-05
2.693889309590164e+18,2.0,58939.700248488254,4209.978589177733,0.8632173012815505,2.035514360762808e-05
2.8555923019901005e+18,2.0,62477.60578432699,4462.686127451928,0.9150326524957622,2.1576978380261943e-05
3.0270016537634555e+18,2.0,66227.877102953,4730.562650210929,0.9699582641478334,2.287215482222492e-05
3.208699997370444e+18,2.0,70203.26164073565,5014.518688623975,1.0281808322605572,2.4245075329471396e-05
3.401304938279246e+18,2.0,74417.27200973245,5315.519429266604,1.089898259443964,2.570040655550972e-05
3.6054711542504986e+18,2.0,78884.2319280093,5634.587994857807,1.1553203275802317,2.724309527368616e-05
3.821892620633115e+18,2.0,83619.32490696704,5972.8089219262165,1.2246694108870808,2.8878385191615943e-05
4.051304969235378e+18,2.0,88638.64586116622,6331.331847226159,1.2981812317834025,3.06118347749148e-05
4.294487988789272e+18,2.0,93959.25581607537,6711.375415433955,1.3761056621263652,3.2449336140815094e-05
4.5522682755073096e+18,2.0,99599.23989969831,7114.231421407021,1.458707572543457,3.439713508588736e-05
4.825522042741279e+18,2.0,105577.768815198,7541.269201085572,1.5462677327464052,3.6461852315942747e-05
5.115178099293145e+18,2.0,111915.16400346707,7993.940285961933,1.639083765887202,3.865050595027841e-05
5.422221006501592e+18,2.0,118632.96671713663,8473.783336938332,1.7374711602001627,4.0970535376759326e-05
5.747694424835359e+18,2.0,125754.01124081141,8982.429374343672,1.8417643413686562,4.3429826538821713e-05
6.092704661368687e+18,2.0,133302.50250641134,9521.607321886524,1.9523178092615587,4.6036738740350154e-05
6.458424430196991e+18,2.0,141304.09836744022,10093.149883388589,2.0695073429032766,4.8800133059540356e-05
6.846096838574672e+18,2.0,149785.99681183707,10698.999772274075,2.193731277773122,5.172940246832807e-05
7.257039612324231e+18,2.0,158777.0284098526,11341.21631498947,2.3254118597756603,5.48345037597623e-05
7.692649574879161e+18,2.0,168307.75431118844,12021.982450799174,2.464996680484285,5.812599139184622e-05
8.154407395185187e+18,2.0,178410.57012449775,12743.61215174984,2.612960198536502,6.161505336288332e-05
8.643882620598297e+18,2.0,189119.81603234058,13508.558288024326,2.769805352352256,6.531354924027177e-05
9.162739011886769e+18,2.0,200471.89351588325,14319.420965420231,2.9360652696570457,6.923405047200918e-05
9.712740198471207e+18,2.0,212505.38908609707,15178.95636329265,3.112305079620618,7.338988311793007e-05
1.0295755673125085e+19,2.0,225261.20544202506,16090.08610300179,3.299123833770791,7.779517314592109e-05
1.0913767146512693e+19,2.0,238782.7005019441,17055.907178710295,3.497156542211899,8.246489444708339e-05
1.1568875283162786e+19,2.0,253115.8347799729,18079.702484283778,3.7070763320687097,8.741491973303953e-05
1.2263306841775593e+19,2.0,268309.32760910335,19164.951972078812,3.929596735493038,9.266207448840072e-05
1.2999422244132422e+19,2.0,284414.8227416437,20315.344481545977,4.165474115009762,9.822419416177355e-05
1.377972359833554e+19,2.0,301487.0638899699,21534.790277854994,4.41551023444632,0.00010412018478970602
1.460686320364986e+19,2.0,319584.08080426016,22827.43434316144,4.680554984184438,0.00011037008725963759
1.548365256585496e+19,2.0,338767.38651970314,24197.67046569308,4.961509269997393,0.00011699514543028701
1.6413071953751267e+19,2.0,359102.1864436376,25650.156174545544,5.259328075292203,0.00012401787834102467
1.7398280529303622e+19,2.0,380657.5999933242,27189.82857095173,5.575023707165483,0.00013146215675567332
1.8442627085855328e+19,2.0,403506.89553771424,28821.921109836734,5.909669237306584,0.00013935328430091605
1.9549661430912594e+19,2.0,427727.73944179557,30551.98138869968,6.264402149443833,0.00014771808347510532
2.0723146452190294e+19,2.0,453402.4600600384,32385.890004288456,6.640428205731857,0.00015658498681982443
2.1967070907932353e+19,2.0,480618.3275762709,34329.8805411622,7.039025545222077,0.00016598413356409892
2.3285662984981967e+19,2.0,509467.8506411809,36390.56076008434,7.461549028347361,0.0001759474720697589
2.468340467068651e+19,2.0,540049.0908157356,38574.93505826683,7.9094348421880785,0.00018650886842617138
2.6165046987488236e+19,2.0,572465.9958893353,40890.42827780966,8.384205382173148,0.00019770422156346347
2.773562614198418e+19,2.0,606828.7532056699,43344.91094326214,8.887474426809323,0.00020957158527551434
2.9400480643347137e+19,2.0,643254.1641972625,45946.72601409017,9.420952623028015,0.00022215129756748104
3.1165269449294365e+19,2.0,681866.0414017648,48704.717242983206,9.986453300794697,0.0002354861177675194
3.303599120128346e+19,2.0,722795.6293094946,51628.25923639247,10.58589863674519,0.0002496213718687522
3.50190046143172e+19,2.0,766182.0504727019,54727.2893194787,11.221326187799441,0.00026460510659551253
3.712105009066372e+19,2.0,812172.7783929234,58012.34131378024,11.894895816961002,0.0002804882527175438
3.934927263095861e+19,2.0,860924.1387938025,61494.581342414465,12.608897034843519,0.00029732479816727366
4.171124612056533e+19,2.0,912601.8409832348,65185.84578451678,13.365756781878584,0.00031517197154859927
4.421499907374468e+19,2.0,967381.5411109691,69098.68150792636,14.168047677657075,0.0003340904366609398
4.6869041923142115e+19,2.0,1025449.4392362734,73246.38851687667,15.018496765444945,0.00035414449869977763
4.9682395947343675e+19,2.0,1087002.9122349636,77643.06515964026,15.919994781594067,0.0003754023228345166
5.266462393484259e+19,2.0,1152251.1846974203,82303.65604981573,16.875605981360387,0.0003979361659067337
5.582586268862678e+19,2.0,1221416.040097619,87244.00286411564,17.88857855452205,0.0004218226220362419
5.917685748188806e+19,2.0,1294732.5746508196,92480.89818934425,18.962355666205827,0.000447142882969912
6.272899858196231e+19,2.0,1372449.9964221553,98032.14260158251,20.10058716044783,0.0004739830140581375
6.649435996665032e+19,2.0,1454832.4724023978,103916.60517159985,21.30714196627043,0.0005024342467970216
7.048574036451889e+19,2.0,1542160.0264301673,110154.28760215481,22.58612124844456,0.0005325932889306595
7.471670675868067e+19,2.0,1634729.4910126824,116766.3922151916,23.941872347637613,0.0005645626531675717
7.920164050192541e+19,2.0,1732855.5162803617,123775.39402002582,25.379003557330584,0.0005984510056286206
8.395578619995103e+19,2.0,1836871.6395047787,131205.11710748417,26.90239978773224,0.0006343735352108109
8.899530352885224e+19,2.0,1947131.4188153427,139080.81562966734,28.51723916993296,0.0006724523451224625
9.433732216299774e+19,2.0,2064009.634968283,147429.25964059166,30.229010656737064,0.000712816867920617
1e+20,2.0,2187903.5652528377,156278.8260894884,32.04353268,0.0007556043054614154
1e+18,2.101531698522466,23566.066567780435,1601.9653382441513,0.3367024982983028,7.939631997336085e-06
1.0600258488068824e+18,2.101531698522466,24980.639716550955,1698.1246674314611,0.35691335155405635,8.416215147190467e-06
1.1236548001387516e+18,2.101531698522466,26480.12381927585,1800.05604197394,0.3783373784315978,8.921405605141916e-06
1.191103133283008e+18,2.101531698522466,28069.615728039225,1908.1059337933825,0.40104740070732514,9.456920549141039e-06
1.2626001098748577e+18,2.101531698522466,29754.518237797794,2022.6416120827794,0.4251206113465762,1.0024580232202477e-05
1.3383887531737592e+18,2.101531698522466,31540.558450861477,2144.0523916801694,0.45063883688795525,1.0626314169573126e-05
1.418726674116599e+18,2.101531698522466,33433.807243717514,2272.750956377198,0.477688815577501,1.1264167697290354e-05
1.5038869469554132e+18,2.101531698522466,35440.69990236736,2409.174761660393,0.5063624921980948,1.1940308924423275e-05
1.5941590374560028e+18,2.101531698522466,37568.05799631696,2553.7875216531766,0.5367573305962539,1.2657036102628175e-05
1.689849786812462e+18,2.101531698522466,39823.11256557207,2707.080785312833,0.5689766449686104,1.3416785438067787e-05
1.7912844546220096e+18,2.101531698522466,42213.52869945257,2869.575607240038,0.6031299510341435,1.4222139372247627e-05
1.898807824465269e+18,2.101531698522466,44747.43159077089,3041.8243187801463,0.6393333382858213,1.507583535991657e-05
2.0127853758499466e+18,2.101531698522466,47433.434153934824,3224.412405436342,0.6777098645869655,1.5980775173868376e-05
2.133604526501402e+18,2.101531698522466,50280.66630084971,3417.960496976071,0.7183899744535895,1.694003476827164e-05
2.2616759492228552e+18,2.101531698522466,53298.80597413382,3623.1264769954532,0.7615119424445207,1.7956874734055242e-05
2.3974349678010685e+18,2.101531698522466,56498.11204312454,3840.6077191117956,0.807222343166331,1.9034751381885772e-05
2.541343036702629e+18,2.101531698522466,59889.45917449945,4071.143457385746,0.8556765494907705,2.0177328490411443e-05
2.693889309590164e+18,2.101531698522466,63484.3747960339,4315.517299029911,0.9070392606780984,2.138848975970368e-05
2.8555923019901005e+18,2.101531698522466,67295.0782791401,4574.559887944966,0.9614850622014683,2.267235201222721e-05
3.0270016537634555e+18,2.101531698522466,71334.52247337108,4849.15172813678,1.0191990191752496,2.4033279186209577e-05
3.208699997370444e+18,2.101531698522466,75616.43773406881,5140.226176611552,1.0803773054043861,2.547589716897459e-05
3.401304938279246e+18,2.101531698522466,80155.37859280905,5448.772615922016,1.1452278701929768,2.700510952065914e-05
3.6054711542504986e+18,2.101531698522466,84966.77322927944,5775.839817148431,1.2139711451786084,2.8626114141759527e-05
3.821892620633115e+18,2.101531698522466,90066.97591274884,6122.539504745356,1.2868407935950175,3.0344420941161342e-05
4.051304969235378e+18,2.101531698522466,95473.32259138064,6490.050135371365,1.3640845045098808,3.2165870564707895e-05
4.294487988789272e+18,2.101531698522466,101204.18981834153,6879.6209035462525,1.445964834737402,3.40966542479668e-05
4.5522682755073096e+18,2.101531698522466,107279.05721500034,7292.575987751187,1.5327601012874177,3.614333486067579e-05
4.825522042741279e+18,2.101531698522466,113718.57368353283,7730.319051404642,1.6247653273845182,3.8312869214399244e-05
5.115178099293145e+18,2.101531698522466,120544.62759399488,8194.33801401322,1.722293245272766,4.0612631709220635e-05
5.422221006501592e+18,2.101531698522466,127780.42118443397,8686.210108714866,1.8256753592146238,4.3050439399847904e-05
5.747694424835359e+18,2.101531698522466,135450.5494269306,9207.6072434054,1.935263072297292,4.5634578566333044e-05
6.092704661368687e+18,2.101531698522466,143581.08362764068,9760.301683671207,2.0514288808765517,4.837383287972154e-05
6.458424430196991e+18,2.101531698522466,152199.66004500174,10346.172076844814,2.1745676407181196,5.1277513258369105e-05
6.846096838574672e+18,2.101531698522466,161335.57382732196,10967.20983765949,2.3050979091402044,5.435548951640887e-05
7.257039612324231e+18,2.101531698522466,171019.8785890524,11625.525917208193,2.4434633677193154,5.7618223911944924e-05
7.692649574879161e+18,2.101531698522466,181285.4919642102,12323.357978215023,2.5901343303951903,6.107680670900442e-05
8.154407395185187e+18,2.101531698522466,192167.3074957352,13063.078001008447,2.7456093421010084,6.47429938741263e-05
8.643882620598297e+18,2.101531698522466,203702.3132410999,13847.200346049493,2.910416873352727,6.862924703571953e-05
9.162739011886769e+18,2.101531698522466,215929.7174973224,14678.390300420071,3.0851171165575972,7.274877584201581e-05
9.712740198471207e+18,2.101531698522466,228891.08207272948,15559.473137321495,3.270303890147609,7.711558286159443e-05
1.0295755673125085e+19,2.101531698522466,242630.46355846888,16493.44371937697,3.4666066570101406,8.174451117909845e-05
1.0913767146512693e+19,2.101531698522466,257194.56307997336,17483.476678381114,3.6746926640767628,8.665129484792751e-05
1.1568875283162786e+19,2.101531698522466,272632.88503736403,18532.937206096278,3.895269210342395,9.18526123713898e-05
1.2263306841775593e+19,2.101531698522466,288997.90537440096,19645.392492776857,4.129086051024512,9.736614339411203e-05
1.2999422244132422e+19,2.101531698522466,306345.2499479104,20824.62385230014,4.376937946033916,0.00010321062879639623
1.377972359833554e+19,2.101531698522466,324733.88360399037,22074.63957511851,4.639667361419654,0.00010940593439579197
1.460686320364986e+19,2.101531698522466,344226.31060367526,23399.688552720996,4.918167332970459,0.0001159731184724095
1.548365256585496e+19,2.101531698522466,364888.78707932244,24804.274719914767,5.213384501706291,0.000122934503347497
1.6413071953751267e+19,2.101531698522466,386791.54624387255,26293.172364016744,5.526322331577858,0.00013031375125858308
1.7398280529303622e+19,2.101531698522466,410009.0371184874,27871.44235299251,5.858044520311247,0.0001381359447890884
1.8442627085855328e+19,2.101531698522466,434620.17759001727,29544.44933770298,6.209678614991437,0.00014642767212579412
1.9549661430912594e+19,2.101531698522466,460708.62265845604,31317.87998673054,6.582419844674243,0.00015521711743396078
2.0723146452190294e+19,2.101531698522466,488363.0487861795,33197.76231576611,6.977535183054083,0.00016453415665729183
2.1967070907932353e+19,2.101531698522466,517677.455315487,35190.48617725912,7.39636765499679,0.00017441045906837035
2.3285662984981967e+19,2.101531698522466,548751.483978986,37302.82497997596,7.840340901575744,0.00018487959491474734
2.468340467068651e+19,2.101531698522466,581690.7575888609,39541.958712293585,8.310964019128145,0.0001959771495265776
2.6165046987488236e+19,2.101531698522466,616607.2390562509,41915.498347485714,8.809836688779772,0.00020774084427366377
2.773562614198418e+19,2.101531698522466,653619.6119610706,44431.511713957014,9.338654613873791,0.0002202106647830488
2.9400480643347137e+19,2.101531698522466,692853.6839658589,47098.550918360226,9.899215283785873,0.0002334289968529791
3.1165269449294365e+19,2.101531698522466,734442.8144448852,49925.681414808976,10.493424083717183,0.00024744077052521826
3.303599120128346e+19,2.101531698522466,778528.3677820549,52922.512818994874,11.123300771232891,0.00026229361280542357
3.50190046143172e+19,2.101531698522466,825260.1938784096,56099.231571948156,11.790986341560394,0.00027803800955069285
3.712105009066372e+19,2.101531698522466,874797.1375024935,59466.6355644682,12.498750304982913,0.00029472747707454924
3.934927263095861e+19,2.101531698522466,927307.5782149116,63036.17083991494,13.248998401064796,0.0003124187440526601
4.171124612056533e+19,2.101531698522466,982970.0027023163,66819.9705001165,14.044280775929737,0.00033117194434760115
4.421499907374468e+19,2.101531698522466,1041973.6114662178,70830.89594663624,14.88730065038698,0.0003510508214080887
4.6869041923142115e+19,2.101531698522466,1104518.9619288594,75082.58059758568,15.780923508369842,0.0003721229449374656
4.9682395947343675e+19,2.101531698522466,1170818.6501419262,79589.47622856627,16.728186836916088,0.00039445994056785044
5.266462393484259e+19,2.101531698522466,1241098.033415624,84366.90209528116,17.732310450802096,0.0004181377333207481
5.582586268862678e+19,2.101531698522466,1315595.9963239492,89431.09700475755,18.796707436918645,0.00044323680568151186
5.917685748188806e+19,2.101531698522466,1394565.76269023,94799.27451219875,19.924995755594324,0.0004698424711649958
6.272899858196231e+19,2.101531698522466,1478275.7563127286,100489.68143107014,21.121010538297405,0.0004980451643021978
6.649435996665032e+19,2.101531698522466,1567010.513356036,106521.65985530334,22.38881712351781,0.0005279407480336004
7.048574036451889e+19,2.101531698522466,1661071.649509541,112915.71290443595,23.732724875139034,0.0005596308395540578
7.471670675868067e+19,2.101531698522466,1760778.8852003997,119693.57441515898,25.15730183026947,0.0005932231557167984
7.920164050192541e+19,2.101531698522466,1866471.1323457896,126878.28281615864,26.667390226322336,0.0006288318791705967
8.395578619995103e+19,2.101531698522466,1978507.6463383886,134494.2594373582,28.268122960121687,0.0006665780464746385
8.899530352885224e+19,2.101531698522466,2097269.2471807576,142567.3915197387,29.964941034980317,0.0007065899595103123
9.433732216299774e+19,2.101531698522466,2223159.6139193536,151125.1202078942,31.763612055053194,0.0007490036215883395
1e+20,2.101531698522466,2356606.656778044,160196.53382441515,33.67024982983028,0.0007939631997336085
1e+18,2.2082177399473606,25383.179692971553,1642.1245341746983,0.35379548657279497,8.34269415850251e-06
1.0600258488068824e+18,2.2082177399473606,26906.826599459793,1740.6944531851411,0.375032360958371,8.843471456702843e-06
1.1236548001387516e+18,2.2082177399473606,28521.931704791965,1845.1811152510113,0.3975439967549464,9.37430833729087e-06
1.191103133283008e+18,2.2082177399473606,30233.984864984042,1955.9396778963833,0.4214069125982425,9.937009152214188e-06
1.2626001098748577e+18,2.2082177399473606,32048.805469319137,2073.3466172771737,0.44670222022003964,1.0533486561177602e-05
1.3383887531737592e+18,2.2082177399473606,33972.56222086168,2197.8010078501147,0.47351590015266654,1.1165768032908179e-05
1.418726674116599e+18,2.2082177399473606,36011.79410431352,2329.7258788549393,0.5019390939828853,1.1836002736664245e-05
1.5038869469554132e+18,2.2082177399473606,38173.43261248364,2469.569652220567,0.5320684141485655,1.25464688474131e-05
1.5941590374560028e+18,2.2082177399473606,40464.825306920284,2617.807666782824,0.564006272331165,1.3299581289508179e-05
1.689849786812462e+18,2.2082177399473606,42893.760792790395,2774.943793994628,0.5978612275602488,1.4097899945187039e-05
1.7912844546220096e+18,2.2082177399473606,45468.49519289702,2941.5121506205464,0.6337483552132775,1.4944138355791394e-05
1.898807824465269e+18,2.2082177399473606,48197.78021082231,3118.0789142373023,0.6717896381649201,1.584117294528526e-05
2.0127853758499466e+18,2.2082177399473606,51090.89287858448,3305.2442477112386,0.7121143814154379,1.679205279742263e-05
2.133604526501402e+18,2.2082177399473606,54157.66708992257,3503.6443391941425,0.7548596516074814,1.7800010019797762e-05
2.2616759492228552e+18,2.2082177399473606,57408.52702639574,3713.9535645716996,0.800170742925288,1.8868470730007135e-05
2.3974349678010685e+18,2.2082177399473606,60854.52258990799,3936.8867797144626,0.8482016709598121,2.000106670126363e-05
2.541343036702629e+18,2.2082177399473606,64507.366962104825,4173.201750323417,0.8991156962185909,2.1201647707050052e-05
2.693889309590164e+18,2.2082177399473606,68379.4764183022,4423.701727628948,0.9530858790597029,2.2474294606770225e-05
2.8555923019901005e+18,2.2082177399473606,72484.01253128101,4689.238178698348,1.0102956679361152,2.3823333216877548e-05
3.0270016537634555e+18,2.2082177399473606,76834.92690839984,4970.713680632355,1.0709395229498968,2.525334901462982e-05
3.208699997370444e+18,2.2082177399473606,81447.00861409133,5269.0849884882955,1.135223576835802,2.676920272444942e-05
3.401304938279246e+18,2.2082177399473606,86335.93443893362,5585.366287357907,1.203366335620956,2.8376046839868004e-05
3.6054711542504986e+18,2.2082177399473606,91518.32218616594,5920.632639653912,1.275599421342232,3.007934313721494e-05
3.821892620633115e+18,2.2082177399473606,97011.7871567723,6276.023639322871,1.3521683593458673,3.188488124057974e-05
4.051304969235378e+18,2.2082177399473606,102835.00202513018,6652.747285405286,1.4333334128454127,3.379879830115218e-05
4.294487988789272e+18,2.2082177399473606,109007.7603087461,7052.08408810942,1.5193704675747244,3.582759985783146e-05
4.5522682755073096e+18,2.2082177399473606,115551.04364781578,7475.391421355698,1.610571969543007,3.797818195001113e-05
4.825522042741279e+18,2.2082177399473606,122487.09312329705,7924.108136586261,1.7072479190793983,4.025785455770277e-05
5.115178099293145e+18,2.2082177399473606,129839.48485591059,8399.759453522374,1.8097269245459227,4.267436644867289e-05
5.422221006501592e+18,2.2082177399473606,137633.210143035,8903.962144493691,1.9183573193004608,4.5235931517050436e-05
5.747694424835359e+18,2.2082177399473606,145894.7604058867,9438.430029961273,2.0335083457063665,4.795125670293139e-05
6.092704661368687e+18,2.2082177399473606,154652.21723572677,10004.979803914068,2.15557141021327,5.082957158788155e-05
6.458424430196991e+18,2.2082177399473606,163935.34784516765,10605.537208939726,2.2849614137751706,5.388065976693434e-05
6.846096838574672e+18,2.2082177399473606,173775.70624902536,11242.143581959308,2.4221181621279997,5.7114892103719424e-05
7.257039612324231e+18,2.2082177399473606,184206.74051863857,11916.962792875262,2.5675078607202986,6.054326198175868e-05
7.692649574879161e+18,2.2082177399473606,195263.906474219,12632.288599717634,2.7216246993783777,6.41774226717512e-05
8.154407395185187e+18,2.2082177399473606,206984.78820168166,13390.55244528919,2.8849925320923404,6.802972694186113e-05
8.643882620598297e+18,2.2082177399473606,219409.22580360045,14194.33172181075,3.0581666576327007,7.211326904564678e-05
9.162739011886769e+18,2.2082177399473606,232579.45081852248,15046.358531658898,3.2417357070500104,7.644192923035082e-05
9.712740198471207e+18,2.2082177399473606,246540.22976894284,15949.528973974397,3.4363236444732657,8.103042091683825e-05
1.0295755673125085e+19,2.2082177399473606,261339.01632586532,16906.912988707038,3.6425918880079036,8.589434071154973e-05
1.0913767146512693e+19,2.2082177399473606,277026.1126071811,17921.764791558282,3.8612415579426425,9.105022142046805e-05
1.1568875283162786e+19,2.2082177399473606,293654.84015809814,18997.53393528887,4.093015859906559,9.651558824528624e-05
1.2263306841775593e+19,2.2082177399473606,311281.7211948373,20137.877034992136,4.338702611077482,0.00010230901835280511
1.2999422244132422e+19,2.2082177399473606,329966.6707276248,21346.670197186166,4.599136918028045,0.00010845020402003117
1.377972359833554e+19,2.2082177399473606,349773.2002160315,22628.022194972844,4.8752040153117475,0.0001149600195696131
1.460686320364986e+19,2.2082177399473606,370768.63344889856,23986.288434047066,5.167842274437557,0.00012186059232313496
1.548365256585496e+19,2.2082177399473606,393024.3353826364,25426.085757027446,5.47804639346076,0.00012917537781344056
1.6413071953751267e+19,2.2082177399473606,416615.95471574005,26952.308136429605,5.806870778031724,0.0001369292395116421
1.7398280529303622e+19,2.2082177399473606,441623.6810240421,28570.143309623432,6.15543312539496,0.00014514853333980927
1.8442627085855328e+19,2.2082177399473606,468132.51733073016,30285.09041231786,6.524918223520794,0.00015386119725660543
1.9549661430912594e+19,2.2082177399473606,496232.5690376098,32102.978670510412,6.916581978283125,0.00016309684622037632
2.0723146452190294e+19,2.2082177399473606,526019.3501997121,34029.98721443704,7.331755682371955,0.00017288687285248
2.1967070907932353e+19,2.2082177399473606,557594.1081842947,36072.66608187098,7.771850540451015,0.00018326455414301767
2.3285662984981967e+19,2.2082177399473606,591064.1678177736,38237.958482162525,8.238362465941815,0.00019426516456166716
2.468340467068651e+19,2.2082177399473606,626543.2961903691,40533.22439669666,8.732877165738733,0.0002059260959580899
2.6165046987488236e+19,2.2082177399473606,664152.0893584578,42966.26559598821,9.257075530138444,0.0002182869846594618
2.773562614198418e+19,2.2082177399473606,704018.3822590638,45545.35215844936,9.812739346304426,0.00023138984619714095
2.9400480643347137e+19,2.2082177399473606,746277.6832298122,48279.25058096865,10.401757354687039,0.00024527921812041826
3.1165269449294365e+19,2.2082177399473606,791073.6346113154,51177.25357685147,11.026131668985363,0.00026000231138278485
3.303599120128346e+19,2.2082177399473606,838558.5009976052,54249.21166240703,11.687984581472653,0.0002756091708152878
3.50190046143172e+19,2.2082177399473606,888893.6867942134,57505.56663954724,12.389565776817307,0.00029215284523243656
3.712105009066372e+19,2.2082177399473606,942250.2848431151,60957.387088206815,13.133259978919467,0.0003096895677488593
3.934927263095861e+19,2.2082177399473606,998809.65797935,64616.40598922612,13.921595056755566,0.0003282789469196211
4.171124612056533e+19,2.2082177399473606,1058764.0554960724,68495.06060557954,14.757250616783018,0.0003479841693539009
4.421499907374468e+19,2.2082177399473606,1122317.2666134322,72606.5347575077,15.64306711111118,0.00036887221449072365
4.6869041923142115e+19,2.2082177399473606,1189685.3131725334,76964.80363525415,16.58205549239879,0.000391014082266807
4.9682395947343675e+19,2.2082177399473606,1261097.1839087862,81584.68130171465,17.577407448292714,0.0004144850344503129
5.266462393484259e+19,2.2082177399473606,1336795.6128008803,86481.87104648906,18.632506250200898,0.00043936485046094275
5.582586268862678e+19,2.2082177399473606,1417037.9041405695,91673.01876246191,19.750938253268753,0.0004657380985457699
5.917685748188806e+19,2.2082177399473606,1502096.807128133,97175.76952636795,20.93650508665353,0.0004936944232326831
6.272899858196231e+19,2.2082177399473606,1592261.442966107,103008.82757565017,22.19323657552952,0.0005233288500384492
6.649435996665032e+19,2.2082177399473606,1687838.287602619,109192.01988548036,23.52540443874763,0.0005547421084671367
7.048574036451889e+19,2.2082177399473606,1789152.2134647213,115746.36356204432,24.93753680870866,0.0005880409743967965
7.471670675868067e+19,2.2082177399473606,1896547.5937226533,122694.13728116604,26.434433622804267,0.0006233386330181902
7.920164050192541e+19,2.2082177399473606,2010389.4728385063,130058.9570150962,28.021182938742285,0.0006607550635592289
8.395578619995103e+19,2.2082177399473606,2131064.8073780583,137865.85630486516,29.703178229213222,0.0007004174471028172
8.899530352885224e+19,2.2082177399473606,2258983.7813034016,146141.37135105237,31.486136714683855,0.0007424605988843134
9.433732216299774e+19,2.2082177399473606,2394581.2002171194,154913.63121220111,33.3761187966323,0.0007870274265380106
1e+20,2.2082177399473606,2538317.9692971553,164212.45341746983,35.3795486572795,0.000834269415850251
1e+18,2.3203197888695093,27340.40530151855,1683.290469127174,0.371756214913454,8.766218112585617e-06
1.0600258488068824e+18,2.3203197888695093,28981.53633646639,1784.3314083250682,0.3940711972628679,9.292417795619835e-06
1.1236548001387516e+18,2.3203197888695093,30721.177654790295,1891.4374156625604,0.4177256553689159,9.850203061270095e-06
1.191103133283008e+18,2.3203197888695093,32565.242419866114,2004.9725520028016,0.4427999924008464,1.0441469860942985e-05
1.2626001098748577e+18,2.3203197888695093,34519.99873772046,2125.3227312712706,0.4693794377963882,1.1068227952137565e-05
1.3383887531737592e+18,2.3203197888695093,36592.090962764654,2252.8970322043906,0.49755433696261375,1.1732607729752687e-05
1.418726674116599e+18,2.3203197888695093,38788.56228242325,2388.1290888369654,0.5274204583663402,1.2436867467449282e-05
1.5038869469554132e+18,2.3203197888695093,41116.87865742433,2531.478564454811,0.5590793190578949,1.318340099368163e-05
1.5941590374560028e+18,2.3203197888695093,43584.954199125816,2683.432714022639,0.5926385297347188,1.3974745828488863e-05
1.689849786812462e+18,2.3203197888695093,46201.17807013743,2844.508040398004,0.628212160517708,1.4813591808704346e-05
1.7912844546220096e+18,2.3203197888695093,48974.44299967536,3015.252049960897,0.6659211286835891,1.5702790230900508e-05
1.898807824465269e+18,2.3203197888695093,51914.17551057515,3196.2451136264913,0.7058936096712586,1.6645363543146732e-05
2.0127853758499466e+18,2.3203197888695093,55030.36796070689,3388.102439566772,0.7482654727591301,1.7644515618523253e-05
2.133604526501402e+18,2.3203197888695093,58333.612507702914,3591.476164346407,0.7931807428943735,1.8703642645311248e-05
2.2616759492228552e+18,2.3203197888695093,61835.13711244955,3807.057569580986,0.8407920902438817,1.9826344670876658e-05
2.3974349678010685e+18,2.3203197888695093,65546.84370371429,4035.579431651752,0.8912613491308836,2.101643783848384e-05
2.541343036702629e+18,2.3203197888695093,69481.3486336418,4277.818512464245,0.9447600681212323,2.2277967358635917e-05
2.693889309590164e+18,2.3203197888695093,73652.02556162306,4534.5981997167055,1.0014700931290572,2.3615221259030056e-05
2.8555923019901005e+18,2.3203197888695093,78073.0509123057,4806.791305652863,1.0615841855238366,2.5032744959865673e-05
3.0270016537634555e+18,2.3203197888695093,82759.4520622598,5095.3230338122185,1.1253066773398677,2.6535356724047815e-05
3.208699997370444e+18,2.3203197888695093,87727.15841908945,5401.174123862056,1.192854165815246,2.8128164034802206e-05
3.401304938279246e+18,2.3203197888695093,92993.05556661112,5725.384185200645,1.2644562496211318,2.9816580956370427e-05
3.6054711542504986e+18,2.3203197888695093,98575.04266014254,6069.055230662815,1.3403563092838073,3.160634653679569e-05
3.821892620633115e+18,2.3203197888695093,104492.09326699225,6433.355422339201,1.4208123344522283,3.3503544315351324e-05
4.051304969235378e+18,2.3203197888695093,110764.31985895139,6819.523042241471,1.5060978008230113,3.5514623000919285e-05
4.294487988789272e+18,2.3203197888695093,117413.04217600198,7228.870701310108,1.5965025997035915,3.764641839160589e-05
4.5522682755073096e+18,2.3203197888695093,124460.85969361475,7662.78980107145,1.692334023373194,3.990617661010107e-05
4.825522042741279e+18,2.3203197888695093,131931.7284399583,8122.755263109487,1.7939178095909363,4.2301578733759734e-05
5.115178099293145e+18,2.3203197888695093,139851.0424241259,8610.330542428204,1.9015992488014157,4.484076690312484e-05
5.422221006501592e+18,2.3203197888695093,148245.7199521614,9127.172941745283,2.0157443578012506,4.753237199763646e-05
5.747694424835359e+18,2.3203197888695093,157144.29512427727,9675.039244780754,2.136741123855955,5.0385542972599085e-05
6.092704661368687e+18,2.3203197888695093,166577.01482427126,10255.791687688617,2.2650008234959804,5.340997795712499e-05
6.458424430196991e+18,2.3203197888695093,176575.94153081474,10871.404288928694,2.400959420474614,5.66159572187583e-05
6.846096838574672e+18,2.3203197888695093,187175.06230007633,11523.969559094421,2.5450790476394833,6.0014378106828404e-05
7.257039612324231e+18,2.3203197888695093,198410.40429011954,12215.70561350374,2.697849577754656,6.361679209330797e-05
7.692649574879161e+18,2.3203197888695093,210320.15721975066,12948.9637117293,2.8597902886126683,6.743544403707975e-05
8.154407395185187e+18,2.3203197888695093,222944.8031780632,13726.236249695372,3.031451628096323,7.148331380507449e-05
8.643882620598297e+18,2.3203197888695093,236327.25422590974,14550.165231507131,3.2134170851898105,7.577416039175281e-05
9.162739011886769e+18,2.3203197888695093,250512.99825701988,15423.551249808737,3.4063051732988665,8.032256868689661e-05
9.712740198471207e+18,2.3203197888695093,265550.25361455453,16349.36300519496,3.610771532621406,8.514399905067671e-05
1.0295755673125085e+19,2.3203197888695093,281490.1329886488,17330.747397033487,3.827511158714702,9.025483986450523e-05
1.0913767146512693e+19,2.3203197888695093,298386.81715205463,18371.04021999809,4.057260764834367,9.567246323630142e-05
1.1568875283162786e+19,2.3203197888695093,316297.73912439076,19473.777502668854,4.30080128607441,0.00010141528404950565
1.2263306841775593e+19,2.3203197888695093,335283.7793910302,20642.707526742925,4.558960533820758,0.00010750282255656831
1.2999422244132422e+19,2.3203197888695093,355409.4728401563,21881.803567707884,4.832616009540427,0.00011395577072966199
1.377972359833554e+19,2.3203197888695093,376743.2281213933,23195.27740028502,5.12269788747082,0.00012079606259415244
1.460686320364986e+19,2.3203197888695093,399357.56017162494,24587.59361454823,5.4301921763474805,0.00012804694878389576
1.548365256585496e+19,2.3203197888695093,423329.3366983723,26063.484791380168,5.756144070917231,0.00013573307557178052
1.6413071953751267e+19,2.3203197888695093,448740.0394585466,27627.967588848034,6.10166150462874,0.00014388056864414532
1.7398280529303622e+19,2.3203197888695093,475676.0412206797,29286.359794177668,6.467918915576359,0.00015251712190382706
1.8442627085855328e+19,2.3203197888695093,504228.89935204864,31044.29839928694,6.856161238497921,0.00016167209160368706
1.9549661430912594e+19,2.3203197888695093,534495.6670286155,32907.75876131828,7.267708136395605,0.00017137659613058242
2.0723146452190294e+19,2.3203197888695093,566579.2231256089,34883.07491329853,7.703958486163437,0.00018166362177895491
2.1967070907932353e+19,2.3203197888695093,600588.6219100677,36976.96109396335,8.166395133468383,0.00019256813487356916
2.3285662984981967e+19,2.3203197888695093,636639.4637239752,39196.534569927564,8.656589933047217,0.00020412720062251336
2.468340467068651e+19,2.3203197888695093,674854.2879179652,41549.33982777577,9.176209091551488,0.00021638010910445248
2.6165046987488236e+19,2.3203197888695093,715362.9893712054,44043.37421830362,9.727018831101299,0.0002293685088183731
2.773562614198418e+19,2.3203197888695093,758303.2600132407,46687.11514007646,10.310891392798684,0.00024313654824976484
2.9400480643347137e+19,2.3203197888695093,803821.0568485617,49489.548854704204,10.929811400607003,0.0002577310259344325
3.1165269449294365e+19,2.3203197888695093,852071.0980747418,52460.20103177749,11.585882607227576,0.0002732015495300154
3.303599120128346e+19,2.3203197888695093,903217.3889804905,55609.169127289635,12.281335044903312,0.00028960070443591015
3.50190046143172e+19,2.3203197888695093,957433.7794111805,58947.15670560067,13.018532605455341,0.00030698423253474667
3.712105009066372e+19,2.3203197888695093,1014904.5546967181,62485.50982160666,13.799981075317874,0.0003254112216629742
3.934927263095861e+19,2.3203197888695093,1075825.0620503598,66236.25558677939,14.628336652882744,0.00034494430645457886
4.171124612056533e+19,2.3203197888695093,1140402.3745676496,70212.14305016544,15.506414977104859,0.0003656498812406163
4.421499907374468e+19,2.3203197888695093,1208855.995082447,74426.68653330125,16.4372006980572,0.0003875983257282169
4.6869041923142115e+19,2.3203197888695093,1281418.60227257,78894.21156634708,17.423857621967304,0.00041086424422618294
4.9682395947343675e+19,2.3203197888695093,1358336.8415508987,83629.90358156615,18.469739465216012,0.00043552671923025434
5.266462393484259e+19,2.3203197888695093,1439872.1634306514,88649.8595296874,19.578401253857578,0.00046166958023012713
5.582586268862678e+19,2.3203197888695093,1526301.7122139784,93971.14259456778,20.753611407402108,0.0004893816886517576
5.917685748188806e+19,2.3203197888695093,1617919.2680250201,99611.84019215927,21.999364547939617,0.0005187572399036248
6.272899858196231e+19,2.3203197888695093,1715036.245389232,105591.12545090917,23.319895078141734,0.0005498960835535555
6.649435996665032e+19,2.3203197888695093,1817982.7517532893,111929.322382574,24.71969157429463,0.0005829040627244379
7.048574036451889e+19,2.3203197888695093,1927108.7095435522,118647.97496496719,26.203512043286004,0.0006178933738624526
7.471670675868067e+19,2.3203197888695093,2042785.0455770402,125769.92037145709,27.776400095405613,0.0006549829481006947
7.920164050192541e+19,2.3203197888695093,2165404.951867808,133319.36659612783,29.443702087931907,0.0006942988555144732
8.395578619995103e+19,2.3203197888695093,2295385.2221142994,141321.9747384563,31.211085297776993,0.0007359747336423763
8.899530352885224e+19,2.3203197888695093,2433167.6684104847,149804.94622719692,33.08455718496006,0.000780152241729679
9.433732216299774e+19,2.3203197888695093,2579220.622996287,158797.1152799538,35.07048581238714,0.0008269815422380954
1e+20,2.3203197888695093,2734040.530151855,168329.0469127174,37.1756214913454,0.0008766218112585617
1e+18,2.4381127935091147,29448.547073016278,1725.4883807447834,0.390628734881677,9.21124261988023e-06
1.0600258488068824e+18,2.4381127935091147,31216.221107203513,1829.0622854054022,0.4140765562613083,9.764155276704672e-06
1.1236548001387516e+18,2.4381127935091147,33090.00127570672,1938.8533016075178,0.4389318530219241,1.0350256985071069e-05
1.191103133283008e+18,2.4381127935091147,35076.256689301845,2055.2346167485357,0.4652791100679429,1.0971539945969324e-05
1.2626001098748577e+18,2.4381127935091147,37181.738770045275,2178.601819116154,0.493207883581882,1.1630115943944748e-05
1.3383887531737592e+18,2.4381127935091147,39413.60419983302,2309.3742425208197,0.5228131054321307,1.2328223525202492e-05
1.418726674116599e+18,2.4381127935091147,41779.43924646649,2447.9963916408824,0.5541954058530564,1.3068235606583747e-05
1.5038869469554132e+18,2.4381127935091147,44287.285549911234,2594.939452925312,0.5874614554942608,1.385266754127726e-05
1.5941590374560028e+18,2.4381127935091147,46945.66745639743,2750.702896189621,0.6227243280016304,1.4684185668681978e-05
1.689849786812462e+18,2.4381127935091147,49763.62099327332,2915.8161723489525,0.6601038843626237,1.5565616377482472e-05
1.7912844546220096e+18,2.4381127935091147,52750.72458309855,3090.840513059034,0.6997271803222104,1.6499955712743166e-05
1.898807824465269e+18,2.4381127935091147,55917.13160137711,3276.370838382102,0.7417288982542974,1.7490379559676543e-05
2.0127853758499466e+18,2.4381127935091147,59273.60488859592,3473.0377789621048,0.7862518049566054,1.8540254438700674e-05
2.133604526501402e+18,2.4381127935091147,62831.55333387716,3681.509819582645,0.8334472369250622,1.965314894847909e-05
2.2616759492228552e+18,2.4381127935091147,66603.07065459804,3902.4955713939657,0.8834756147572399,2.0832845895839637e-05
2.3974349678010685e+18,2.4381127935091147,70600.97650378503,4136.746180531988,0.9365069884332256,2.208335515380039e-05
2.541343036702629e+18,2.4381127935091147,74838.86004501951,4385.05788131705,0.9927216153275071,2.34089272914111e-05
2.693889309590164e+18,2.4381127935091147,79331.12614296128,4648.274702710414,1.05231057291648,2.481406802173664e-05
2.8555923019901005e+18,2.4381127935091147,84093.04432649839,4927.291337228167,1.1154764082642485,2.6303553517093104e-05
3.0270016537634555e+18,2.4381127935091147,89140.80069095125,5223.056182064086,1.1824338264943626,2.7882446643593877e-05
3.208699997370444e+18,2.4381127935091147,94491.55291575073,5536.5745627585175,1.2534104205876568,2.9556114170188213e-05
3.401304938279246e+18,2.4381127935091147,100163.48858459911,5868.912150370692,1.3286474449868222,3.133024501068688e-05
3.6054711542504986e+18,2.4381127935091147,106175.88700634816,6221.198583769719,1.408400635637252,3.321086956078096e-05
3.821892620633115e+18,2.4381127935091147,112549.18474672784,6594.6313093566705,1.4929410792515307,3.520438019578149e-05
4.051304969235378e+18,2.4381127935091147,119305.04509367282,6990.479651269248,1.5825561347522672,3.731755299875348e-05
4.294487988789272e+18,2.4381127935091147,126466.4316923639,7410.089125903923,1.677550410025311,3.955757079289947e-05
4.5522682755073096e+18,2.4381127935091147,134057.68660027566,7854.886015420955,1.7782467973034137,4.1932047556481605e-05
4.825522042741279e+18,2.4381127935091147,142104.61302754423,8326.382215777909,1.8849875706996715,4.444905430326998e-05
5.115178099293145e+18,2.4381127935091147,150634.56304389614,8826.18037577051,1.9981355496213427,4.711714651648697e-05
5.422221006501592e+18,2.4381127935091147,159676.53055025986,9355.979344548783,2.1180753320185706,4.994539322949735e-05
5.747694424835359e+18,2.4381127935091147,169261.2498310773,9917.579946124983,2.2452146016599044,5.294340785209144e-05
6.092704661368687e+18,2.4381127935091147,179421.30002230147,10512.891100501249,2.3799855138781463,5.612138084714219e-05
6.458424430196991e+18,2.4381127935091147,190191.21585017443,11143.936312223157,2.5228461644967664,5.949011436870621e-05
6.846096838574672e+18,2.4381127935091147,201607.60501719418,11812.860548414192,2.6742821469298725,6.306105897930631e-05
7.257039612324231e+18,2.4381127935091147,213709.27263427395,12521.93752967009,2.83480820274843,6.684635257120005e-05
7.692649574879161e+18,2.4381127935091147,226537.35312204767,13273.577458595293,3.0049699713231175,7.085886162393047e-05
8.154407395185187e+18,2.4381127935091147,240135.45002966304,14070.335212251377,3.185345844490981,7.511222493839633e-05
8.643882620598297e+18,2.4381127935091147,254549.78424631624,14914.919026364132,3.3765489325500275,7.962089999609704e-05
9.162739011886769e+18,2.4381127935091147,269829.35110931017,15810.199700807558,3.5792291482643157,8.440021210113066e-05
9.712740198471207e+18,2.4381127935091147,286026.08694265684,16759.22035765485,3.794075415963216,8.946640647198194e-05
1.0295755673125085e+19,2.4381127935091147,303195.0455922985,17765.20678496452,4.0218180132437,9.483670346016342e-05
1.0913767146512693e+19,2.4381127935091147,321394.58555801766,18831.578401461804,4.263231053235463,0.00010052935708340635
1.1568875283162786e+19,2.4381127935091147,340686.5683580739,19961.959879382903,4.519135115865781,0.000106563717072348
1.2263306841775593e+19,2.4381127935091147,361136.5688008712,21160.193464991793,4.790400037068614,0.00011296029464163215
1.2999422244132422e+19,2.4381127935091147,382814.09787834855,22430.35203864577,5.077947865418178,0.00011974083220897165
1.377972359833554e+19,2.4381127935091147,405792.83903873735,23776.75295880267,5.382755996237002,0.00012692837729915768
1.460686320364986e+19,2.4381127935091147,430150.89864179236,25203.972737026357,5.705860493831464,0.00013454736088421986
1.548365256585496e+19,2.4381127935091147,455971.0714478091,26716.862593871887,6.048359613147355,0.00014262368042602106
1.6413071953751267e+19,2.4381127935091147,483341.1220428475,28320.56494852589,6.411417532815792,0.00015118478790355453
1.7398280529303622e+19,2.4381127935091147,512354.0831567403,30020.5308982516,6.796268312278387,0.00016025978312415385
1.8442627085855328e+19,2.4381127935091147,543108.5718878957,31822.538747052397,7.204220086442216,0.00016987951263578813
1.9549661430912594e+19,2.4381127935091147,575709.1249097603,33732.71364653412,7.636659512122502,0.0001800766745766508
2.0723146452190294e+19,2.4381127935091147,610266.5537983362,35757.54841572684,8.095056481386809,0.00019088592981843504
2.1967070907932353e+19,2.4381127935091147,646898.3216885325,37903.92561063403,8.580969117821706,0.00020234401978107755
2.3285662984981967e+19,2.4381127935091147,685728.9425396343,40179.14091852528,9.0960490727046,0.00021448989131943338
2.468340467068651e+19,2.4381127935091147,726890.4043670218,42590.9279564911,9.64204713908275,0.00022736482910637833
2.6165046987488236e+19,2.4381127935091147,770522.6178787302,45147.48455855225,10.220819202842163,0.00024101259596232043
2.773562614198418e+19,2.4381127935091147,816773.8920418019,47857.50064067497,10.834332550994448,0.0002554795816081089
2.9400480643347137e+19,2.4381127935091147,865801.438194912,50730.187738407396,11.484672558623924,0.00027081496034696284
3.1165269449294365e+19,2.4381127935091147,917771.9044207813,53775.310317537806,12.174049777224436,0.0002870708582113915
3.303599120128346e+19,2.4381127935091147,972861.9419947478,57003.218964201515,12.904807448519572,0.0003043025301432505
3.50190046143172e+19,2.4381127935091147,1031258.8058348945,60424.88556725229,13.679429469306337,0.000322568547809181
3.712105009066372e+19,2.4381127935091147,1093160.9909947058,64051.94061248535,14.50054883439533,0.0003419309986898305
3.934927263095861e+19,2.4381127935091147,1158778.9073617358,67896.7127154778,15.37095658634556,0.0003624556971195726
4.171124612056533e+19,2.4381127935091147,1228335.5948556361,71972.27052742141,16.293611302414696,0.00038421240799406533
4.421499907374468e+19,2.4381127935091147,1302067.4815565415,76292.46715638782,17.271649150971406,0.0004072750839060419
4.6869041923142115e+19,2.4381127935091147,1380225.1873408242,80871.98725502187,18.308394551553288,0.0004317221165153999
4.9682395947343675e+19,2.4381127935091147,1463074.3757555834,85726.39693470323,19.407371474801415,0.0004576366030079368
5.266462393484259e+19,2.4381127935091147,1550896.657027912,90872.19667586451,20.57231542068685,0.0004851066285485865
5.582586268862678e+19,2.4381127935091147,1643990.5452777687,96326.87741427924,21.807186115736496,0.0005142255656890605
5.917685748188806e+19,2.4381127935091147,1742672.4731885563,102108.97999398784,23.116180972423233,0.0005450923917477455
6.272899858196231e+19,2.4381127935091147,1847277.8675840888,108238.15818893196,24.503749356466447,0.0005778120252405777
6.649435996665032e+19,2.4381127935091147,1958162.2895679912,114735.24550751621,25.974607710539445,0.0006124956825064672
7.048574036451889e+19,2.4381127935091147,2075702.6431009385,121622.32600717092,27.533755585790367,0.0006492612557394686
7.471670675868067e+19,2.4381127935091147,2200298.4561237614,128922.80935961872,29.186492635668678,0.0006882337137126527
7.920164050192541e+19,2.4381127935091147,2332373.2385810628,136661.51042199772,30.93843662982051,0.0007295455265557675
8.395578619995103e+19,2.4381127935091147,2472375.9219613485,144864.73358430873,32.795542549283425,0.0007733371160305413
8.899530352885224e+19,2.4381127935091147,2620782.3852467774,153560.36217988978,34.764122827886396,0.0008197573328341412
9.433732216299774e+19,2.4381127935091147,2778097.072459341,162777.95326282995,36.85086880865699,0.0008689639625531764
1e+20,2.4381127935091147,2944854.7073016283,172548.83807447835,39.062873488167696,0.0009211242619880228
1e+18,2.5618856600662827,31719.24172841318,1768.744139345755,0.4104593343537865,9.678859174229718e-06
1.0600258488068824e+18,2.5618856600662827,33623.216136671865,1874.9145076321827,0.4350975042990805,1.0259840911645138e-05
1.1236548001387516e+18,2.5618856600662827,35641.47822489286,1987.4578423931423,0.46121460130838904,1.0875696570990216e-05
1.191103133283008e+18,2.5618856600662827,37780.88820807407,2106.756686350686,0.48889939923405296,1.1528519489030005e-05
1.2626001098748577e+18,2.5618856600662827,40048.71809144165,2233.2165446784607,0.5182460006542519,1.2220528656845717e-05
1.3383887531737592e+18,2.5618856600662827,42452.67638850799,2367.2672633423585,0.5493541567342956,1.2954076262341714e-05
1.418726674116599e+18,2.5618856600662827,45000.934322852074,2509.364490177229,0.5823296062878607,1.373165568549786e-05
1.5038869469554132e+18,2.5618856600662827,47702.15360268404,2659.991223665967,0.6172844351906672,1.4555909973543723e-05
1.5941590374560028e+18,2.5618856600662827,50565.51586260142,2819.6594546853744,0.6543374573682639,1.5429640824862248e-05
1.689849786812462e+18,2.5618856600662827,53600.75387261195,2988.9119067992156,0.6936146186529313,1.635581811215993e-05
1.7912844546220096e+18,2.5618856600662827,56818.18462050428,3168.3238810138364,0.7352494248824356,1.7337589977273314e-05
1.898807824465269e+18,2.5618856600662827,60228.7443800162,3358.5052112668072,0.7793833956957757,1.837829353192484e-05
2.0127853758499466e+18,2.5618856600662827,63844.025883999435,3560.1023372954355,0.8261665455684052,1.948146620080067e-05
2.133604526501402e+18,2.5618856600662827,67676.31772893452,3773.8005019309294,0.8757578937219914,2.065085774550615e-05
2.2616759492228552e+18,2.5618856600662827,71738.64614473809,4000.3260802871723,0.9283260046419816,2.189044301027034e-05
2.3974349678010685e+18,2.5618856600662827,76044.81927183254,4240.449048760718,0.9840495610401182,2.32044354327205e-05
2.541343036702629e+18,2.5618856600662827,80609.47409599028,4494.985602234918,1.0431179712095915,2.459730136565405e-05
2.693889309590164e+18,2.5618856600662827,85448.1262004785,4764.800928383785,1.1057320128371604,2.6073775258486123e-05
2.8555923019901005e+18,2.5618856600662827,90577.22250461983,5050.812148505843,1.1721045154606535,2.763887574997664e-05
3.0270016537634555e+18,2.5618856600662827,96014.1971680295,5353.991434884019,1.242461083891559,2.9297922726936953e-05
3.208699997370444e+18,2.5618856600662827,101777.53085055183,5675.3693152677115,1.317040865061669,3.1056555406899795e-05
3.401304938279246e+18,2.5618856600662827,107886.81352932486,6016.03817570919,1.396097360900346,3.292075150621692e-05
3.6054711542504986e+18,2.5618856600662827,114362.81108649244,6377.155973660743,1.479899290005438,3.489684755873805e-05
3.821892620633115e+18,2.5618856600662827,121227.53589390029,6759.950173953611,1.568731501036717,3.699156045413568e-05
4.051304969235378e+18,2.5618856600662827,128504.32163469846,7165.721921037408,1.662895940936541,3.9212010269086285e-05
4.294487988789272e+18,2.5618856600662827,136217.90261617384,7595.850461661762,1.7627126812687761,4.156574446891238e-05
4.5522682755073096e+18,2.5618856600662827,144394.49784340293,8051.79783303316,1.86852100616459,4.406076356194882e-05
4.825522042741279e+18,2.5618856600662827,153061.90013949678,8535.113832382393,1.9806805655731092,4.670554829383415e-05
5.115178099293145e+18,2.5618856600662827,162249.57061536433,9047.441284834507,2.0995725977369313,4.950908847416239e-05
5.422221006501592e+18,2.5618856600662827,171988.7388101038,9590.52162748713,2.225601225047762,5.248091353347903e-05
5.747694424835359e+18,2.5618856600662827,182312.50884240548,10166.200828677811,2.3591948276868915,5.5631124914486717e-05
6.092704661368687e+18,2.5618856600662827,193255.9719337831,10776.435662560425,2.500807499719603,5.897043040756047e-05
6.458424430196991e+18,2.5618856600662827,204856.32568610748,11423.300360318373,2.65092059259289,6.251018054728148e-05
6.846096838574672e+18,2.5618856600662827,217153.00051887525,12108.993660622451,2.810044351282922,6.626240719370353e-05
7.257039612324231e+18,2.5618856600662827,230187.79369598217,12835.846283298473,2.978719648653665,7.023986442949286e-05
7.692649574879161e+18,2.5618856600662827,244005.011397567,13606.32885160813,3.15751982392184,7.445607191195352e-05
8.154407395185187e+18,2.5618856600662827,258651.61931983897,14423.06029007148,3.3470526314773057,7.89253608272948e-05
8.643882620598297e+18,2.5618856600662827,274177.4023147869,15288.816726375862,3.547962306683041,8.366292260334264e-05
9.162739011886769e+18,2.5618856600662827,290635.1336123981,16206.540927629434,3.7609317556765145,8.868486054627278e-05
9.712740198471207e+18,2.5618856600662827,308080.754200584,17179.352303033873,3.986684876615756,9.40082445768828e-05
1.0295755673125085e+19,2.5618856600662827,326573.5629725359,18210.5575069758,4.225989020260144,9.96511692524544e-05
1.0913767146512693e+19,2.5618856600662827,346176.4182878502,19303.661678578566,4.479657598249824,0.00010563281527143128
1.1568875283162786e+19,2.5618856600662827,366955.9516325048,20462.380355916135,4.748552847948971,0.00011197351466995956
1.2263306841775593e+19,2.5618856600662827,388982.7941039832,21690.65210538928,5.033588763251446,0.00011869481993191376
1.2999422244132422e+19,2.5618856600662827,412331.81649134756,22992.65190919006,5.3357342013104,0.00012581957724730697
1.377972359833554e+19,2.5618856600662827,437082.3837663244,24372.80535636038,5.65601617575197,0.00013337200416809969
1.460686320364986e+19,2.5618856600662827,463318.6248504336,25835.803685680847,5.995523347566939,0.00014137777192536492
1.548365256585496e+19,2.5618856600662827,491129.71857511834,27386.61973152182,6.355409725546124,0.00014986409268761075
1.6413071953751267e+19,2.5618856600662827,520610.1968068752,29030.52482685773,6.736898588837548,0.00015885981205685792
1.7398280529303622e+19,2.5618856600662827,551860.2657677259,30773.106720899137,7.141286644958409,0.00016839550711687264
1.8442627085855328e+19,2.5618856600662827,584986.1466432253,32620.288572245885,7.569948437395292,0.00017850359036682834
1.9549661430912594e+19,2.5618856600662827,620100.4366357523,34578.349082120396,8.024341017774276,0.00018921841989367322
2.0723146452190294e+19,2.5618856600662827,657322.4916903318,36653.94383611535,8.506008898482062,0.00020057641615768806
2.1967070907932353e+19,2.5618856600662827,696778.832193899,38854.12792699798,9.016589302572342,0.00021261618578819578
2.3285662984981967e+19,2.5618856600662827,738603.5730270061,41186.37993546722,9.557817728802302,0.00022537865281021402
2.468340467068651e+19,2.5618856600662827,782938.8794297483,43658.627350376395,10.131533850715131,0.00023890719774809883
2.6165046987488236e+19,2.5618856600662827,829935.4502314283,46279.27351482611,10.739687769819968,0.0002532478050790021
2.773562614198418e+19,2.5618856600662827,879753.0300864921,49057.226189719426,11.384346644124307,0.00026844921953734916
2.9400480643347137e+19,2.5618856600662827,932560.9524578605,52001.92783186856,12.067701714549653,0.0002845631118016237
3.1165269449294365e+19,2.5618856600662827,988538.7151932982,55123.38768957071,12.792075753113762,0.0003016442541266439
3.303599120128346e+19,2.5618856600662827,1047876.590651241,58432.21582474805,13.55993095819636,0.0003197507065183147
3.50190046143172e+19,2.5618856600662827,1110776.2724499437,61939.65917729549,14.373877323724816,0.00033894401408367686
3.712105009066372e+19,2.5618856600662827,1177451.5610382967,65657.63979422166,15.2366815107274,0.00035928941622706155
3.934927263095861e+19,2.5618856600662827,1248129.090418609,69598.79535352637,16.151276251408945,0.0003808560684034202
4.171124612056533e+19,2.5618856600662827,1323049.098491548,73776.52212055828,17.120770317714207,0.0004037172771825875
4.421499907374468e+19,2.5618856600662827,1402466.2436416722,78205.02048286388,18.14845908826253,0.0004279507494234722
4.6869041923142115e+19,2.5618856600662827,1486650.4703392761,82899.3432183081,19.23783574957263,0.00045363885640516133
4.9682395947343675e+19,2.5618856600662827,1575887.9267005294,87875.4466605194,20.392603169647945,0.00048086891381266065
5.266462393484259e+19,2.5618856600662827,1670481.9371252465,93150.244935601,21.616686484287985,0.0005097334785291092
5.582586268862678e+19,2.5618856600662827,1770754.0333177547,98741.66745442945,22.91424643889963,0.0005403306632431038
5.917685748188806e+19,2.5618856600662827,1877045.0471958632,104668.71985598849,24.289693531164662,0.0005727644699406567
6.272899858196231e+19,2.5618856600662827,1989716.26940255,110951.54860887399,25.747703002631866,0.0006071451434152688
6.649435996665032e+19,2.5618856600662827,2109150.677358302,117611.50949055974,27.29323073019236,0.0006435895459977467
7.048574036451889e+19,2.5618856600662827,2235754.2370283445,124671.24017718929,28.931530071454244,0.0006822215547794975
7.471670675868067e+19,2.5618856600662827,2369957.2828295548,132154.73719063177,30.66816972127513,0.000723172482679488
7.920164050192541e+19,2.5618856600662827,2512215.9803674514,140087.43746434993,32.509052640148205,0.0007665815247861048
8.395578619995103e+19,2.5618856600662827,2663013.8769752216,148496.30480532857,34.46043611878071,0.0008125962314910647
8.899530352885224e+19,2.5618856600662827,2822863.545325166,157409.92154595398,36.52895304706588,0.0008613730100235899
9.433732216299774e+19,2.5618856600662827,2992308.3256993154,166858.58569737466,38.721634459742766,0.0009130776560895952
1e+20,2.5618856600662827,3171924.172841318,176874.41393457548,41.04593343537865,0.0009678859174229717
1e+18,2.6919419613097215,34165.02326348747,1813.0842637836822,0.43129665104945675,1.0170214680089363e-05
1.0600258488068824e+18,2.6919419613097215,36215.807784385186,1921.9161856756991,0.4571855986162661,1.0780690448809942e-05
1.1236548001387516e+18,2.6919419613097215,38389.69238686981,2037.280836056569,0.4846285522354902,1.142781054372401e-05
1.191103133283008e+18,2.6919419613097215,40694.06625782678,2159.5703474988595,0.513718792439476,1.2113774571615283e-05
1.2626001098748577e+18,2.6919419613097215,43136.76212635634,2289.200390665653,0.5445551990037022,1.2840914172531718e-05
1.3383887531737592e+18,2.6919419613097215,45726.082887771474,2426.6115872044056,0.5772425870461003,1.3611700945194264e-05
1.418726674116599e+18,2.6919419613097215,48470.829825723806,2572.271007450966,0.6118920633010231,1.442875484813499e-05
1.5038869469554132e+18,2.6919419613097215,51380.33252838683,2726.673758034545,0.6486214037788617,1.5294853105120715e-05
1.5941590374560028e+18,2.6919419613097215,54464.48060038312,2890.34466478002,0.6875554540949994,1.6212939645132167e-05
1.689849786812462e+18,2.6919419613097215,57733.757278247096,3063.840056627885,0.7288265538288532,1.7186135108985978e-05
1.7912844546220096e+18,2.6919419613097215,61199.275063684414,3247.7496566355007,0.7725749863554253,1.821774745661263e-05
1.898807824465269e+18,2.6919419613097215,64872.81349574794,3442.6985864873077,0.8189494556783753,1.9311283211045224e-05
2.0127853758499466e+18,2.6919419613097215,68766.85919032079,3649.3494913274626,0.8681075918854041,2.0470459377338312e-05
2.133604526501402e+18,2.6919419613097215,72894.64828300256,3868.4047921373262,0.9202164869440165,2.169921607692967e-05
2.2616759492228552e+18,2.6919419613097215,77270.21141966894,4100.609073313981,0.9754532626589186,2.3001729940391326e-05
2.3974349678010685e+18,2.6919419613097215,81908.42144762183,4346.751613564857,1.034005672721463,2.4382428304089997e-05
2.541343036702629e+18,2.6919419613097215,86825.0439694472,4607.669068721773,1.0960727408977005,2.5846004259015954e-05
2.693889309590164e+18,2.6919419613097215,92036.79093140815,4884.248315593014,1.1618654375241708,2.739743260292968e-05
2.8555923019901005e+18,2.6919419613097215,97561.37742852751,5177.429466520071,1.2316073966109393,2.9041986750049897e-05
3.0270016537634555e+18,2.6919419613097215,103417.5819194435,5488.209064885704,1.3055356759893455,3.0785256655759875e-05
3.208699997370444e+18,2.6919419613097215,109625.31005571339,5817.643472435094,1.383901563088273,3.2633167817259584e-05
3.401304938279246e+18,2.6919419613097215,116205.66234252523,6166.852459923829,1.4669714290778177,3.459200141474802e-05
3.6054711542504986e+18,2.6919419613097215,123181.00586080129,6537.0230132975685,1.5550276342836595,3.6668415661597164e-05
3.821892620633115e+18,2.6919419613097215,130575.05029448147,6929.413368340879,1.6483694879496944,3.886946843608811e-05
4.051304969235378e+18,2.6919419613097215,138412.92852140908,7345.3572875093,1.747314265611241,4.1202641271636625e-05
4.294487988789272e+18,2.6919419613097215,146721.28204175297,7786.268593481863,1.8521982875369298,4.367586478705209e-05
4.5522682755073096e+18,2.6919419613097215,155528.35153434318,8253.645974843983,1.9633780619049883,4.629754564326953e-05
4.825522042741279e+18,2.6919419613097215,164864.07284872734,8749.078080235502,2.081231496599647,4.907659511818216e-05
5.115178099293145e+18,2.6919419613097215,174760.17875923187,9274.248918279327,2.2061591837466588,5.202245939670274e-05
5.422221006501592e+18,2.6919419613097215,185250.30682689734,9830.943581645355,2.3385857613541514,5.5145151679011414e-05
5.747694424835359e+18,2.6919419613097215,196370.11373591723,10421.05431470619,2.4789613566871234,5.845528621612834e-05
6.092704661368687e+18,2.6919419613097215,208157.3964932197,11046.586945409055,2.627763116281729,6.196411438850071e-05
6.458424430196991e+18,2.6919419613097215,220652.22090315598,11709.66770322626,2.7854968277999586,6.568356295023722e-05
6.846096838574672e+18,2.6919419613097215,233897.05775399168,12412.550446358955,2.9526986392375294,6.962627456898551e-05
7.257039612324231e+18,2.6919419613097215,247936.92717910744,13157.624322759897,3.129936881328689,7.380565079924991e-05
7.692649574879161e+18,2.6919419613097215,262819.5516836035,13947.421891015641,3.31781399934241,7.823589763521925e-05
8.154407395185187e+18,2.6919419613097215,278595.51835645613,14784.627728691548,3.5169686008362953,8.293207379794165e-05
8.643882620598297e+18,2.6919419613097215,295318.45081959583,15672.08755740003,3.7280776263286475,8.79101419209781e-05
9.162739011886769e+18,2.6919419613097215,313045.1914983756,16612.817915608746,3.9518586502669724,9.318702280851833e-05
9.712740198471207e+18,2.6919419613097215,331835.99483297864,17610.016412067343,4.189072320114068,9.878065295038595e-05
1.0295755673125085e+19,2.6919419613097215,351754.7320875016,18667.072594704667,4.440524941842294,0.00010471004548943006
1.0913767146512693e+19,2.6919419613097215,372869.1084528914,19787.579471941506,4.707071220624511,0.0001109953548485404
1.1568875283162786e+19,2.6919419613097215,395250.89318164164,20975.345725578438,4.989617166036945,0.00011765794523694514
1.2263306841775593e+19,2.6919419613097215,418976.1635365481,22234.408656774096,5.289123171649703,0.00012472046326866644
1.2999422244132422e+19,2.6919419613097215,444125.5633826806,23569.047909116052,5.606607279472127,0.00013220691493995575
1.377972359833554e+19,2.6919419613097215,470784.57730156096,24983.800015430825,5.943148640349287,0.00014014274722736592
1.460686320364986e+19,2.6919419613097215,499043.82115927653,26483.473817778464,6.299891182071724,0.00014855493458381695
1.548365256585496e+19,2.6919419613097215,528999.3501161921,28073.166813045464,6.678047497666572,0.00015747207062666145
1.6413071953751267e+19,2.6919419613097215,560752.9851252057,29758.28247969572,7.078902967086686,0.00016692446532940412
1.7398280529303622e+19,2.6919419613097215,594412.6590283393,31544.54864457443,7.503820126307621,0.0001769442480474366
1.8442627085855328e+19,2.6919419613097215,630092.7834280713,33438.036952195005,7.954243298683404,0.00018756547672797955
1.9549661430912594e+19,2.6919419613097215,667914.6375804325,35445.183502686414,8.431703504303332,0.00019882425367544407
2.0723146452190294e+19,2.6919419613097215,708006.7806317391,37572.81072855087,8.937823664037104,0.0002107588482657075
2.1967070907932353e+19,2.6919419613097215,750505.4886001875,39828.15058459247,9.474324115957172,0.00022340982702641755
2.3285662984981967e+19,2.6919419613097215,795555.217587638,42218.86912984097,10.04302846288902,0.0002368201915254771
2.468340467068651e+19,2.6919419613097215,843309.0947960798,44753.09258502635,10.64586977096561,0.0002510355245364023
2.6165046987488236e+19,2.6919419613097215,893929.4390177781,47439.43495417556,11.284897140255351,0.00026610414497738077
2.773562614198418e+19,2.6919419613097215,947588.3123682805,50287.027304218835,11.962282669797538,0.00028207727215067774
2.9400480643347137e+19,2.6919419613097215,1004468.1051376677,53305.54880212944,12.680328840719996,0.00029900919984065215
3.1165269449294365e+19,2.6919419613097215,1064762.155747997,56505.25961509396,13.441476342534607,0.00031695748086215406
3.303599120128346e+19,2.6919419613097215,1128675.4079242167,59897.03578554323,14.248312369212876,0.00033598312268659606
3.50190046143172e+19,2.6919419613097215,1196425.1073123221,63492.40619958667,15.10357941324048,0.0003561507948106459
3.712105009066372e+19,2.6919419613097215,1268241.5399126096,67303.59177450823,16.010184587542398,0.0003775290485724008
3.934927263095861e+19,2.6919419613097215,1344368.8148380115,71343.546998525,16.971209506964495,0.00040019055016221383
4.171124612056533e+19,2.6919419613097215,1425065.694058166,75626.00396400517,17.989920762899473,0.00042421232762019403
4.421499907374468e+19,2.6919419613097215,1510606.4719495638,80165.51904381657,19.069781026660916,0.0004496760326599358
4.6869041923142115e+19,2.6919419613097215,1601281.9076415196,84977.52236946666,20.214460819347785,0.00047666821820846375
4.9682395947343675e+19,2.6919419613097215,1697400.2133267922,90078.370279199,21.42785098820243,0.0005052806326056869
5.266462393484259e+19,2.6919419613097215,1799288.101896716,95485.40091434857,22.71407593187667,0.0005356105314635217
5.582586268862678e+19,2.6919419613097215,1907291.8974611908,101216.99315289782,24.077507619551554,0.0005677610082445251
5.917685748188806e+19,2.6919419613097215,2021778.712528788,107292.62908058091,25.52278045156931,0.000601841344683854
6.272899858196231e+19,2.6919419613097215,2143137.695848014,113732.96021186477,27.054807012086464,0.0006379673822455779
6.649435996665032e+19,2.6919419613097215,2271781.3551513175,120559.87768590135,28.678794767293347,0.0006762619158759734
7.048574036451889e+19,2.6919419613097215,2408146.9592979252,127796.5866760515,30.400263765958513,0.0007168551113921974
7.471670675868067e+19,2.6919419613097215,2552698.0245814966,135467.68526590383,32.22506540246329,0.0007598849479250663
7.920164050192541e+19,2.6919419613097215,2705925.8902546526,143599.24805989332,34.159402306103445,0.000805497686919842
8.395578619995103e+19,2.6919419613097215,2868351.388625707,152218.91481271846,36.209849424263076,0.0008538483692891859
8.899530352885224e+19,2.6919419613097215,3040526.615404365,161355.9843788144,38.38337637112387,0.0009051013424081417
9.433732216299774e+19,2.6919419613097215,3223036.8063139296,171041.5143012228,40.68737111787461,0.000959430818742439
1e+20,2.6919419613097215,3416502.326348746,181308.42637836823,43.12966510494567,0.0010170214680089362
1e+18,2.828600681137559,36799.392135186295,1858.5359377054708,0.4531917918235083,1.0686514265493163e-05
1.0600258488068824e+18,2.828600681137559,39008.30688367815,1970.0961349043369,0.4803950138000263,1.1327981355066247e-05
1.1236548001387516e+18,2.828600681137559,41349.81361489029,2088.352827633128,0.509231132265967,1.2007953051172639e-05
1.191103133283008e+18,2.828600681137559,43831.87127513046,2213.7079787200596,0.5397981632191213,1.2728740625502468e-05
1.2626001098748577e+18,2.828600681137559,46462.91655321418,2346.587679153299,0.5722000061507452,1.3492794085790901e-05
1.3383887531737592e+18,2.828600681137559,49251.89255736421,2487.4435963942487,0.606546797207247,1.4302710503566984e-05
1.418726674116599e+18,2.828600681137559,52208.27921346537,2636.754509627057,0.642955283550708,1.5161242841782705e-05
1.5038869469554132e+18,2.828600681137559,55342.12548800035,2795.0279371627967,0.6815492201907091,1.6071309312327984e-05
1.5941590374560028e+18,2.828600681137559,58664.08354519457,2962.801861529943,0.7224597906363251,1.7036003295238422e-05
1.689849786812462e+18,2.828600681137559,62185.44495447275,3140.6465581148896,0.7658260527981132,1.8058603853311957e-05
1.7912844546220096e+18,2.828600681137559,65918.17907129865,3329.1665335681496,0.8117954116557443,1.9142586877874244e-05
1.898807824465269e+18,2.828600681137559,69874.97372185742,3529.002580565044,0.8605241202979129,2.0291636903578135e-05
2.0127853758499466e+18,2.828600681137559,74069.2783298705,3740.833955905139,0.9121778110375909,2.1509659632396472e-05
2.133604526501402e+18,2.828600681137559,78515.34963213357,3965.380689353921,0.9669320584079185,2.2800795209378023e-05
2.2616759492228552e+18,2.828600681137559,83228.30013817151,4203.40603107481,1.0249729759524397,2.4169432295292833e-05
2.3974349678010685e+18,2.828600681137559,88224.14949871924,4455.719045970044,1.0864978488381012,2.5620222983998262e-05
2.541343036702629e+18,2.828600681137559,93519.87895764517,4723.177363749389,1.1517158044414602,2.715809861523436e-05
2.693889309590164e+18,2.828600681137559,99133.48907239469,5006.690094073899,1.22084852318736,2.8788286536594815e-05
2.8555923019901005e+18,2.828600681137559,105084.06089915303,5307.220916683696,1.2941309920563104,3.0516327871649668e-05
3.0270016537634555e+18,2.828600681137559,111391.82085069879,5625.791357013275,1.371812303321783,3.234809635461456e-05
3.208699997370444e+18,2.828600681137559,118078.20944740617,5963.48425842842,1.4541565012323978,3.428981829558712e-05
3.401304938279246e+18,2.828600681137559,125165.95419508356,6321.447462887067,1.5414434795169187,3.63480937442135e-05
3.6054711542504986e+18,2.828600681137559,132679.14683736683,6700.897712534977,1.6339699327627561,3.852991892372206e-05
3.821892620633115e+18,2.828600681137559,140643.32524525278,7103.1247854979865,1.7320503649017653,4.0842710011578834e-05
4.051304969235378e+18,2.828600681137559,149085.5602221215,7529.495879928707,1.8360181582312642,4.329432834759721e-05
4.294487988789272e+18,2.828600681137559,158034.5475193039,7981.460261209351,1.9462267066039445,4.58931071551856e-05
4.5522682755073096e+18,2.828600681137559,167520.70537496172,8460.554188106844,2.0630506166384697,4.8647879866560826e-05
4.825522042741279e+18,2.828600681137559,177576.27790782147,8968.406134624582,2.186886981033756,5.156801014820638e-05
5.115178099293145e+18,2.828600681137559,188235.44471720528,9506.742325300273,2.3181567283150275,5.466342372863439e-05
5.422221006501592e+18,2.828600681137559,199534.43706189655,10077.392602764738,2.457306053599523,5.794464213663596e-05
5.747694424835359e+18,2.828600681137559,211511.66101274037,10682.29664750589,2.604807935245125,6.142281846469859e-05
6.092704661368687e+18,2.828600681137559,224207.82799758366,11323.510570979344,2.7611637425371165,6.510977527915316e-05
6.458424430196991e+18,2.828600681137559,237666.09318228613,12003.213904476086,2.9269049398776947,6.90180448059097e-05
6.846096838574672e+18,2.828600681137559,251932.20215816848,12723.717007502837,3.102594893270911,7.316091152837588e-05
7.257039612324231e+18,2.828600681137559,267054.64643449965,13487.468920856762,3.2888307852433964,7.755245734235187e-05
7.692649574879161e+18,2.828600681137559,283084.8282645523,14297.065691087633,3.486245644709836,8.220760942138607e-05
8.154407395185187e+18,2.828600681137559,300077.2353654827,15155.259194642927,3.6955104986828418,8.714219095528945e-05
8.643882620598297e+18,2.828600681137559,318089.6261259184,16064.966491689678,3.9173366531410245,9.237297493427212e-05
9.162739011886769e+18,2.828600681137559,337183.2259307906,17029.279741407478,4.152478110808127,9.791774116151868e-05
9.712740198471207e+18,2.828600681137559,357422.935270729,18051.476712455304,4.401734134061384,0.00010379533668799144
1.0295755673125085e+19,2.828600681137559,378877.5503433989,19135.03192433795,4.665951961680608,0.00011002573987488338
1.0913767146512693e+19,2.828600681137559,401619.99689663376,20283.628457543127,4.946029688672625,0.00011663012830147852
1.1568875283162786e+19,2.828600681137559,425727.5781081717,21501.17047259059,5.24291931895924,0.00012363095074923038
1.2263306841775593e+19,2.828600681137559,451282.2373446129,22791.796480549317,5.557630001305769,0.00013105200350675477
1.2999422244132422e+19,2.828600681137559,478370.83669269236,24159.893410128007,5.8912314594887425,0.00013891851125509024
1.377972359833554e+19,2.828600681137559,507085.45220962976,25610.111519154747,6.244857628362364,0.00014725721280816552
1.460686320364986e+19,2.828600681137559,537523.6868961345,27147.380201130927,6.6197105081829495,0.00015609645199991137
1.548365256585496e+19,2.828600681137559,569789.0024558799,28776.924740586965,7.017064250292471,0.00016546627402694883
1.6413071953751267e+19,2.828600681137559,603991.0709691211,30504.284074192474,7.438269488048706,0.00017539852757432866
1.7398280529303622e+19,2.828600681137559,640246.1476758204,32335.32961799214,7.8847579277231645,0.00018592697307145509
1.8442627085855328e+19,2.828600681137559,678677.4661353981,34276.28522476245,8.358047214971544,0.00019708739744616358
1.9549661430912594e+19,2.828600681137559,719415.6571062796,36333.74833932561,8.85974609341821,0.00020891773576700893
2.0723146452190294e+19,2.828600681137559,762599.1925690451,38514.71242372929,9.391559872889097,0.00022145820018723558
2.1967070907932353e+19,2.828600681137559,808374.8564024454,40826.59072851662,9.955296225879923,0.0002347514166287189
2.3285662984981967e+19,2.828600681137559,856898.2433121437,43277.241490887034,10.55287133196232,0.0002488425696704759
2.468340467068651e+19,2.828600681137559,908334.2877080817,45874.99464539795,11.186316391013172,0.00026377955613423194
2.6165046987488236e+19,2.828600681137559,962857.8243281543,48628.68013799916,11.857784527406082,0.000279613147889092
2.773562614198418e+19,2.828600681137559,1020654.1825137996,51547.657939640936,12.569558108632748,0.000296397164428699
2.9400480643347137e+19,2.828600681137559,1081919.8161574854,54641.849861474715,13.324056503230858,0.00031418865580748473
3.1165269449294365e+19,2.828600681137559,1146862.9714633243,57921.773279787965,14.123844304388156,0.0003330480965578225
3.303599120128346e+19,2.828600681137559,1215704.394790594,61398.57688530704,14.971640047175306,0.00035303959124722233
3.50190046143172e+19,2.828600681137559,1288678.0829861567,65084.07857838223,15.870325449038116,0.00037423109237427163
3.712105009066372e+19,2.828600681137559,1366032.078756227,68990.80563886346,16.8229552049581,0.0003966946313439642
3.934927263095861e+19,2.828600681137559,1448029.3137809993,73132.03730720688,17.832767370575866,0.00042050656330751886
4.171124612056533e+19,2.828600681137559,1534948.5024379515,77521.84992154858,18.90319436857036,0.00044574782669891774
4.421499907374468e+19,2.828600681137559,1627085.089171629,82175.1647641686,20.03787465570511,0.0004725042183503395
4.6869041923142115e+19,2.828600681137559,1724752.2527301924,87107.79877998396,21.240665090199904,0.0005008666851216554
4.9682395947343675e+19,2.828600681137559,1828281.9706818897,92336.51833945086,22.515654041461687,0.0005309316330351679
5.266462393484259e+19,2.828600681137559,1938026.1478303904,97879.09622864866,23.867175286742537,0.0005628012549665281
5.582586268862678e+19,2.828600681137559,2054357.8123638416,103754.37206022382,25.299822741951903,0.0005965838780054725
5.917685748188806e+19,2.828600681137559,2177672.3838040316,109982.31631056384,26.818466076701235,0.0006323943316672526
6.272899858196231e+19,2.828600681137559,2308389.017065176,116584.09820085247,28.42826726665381,0.0006703543382062405
6.649435996665032e+19,2.828600681137559,2446952.0271909973,123582.15765274357,30.134698139443614,0.0007105929263584461
7.048574036451889e+19,2.828600681137559,2593832.399612859,131000.28156323546,31.943558973802897,0.0007532468699192783
7.471670675868067e+19,2.828600681137559,2749529.391062414,138863.68465800927,33.86099821511812,0.0007984611526473104
7.920164050192541e+19,2.828600681137559,2914572.226580406,147199.09519805756,35.89353337442893,0.0008463894610742871
8.395578619995103e+19,2.828600681137559,3089521.89838986,156034.84583092603,38.04807318190718,0.0008971947068964708
8.899530352885224e+19,2.828600681137559,3274973.0727481614,165400.9698953784,40.33194107011754,0.0009510495807229735
9.433732216299774e+19,2.828600681137559,3471556.111259554,175329.3035068301,42.7529000668805,0.0010081371390632996
1e+20,2.828600681137559,3679939.2135186293,185853.5937705471,45.31917918235083,0.0010686514265493164
1e+18,2.9721969969364097,39636.88978272856,1905.1270262168384,0.47619845801364846,1.1229024237823202e-05
1.0600258488068824e+18,2.9721969969364097,42016.12773600168,2019.4838930504357,0.5047826746564461,1.1903055948971592e-05
1.1236548001387516e+18,2.9721969969364097,44538.18146693358,2140.7051278826157,0.5350826831657078,1.2617546985704428e-05
1.191103133283008e+18,2.9721969969364097,47211.623613801225,2269.202770229015,0.5672014754045935,1.3374925953382055e-05
1.2626001098748577e+18,2.9721969969364097,50045.5413947707,2405.413592626941,0.6012482254102702,1.4177767236463011e-05
1.3383887531737592e+18,2.9721969969364097,53049.567495991796,2549.800585255986,0.6373386604841537,1.5028799749018116e-05
1.418726674116599e+18,2.9721969969364097,56233.91281377669,2702.854529674262,0.6755954545571563,1.5930916210501586e-05
1.5038869469554132e+18,2.9721969969364097,59609.40116215586,2865.0956670194864,0.7161486451670213,1.688718297830827e-05
1.5941590374560028e+18,2.9721969969364097,63187.506063784225,3037.0754663452517,0.7591360754650704,1.790085047053836e-05
1.689849786812462e+18,2.9721969969364097,66980.38974925289,3219.378499103184,0.8047038627547869,1.8975364214397503e-05
1.7912844546220096e+18,2.9721969969364097,71000.94449736763,3412.6244261424804,0.8530068951548201,2.011437655778646e-05
1.898807824465269e+18,2.9721969969364097,75262.83645691245,3617.4701039807824,0.9042093580746116,2.132175908388885e-05
2.0127853758499466e+18,2.9721969969364097,79780.55209885222,3834.6118175057504,0.9584852922921664,2.2601615770955133e-05
2.133604526501402e+18,2.9721969969364097,84569.44745686682,4064.7876466964017,1.0160191855309082,2.395829694201354e-05
2.2616759492228552e+18,2.9721969969364097,89645.8003235943,4308.779975409083,1.0770065995464781,2.5396414051925235e-05
2.3974349678010685e+18,2.9721969969364097,95026.86557999034,4567.418150755111,1.1416548348548696,2.6920855362043083e-05
2.541343036702629e+18,2.9721969969364097,100730.93384588679,4841.5813021101485,1.2101836353615143,2.853680255575703e-05
2.693889309590164e+18,2.9721969969364097,106777.39365109605,5132.201329336841,1.2828259352862879,3.0249748351400757e-05
2.8555923019901005e+18,2.9721969969364097,113186.79733838972,5440.266070378096,1.3598286509233304,3.206551517238819e-05
3.0270016537634555e+18,2.9721969969364097,119980.93092235914,5766.822658987823,1.441453519926921,3.399027493804075e-05
3.208699997370444e+18,2.9721969969364097,127182.88814161367,6112.98108401233,1.5279779909762028,3.6030570042375945e-05
3.401304938279246e+18,2.9721969969364097,134817.14895602482,6479.917962320586,1.6196961668427843,3.819333559216539e-05
3.6054711542504986e+18,2.9721969969364097,142909.6627558341,6868.880538207844,1.7169198040667764,4.0485922979851235e-05
3.821892620633115e+18,2.9721969969364097,151487.93656545837,7281.1909228668455,1.819979372639231,4.2916124871446876e-05
4.051304969235378e+18,2.9721969969364097,160581.1285418032,7718.250588336895,1.9292251792929183,4.549220169435764e-05
4.294487988789272e+18,2.9721969969364097,170220.147084892,8181.545131206037,2.0450285582195855,4.8222909715155345e-05
4.5522682755073096e+18,2.9721969969364097,180437.75589769502,8672.649322258496,2.167783133261031,5.11175308027452e-05
4.825522042741279e+18,2.9721969969364097,191268.68535226324,9193.232459231496,2.297906155864268,5.4185903978091943e-05
5.115178099293145e+18,2.9721969969364097,202749.75054070933,9745.064040875848,2.435839923348581,5.743845885774514e-05
5.422221006501592e+18,2.9721969969364097,214919.9764122991,10330.01978160685,2.5820532823052704,6.088625110484048e-05
5.747694424835359e+18,2.9721969969364097,227820.73042200253,10950.087987189689,2.7370432222402417,6.454100000807753e-05
6.092704661368687e+18,2.9721969969364097,241495.86314138712,11607.376313130795,2.9013365648763365,6.841512831640737e-05
6.458424430196991e+18,2.9721969969364097,255991.8573097996,12304.118928747372,3.075491754857483,7.252180446483151e-05
6.846096838574672e+18,2.9721969969364097,271357.98583247064,13042.68411126626,3.2601007579413714,7.687498733483976e-05
7.257039612324231e+18,2.9721969969364097,287646.4792625907,13825.58229576506,3.4557910731327635,8.148947370163187e-05
7.692649574879161e+18,2.9721969969364097,304912.70333663904,14655.474608317762,3.663227865596805,8.638094852939845e-05
8.154407395185187e+18,2.9721969969364097,323215.34716642194,15535.18191134975,3.8831162276022773,9.156603828561922e-05
8.643882620598297e+18,2.9721969969364097,342616.6227274976,16467.694391947844,4.116203575179883,9.7062367455597e-05
9.162739011886769e+18,2.9721969969364097,363182.476322063,17456.18172571685,4.36328218864198,0.00010288861844932473
9.712740198471207e+18,2.9721969969364097,384982.81273508025,18504.003850730194,4.6251919055991655,0.00010906459510431289
1.0295755673125085e+19,2.9721969969364097,408091.73284556123,19614.722388195936,4.902822975627438,0.0001156112900002273
1.0913767146512693e+19,2.9721969969364097,432587.78550068755,20792.112748658754,5.19711908628936,0.00012255095581414959
1.1568875283162786e+19,2.9721969969364097,458554.23450885597,22040.176964885402,5.509080570794329,0.00012990718095898867
1.2263306841775593e+19,2.9721969969364097,486079.34165924025,23363.157295056542,5.839767808201762,0.00013770496976216122
1.2999422244132422e+19,2.9721969969364097,515256.6667298268,24765.55064250102,6.190304827724181,0.00014597082745706105
1.377972359833554e+19,2.9721969969364097,546185.3855036895,26252.123840986977,6.561883129381665,0.00015473285027621408
1.460686320364986e+19,2.9721969969364097,578970.6268744629,27827.929857525618,6.955765733994364,0.00016402082095235215
1.548365256585496e+19,2.9721969969364097,613723.8301868553,29498.32496776198,7.373291476279204,0.00017386630995201875
1.6413071953751267e+19,2.9721969969364097,650563.1240268322,31268.986962333143,7.815879555643412,0.00018430278278580914
1.7398280529303622e+19,2.9721969969364097,689613.727749,33145.93444607853,8.285034360143268,0.00019536571375999785
1.8442627085855328e+19,2.9721969969364097,731008.3771060121,35135.547295701675,8.782350580005053,0.00020709270655620414
1.9549661430912594e+19,2.9721969969364097,774887.7754267419,37244.588345420525,9.30951862808947,0.00021952362204895486
2.0723146452190294e+19,2.9721969969364097,821401.071876809,39480.22637431732,9.868330385724027,0.0002327007137956047
2.1967070907932353e+19,2.9721969969364097,870706.3684270976,41850.06047352358,10.46068529343386,0.00024666877165915326
2.3285662984981967e+19,2.9721969969364097,922971.2572534923,44362.145876066206,11.088596807273902,0.000261475274052145
2.468340467068651e+19,2.9721969969364097,978373.3903944887,47025.02133717181,11.754199242707804,0.00027717054931913725
2.6165046987488236e+19,2.9721969969364097,1037101.0836029851,49847.7381580973,12.459755029296554,0.0002938079468062883
2.773562614198418e+19,2.9721969969364097,1099353.9564447918,52839.89095214032,13.207662400855904,0.0003114440181995432
2.9400480643347137e+19,2.9721969969364097,1165343.6108195947,56011.65025740564,14.000463547222022,0.0003301387097477968
3.1165269449294365e+19,2.9721969969364097,1235294.3502107183,59373.79710718065,14.84085325533384,0.00034995556602441727
3.303599120128346e+19,2.9721969969364097,1309443.9421084628,62937.759675426794,15.731688069003638,0.00037096194591972596
3.50190046143172e+19,2.9721969969364097,1388044.4261985535,66715.65212194786,16.67599599851069,0.00039322925159861037
3.712105009066372e+19,2.9721969969364097,1471362.9710627839,70720.31576927246,17.67698681302147,0.0004168331712015121
3.934927263095861e+19,2.9721969969364097,1559682.7823038436,74965.3627512138,18.73806295082115,0.00044185393611374736
4.171124612056533e+19,2.9721969969364097,1653304.0651811124,79465.22228147127,19.862831084440984,0.000468376593677637
4.421499907374468e+19,2.9721969969364097,1752545.0450294632,84235.18969954347,21.055114379992112,0.0004964912962744095
4.6869041923142115e+19,2.9721969969364097,1857743.0489296678,89291.47846066806,22.318965492377316,0.0005262936077585145
4.9682395947343675e+19,2.9721969969364097,1969255.6523067413,94651.27524649035,23.658680340548592,0.0005578848282858513
5.266462393484259e+19,2.9721969969364097,2087461.8943542042,100332.79838381479,25.078812709640722,0.0005913723386401914
5.582586268862678e+19,2.9721969969364097,2212763.5664148377,106355.35976997307,26.584189729605736,0.0006268699652279799
5.917685748188806e+19,2.9721969969364097,2345586.577697833,112739.43051532707,28.17992828296853,0.0006644983669823303
6.272899858196231e+19,2.9721969969364097,2486382.402974176,119506.71052601411,29.871452397470783,0.0007043854454912318
6.649435996665032e+19,2.9721969969364097,2635629.6171711967,126680.20226345651,31.66451168272335,0.0007466667797440571
7.048574036451889e+19,2.9721969969364097,2793835.522082457,134284.28893134804,33.565200873534266,0.0007914860869740956
7.471670675868067e+19,2.9721969969364097,2961537.8707222757,142344.81735588086,35.57998054634168,0.0008389957111635539
7.920164050192541e+19,2.9721969969364097,3139306.695186108,150889.18584092826,37.715699079168196,0.00088935714087148
8.395578619995103e+19,2.9721969969364097,3327746.244229782,159946.43729680937,39.97961592974022,0.0009427415581447526
8.899530352885224e+19,2.9721969969364097,3527497.03715359,169547.35795918715,42.37942631089604,0.0009993304203779144
9.433732216299774e+19,2.9721969969364097,3739238.0409724973,179724.5820336517,44.9232873471563,0.0010593160770996373
1e+20,2.9721969969364097,3963688.9782728557,190512.70262168383,47.61984580136484,0.00112290242378232
1e+18,3.123083101657573,42693.178894820856,1952.886092965611,0.500373077151601,1.1799075189631266e-05
1.0600258488068824e+18,3.123083101657573,45255.87319624655,2070.1097383190277,0.5304083958277375,1.250732469302511e-05
1.1236548001387516e+18,3.123083101657573,47972.39539834789,2194.369832485021,0.5622466100015943,1.3258087474027222e-05
1.191103133283008e+18,3.123083101657573,50851.9791514331,2326.0887442761505,0.5959959400057321,1.4053915428211601e-05
1.2626001098748577e+18,3.123083101657573,53904.41236350777,2465.7141955514617,0.6317711021900321,1.4897513630850147e-05
1.3383887531737592e+18,3.123083101657573,57140.07047006354,2613.720783054618,0.6696936988506484,1.579174953165403e-05
1.418726674116599e+18,3.123083101657573,60569.95170091417,2770.6115916016606,0.7098926315647792,1.6739662701437248e-05
1.5038869469554132e+18,3.123083101657573,64205.71446395342,2936.9199041017378,0.7525045393362066,1.774447516383193e-05
1.5941590374560028e+18,3.123083101657573,68059.71697290456,3113.2110142232723,0.7976742630408945,1.8809602347173586e-05
1.689849786812462e+18,3.123083101657573,72145.05925375932,3300.0841478669595,0.8455553377513284,1.9938664693782604e-05
1.7912844546220096e+18,3.123083101657573,76475.62767268906,3498.174499976811,0.8963105146130422,2.113549996610273e-05
1.898807824465269e+18,3.123083101657573,81066.14213678133,3708.1553936125106,0.9501123140472237,2.240417629152588e-05
2.0127853758499466e+18,3.123083101657573,85932.206128041,3930.740568621921,1.0071436121597794,2.3749005990243748e-05
2.133604526501402e+18,3.123083101657573,91090.35974072391,4166.6866076930655,1.0675982623500913,2.5174560233127664e-05
2.2616759492228552e+18,3.123083101657573,96558.13590228512,4416.795508032111,1.131681754232408,2.6685684579461135e-05
2.3974349678010685e+18,3.123083101657573,102354.11996903009,4681.917407408164,1.19961191210947,2.828751544733602e-05
2.541343036702629e+18,3.123083101657573,108498.01289905261,4962.953473831558,1.2716196353726885,2.9985497572700173e-05
2.693889309590164e+18,3.123083101657573,115010.69821717832,5260.858968687362,1.3479496833454323,3.178540251639821e-05
2.8555923019901005e+18,3.123083101657573,121914.31299953666,5576.6464937361225,1.4288615072372104,3.369334828211343e-05
3.0270016537634555e+18,3.123083101657573,129232.32311904176,5911.389433018558,1.5146301320366051,3.57158201118932e-05
3.208699997370444e+18,3.123083101657573,136989.60300754756,6266.2256013635315,1.605547091340583,3.785969252994352e-05
3.401304938279246e+18,3.123083101657573,145212.52020579347,6642.361111900795,1.7019214182977225,4.013225270962096e-05
3.6054711542504986e+18,3.123083101657573,153929.0249885328,7041.074475724468,1.8040806960336564,4.2541225243048264e-05
3.821892620633115e+18,3.123083101657573,163168.74536948526,7463.720947642304,1.912372171129188,4.509479839754701e-05
4.051304969235378e+18,3.123083101657573,172963.08780904268,7911.737132782241,2.027163933935878,4.7801651948135e-05
4.294487988789272e+18,3.123083101657573,183345.3439670398,8386.645869714426,2.148846169741078,5.0670986680692974e-05
4.5522682755073096e+18,3.123083101657573,194350.80386345118,8890.06140668677,2.2778324850352045,5.371255566608381e-05
4.825522042741279e+18,3.123083101657573,206016.87583165476,9423.694888568449,2.4145613133893327,5.6936697411527405e-05
5.115178099293145e+18,3.123083101657573,218383.21367199195,9989.360173151848,2.559497405721788,6.035437100191496e-05
5.422221006501592e+18,3.123083101657573,231491.85143782807,10588.979996582955,2.7131334100192523,6.397719335051041e-05
5.747694424835359e+18,3.123083101657573,245387.34631226037,11224.592508876947,2.8759915458819694,6.781747868565683e-05
6.092704661368687e+18,3.123083101657573,260116.93006112226,11898.35820173366,3.0486253795849527,7.188828040770605e-05
6.458424430196991e+18,3.123083101657573,275730.6695770816,12612.567252201054,3.231621705688744,7.620343545844578e-05
6.846096838574672e+18,3.123083101657573,292281.63706053596,13369.64730714831,3.425602541595456,8.077761135383948e-05
7.257039612324231e+18,3.123083101657573,309826.0904157598,14172.17173500854,3.6312272418297367,8.562635603994614e-05
7.692649574879161e+18,3.123083101657573,328423.6644754836,15022.868372839332,3.8491947392312404,9.076615074148421e-05
8.154407395185187e+18,3.123083101657573,348137.5737038913,15924.628798433083,4.080245920676583,9.621446598267525e-05
8.643882620598297e+18,3.123083101657573,369034.827067036,16880.518158993553,4.325166145406014,0.00010198982097078626
9.162739011886769e+18,3.123083101657573,391186.4558010359,17893.785589787134,4.584787914514802,0.00010811184654421969
9.712740198471207e+18,3.123083101657573,414667.75485224905,18967.875258182466,4.85999370068309,0.0001146013518991159
1.0295755673125085e+19,3.123083101657573,439558.5388100959,20106.43807061777,5.151718947762651,0.00012148039532127555
1.0913767146512693e+19,3.123083101657573,465943.4132024849,21313.344082289615,5.460955250416603,0.00012877235916383074
1.1568875283162786e+19,3.123083101657573,493912.0620759401,22592.695651742197,5.788753724619262,0.00013650202932550442
1.2263306841775593e+19,3.123083101657573,523559.5528380059,23948.84138507358,6.136228580473535,0.00014469567949962976
1.2999422244132422e+19,3.123083101657573,554986.659398059,25386.390917154018,6.50456090948951,0.00015338116048028367
1.377972359833554e+19,3.123083101657573,588300.2047049238,26910.23058009952,6.895002699197685,0.00016258799482909736
1.460686320364986e+19,3.123083101657573,623613.4238455994,28525.540012258916,7.308881088742771,0.00017234747722452291
1.548365256585496e+19,3.123083101657573,661046.3489392977,30237.809764169448,7.747602879923128,0.00018269278083464976
1.6413071953751267e+19,3.123083101657573,700726.2171350697,32052.859961324757,8.21265931900916,0.00019365907007513937
1.7398280529303622e+19,3.123083101657573,742787.9030998381,33976.86008719141,8.705631165594436,0.00020528362013555107
1.8442627085855328e+19,3.123083101657573,787374.3774668901,36016.34995371776,9.228194065708893,0.00021760594368033716
1.9549661430912594e+19,3.123083101657573,834637.1928031307,38178.26193061539,9.782124247457705,0.00023066792515517208
2.0723146452190294e+19,3.123083101657573,884736.9987469323,40469.94450897206,10.369304558545739,0.0002445139631551337
2.1967070907932353e+19,3.123083101657573,937844.0880675707,42899.18727929055,10.991730866209524,0.0002591911213386554
2.3285662984981967e+19,3.123083101657573,994138.9755023434,45474.24740885538,11.65151884131056,0.0002747492884002159
2.468340467068651e+19,3.123083101657573,1053813.0113388759,48203.877708426095,12.350911149649608,0.00029124134764552573
2.6165046987488236e+19,3.123083101657573,1117069.0318282286,51097.35638365753,13.092285074945714,0.00030872335674560875
2.773562614198418e+19,3.123083101657573,1184122.0486396004,54164.518572374334,13.878160599391009,0.0003272547382807739
2.9400480643347137e+19,3.123083101657573,1255199.9797001372,57415.78977489726,14.711208969247688,0.00034689848172215153
3.1165269449294365e+19,3.123083101657573,1330544.4239040192,60862.221291052985,15.5942617746022,0.0003677213575373424
3.303599120128346e+19,3.123083101657573,1410411.4823241225,64515.52778432076,16.53032057413942,0.00038979414414794055
3.50190046143172e+19,3.123083101657573,1495072.6287176008,68388.1271007986,17.522567097652008,0.00041319186851037287
3.712105009066372e+19,3.123083101657573,1584815.6322843123,72493.18247833701,18.574374060964125,0.00043799406113780986
3.934927263095861e+19,3.123083101657573,1679945.5358145942,76844.6472893114,19.689316630030035,0.00046428502642998043
4.171124612056533e+19,3.123083101657573,1780785.6925511982,81457.31246911782,20.871184573175054,0.0004921541292297658
4.421499907374468e+19,3.123083101657573,1887678.8652897198,86346.85679160335,22.123995142784814,0.0005216960985805904
4.6869041923142115e+19,3.123083101657573,2000988.3914535646,91529.90016232642,23.452006730230007,0.0005530113497171338
4.9682395947343675e+19,3.123083101657573,2121099.4181032656,97024.06011077848,24.85973334043658,0.0005862063253837397
5.266462393484259e+19,3.123083101657573,2248420.2110786987,102848.01167361793,26.351959935309036,0.0006213938576408621
5.582586268862678e+19,3.123083101657573,2383383.542723248,109021.550872427,27.93375869815093,0.000658693551389138
5.917685748188806e+19,3.123083101657573,2526448.162907565,115565.66200178715,29.610506274374067,0.0006982321909148908
6.272899858196231e+19,3.123083101657573,2678100.3583526807,122502.58895637371,31.387902047094897,0.0007401441708388465
6.649435996665032e+19,3.123083101657573,2838855.6055528163,129855.91083952067,33.27198750973904,0.0007845719529329142
7.048574036451889e+19,3.123083101657573,3009260.3229163,137650.62211025375,35.269166801503125,0.000831666550357786
7.471670675868067e+19,3.123083101657573,3189893.7280802247,145913.21754121716,37.38622847547487,0.000881588040967304
7.920164050192541e+19,3.123083101657573,3381369.806711991,154671.78227627202,39.63036857340329,0.000934506111424363
8.395578619995103e+19,3.123083101657573,3584339.399489841,163956.08729387852,42.00921508555141,0.0009906006339778293
8.899530352885224e+19,3.123083101657573,3799492.4143561698,173797.6906007489,44.530853878772525,0.0010500622778609843
9.433732216299774e+19,3.123083101657573,4027560.1715632104,184230.0444997348,47.2038561809411,0.0011130931573896784
1e+20,3.123083101657573,4269317.889482086,195288.6092965611,50.037307715160104,0.0011799075189631268
1e+18,3.2816290676266258,45985.129866052375,2001.842417653264,0.5257749413606587,1.2398065262130048e-05
1.0600258488068824e+18,3.2816290676266258,48745.426318756894,2122.004707950523,0.5573350284972209,1.3142269653052524e-05
1.1236548001387516e+18,3.2816290676266258,51671.41190899362,2249.3798417174535,0.5907895366525747,1.3931145544225937e-05
1.191103133283008e+18,3.2816290676266258,54773.03226788101,2384.4007760056347,0.6262521800563703,1.4767374380370317e-05
1.2626001098748577e+18,3.2816290676266258,58060.83002148733,2527.526456481162,0.6638434987314145,1.5653798562201053e-05
1.3383887531737592e+18,3.2816290676266258,61545.98062595924,2679.243377413296,0.7036912682176982,1.659343110794913e-05
1.418726674116599e+18,3.2816290676266258,65240.33035368438,2840.0672353027467,0.7459309338904571,1.75894658948223e-05
1.5038869469554132e+18,3.2816290676266258,69156.43655960569,3010.54468177041,0.7907060713485423,1.864528851521872e-05
1.5941590374560028e+18,3.2816290676266258,73307.61036455534,3191.255181664725,0.8381688744379939,1.9764487784593942e-05
1.689849786812462e+18,3.2816290676266258,77707.961900692,3382.812982703512,0.8884806725696438,2.0950867940097453e-05
1.7912844546220096e+18,3.2816290676266258,82372.44827283392,3585.869203345232,0.9418124790891464,2.2208461571442703e-05
1.898807824465269e+18,3.2816290676266258,87316.92439871178,3801.1140459864887,0.9983455725633865,2.3541543327963577e-05
2.0127853758499466e+18,3.2816290676266258,92558.19690095083,4029.279143008591,1.0582721129590968,2.495464444844859e-05
2.133604526501402e+18,3.2816290676266258,98114.08123396417,4271.140043647514,1.1217957948081105,2.645256816314046e-05
2.2616759492228552e+18,3.2816290676266258,104003.46223994027,4527.518850140521,1.1891325395794585,2.804040602025488e-05
2.3974349678010685e+18,3.2816290676266258,110246.35833974722,4799.287012109366,1.2605112296115992,2.9723555192510292e-05
2.541343036702629e+18,3.2816290676266258,116863.98957695828,5087.3682886790775,1.3361744860996427,3.1507736822498945e-05
2.693889309590164e+18,3.2816290676266258,123878.84974627386,5392.741888400255,1.4163794937818737,3.339901546925331e-05
2.8555923019901005e+18,3.2816290676266258,131314.78285151423,5716.445797647912,1.5013988751287932,3.540381972210944e-05
3.0270016537634555e+18,3.2816290676266258,139197.06415306783,6059.580308810264,1.5915216170060975,3.75289640519349e-05
3.208699997370444e+18,3.2816290676266258,147552.48608028176,6423.3117602600705,1.6870540529613902,3.9781671973995264e-05
3.401304938279246e+18,3.2816290676266258,156409.44930081637,6808.876500820911,1.7883209044734891,4.21696006011913e-05
3.6054711542504986e+18,3.2816290676266258,165798.0592565149,7217.585092203923,1.895666384703602,4.4700866671125025e-05
3.821892620633115e+18,3.2816290676266258,175750.22849392102,7650.826763699363,2.00945536850011,4.738407413546259e-05
4.051304969235378e+18,3.2816290676266258,186299.78513727218,8110.074134264831,2.1300746326338755,5.022834340537197e-05
4.294487988789272e+18,3.2816290676266258,197482.58787267676,8596.88821806082,2.257934170479732,5.3243342352443e-05
4.5522682755073096e+18,3.2816290676266258,209336.64783431392,9112.923730447807,2.393468585612842,5.643931917046382e-05
4.825522042741279e+18,3.2816290676266258,221902.257806956,9659.934712480319,2.5371385690568617,5.9827137209753476e-05
5.115178099293145e+18,3.2816290676266258,235222.12918398227,10239.780493016018,2.689432465205179,6.341831190245475e-05
5.422221006501592e+18,3.2816290676266258,249341.53714641294,10854.432008705462,2.850867931737906,6.72250499042992e-05
5.747694424835359e+18,3.2816290676266258,264308.4745564392,11505.9785033446,3.0219936991767953,7.12602905858898e-05
6.092704661368687e+18,3.2816290676266258,280173.8150885417,12196.6346293616,3.203391436058933,7.553775001453292e-05
6.458424430196991e+18,3.2816290676266258,296991.486152694,12928.747975576449,3.395677726069068,8.007196757611736e-05
6.846096838574672e+18,3.2816290676266258,314818.65219742694,13704.80704682069,3.5995061638509886,8.487835539551098e-05
7.257039612324231e+18,3.2816290676266258,333715.90901581617,14527.449722540643,3.815569576621749,8.997325072345873e-05
7.692649574879161e+18,3.2816290676266258,353747.4897148508,15399.472223135452,4.044602379140186,9.53739714680488e-05
8.154407395185187e+18,3.2816290676266258,374981.48304828873,16323.838614507169,4.287383070034413,0.00010109887505950183
8.643882620598297e+18,3.2816290676266258,397490.0648551258,17303.690883129526,4.544736877973485,0.00010716742084836936
9.162739011886769e+18,3.2816290676266258,421349.74339035753,18342.359615881287,4.817538566677785,0.00011360023624923713
9.712740198471207e+18,3.2816290676266258,446641.61938192585,19443.375320945644,5.10671540830251,0.00012041918685475995
1.0295755673125085e+19,3.2816290676266258,473451.66169780254,20610.48042825603,5.41325033530101,0.00012764745075835045
1.0913767146512693e+19,3.2816290676266258,501870.99956024205,21847.64201027973,5.738185281481593,0.00013530959733815516
1.1568875283162786e+19,3.2816290676266258,531996.2323004041,23159.06526637568,6.082624723613686,0.00014343167077009544
1.2263306841775593e+19,3.2816290676266258,563929.7577062992,24549.207816563863,6.447739435622325,0.0001520412785538597
1.2999422244132422e+19,3.2816290676266258,597780.1200800794,26022.794853289666,6.834770468131166,0.0001611676853527388
1.377972359833554e+19,3.2816290676266258,633662.3791877663,27584.83520268575,7.245033366880952,0.00017084191246627748
1.460686320364986e+19,3.2816290676266258,671698.5013555007,29240.63834992494,7.6799226443621675,0.00018109684327385694
1.548365256585496e+19,3.2816290676266258,712017.7740416755,30995.832486534255,8.140916519861204,0.00019196733500761716
1.6413071953751267e+19,3.2816290676266258,754757.245294114,32856.383641014414,8.629581944031843,0.0002034903372346445
1.7398280529303622e+19,3.2816290676266258,800062.1895860375,34828.61595779087,9.1475799250709,0.00021570501745115278
1.8442627085855328e+19,3.2816290676266258,848086.6016142323,36919.2331934262,9.696671174602079,0.0002286528942155616
1.9549661430912594e+19,3.2816290676266258,898993.7197378711,39135.34150316084,10.2787220924588,0.00024237797827300105
2.0723146452190294e+19,3.2816290676266258,952956.5808371931,41484.47359523528,10.895711110708692,0.000256926922150934
2.1967070907932353e+19,3.2816290676266258,1010158.6084780502,43974.614335095976,11.549735418483563,0.00027234917873438365
2.3285662984981967e+19,3.2816290676266258,1070794.2363815245,46614.22788651542,12.243018090472955,0.0002886971693597724
2.468340467068651e+19,3.2816290676266258,1135069.569317843,49412.286481880954,12.977915643311608,0.000306026461998737
2.6165046987488236e+19,3.2816290676266258,1203203.0836710087,52378.30091944469,13.756926045545503,0.0003243959601375783
2.773562614198418e+19,3.2816290676266258,1275426.3700554196,55522.35289119668,14.582697208402882,0.00034386810299436005
2.9400480643347137e+19,3.2816290676266258,1351984.9205086771,58855.12925124602,15.45803598623102,0.00036450907775420894
3.1165269449294365e+19,3.2816290676266258,1433138.9629363162,62387.95834119084,16.38591771719187,0.00038638904454421923
3.303599120128346e+19,3.2816290676266258,1519164.3456447835,66132.84849594923,17.369496336646044,0.0004095823749126663
3.50190046143172e+19,3.2816290676266258,1610353.4749692637,70102.52886093555,18.41211509760126,0.00043416790462313785
3.712105009066372e+19,3.2816290676266258,1707016.3091834066,74310.49265932218,19.51731793466479,0.00046022920162284726
3.934927263095861e+19,3.2816290676266258,1809481.412069332,78771.0430564556,20.68886151012683,0.0004878548500959725
4.171124612056533e+19,3.2816290676266258,1918097.0697290702,83499.34177732283,21.930727983120235,0.0005171387515675377
4.421499907374468e+19,3.2816290676266258,2033232.4744335348,88511.46064232188,23.247138545259684,0.0005481804440813061
4.6869041923142115e+19,3.2816290676266258,2155278.9795331433,93824.436196515,24.6425677687703,0.0005810854405366251
4.9682395947343675e+19,3.2816290676266258,2284651.4296952332,99456.32761803719,26.121758815871647,0.0006159655873341522
5.266462393484259e+19,3.2816290676266258,2421789.570990547,105426.27810252523,27.689739561122998,0.0006529394445497145
5.582586268862678e+19,3.2816290676266258,2567159.5456209104,111754.57993217977,29.35183968152092,0.0006921326889283055
5.917685748188806e+19,3.2816290676266258,2721255.476369496,118462.74345066544,31.113708772447747,0.0007336785410682169
6.272899858196231e+19,3.2816290676266258,2884601.1461589523,125573.57017828361,32.981335551044076,0.000777718218247232
6.649435996665032e+19,3.2816290676266258,3057751.778426449,133111.2303159457,34.9610682122801,0.0008244014144300981
7.048574036451889e+19,3.2816290676266258,3241295.924367251,141101.34490138874,37.05963600691753,0.0008738868090888593
7.471670675868067e+19,3.2816290676266258,3435857.463461684,149571.0728968873,39.284172114706855,0.0009263426065655561
7.920164050192541e+19,3.2816290676266258,3642097.7240854343,158549.20350447905,41.6422378905678,0.0009819471078106336
8.395578619995103e+19,3.2816290676266258,3860717.731411276,168066.2540224905,44.14184856616724,0.00104088931644043
8.899530352885224e+19,3.2816290676266258,4092460.5902430196,178154.5735759836,46.7915004942563,0.0011033695811737824
9.433732216299774e+19,3.2816290676266258,4338114.010881072,188848.45307371023,49.600200028371695,0.0011696002768314332
1e+20,3.2816290676266258,4598512.986605237,200184.24176532638,52.577494136065866,0.0012398065262130048
1e+18,3.44822375420504,49530.91391969946,2052.0260139854613,0.5524663527791073,1.3027463574358265e-05
1.0600258488068824e+18,3.44822375420504,52504.049069910056,2175.200617248742,0.5856286145419158,1.3809448133209865e-05
1.1236548001387516e+18,3.44822375420504,55655.6491811296,2305.7688806243527,0.6207814692153929,1.4638371978960405e-05
1.191103133283008e+18,3.44822375420504,58996.42676412498,2444.1746148363245,0.6580444038286304,1.5517052682148385e-05
1.2626001098748577e+18,3.44822375420504,62537.73735721466,2590.88827072411,0.6975440777210629,1.6448476940375454e-05
1.3383887531737592e+18,3.44822375420504,66291.61812454335,2746.4085383381207,0.7394147530664836,1.7435810730301925e-05
1.418726674116599e+18,3.44822375420504,70270.82877125077,2911.2640420223356,0.7837987512396307,1.8482410069024446e-05
1.5038869469554132e+18,3.44822375420504,74488.8949146082,3086.0151372456817,0.830846936576564,1.959183242141451e-05
1.5941590374560028e+18,3.44822375420504,78960.15405854423,3271.2558152897413,0.8807192291731701,2.076784879219211e-05
1.689849786812462e+18,3.44822375420504,83699.80432783054,3467.6157222669585,0.933585148464833,2.2014456543836433e-05
1.7912844546220096e+18,3.44822375420504,88723.95612757854,3675.762299332124,0.989624389434934,2.3335892983902443e-05
1.898807824465269e+18,3.44822375420504,94049.68690364104,3896.4030513618713,1.0490274334107585,2.4736649767927758e-05
2.0127853758499466e+18,3.44822375420504,99695.09919005363,4130.287951813595,1.1119961955229447,2.6221488166886192e-05
2.133604526501402e+18,3.44822375420504,105679.38214082207,4378.21199193801,1.178744711029224,2.7795455251082936e-05
2.2616759492228552e+18,3.44822375420504,112022.87675521181,4641.017883010561,1.2494998628353764,2.9463901045502905e-05
2.3974349678010685e+18,3.44822375420504,118747.14501823216,4919.59892076619,1.324502152686153,3.1232496714921204e-05
2.541343036702629e+18,3.44822375420504,125875.04319134555,5214.902021774604,1.4040065186476827,3.310725384059253e-05
2.693889309590164e+18,3.44822375420504,133430.799502509,5527.93094207635,1.4882832016599055,3.5094544854039e-05
2.8555923019901005e+18,3.44822375420504,141440.0964996281,5859.749689020314,1.577618664104566,3.72011246973939e-05
3.0270016537634555e+18,3.44822375420504,149930.15834734563,6211.486137899624,1.6723165635110226,3.943415378392565e-05
3.208699997370444e+18,3.44822375420504,158929.84336389534,6584.3358656792325,1.7726987847095803,4.180122233678692e-05
3.401304938279246e+18,3.44822375420504,168469.742112558,6979.566214846227,1.8791065339407018,4.431037618871777e-05
3.6054711542504986e+18,3.44822375420504,178582.28138114087,7398.520601196212,1.991901498639051,4.697014413039782e-05
3.821892620633115e+18,3.44822375420504,189301.83440291343,7842.623080198221,2.111467076834562,4.9789566900406576e-05
4.051304969235378e+18,3.44822375420504,200664.83769364818,8313.383187459565,2.238209680349343,5.2778227915330524e-05
4.294487988789272e+18,3.44822375420504,212709.91490190467,8812.401069743692,2.372560116220093,5.594628584447133e-05
4.5522682755073096e+18,3.44822375420504,225478.00809353124,9341.372923981735,2.5149750510415596,5.930450913987819e-05
4.825522042741279e+18,3.44822375420504,239012.51691663056,9902.096762765368,2.665938563208462,6.286431263907491e-05
5.115178099293145e+18,3.44822375420504,253359.44612002064,10496.47852591824,2.82596378833205,6.66377963648966e-05
5.422221006501592e+18,3.44822375420504,268567.56192661653,11126.538558919698,2.995594663424195,7.063778665431971e-05
5.747694424835359e+18,3.44822375420504,284688.5577932567,11794.41848020136,3.1754077757776,7.487787975608472e-05
6.092704661368687e+18,3.44822375420504,301777.23012040404,12502.388460659027,3.3660143228266244,7.937248804530339e-05
6.458424430196991e+18,3.44822375420504,319891.66450897115,13252.854940123456,3.5680621896504157,8.413688901213684e-05
6.846096838574672e+18,3.44822375420504,339093.43319736875,14048.368807018855,3.7822381511799263,8.918727719106083e-05
7.257039612324231e+18,3.44822375420504,359447.8043498806,14891.63406901229,4.009270206594275,9.454081920722896e-05
7.692649574879161e+18,3.44822375420504,381023.9639077524,15785.51704412624,4.249930053841241,0.00010021571212704088
8.154407395185187e+18,3.44822375420504,403895.2507570782,16733.056103555427,4.5050357126929415,0.00010623124531125271
8.643882620598297e+18,3.44822375420504,428139.40601284045,17737.47199930453,4.775454305252654,0.00011260786598087281
9.162739011886769e+18,3.44822375420504,453838.8372664357,18802.178811751095,5.062105003363926,0.00011936724871870637
9.712740198471207e+18,3.44822375420504,481080.89869488194,19930.79555434523,5.365962152940411,0.00012653236914278893
1.0295755673125085e+19,3.44822375420504,509958.1879838159,21127.15847489107,5.688058585836219,0.00013412758200212954
1.0913767146512693e+19,3.44822375420504,540568.8610735643,22395.334095223927,6.029489130514313,0.00014217870396022206
1.1568875283162786e+19,3.44822375420504,573016.9657980747,23739.633033603455,6.391414333445306,0.00015071310134769686
1.2263306841775593e+19,3.44822375420504,607412.7955508484,25164.62465680941,6.775064403886836,0.00015975978318241008
1.2999422244132422e+19,3.44822375420504,643873.2641799493,26675.152611740996,7.181743395451438,0.00016934949977313773
1.377972359833554e+19,3.44822375420504,682522.303386409,28276.35128931388,7.612833638676633,0.00017951484724204128
1.460686320364986e+19,3.44822375420504,723491.2839768067,29973.66327661653,8.069800439663787,0.0001902903783211827
1.548365256585496e+19,3.44822375420504,766919.4624018957,31772.857856647115,8.554197060756756,0.0002017127197996944
1.6413071953751267e+19,3.44822375420504,812954.4540990874,33680.05061851278,9.06767000019002,0.0002138206970208159
1.7398280529303622e+19,3.44822375420504,861752.7352477208,35701.72424474778,9.61196458865213,0.00022665546585196963
1.8442627085855328e+19,3.44822375420504,913480.1746426178,37844.75054640802,10.18893092178767,0.00024026065257645344
1.9549661430912594e+19,3.44822375420504,968312.5974938001,40116.413820840884,10.800530148802665,0.00025468250218225053
2.0723146452190294e+19,3.44822375420504,1026436.3830687628,42524.435611525005,11.448841138548868,0.00026997003555200076
2.1967070907932353e+19,3.44822375420504,1088049.0982087317,45077.00095414042,12.136067545745421,0.00028617521608843393
2.3285662984981967e+19,3.44822375420504,1153360.1688722738,47782.78619808135,12.864545301356447,0.00030335312634163515
2.468340467068651e+19,3.44822375420504,1222591.5919888814,50650.988497978964,13.636750552584958,0.0003215621552385132
2.6165046987488236e+19,3.44822375420504,1295978.6900421714,53691.35707547778,14.455308079471592,0.0003408641965508754
2.773562614198418e+19,3.44822375420504,1373770.9109475845,56914.22635752676,15.323000216706863,0.0003613248592767178
2.9400480643347137e+19,3.44822375420504,1456232.6759434172,60330.551103824335,16.242776310982734,0.0003830136906498301
3.1165269449294365e+19,3.44822375420504,1543644.2783772384,63951.94364281839,17.217762746029795,0.00040600441253574283
3.303599120128346e+19,3.44822375420504,1636302.8364427201,67790.71334282847,18.251273569415755,0.0004303751720175405
3.50190046143172e+19,3.44822375420504,1734523.3031053033,71859.90845245581,19.346821757226554,0.00045620880702330137
3.712105009066372e+19,3.44822375420504,1838639.5366495168,76173.36045249933,20.50813115491954,0.0004835931278980503
3.934927263095861e+19,3.44822375420504,1949005.4354867968,80745.73107013322,21.739149134936454,0.000512621215877306
4.171124612056533e+19,3.44822375420504,2065996.1410811194,85592.56211515023,23.04406001410042,0.0005433917394767574
4.421499907374468e+19,3.44822375420504,2190009.313081239,90730.32830766717,24.427299276403335,0.0005760092898734934
4.6869041923142115e+19,3.44822375420504,2321466.4809939377,96176.4932768628,25.893568649529403,0.0006105847364188045
4.9682395947343675e+19,3.44822375420504,2460814.4769923044,101949.56892107509,27.447852086356463,0.0006472356034908645
5.266462393484259e+19,3.44822375420504,2608526.9547300325,108069.17833105837,29.095432705765763,0.0006860864699684383
5.582586268862678e+19,3.44822375420504,2765105.9993233345,114556.1224902425,30.841910750332882,0.0007272693926832115
5.917685748188806e+19,3.44822375420504,2931083.833973721,121432.4509787445,32.693222621947726,0.0007709243552902872
6.272899858196231e+19,3.44822375420504,3107024.629032125,128721.5369214438,34.65566106006251,0.0008171997440824854
6.649435996665032e+19,3.44822375420504,3293526.419653667,136448.1564348799,36.735896531156385,0.0008662528523658036
7.048574036451889e+19,3.44822375420504,3491223.138561271,144638.57284301784,38.94099990212086,0.000918250415110444
7.471670675868067e+19,3.44822375420504,3700786.770827639,153320.6259481361,41.278466474634385,0.0009733691756947205
7.920164050192541e+19,3.44822375420504,3922929.6379998494,162523.8266602755,43.756241462220764,0.001031796486668252
8.395578619995103e+19,3.44822375420504,4158406.8193304664,172279.4573069011,46.382746996589454,0.0010937309465764724
8.899530352885224e+19,3.44822375420504,4408018.718345106,182620.67796373693,49.166910755054616,0.0011593830750110802
9.433732216299774e+19,3.44822375420504,4672613.783470396,193582.63916819857,52.118196306339,0.0012289760281809538
1e+20,3.44822375420504,4953091.391969946,205202.60139854613,55.24663527791072,0.0013027463574358264
1e+18,3.623275761530016,53350.10341096779,2103.4676480725916,0.5805127763661947,1.3688813826430344e-05
1.0600258488068824e+18,3.623275761530016,56552.488652146094,2229.730079085966,0.6153585485108155,1.4510496495521213e-05
1.1236548001387516e+18,3.623275761530016,59947.09978563275,2363.571519693338,0.6522959677057484,1.5381501364274167e-05
1.191103133283008e+18,3.623275761530016,63545.475333776245,2505.4469063787037,0.6914505868405927,1.6304789039588944e-05
1.2626001098748577e+18,3.623275761530016,67359.84642852297,2655.838483574663,0.7329554952237163,1.7283497841307425e-05
1.3383887531737592e+18,3.623275761530016,71403.17838589632,2815.257442845216,0.7769517709621888,1.8320954469583828e-05
1.418726674116599e+18,3.623275761530016,75689.21477601897,2984.245660461893,0.8235889604962046,1.9420685312572838e-05
1.5038869469554132e+18,3.623275761530016,80232.52413847594,3163.3775392793737,0.8730255869179673,2.058642843287138e-05
1.5941590374560028e+18,3.623275761530016,85048.54950180666,3353.2619611712453,0.9254296888028449,2.1822146273456623e-05
1.689849786812462e+18,3.623275761530016,90153.66087544675,3554.5443566623803,0.9809793913843248,2.3132039126308802e-05
1.7912844546220096e+18,3.623275761530016,95565.21089254327,3767.9088987927535,1.0398635120142277,2.45205594094995e-05
1.898807824465269e+18,3.623275761530016,101301.59379277688,3994.080828669794,1.1022822019661875,2.59924268012743e-05
2.0127853758499466e+18,3.623275761530016,107382.30794567833,4233.828920613995,1.1684476267639274,2.7552644282571548e-05
2.133604526501402e+18,3.623275761530016,113828.02212695878,4487.9680952769395,1.2385846873468092,2.9206515142506758e-05
2.2616759492228552e+18,3.623275761530016,120660.64577313808,4757.362189614146,1.3129317845240087,3.09596610046268e-05
2.3974349678010685e+18,3.623275761530016,127903.40345325726,5042.926893127503,1.391741629315597,3.2818040935202856e-05
2.541343036702629e+18,3.623275761530016,135580.9138108282,5345.632860358537,1.4752821019351394,3.478797169851742e-05
2.693889309590164e+18,3.623275761530016,143719.2732443359,5666.50901021152,1.5638371623333978,3.6876149227990734e-05
2.8555923019901005e+18,3.623275761530016,152346.14461073544,6006.646023321315,1.6577078153982066,3.908967138613015e-05
3.0270016537634555e+18,3.623275761530016,161490.8512534509,6367.200049353662,1.7572131340912867,4.143606209066471e-05
3.208699997370444e+18,3.623275761530016,171184.47667448528,6749.3966368393385,1.8626913439997181,4.392329688887154e-05
3.401304938279246e+18,3.623275761530016,181459.9701894332,7154.534898899937,1.9745009729885337,4.655983006702275e-05
3.6054711542504986e+18,3.623275761530016,192352.2589245255,7583.991929024868,2.0930220698621858,4.93546233871e-05
3.821892620633115e+18,3.623275761530016,203898.3665363914,8039.227481909133,2.218657496177202,5.2317176548454696e-05
4.051304969235378e+18,3.623275761530016,216137.53905807517,8521.788935262344,2.3518342955969906,5.5457559477955203e-05
4.294487988789272e+18,3.623275761530016,229111.37829906677,9033.316549454565,2.493005145443336,5.8786446558377627e-05
4.5522682755073096e+18,3.623275761530016,242863.983252783,9575.549042876833,2.6426498953784976,6.231515291138467e-05
4.825522042741279e+18,3.623275761530016,257442.09999215178,10150.329501967446,2.801277198448011,6.605567285842122e-05
5.115178099293145e+18,3.623275761530016,272895.280562807,10759.611645992582,2.9694262400282185,7.002072069025769e-05
5.422221006501592e+18,3.623275761530016,289276.0514139818,11405.466467875705,3.1476685705553424,7.422377388376006e-05
5.747694424835359e+18,3.623275761530016,306640.0919396095,12090.08927364838,3.3366100482656735,7.867911891278288e-05
6.092704661368687e+18,3.623275761530016,325046.423736505,12815.807144450107,3.5368928985503922,8.340189980890028e-05
6.458424430196991e+18,3.623275761530016,344557.61122293025,13585.086846441032,3.7491978969249145,8.840816963703608e-05
6.846096838574672e+18,3.623275761530016,365239.97429945844,14400.54321551387,3.974246683032811,9.371494506096203e-05
7.257039612324231e+18,3.623275761530016,387163.81377498736,15264.948045305284,4.212804213549793,9.934026418413664e-05
7.692649574879161e+18,3.623275761530016,410403.65032414073,16181.239508717694,4.465681362325331,0.0001053032478624894
8.154407395185187e+18,3.623275761530016,435038.47778829036,17152.532144975936,4.733737676599984,0.00011162416469755685
8.643882620598297e+18,3.623275761530016,461152.03168118646,18182.12744616545,5.017884298667017,0.00011832449993088693
9.162739011886769e+18,3.623275761530016,488833.07381186815,19273.525079236446,5.319087062909232,0.00012542702847388832
9.712740198471207e+18,3.623275761530016,518175.69399230287,20430.434781618347,5.638369778738066,0.00013295589232135846
1.0295755673125085e+19,3.623275761530016,549279.6298552817,21656.788970878468,5.976817710593843,0.0001409366826118233
1.0913767146512693e+19,3.623275761530016,582250.6058696752,22956.756111286973,6.335581266836247,0.0001493965266136242
1.1568875283162786e+19,3.623275761530016,617200.692705324,24334.754882719564,6.715879910063077,0.000158364179932407
1.2263306841775593e+19,3.623275761530016,654248.6881691568,25795.469200062227,7.1190063021497005,0.00016787012425345556
1.2999422244132422e+19,3.623275761530016,693520.5210072999,27343.864134167758,7.5463306980977825,0.00017794667095108607
1.377972359833554e+19,3.623275761530016,735149.6789457543,28985.202788481245,7.999305603628535,0.00018862807091728402
1.460686320364986e+19,3.623275761530016,779277.6624245803,30725.064188699453,8.479470712351992,0.00019995063098289886
1.548365256585496e+19,3.623275761530016,826054.465567859,32569.36224627208,8.988458139294018,0.00021195283732711905
1.6413071953751267e+19,3.623275761530016,875639.0860242853,34524.3658602034,9.527997968570272,0.00022467548629470643
1.7398280529303622e+19,3.623275761530016,928200.0654113757,36596.720225481455,10.099924134063954,0.0002381618230656453
1.8442627085855328e+19,3.623275761530016,983916.0622002976,38793.46942056398,10.70618065309626,0.00025245768864855516
1.9549661430912594e+19,3.623275761530016,1042976.4589885956,41122.08035069718,11.348828234278185,0.0002676116756975083
2.0723146452190294e+19,3.623275761530016,1105582.0062249827,43590.468128452594,12.030051282004246,0.00028367529368188344
2.1967070907932353e+19,3.623275761530016,1171945.5045742535,46207.02297775232,12.752165321396877,0.0003007031439706802
2.3285662984981967e+19,3.623275761530016,1242292.528241733,48980.63875283102,13.517624868939416,0.0003187531054264184
2.468340467068651e+19,3.623275761530016,1316862.191715891,51920.743169072986,14.329031775550527,0.0003378865311394689
2.6165046987488236e+19,3.623275761530016,1395907.962535329,55037.32984848073,15.189144070458736,0.0003581684569715286
2.773562614198418e+19,3.623275761530016,1479698.522842798,58340.99228870015,16.10088533593805,0.000379667822617096
2.9400480643347137e+19,3.623275761530016,1568518.682654727,61842.95987106516,17.067354644770013,0.000402457705934348
3.1165269449294365e+19,3.623275761530016,1662670.34795053,65555.13603005582,18.091837094210423,0.00042661557134192796
3.303599120128346e+19,3.623275761530016,1762473.5468722952,69490.13871391056,19.177814972266244,0.0004522235331259603
3.50190046143172e+19,3.623275761530016,1868267.517522981,73661.34327392104,20.32897959423786,0.0004793686345522933
3.712105009066372e+19,3.623275761530016,1980411.8610606252,78082.9279281933,21.549243849759783,0.000508143143732691
3.934927263095861e+19,3.623275761530016,2099287.764008007,82769.92195440973,22.84275550298811,0.0005386448672506435
4.171124612056533e+19,3.623275761530016,2225299.29393249,87738.25677540258,24.213911291143052,0.0005709774826128338
4.421499907374468e+19,3.623275761530016,2358874.7729001245,93004.82011118156,25.667371869328257,0.0006052508906562811
4.6869041923142115e+19,3.623275761530016,2500468.2333726166,98587.51338148744,27.2080776524268,0.0006415815891090512
4.9682395947343675e+19,3.623275761530016,2650560.961495433,104505.31255397027,28.84126560791706,0.000680093068574185
5.266462393484259e+19,3.623275761530016,2809663.133023582,110778.33264485087,30.572487056697028,0.0007209162322830278
5.582586268862678e+19,3.623275761530016,2978315.5474447277,117427.89609126923,32.40762654241269,0.0007641898410444761
5.917685748188806e+19,3.623275761530016,3157091.466194832,124476.60522775404,34.35292183343747,0.0008100609849027674
6.272899858196231e+19,3.623275761530016,3346598.5612141415,131948.41911314923,36.414985125486034,0.0008586855831068951
6.649435996665032e+19,3.623275761530016,3547480.980466912,139868.73496914224,38.600825516933334,0.0009102289140911193
7.048574036451889e+19,3.623275761530016,3760421.53744571,148264.4745072099,40.91787283323362,0.0009648661772680057
7.471670675868067e+19,3.623275761530016,3986144.032102571,157164.17543741156,43.374002881420544,0.0010227830885435696
7.920164050192541e+19,3.623275761530016,4225415.711096017,166598.08847007598,45.97756422052998,0.0010841765115787222
8.395578619995103e+19,3.623275761530016,4479049.875716491,176598.28014009635,48.737406538940235,0.0011492551269427196
8.899530352885224e+19,3.623275761530016,4747908.646354735,187198.74180334125,51.66291073508622,0.0012182401414331178
9.433732216299774e+19,3.623275761530016,5032905.892909713,198435.50517566723,54.76402080379397,0.001291366039973257
1e+20,3.623275761530016,5335010.341096779,210346.76480725917,58.05127763661948,0.0013688813826430346
1e+18,3.8072144326717283,57463.77986433545,2156.198857291576,0.6099830004654208,1.4383738085707987e-05
1.0600258488068824e+18,3.8072144326717283,60913.09202634402,2285.626523896933,0.6465977478261267,1.5247134173318492e-05
1.1236548001387516e+18,3.8072144326717283,64569.45207867706,2422.823196049371,0.6854103264760084,1.6162356343944358e-05
1.191103133283008e+18,3.8072144326717283,68445.28824669497,2568.255214901238,0.7265526631037332,1.713251550220892e-05
1.2626001098748577e+18,3.8072144326717283,72553.77477053455,2722.416914128387,0.7701646034094356,1.8160909287426077e-05
1.3383887531737592e+18,3.8072144326717283,76908.87668527928,2885.832300205157,0.8163943874501031,1.9251033282508628e-05
1.418726674116599e+18,3.8072144326717283,81525.39728909702,3059.0568335392895,0.8653991535179703,2.040659289570075e-05
1.5038869469554132e+18,3.8072144326717283,86419.02846069336,3242.6793165209792,0.917345472264644,2.1631515955521685e-05
1.5941590374560028e+18,3.8072144326717283,91606.40399711262,3437.323894903672,0.9724099128864796,2.2929966061731493e-05
1.689849786812462e+18,3.8072144326717283,97105.1561531855,3643.6521793194447,1.0307796432957173,2.4306356737699935e-05
1.7912844546220096e+18,3.8072144326717283,102933.97557480531,3862.3654941401414,1.0926530663173983,2.576536643228326e-05
1.898807824465269e+18,3.8072144326717283,109112.67482974989,4094.2072613283167,1.1582404940745428,2.7311954422201417e-05
2.0127853758499466e+18,3.8072144326717283,115662.25575199499,4339.96552738085,1.22776486285387,2.895137766896894e-05
2.133604526501402e+18,3.8072144326717283,122604.98082842623,4600.475641954457,1.3014624908819286,3.0689208687677176e-05
2.2616759492228552e+18,3.8072144326717283,129964.44887060404,4876.623097278161,1.379583881587436,3.253135448836655e-05
2.3974349678010685e+18,3.8072144326717283,137765.67522878072,5169.34653800353,1.4623945750800151,3.448407665436833e-05
2.541343036702629e+18,3.8072144326717283,146035.1768208416,5479.640951724112,1.5501760507397735,3.655401262586839e-05
2.693889309590164e+18,3.8072144326717283,154801.06226517577,5808.561051008305,1.643226683985529,3.874819826103364e-05
2.8555923019901005e+18,3.8072144326717283,164093.12742385,6157.224858441677,1.7418627604738794,4.1074091751389554e-05
3.0270016537634555e+18,3.8072144326717283,173942.95668084253,6526.817506864473,1.846419551176423,4.353959897273847e-05
3.208699997370444e+18,3.8072144326717283,184384.03029958886,6918.595267721635,1.957252451989411,4.615310035778837e-05
3.401304938279246e+18,3.8072144326717283,195451.83822475563,7333.889821217905,2.074738191749427,4.8923479381833836e-05
3.6054711542504986e+18,3.8072144326717283,207184.00071506205,7774.112782792666,2.1992761127612432,5.1860152758314436e-05
3.821892620633115e+18,3.8072144326717283,219620.39621718944,8240.76050130023,2.3312895281904376,5.497310244688684e-05
4.051304969235378e+18,3.8072144326717283,232803.29691543005,8735.419145205007,2.4712271609346654,5.827290958280894e-05
4.294487988789272e+18,3.8072144326717283,246777.51241781935,9259.770094079828,2.6195646688643905,6.177079044296375e-05
4.5522682755073096e+18,3.8072144326717283,261590.54206714995,9815.595653733555,2.7768062616174953,6.547863457077471e-05
4.825522042741279e+18,3.8072144326717283,277292.73639458313,10404.785114394057,2.9434864144433512,6.940904518960112e-05
5.115178099293145e+18,3.8072144326717283,293937.468264651,11029.341172538776,3.1201716849218406,7.35753820419822e-05
5.422221006501592e+18,3.8072144326717283,311581.3142933828,11691.386738201112,3.307462638732475,7.799180680034285e-05
5.747694424835359e+18,3.8072144326717283,330284.24715620716,12393.172150891163,3.505995891019443,8.267333120351581e-05
6.092704661368687e+18,3.8072144326717283,350109.8394393006,13137.082828658222,3.7164462702913266,8.763586808269936e-05
6.458424430196991e+18,3.8072144326717283,371125.479727286,13925.647376294752,3.939529112210736,9.289628545029136e-05
6.846096838574672e+18,3.8072144326717283,393402.6016617778,14761.546180242181,4.17600269107061,9.847246383545156e-05
7.257039612324231e+18,3.8072144326717283,417016.9267493618,15647.62051941321,4.426670797221949,0.00010438335706127957
7.692649574879161e+18,3.8072144326717283,442048.7217443298,16586.882222898977,4.692385469213835,0.00011064905667019476
8.154407395185187e+18,3.8072144326717283,468583.07148103055,17582.523907388277,4.974049889932476,0.00011729086021650402
8.643882620598297e+18,3.8072144326717283,496710.1680832155,18637.929829096563,5.272621456583453,0.00012433134365828907
9.162739011886769e+18,3.8072144326717283,526525.6175334197,19756.6873870912,5.589115034952257,0.0001317944380946781
9.712740198471207e+18,3.8072144326717283,558130.7646444312,20942.599317113574,5.924606409004573,0.00013970551110933726
1.0295755673125085e+19,3.8072144326717283,591633.0375374426,22199.69661734557,6.280235937551717,0.00014809145299667336
1.0913767146512693e+19,3.8072144326717283,627146.3127978217,23532.252250057016,6.657212430410746,0.0001569807681638432
1.1568875283162786e+19,3.8072144326717283,664791.3025496177,24944.79566570436,7.056817257233881,0.00016640367201923434
1.2263306841775593e+19,3.8072144326717283,704695.9647645914,26442.128198852504,7.480408702974399,0.00017639219367677092
1.2999422244132422e+19,3.8072144326717283,746995.9382003708,28029.339388249024,7.929426584792827,0.00018698028482512708
1.377972359833554e+19,3.8072144326717283,791835.0034461417,29711.824276524858,8.405397146096877,0.000198203935131908
1.460686320364986e+19,3.8072144326717283,839365.5716429971,31495.3017483242,8.90993824435029,0.00021010129457506508
1.548365256585496e+19,3.8072144326717283,889749.202540142,33385.83396919625,9.44476485028432,0.0002227128031173582
1.6413071953751267e+19,3.8072144326717283,943157.1536478609,35389.8469913229,10.011694877204043,0.00023608132816463768
1.7398280529303622e+19,3.8072144326717283,999770.9623538567,37514.152596122745,10.612655360203732,0.00025025231027517623
1.8442627085855328e+19,3.8072144326717283,1059783.062981621,39765.971447975935,11.249689006294872,0.000265273917615327
1.9549661430912594e+19,3.8072144326717283,1123397.4408882505,42152.95763777094,11.924961137711175,0.000281197209686514
2.0723146452190294e+19,3.8072144326717283,1190830.3258250472,44683.224699698694,12.640767051991375,0.0002980763108800739
2.1967070907932353e+19,3.8072144326717283,1262310.9269176722,47365.373189726764,13.399539823857232,0.00031596859444987455
2.3285662984981967e+19,3.8072144326717283,1338082.2117641077,50208.519919494865,14.203858575405885,0.00033493487752804584
2.468340467068651e+19,3.8072144326717283,1418401.732298639,53222.32894499981,15.056457242727541,0.00035503962784669605
2.6165046987488236e+19,3.8072144326717283,1503542.500229017,56417.04441540253,15.960233868746792,0.00037635118286827356
2.773562614198418e+19,3.8072144326717283,1593793.9150224861,59803.52539361265,16.91826045387467,0.00039894198206941585
2.9400480643347137e+19,3.8072144326717283,1689462.7475949551,63393.2827670082,17.93379339795441,0.00042288881316783266
3.1165269449294365e+19,3.8072144326717283,1790874.18304695,67198.51837375258,19.01028456899389,0.00044827307312916696
3.303599120128346e+19,3.8072144326717283,1898372.9259906753,71232.16647770196,20.15139303630813,0.00047518104484101494
3.50190046143172e+19,3.8072144326717283,2012324.3722252708,75507.93773287917,21.36099750795362,0.000503704190394538
3.712105009066372e+19,3.8072144326717283,2133115.8507428695,80040.36578695248,22.643209514730238,0.0005339394619705537
3.934927263095861e+19,3.8072144326717283,2261157.9402871253,84844.85668212766,24.002387385564,0.0005659896313868264
4.171124612056533e+19,3.8072144326717283,2396885.864939282,89937.74122137067,25.443151061774085,0.0005999636394267152
4.421499907374468e+19,3.8072144326717283,2540760.9734754604,95336.33047795639,26.970397800578585,0.0006359769661365649
4.6869041923142115e+19,3.8072144326717283,2693272.307523748,101058.97463703001,28.589318821217823,0.0006741520233505436
4.9682395947343675e+19,3.8072144326717283,2854938.2638509083,107125.12536917005,30.305416950271752,0.0007146185707770313
5.266462393484259e+19,3.8072144326717283,3026308.356429806,113555.4019479982,32.1245253261583,0.0007575141570610838
5.582586268862678e+19,3.8072144326717283,3207965.0842758664,120371.66133653349,34.052827226379144,0.0008029845873219055
5.917685748188806e+19,3.8072144326717283,3400525.911402367,127597.0724805535,36.09687708491666,0.000851184418754747
6.272899858196231e+19,3.8072144326717283,3604645.365624092,135256.19506147204,38.26362277121649,0.0009022774859816935
6.649435996665032e+19,3.8072144326717283,3821017.263343473,143375.06297642615,40.56042920648512,0.0009564374579370847
7.048574036451889e+19,3.8072144326717283,4050377.0678814165,151981.27282932636,42.99510339757585,0.0010138484281804552
7.471670675868067e+19,3.8072144326717283,4293504.38936893,161104.07773365706,45.57592097355502,0.0010747055406435107
7.920164050192541e+19,3.8072144326717283,4551225.634696876,170774.4867458698,48.31165431514806,0.0011392156529380969
8.395578619995103e+19,3.8072144326717283,4824416.816531197,181025.37026735028,51.211602372679494,0.0012075980394797925
8.899530352885224e+19,3.8072144326717283,5114006.53094168,191891.5717732282,54.28562227386014,0.0012800851368170946
9.433732216299774e+19,3.8072144326717283,5420979.113765394,203410.026247803,57.54416282885839,0.0013569233336996145
1e+20,3.8072144326717283,5746377.986433544,215619.8857291576,60.99830004654208,0.0014383738085707988
1e+18,4.000490906665932,61894.650341351626,2210.251969620525,0.6409493055189629,1.5113940765180093e-05
1.0600258488068824e+18,4.000490906665932,65609.92926469646,2342.924220174081,0.6794228316249203,1.6021167888426968e-05
1.1236548001387516e+18,4.000490906665932,69548.22095896938,2483.560235180233,0.720205763791982,1.698285208980737e-05
1.191103133283008e+18,4.000490906665932,73722.91195504014,2632.638046359947,0.7634367260792047,1.8002262201659793e-05
1.2626001098748577e+18,4.000490906665932,78148.19232165646,2790.664379693995,0.8092626635724562,1.9082863270758478e-05
1.3383887531737592e+18,4.000490906665932,82839.1038984874,2958.17637782026,0.8578393418611115,2.0228328336251437e-05
1.418726674116599e+18,4.000490906665932,87811.59142439562,3135.74342581939,0.9093318764962622,2.1442550914579244e-05
1.5038869469554132e+18,4.000490906665932,93082.55673472813,3323.9690865947996,0.9639152942301054,2.272965823381165e-05
1.5941590374560028e+18,4.000490906665932,98669.91621184497,3523.4931524254903,1.0217751279442033,2.409402526238654e-05
1.689849786812462e+18,4.000490906665932,104592.66168416494,3734.9938196650687,1.0831080472888153,2.5540289579935768e-05
1.7912844546220096e+18,4.000490906665932,110870.92498072803,3959.1899939789246,1.1481225271768911,2.707336714074498e-05
1.898807824465269e+18,4.000490906665932,117526.04636070039,4196.843733955225,1.217039556404987,2.8698468983428558e-05
2.0127853758499466e+18,4.000490906665932,124580.64705041847,4448.762841395734,1.290093388809748,3.0421118943616846e-05
2.133604526501402e+18,4.000490906665932,132058.70613452938,4715.803607090991,1.3675323395131893,3.224717242986231e-05
2.2616759492228552e+18,4.000490906665932,139985.64206259316,4998.873721413186,1.44961962896333,3.418283632658669e-05
2.3974349678010685e+18,4.000490906665932,148388.39904817674,5298.935359619431,1.5366342776389719,3.623469009171679e-05
2.541343036702629e+18,4.000490906665932,157295.53865413796,5617.0084523533915,1.6288720544600022,3.8409708120726435e-05
2.693889309590164e+18,4.000490906665932,166737.33687538834,5954.174152461336,1.7266464821267742,4.071528345309764e-05
2.8555923019901005e+18,4.000490906665932,176745.88704913267,6311.578509906829,1.8302899028058517,4.315925290178265e-05
3.0270016537634555e+18,4.000490906665932,187355.2089423822,6690.436367275263,1.9401546077844387,4.5749923691083045e-05
3.208699997370444e+18,4.000490906665932,198601.3643875395,7092.035489109397,2.056614034933284,4.849610169349041e-05
3.401304938279246e+18,4.000490906665932,210522.5798591065,7517.740939111721,2.1800640380483016,5.140712136146706e-05
3.6054711542504986e+18,4.000490906665932,223159.37640816404,7968.999720092152,2.310924232385511,5.449287745590754e-05
3.821892620633115e+18,4.000490906665932,236554.7073962787,8447.345692432493,2.449639420962844,5.776385867912781e-05
4.051304969235378e+18,4.000490906665932,250754.10449700404,8954.404787785916,2.596681106476939,6.123118332670328e-05
4.294487988789272e+18,4.000490906665932,265805.8324612464,9491.900535733175,2.752549093974012,6.490663707933845e-05
4.5522682755073096e+18,4.000490906665932,281761.0531725527,10061.659922181063,2.917773189722417,6.880271306322602e-05
4.825522042741279e+18,4.000490906665932,298673.99954995635,10665.61959941617,3.0929150020614697,7.293265431506253e-05
5.115178099293145e+18,4.000490906665932,316602.15988948883,11305.832468922448,3.27856985034775,7.73104987960631e-05
5.422221006501592e+18,4.000490906665932,335606.47327094775,11984.47465933793,3.4753687884875273,8.195112710798024e-05
5.747694424835359e+18,4.000490906665932,355751.53669412073,12703.852923269264,3.683980749933438,8.687031307331749e-05
6.092704661368687e+18,4.000490906665932,377105.824648538,13466.412478106293,3.9051148214364075,9.208477735166297e-05
6.458424430196991e+18,4.000490906665932,399741.9218630859,14274.745317488218,4.139522653281465,9.761224427438932e-05
6.846096838574672e+18,4.000490906665932,423736.77002661215,15131.599021672517,4.388001014200004,0.00010347150209090431
7.257039612324231e+18,4.000490906665932,449171.9293181462,16039.886096753802,4.651394499642819,0.00010968246683123393
7.692649574879161e+18,4.000490906665932,476133.85563569295,17002.69387447716,4.930598402619544,0.00011626625000201148
8.154407395185187e+18,4.000490906665932,504714.1944659191,18023.295006296234,5.22656175686264,0.0001232452303459754
8.643882620598297e+18,4.000490906665932,535010.0923936177,19105.15858734601,5.540290562659911,0.00013064312990889235
9.162739011886769e+18,4.000490906665932,567124.5273097933,20251.961948141554,5.872851206320333,0.00013848509467246143
9.712740198471207e+18,4.000490906665932,601166.6584407656,21467.603154083434,6.2253740848962345,0.00014679778002727739
1.0295755673125085e+19,4.000490906665932,637252.1973880645,22756.214255256415,6.599057448482445,0.00015560944137637942
1.0913767146512693e+19,4.000490906665932,675503.8014403341,24122.175331559458,6.9951714731529835,0.00016495003017736142
1.1568875283162786e+19,4.000490906665932,716051.490494066,25570.12938090476,7.415062578378683,0.00017485129574947844
1.2263306841775593e+19,4.000490906665932,759033.0890004054,27104.998101095363,7.860158003602012,0.00018534689319182408
1.2999422244132422e+19,4.000490906665932,804594.6944401647,28731.998619022554,8.331970659524433,0.0001964724977793819
1.377972359833554e+19,4.000490906665932,852891.1739194499,30456.66122404755,8.832104270596428,0.00020826592622579762
1.460686320364986e+19,4.000490906665932,904086.6905738632,32284.848165844673,9.362258826189871,0.00022076726522505272
1.548365256585496e+19,4.000490906665932,958355.2615705647,34222.77358060082,9.924236358981643,0.0002340190077089606
1.6413071953751267e+19,4.000490906665932,1015881.3496048795,36277.024613302136,10.519947070189643,0.00024806619728363536
1.7398280529303622e+19,4.000490906665932,1076860.4899019937,38454.58380790376,11.15141582248125,0.0002629565813358811
1.8442627085855328e+19,4.000490906665932,1141499.9548549564,40762.85284148858,11.820789022624188,0.00027874077332992346
1.9549661430912594e+19,4.000490906665932,1210019.458558143,43209.67768308897,12.530341917274281,0.00029547242484613887
2.0723146452190294e+19,4.000490906665932,1282651.9036309398,45803.37526268819,13.282486326699129,0.00031320840794655613
2.1967070907932353e+19,4.000490906665932,1359644.1728701505,48552.76174105122,14.079778842725057,0.0003320090084870005
2.3285662984981967e+19,4.000490906665932,1441257.9684220133,51467.18247647615,14.924929518772814,0.0003519381310329642
2.468340467068651e+19,4.000490906665932,1527770.701326227,54556.543790325326,15.820811081520043,0.0003730635160757256
2.6165046987488236e+19,4.000490906665932,1619476.43445562,57831.34663930946,16.770468695501616,0.00039545697028705104
2.773562614198418e+19,4.000490906665932,1716686.8820565625,61302.72230897906,17.777130313838352,0.0004191946105951294
2.9400480643347137e+19,4.000490906665932,1819732.4692876479,64982.47024974813,18.84421765027706,0.0004443571229113726
3.1165269449294365e+19,4.000490906665932,1928963.455358083,68883.09818405723,19.975357809836574,0.00047103003638751187
3.303599120128346e+19,4.000490906665932,2044751.1240834084,73017.8646210031,21.174395617593202,0.000499304014135209
3.50190046143172e+19,4.000490906665932,2167489.0459053423,77400.82392294484,22.445406687511966,0.0005292751613963586
3.712105009066372e+19,4.000490906665932,2297594.4156654305,82046.87407727167,23.79271127574555,0.0005610453522115747
3.934927263095861e+19,4.000490906665932,2435509.470679701,86971.80733571129,25.22088896548926,0.0005947225756972308
4.171124612056533e+19,4.000490906665932,2581702.993934451,92192.36389330601,26.73479423330689,0.0006304213031080725
4.421499907374468e+19,4.000490906665932,2736671.907512613,97726.28878951387,28.33957294983824,0.0006682628769330698
4.6869041923142115e+19,4.000490906665932,2900942.961667032,103592.39222485182,30.040679870977097,0.0007083759233471124
4.9682395947343675e+19,4.000490906665932,3075074.5252814214,109810.61349808314,31.84389717896806,0.0007508967894203758
5.266462393484259e+19,4.000490906665932,3259658.4838058595,116402.08878131009,33.75535413645471,0.0007959700065716968
5.582586268862678e+19,4.000490906665932,3455322.2511168625,123389.22296330231,35.78154792027232,0.0008437487818409826
5.917685748188806e+19,4.000490906665932,3662730.9021414598,130795.76580529619,37.929365705810795,0.0008943955186507606
6.272899858196231e+19,4.000490906665932,3882589.433493699,138646.8926681053,40.20610807700875,0.0009480823688268444
6.649435996665032e+19,4.000490906665932,4115645.159807792,146969.29008494507,42.619513841552454,0.0010049918177545156
7.048574036451889e+19,4.000490906665932,4362690.253913191,155791.2464708388,45.17778633562831,0.001065317304659202
7.471670675868067e+19,4.000490906665932,4624564.439485844,165142.74827693315,47.889621307640375,0.0011292638801200308
7.920164050192541e+19,4.000490906665932,4902157.845328107,175055.5819165574,50.76423647567166,0.0011970489030511894
8.395578619995103e+19,4.000490906665932,5196414.030979244,185563.44180948148,53.81140285915714,0.0012689027795201842
8.899530352885224e+19,4.000490906665932,5508333.193940766,196702.04491162216,57.04147799126716,0.001345069745914296
9.433732216299774e+19,4.000490906665932,5838975.569418186,208509.25211949175,60.46544112489207,0.001425808699117259
1e+20,4.000490906665932,6189465.034135163,221025.1969620525,64.0949305518963,0.0015113940765180095
1e+18,4.203579225004669,66667.1727812294,2265.660123458084,0.6734876413470309,1.588121280380844e-05
1.0600258488068824e+18,4.203579225004669,70668.92641497777,2401.6582954765613,0.7139143086798315,1.6834496082439767e-05
1.1236548001387516e+18,4.203579225004669,74910.88870730794,2545.8198732066326,0.7567676210337172,1.7845000999024356e-05
1.191103133283008e+18,4.203579225004669,79407.47838684199,2698.63487200529,0.8021932398358312,1.8916162330950456e-05
1.2626001098748577e+18,4.203579225004669,84173.97967862636,2860.6227208172604,0.8503455699641199,2.0051621031034532e-05
1.3383887531737592e+18,4.203579225004669,89226.5942562892,3032.3340277505704,0.9013882845803888,2.125523660337632e-05
1.418726674116599e+18,4.203579225004669,94582.49631267022,3214.35245163229,0.9554948814669059,2.253110022208509e-05
1.5038869469554132e+18,4.203579225004669,100259.8909361121,3407.296685906002,1.0128492727575886,2.3883548637468692e-05
1.5941590374560028e+18,4.203579225004669,106278.07599083768,3611.8225616143877,1.0736464100682965,2.5317178916953212e-05
1.689849786812462e+18,4.203579225004669,112657.50771175008,3828.6252766151392,1.138092947151108,2.6836864070839034e-05
1.7912844546220096e+18,4.203579225004669,119419.87023661577,4058.4417586074487,1.2064079423249798,2.8447769616006077e-05
1.898807824465269e+18,4.203579225004669,126588.14931197639,4302.053170001157,1.2788236030704012,3.015537113386948e-05
2.0127853758499466e+18,4.203579225004669,134186.71042332012,4560.287563142815,1.3555860753189775,3.196547288226655e-05
2.133604526501402e+18,4.203579225004669,142241.38161508212,4834.022694923892,1.436956280120778,3.388422752453771e-05
2.2616759492228552e+18,4.203579225004669,150779.54128199109,5124.189010338433,1.523210800533408,3.5918157042863615e-05
2.3974349678010685e+18,4.203579225004669,159830.21123015496,5431.772805130896,1.6146428217472366,3.80741749069404e-05
2.541343036702629e+18,4.203579225004669,169424.15532422834,5757.819578285019,1.7115631276425542,4.0359609573351205e-05
2.693889309590164e+18,4.203579225004669,179593.9840559542,6103.437585748462,1.8143011571658607,4.278222939550598e-05
2.8555923019901005e+18,4.203579225004669,190374.26538952262,6469.801607472845,1.923206124116051,4.5350269028822e-05
3.0270016537634555e+18,4.203579225004669,201801.6422605154,6858.156940573534,2.0386482041467113,4.807245742089751e-05
3.208699997370444e+18,4.203579225004669,213914.95712782568,7269.823632182273,2.1610197930192445,5.09580474818196e-05
3.401304938279246e+18,4.203579225004669,226755.38400191124,7706.200966380346,2.2907368403836976,5.401684753545723e-05
3.6054711542504986e+18,4.203579225004669,240366.56839815655,8168.772220463744,2.428240263620925,5.7259254658645e-05
3.821892620633115e+18,4.203579225004669,254794.77569105348,8659.109706707162,2.573997446551819,6.0696290021579604e-05
4.051304969235378e+18,4.203579225004669,270089.04837346816,9178.880116764174,2.7285038281078404,6.433963634955364e-05
4.294487988789272e+18,4.203579225004669,286301.3727555287,9729.85018686956,2.8922845863628415,6.820167763336174e-05
4.5522682755073096e+18,4.203579225004669,303486.855669755,10313.89270310021,3.0658964236503334,7.229554122335765e-05
4.825522042741279e+18,4.203579225004669,321703.9117830638,10932.992867106908,3.24992945883393,7.663514245024264e-05
5.115178099293145e+18,4.203579225004669,341014.4621523367,11589.255043954594,3.4450092331629287,8.123523192425482e-05
5.422221006501592e+18,4.203579225004669,361484.1446984532,12284.909915007413,3.6517988365310807,8.611144567353215e-05
5.747694424835359e+18,4.203579225004669,383182.5373142077,13022.322060171817,3.8710011613658444,9.128035829207367e-05
6.092704661368687e+18,4.203579225004669,406183.39436446794,13803.997995270222,4.103361291809257,9.675953927795175e-05
6.458424430196991e+18,4.203579225004669,430564.8973824558,14632.594691864817,4.349669036311413,0.00010256761275327367
6.846096838574672e+18,4.203579225004669,456409.92081428604,15510.928608491087,4.610761612245021,0.00010872432076888457
7.257039612324231e+18,4.203579225004669,483806.3137150455,16441.985263998722,4.887526491666217,0.0001152505904089886
7.692649574879161e+18,4.203579225004669,512847.1983539199,17428.929385540494,5.180904417894606,0.00012216860492378248
8.154407395185187e+18,4.203579225004669,543631.2867433456,18475.11566570278,5.491892603166057,0.0001295018791318852
8.643882620598297e+18,4.203579225004669,576263.2161680926,19584.10016534192,5.821548118227339,0.0001372753393488629
9.162739011886769e+18,4.203579225004669,610853.9048547663,20759.652400885578,6.170991485394044,0.00014551540811353123
9.712740198471207e+18,4.203579225004669,647520.9289906722,22005.768157184568,6.541410487284867,0.00015425009400002587
1.0295755673125085e+19,4.203579225004669,686388.9223735528,23326.683069466846,6.934064204178326,0.00016350908682091748
1.0913767146512693e+19,4.203579225004669,727590.0000506667,24726.887020560727,7.3502872937155495,0.00017332385854498128
1.1568875283162786e+19,4.203579225004669,771264.2073871075,26211.13940232177,7.791494527495268,0.0001837277702726278
1.2263306841775593e+19,4.203579225004669,817559.9960898861,27784.485293141654,8.25918559998235,0.00019475618563263817
1.2999422244132422e+19,4.203579225004669,866634.7288057328,29452.27260652482,8.75495022607487,0.000206446590985628
1.377972359833554e+19,4.203579225004669,918655.2140078194,31220.170269023165,9.280473544657022,0.00021883872284282765
1.460686320364986e+19,4.203579225004669,973798.2729895071,33094.18748931668,9.837541846504879,0.0002319747029332825
1.548365256585496e+19,4.203579225004669,1032251.3408923784,35080.69418393702,10.428048646014558,0.00024589918137857714
1.6413071953751267e+19,4.203579225004669,1094213.1038114862,37186.44262906251,11.054001117391046,0.0002606594884617438
1.7398280529303622e+19,4.203579225004669,1159894.1741433837,39418.59041198042,11.717526917174668,0.00027630579550622775
1.8442627085855328e+19,4.203579225004669,1229517.8064724982,41784.72476023038,12.42088141629557,0.00029289128541174994
1.9549661430912594e+19,4.203579225004669,1303320.6564291862,44292.88833112516,13.166455366238344,0.0003104723334267291
2.0723146452190294e+19,4.203579225004669,1381553.5850988913,46951.60654930941,13.956783025374731,0.0003291086987717219
2.1967070907932353e+19,4.203579225004669,1464482.5117166436,49769.916585278486,14.794550773086339,0.0003488637277652231
2.3285662984981967e+19,4.203579225004669,1552389.3175452705,52757.39807335757,15.682606240957368,0.00036980456914226386
2.468340467068651e+19,4.203579225004669,1645572.8040096622,55924.20567355344,16.623967992074945,0.0003920024022976917
2.6165046987488236e+19,4.203579225004669,1744349.708343864,59281.10358795916,17.62183578133769,0.00041553267922994766
2.773562614198418e+19,4.203579225004669,1849055.7802032419,62839.50214903512,18.679601431647974,0.0004404753810077232
2.9400480643347137e+19,4.203579225004669,1960046.922901214,66611.49660413287,19.8008603629569,0.0004669152896312467
3.1165269449294365e+19,4.203579225004669,2077700.4031496774,70609.90822809271,20.98942381334994,0.0004949422762122736
3.303599120128346e+19,4.203579225004669,2202416.1334151383,74848.32790366006,22.249331793713665,0.0005246516064523259
3.50190046143172e+19,4.203579225004669,2334618.031249354,79341.1623178531,23.584866820017282,0.0005561442644575212
3.712105009066372e+19,4.203579225004669,2474755.460214949,84103.68293130687,25.000568469886097,0.0005895272959906631
3.934927263095861e+19,4.203579225004669,2623304.757303819,89152.07788704347,26.50124881294559,0.0006249141723273289
4.171124612056533e+19,4.203579225004669,2780770.8520401134,94503.50703511057,28.09200876738504,0.0006624251759527272
4.421499907374468e+19,4.203579225004669,2947688.9827712346,100176.16026011943,29.778255438337464,0.0007021878094103324
4.6869041923142115e+19,4.203579225004669,3124626.515980799,106189.31930994826,31.565720497012094,0.0007443372286920391
4.9682395947343675e+19,4.203579225004669,3312184.874807012,112563.42333575207,33.46047966304578,0.000789016702642835
5.266462393484259e+19,4.203579225004669,3511001.58332262,119320.13836608901,35.468973356305526,0.0008363780999417785
5.582586268862678e+19,4.203579225004669,3721752.4335238687,126482.43095126818,37.598028588326464,0.0008865824053142714
5.917685748188806e+19,4.203579225004669,3945153.7823952194,134074.64622827593,39.85488216780619,0.000939800266730508
6.272899858196231e+19,4.203579225004669,4181964.986857175,142122.59067161067,42.247205299027044,0.0009962125754499414
6.649435996665032e+19,4.203579225004669,4432990.98487394,150653.61981130723,44.78312965681976,0.0010560110808834145
7.048574036451889e+19,4.203579225004669,4699085.031494255,159696.7312163103,47.47127502669903,0.0011193990423629147
7.471670675868067e+19,4.203579225004669,4981151.599125415,169282.6630592539,50.32077860412161,0.00118659192003436
7.920164050192541e+19,4.203579225004669,5280149.451898677,179443.9985976751,53.34132605245722,0.001257818107221811
8.395578619995103e+19,4.203579225004669,5597094.904576089,190215.2769268015,56.543184425240625,0.0013333197067524661
8.899530352885224e+19,4.203579225004669,5933065.277075946,201633.110380369,59.937237064609796,0.0014133533538812266
9.433732216299774e+19,4.203579225004669,6289202.556359072,213736.3089785225,63.535020594552336,0.0014981910886120015
1e+20,4.203579225004669,6666717.278122939,226566.01234580838,67.34876413470309,0.001588121280380844
1e+18,4.416977494298906,71807.69100609854,2322.4572879396237,0.7076778134269572,1.6687436059092133e-05
1.0600258488068824e+18,4.416977494298906,76118.00860960195,2461.86475796593,0.750156774859709,1.7689113572949716e-05
1.1236548001387516e+18,4.416977494298906,80687.0566858829,2609.640279710585,0.7951855720088964,1.8750917629807367e-05
1.191103133283008e+18,4.416977494298906,85530.36575118206,2766.286152580843,0.8429172609277168,1.9876457376444492e-05
1.2626001098748577e+18,4.416977494298906,90664.39855415987,2932.3348269322337,0.8935140849888754,2.1069558601739393e-05
1.3383887531737592e+18,4.416977494298906,96106.60603393879,3108.350713904824,0.9471480263612376,2.2334276740795153e-05
1.418726674116599e+18,4.416977494298906,101875.48663707462,3294.932103896439,1.0040013905893341,2.3674910659649188e-05
1.5038869469554132e+18,4.416977494298906,107990.64919507923,3492.7132001938703,1.0642674262627494,2.5096017267421744e-05
1.5941590374560028e+18,4.416977494298906,114472.87957622013,3702.36627467451,1.128150981881687,2.660242700557091e-05
1.689849786812462e+18,4.416977494298906,121344.21133815078,3924.6039529058226,1.195869202151453,2.8199260266903433e-05
1.7912844546220096e+18,4.416977494298906,128628.00062152503,4160.181636409841,1.2676522660726035,2.9891944800150512e-05
1.898807824465269e+18,4.416977494298906,136349.00553916424,4409.900070326146,1.3437441693355794,3.168623415926802e-05
2.0127853758499466e+18,4.416977494298906,144533.4703306269,4674.608065201004,1.4244035536792468,3.358822726017172e-05
2.133604526501402e+18,4.416977494298906,153209.21456822587,4955.205382154152,1.509904586032371,3.56043891113817e-05
2.2616759492228552e+18,4.416977494298906,162405.72771771945,5252.645791230387,1.6005378904263685,3.774157278904291e-05
2.3974349678010685e+18,4.416977494298906,172154.26937507497,5567.94031333089,1.6966115358467881,4.0007042731011944e-05
2.541343036702629e+18,4.416977494298906,182487.97552004253,5902.160656744636,1.79845208338154,4.240849942919415e-05
2.693889309590164e+18,4.416977494298906,193441.97114768263,6256.442859960318,1.9064056962250227,4.4954105604057715e-05
2.8555923019901005e+18,4.416977494298906,205053.48966069877,6631.991153141196,2.020839316311206,4.765251395029553e-05
3.0270016537634555e+18,4.416977494298906,217361.99942839556,7030.082051388232,2.142141911575106,5.0512896547943816e-05
3.208699997370444e+18,4.416977494298906,230409.33794244606,7452.0686937048395,2.2707257980821995,5.3544976038928385e-05
3.401304938279246e+18,4.416977494298906,244239.85402547318,7899.385442411668,2.407028041519769,5.675905867500924e-05
3.6054711542504986e+18,4.416977494298906,258900.5585758213,8373.552758645159,2.5515119428139608,6.016606934945631e-05
3.821892620633115e+18,4.416977494298906,274441.28436091094,8876.182370512046,2.7046686129222666,6.377758873153119e-05
4.051304969235378e+18,4.416977494298906,290914.85540232563,9408.982751466718,2.8670186421542585,6.760589262999759e-05
4.294487988789272e+18,4.416977494298906,308377.2665283817,9973.764927532824,3.0391138696947237,7.166399371946016e-05
4.5522682755073096e+18,4.416977494298906,326887.873704494,10572.448633108295,3.2215392593439183,7.596568577136184e-05
4.825522042741279e+18,4.416977494298906,346509.5957882832,11207.068836277784,3.4149148878507325,8.052559053998476e-05
5.115178099293145e+18,4.416977494298906,367309.12839520467,11879.782655812518,3.619898052597233,8.535920746282281e-05
5.422221006501592e+18,4.416977494298906,389357.170601643,12592.876693368946,3.8371855057987623,9.048296634426152e-05
5.747694424835359e+18,4.416977494298906,412728.6652560528,13348.774805808824,4.0675158228137995,9.591428320164039e-05
6.092704661368687e+18,4.416977494298906,437503.053714979,14150.046344059425,4.3116719126136225,0.00010167161946352256
6.458424430196991e+18,4.416977494298906,463764.5458698236,14999.414886518316,4.570483678945049,0.00010777454472139084
6.846096838574672e+18,4.416977494298906,491602.4063821982,15899.767496688168,4.84483084123173,0.00011424380324806767
7.257039612324231e+18,4.416977494298906,521111.25810079556,16854.164536508953,5.135645924802426,0.00012110138450895939
7.692649574879161e+18,4.416977494298906,552391.4036911181,17865.85006874376,5.4439174306102975,0.0001283705979057983
8.154407395185187e+18,4.416977494298906,585549.1665713029,18938.262883776602,5.770693195217263,0.00013607615200694084
8.643882620598297e+18,4.416977494298906,620697.2523129078,20075.04818830317,6.11708395246428,0.00014424423853353182
9.162739011886769e+18,4.416977494298906,657955.1317350898,21280.069995645135,6.484267108933908,0.0001529026213870095
9.712740198471207e+18,4.416977494298906,697449.4469943328,22557.424259803607,6.8734907460382155,0.00016208073102056214
1.0295755673125085e+19,4.416977494298906,739314.4420500523,23911.452797895083,7.286077862335352,0.00017180976447531
1.0913767146512693e+19,4.416977494298906,783692.4189692934,25346.758048294436,7.723430870495066,0.000182122791421251
1.1568875283162786e+19,4.416977494298906,830734.2216214442,26868.21871464599,8.187036364197812,0.00019305486656339042
1.2263306841775593e+19,4.416977494298906,880599.7484071961,28481.00634892158,8.678470171171597,0.0002046431487951573
1.2999422244132422e+19,4.416977494298906,933458.4957644652,30190.602929889807,9.199402709541383,0.00021692702750409978
1.377972359833554e+19,4.416977494298906,989490.134298723,32002.81949674799,9.751604665697938,0.0002299482564591873
1.460686320364986e+19,4.416977494298906,1048885.11949604,33923.81590125374,10.336953012985614,0.00024375109573481274
1.548365256585496e+19,4.416977494298906,1111845.339094698,35960.12174549491,10.957437391666936,0.00025838246215390253
1.6413071953751267e+19,4.416977494298906,1178584.7993158333,38118.658576467074,11.615166871850015,0.0002738920887615027
1.7398280529303622e+19,4.416977494298906,1249330.3522856552,40406.76341289926,12.312377122366394,0.0002903326938709019
1.8442627085855328e+19,4.416977494298906,1324322.4671218032,42832.213684297414,13.051438009966876,0.0003077601602568915
1.9549661430912594e+19,4.416977494298906,1403816.047304814,45403.25366697513,13.834861654665547,0.0003262337251052536
2.0723146452190294e+19,4.416977494298906,1488081.297113008,48128.62250692951,14.665310968612634,0.00034581618136412753
2.1967070907932353e+19,4.416977494298906,1577404.6400658633,51017.58392481398,15.545608707520492,0.0003665740911816641
2.3285662984981967e+19,4.416977494298906,1672089.692497732,54079.95770397731,16.478747065409074,0.0003885780121554551
2.468340467068651e+19,4.416977494298906,1772458.2955711465,57326.15306859884,17.467897845284174,0.0004119027371627773
2.6165046987488236e+19,4.416977494298906,1878851.609237605,60767.20406537475,18.51642324031927,0.0004366275485868512
2.773562614198418e+19,4.416977494298906,1991631.2718642692,64414.80706901991,19.627887262186917,0.0004628364878032452
2.9400480643347137e+19,4.416977494298906,2111180.6294682524,68281.3605390694,20.806067855385486,0.0004906186408424314
3.1165269449294365e+19,4.416977494298906,2237906.038736733,72380.0071631158,22.054969738738592,0.0005200684411994773
3.303599120128346e+19,4.416977494298906,2372238.2482619532,76724.67852973007,23.378838017716483,0.0005512859908201481
3.50190046143172e+19,4.416977494298906,2514633.8626860287,81330.1424829123,24.782172613848523,0.0005843774003544707
3.712105009066372e+19,4.416977494298906,2665576.894732287,86212.0533190338,26.269743560273458,0.0006194551498343072
3.934927263095861e+19,4.416977494298906,2825580.4103986067,91387.00499689301,27.846607215418004,0.0006566384710009059
4.171124612056533e+19,4.416977494298906,2995188.272904883,96872.58754175034,29.518123449915336,0.000696053752581989
4.421499907374468e+19,4.416977494298906,3174976.9913223917,102687.44683506206,31.289973865182578,0.0007378349698959323
4.6869041923142115e+19,4.416977494298906,3365557.680168868,108851.34799314917,33.16818110558561,0.0007821241402433428
4.9682395947343675e+19,4.416977494298906,3567578.1366294976,115385.24255021037,35.1591293298285,0.0008290718056337959
5.266462393484259e+19,4.416977494298906,3781725.0424655587,122311.33967407473,37.26958591116241,0.0008788375444888191
5.582586268862678e+19,4.416977494298906,4008726.2980937976,129653.18165671799,39.50672444016095,0.0009315905140601166
5.917685748188806e+19,4.416977494298906,4249353.49677135,137435.7239361754,41.878149108261226,0.000987510025407015
6.272899858196231e+19,4.416977494298906,4504424.547295544,145685.4199218327,44.3919205549458,0.0010467861528873773
6.649435996665032e+19,4.416977494298906,4774806.454133516,154430.3109114278,47.056583266424106,0.0011096203802337331
7.048574036451889e+19,4.416977494298906,5061418.264431462,163700.12140539702,49.881194618942956,0.0011762262854106786
7.471670675868067e+19,4.416977494298906,5365234.191920618,173526.3601425457,52.8753556654463,0.0012468302665814208
7.920164050192541e+19,4.416977494298906,5687286.928338361,183942.4272004708,56.04924377023052,0.0013216723116510822
8.395578619995103e+19,4.416977494298906,6028671.153620156,194983.72752477718,59.41364720252246,0.0014010068140024926
8.899530352885224e+19,4.416977494298906,6390547.256793774,206687.79127298182,62.980001806566534,0.0014851034371972185
9.433732216299774e+19,4.416977494298906,6774145.280223314,219094.40138216232,66.76042987286468,0.001574248031581
1e+20,4.416977494298906,7180769.100609856,232245.72879396242,70.76778134269573,0.0016687436059092133
1e+18,4.641209107964744,77344.58013613464,2380.6782837627434,0.7436036786289095,1.753458792262448e-05
1.0600258488068824e+18,4.641209107964744,81987.25420941805,2523.580518481714,0.78823912061453,1.8587116446158922e-05
1.1236548001387516e+18,4.641209107964744,86908.60873468402,2675.0605811360915,0.8355538428922078,1.9702823887711976e-05
1.191103133283008e+18,4.641209107964744,92125.37174260868,2835.6333631286175,0.8857086715356651,2.0885502615464406e-05
1.2626001098748577e+18,4.641209107964744,97655.27537810833,3005.8446626555274,0.9388740863402096,2.2139172637716022e-05
1.3383887531737592e+18,4.641209107964744,103517.11617314913,3186.273039913063,0.995230800295567,2.3468095267177034e-05
1.418726674116599e+18,4.641209107964744,109730.81893748305,3377.53178366433,1.054970373842061,2.4876787605470108e-05
1.5038869469554132e+18,4.641209107964744,116317.50448447981,3580.270995851005,1.118295865998045,2.637003789707699e-05
1.5941590374560028e+18,4.641209107964744,123299.56142225907,3795.179801335624,1.1854225245718053,2.795292180491869e-05
1.689849786812462e+18,4.641209107964744,130700.72225414652,4022.98869028553,1.2565785178040254,2.963081966289135e-05
1.7912844546220096e+18,4.641209107964744,138546.14404712422,4264.472001160408,1.3320057099277063,3.140943476400007e-05
1.898807824465269e+18,4.641209107964744,146862.49394247346,4520.450552743245,1.4119604832817307,3.329481274625357e-05
2.0127853758499466e+18,4.641209107964744,155678.0397992661,4791.794434161199,1.4967146097724926,3.5293362142213646e-05
2.133604526501402e+18,4.641209107964744,165022.74627880726,5079.425962379778,1.586556174645735,3.7411876162048395e-05
2.2616759492228552e+18,4.641209107964744,174928.3766966355,5384.32281722334,1.6817905557086459,3.9657555784133326e-05
2.3974349678010685e+18,4.641209107964744,185428.60098826114,5707.521364577436,1.7827414613304557,4.203803423168222e-05
2.541343036702629e+18,4.641209107964744,196559.11015565423,6050.120179069613,1.8897520307500388,4.456140291861173e-05
2.693889309590164e+18,4.641209107964744,208357.73758347286,6413.283778201913,2.0031860004303392,4.7236238952826885e-05
2.8555923019901005e+18,4.641209107964744,220864.58763740252,6798.246580627894,2.123428940424235,5.0071634290415054e-05
3.0270016537634555e+18,4.641209107964744,234122.17198171964,7206.31710202857,2.2508895649542984,5.3077226639845014e-05
3.208699997370444e+18,4.641209107964744,248175.5540794333,7638.882402849387,2.3860011216612342,5.6263232221216974e-05
3.401304938279246e+18,4.641209107964744,263072.5023661696,8097.412803016378,2.529222864243123,5.964048049191426e-05
3.6054711542504986e+18,4.641209107964744,278863.65261844953,8583.466879657155,2.6810416134910913,6.322045095669173e-05
3.821892620633115e+18,4.641209107964744,295602.6800682596,9098.696764814338,2.841973412027468,6.701531218732105e-05
4.051304969235378e+18,4.641209107964744,313346.48184894613,9644.853761158753,3.012565278371008,7.103796318442319e-05
4.294487988789272e+18,4.641209107964744,332155.3703925795,10223.79429479056,3.1933970662913698,7.530207722208026e-05
4.5522682755073096e+18,4.641209107964744,352093.2784361585,10837.486225362325,3.3850834357729176,7.982214832425703e-05
4.825522042741279e+18,4.641209107964744,373227.97633348696,11488.015534972596,3.588275942287305,8.461354053100944e-05
5.115178099293145e+18,4.641209107964744,395631.30241137947,12177.593418565977,3.8036652514764158,8.96925401219388e-05
5.422221006501592e+18,4.641209107964744,419379.407153195,12908.563799940504,4.031983486773532,9.507641097440355e-05
5.747694424835359e+18,4.641209107964744,444553.01203969266,13683.41129890973,4.274006717942448,0.00010078345324465414
6.092704661368687e+18,4.641209107964744,471237.6839270314,14504.76967670047,4.530557598993259,0.00010683306557135322
6.458424430196991e+18,4.641209107964744,499524.1258945408,15375.430788292746,4.802508164441301,0.00011324581101291503
6.846096838574672e+18,4.641209107964744,529508.4855508767,16298.354072131493,5.090782793413874,0.00012004348694278907
7.257039612324231e+18,4.641209107964744,561292.6818465148,17276.676609466293,5.396361351680013,0.00012724919914026788
7.692649574879161e+18,4.641209107964744,594984.7515034435,18313.72378751152,5.720282522283261,0.00013488744032865848
8.154407395185187e+18,4.641209107964744,630699.2162395895,19413.02060267169,6.063647336098489,0.0001429841734277739
8.643882620598297e+18,4.641209107964744,668557.4720362064,20578.303642252555,6.427622914313392,0.00015156691980372652
9.162739011886769e+18,4.641209107964744,708688.2017713633,21813.53378538453,6.813446435555622,0.0001606648528159899
9.712740198471207e+18,4.641209107964744,751227.8126221126,23122.90966632984,7.222429341150074,0.0001703088969797025
1.0295755673125085e+19,4.641209107964744,796320.899722086,24510.88194593596,7.655961792800278,0.0001805318330802716
1.0913767146512693e+19,4.641209107964744,844120.7376505643,25982.16843974605,8.115517397846176,0.0001913684095975773
1.1568875283162786e+19,4.641209107964744,894789.8014235314,27541.770154185204,8.602658218158915,0.000202855460818495
1.2263306841775593e+19,4.641209107964744,948500.3187577206,29194.98828533423,9.119040079699408,0.0002150320320392365
1.2999422244132422e+19,4.641209107964744,1005434.8554847512,30947.442238068405,9.666418200787342,0.00022793951228306035
1.377972359833554e+19,4.641209107964744,1065786.9361052488,32805.08872681043,10.2466531582119,0.00024162177498447785
1.460686320364986e+19,4.641209107964744,1129761.701592253,34774.24202282232,10.861717211463295,0.00025612532711814676
1.548365256585496e+19,4.641209107964744,1197576.6066798356,36861.59541685818,11.513701006581703,0.0002714994672793539
1.6413071953751267e+19,4.641209107964744,1269462.1590070587,39074.243970130985,12.204820682410427,0.00028779645325341353
1.7398280529303622e+19,4.641209107964744,1345662.702629675,41419.7086309253,12.937425403407904,0.0003050716796435599
1.8442627085855328e+19,4.641209107964744,1426437.2485627844,43905.96179883034,13.714005344623187,0.0003233838661611059
1.9549661430912594e+19,4.641209107964744,1512060.3551775196,46541.45442348769,14.537200155976315,0.0003427952572178775
2.0723146452190294e+19,4.641209107964744,1602823.0614442865,49335.14472996438,15.40980793461434,0.0003633718334993543
2.1967070907932353e+19,4.641209107964744,1699033.8761947257,52296.52866839088,16.3347947358406,0.00038518353623766624
2.3285662984981967e+19,4.641209107964744,1801019.8267649617,55435.672191364516,17.315304654945628,0.0004083045049467687
2.468340467068651e+19,4.641209107964744,1909127.5705845528,58763.24546883125,18.354670514208497,0.00043281332942787234
2.6165046987488236e+19,4.641209107964744,2023724.5734895119,62290.55915674503,19.45642519139452,0.0004587933169017132
2.773562614198418e+19,4.641209107964744,2145200.358764566,66029.60284278398,20.624313628255585,0.00048633277517566353
2.9400480643347137e+19,4.641209107964744,2273967.8311602375,69993.08579980342,21.86230555985098,0.0005155253128081895
3.1165269449294365e+19,4.641209107964744,2410464.680385176,74194.48018554956,23.174609007956455,0.0005464701572909345
3.303599120128346e+19,4.641209107964744,2555154.868844307,78648.0668354726,24.56568458442667,0.0005792724923299535
3.50190046143172e+19,4.641209107964744,2708530.2086797254,83368.98380429226,26.040260653129025,0.0006140438153725372
3.712105009066372e+19,4.641209107964744,2871112.033474808,88373.27782131213,27.60334940198556,0.0006509023165948905
3.934927263095861e+19,4.641209107964744,3043452.970303788,93677.95883438284,29.260263879752696,0.0006899732806388649
4.171124612056533e+19,4.641209107964744,3226138.8181501,99301.05782791285,31.01663605544821,0.0007313895124632819
4.421499907374468e+19,4.641209107964744,3419790.539078364,105261.68811145377,32.87843596181037,0.0007752917887573359
4.6869041923142115e+19,4.641209107964744,3625066.3689283193,111580.11028719005,34.851991987861055,0.000821829336450508
4.9682395947343675e+19,4.641209107964744,3842664.0547044934,118277.80111714322,36.944012389542785,0.0008711603399453397
5.266462393484259e+19,4.641209107964744,4073323.226267827,125377.52652421137,39.16160809155707,0.000923452478797451
5.582586268862678e+19,4.641209107964744,4317827.910389342,132903.41897513455,41.51231685789526,0.0009788834976700875
5.917685748188806e+19,4.641209107964744,4577009.19571251,140881.05950845373,44.00412891323067,0.0010376418105007845
6.272899858196231e+19,4.641209107964744,4851748.05768206,149337.56468626158,46.64551410225482,0.0010999271409336043
6.649435996665032e+19,4.641209107964744,5142978.353041568,158301.67876530715,49.445450679276064,0.0011659512011938712
7.048574036451889e+19,4.641209107964744,5451689.994078312,167803.87140074917,52.41345582593846,0.0012359384117129376
7.471670675868067e+19,4.641209107964744,5778932.31340485,177876.44121466007,55.559618000792454,0.0013101266639490368
7.920164050192541e+19,4.641209107964744,6125817.630714497,188553.62558131758,58.894631230676175,0.0013887681289971071
8.395578619995103e+19,4.641209107964744,6493525.033634299,199871.71700245125,62.42983146046583,0.0014721301147361042
8.899530352885224e+19,4.641209107964744,6883304.385526937,211869.18646801237,66.1772350847509,0.0015604959744273121
9.433732216299774e+19,4.641209107964744,7296480.573864327,224586.81422177845,70.14957979240567,0.0016541660698520346
1e+20,4.641209107964744,7734458.013613464,238067.82837627435,74.36036786289095,0.0017534587922624478
1e+18,4.876824029929543,83308.40321723878,2440.3588045348192,0.781353350888283,1.8424746169962266e-05
1.0600258488068824e+18,4.876824029929543,88309.06083309956,2586.8434131703707,0.8282547489934541,1.953070719786561e-05
1.1236548001387516e+18,4.876824029929543,93609.88716694497,2742.120884776415,0.8779714433301175,2.070305447521618e-05
1.191103133283008e+18,4.876824029929543,99228.90010085734,2906.7190184161987,0.9306724244442114,2.1945772892986154e-05
1.2626001098748577e+18,4.876824029929543,105185.19905558463,3081.197294739739,0.9865368266826343,2.326308653861072e-05
1.3383887531737592e+18,4.876824029929543,111499.02991081703,3266.148777697963,1.045754537083508,2.4659473053958797e-05
1.418726674116599e+18,4.876824029929543,118191.85382235775,3462.2021304088435,1.1085268408155937,2.6139678855153113e-05
1.5038869469554132e+18,4.876824029929543,125286.42017010377,3670.0237520276314,1.1750671053607615,2.7708735265972994e-05
1.5941590374560028e+18,4.876824029929543,132806.84388478994,3890.320042884509,1.2456015057650875,2.937197561967822e-05
1.689849786812462e+18,4.876824029929543,140778.68741633758,4123.839805589079,1.320369793423768,3.1135053387384465e-05
1.7912844546220096e+18,4.876824029929543,149229.04762242205,4371.3767902631735,1.3996261110129977,3.300396139460982e-05
1.898807824465269e+18,4.876824029929543,158186.64787260062,4633.772392553425,1.4836398563388284,3.498505219131085e-05
2.0127853758499466e+18,4.876824029929543,167681.93568106886,4911.918513594343,1.572696598039288,3.708505964464737e-05
2.133604526501402e+18,4.876824029929543,177747.18619990462,5206.760591643041,1.6670990462522788,3.931112182787086e-05
2.2616759492228552e+18,4.876824029929543,188416.61192458888,5519.30081569064,1.7671680815487163,4.167080528313958e-05
2.3974349678010685e+18,4.876824029929543,199726.4789846793,5850.601531972989,1.873243845628108,4.4172130740726354e-05
2.541343036702629e+18,4.876824029929543,211715.23041494464,6201.788854960515,1.9856868974842037,4.682360038204703e-05
2.693889309590164e+18,4.876824029929543,224423.61682594637,6574.056495100582,2.1048794389703978,4.963422673917367e-05
2.8555923019901005e+18,4.876824029929543,237894.8349182344,6968.669816323394,2.2312266139307506,5.2613563329065835e-05
3.0270016537634555e+18,4.876824029929543,252174.67431097457,7386.970137103107,2.36515788531245,5.577173712664767e-05
3.208699997370444e+18,4.876824029929543,267311.67318408994,7830.379289693813,2.5071284949406207,5.911948298710901e-05
3.401304938279246e+18,4.876824029929543,283357.2832629529,8300.404453037518,2.657621010917353,6.266818013443427e-05
3.6054711542504986e+18,4.876824029929543,300366.0447064239,8798.643275771521,2.8171469679046726,6.642989084018631e-05
3.821892620633115e+18,4.876824029929543,318395.77149269293,9326.789306748677,2.986248605866886,7.041740142401703e-05
4.051304969235378e+18,4.876824029929543,337507.747933064,9886.63775152922,3.1655007131824147,7.464426571526862e-05
4.294487988789272e+18,4.876824029929543,357766.93698164553,10480.091574410928,3.355512580389981,7.91248511233941e-05
4.5522682755073096e+18,4.876824029929543,379242.2010490072,11109.167966738802,3.5569300712100613,8.387438747379402e-05
4.825522042741279e+18,4.876824029929543,402006.53607036424,11776.005203480527,3.7704378178811706,8.890901877506586e-05
5.115178099293145e+18,4.876824029929543,426137.3196239023,12482.869911373708,3.996761548273057,9.424585809362624e-05
5.422221006501592e+18,4.876824029929543,451716.57394261693,13232.16477334981,4.236670552686858,9.990304572222917e-05
5.747694424835359e+18,4.876824029929543,478831.24471365946,14026.436695422663,4.49098029872701,0.00010589981084009874
6.092704661368687e+18,4.876824029929543,507573.4966128528,14868.385463801409,4.760555203133085,0.00011225653687426395
6.458424430196991e+18,4.876824029929543,538041.0265789166,15760.872921654001,5.046311569993168,0.00011899483078426273
6.846096838574672e+18,4.876824029929543,570337.3958922423,16706.93269671369,5.349220705325999,0.00012613759650571943
7.257039612324231e+18,4.876824029929543,604572.3821869813,17709.78051279339,5.670312218618544,0.0001337091128024353
7.692649574879161e+18,4.876824029929543,640862.3525929537,18772.825120257396,6.010677522541158,0.00014173511579161668
8.154407395185187e+18,4.876824029929543,679330.6592757214,19899.679882604014,6.371473542736141,0.00015024288642275025
8.643882620598297e+18,4.876824029929543,720108.0587192855,21094.17505854256,6.753926650289472,0.00015926134320747186
9.162739011886769e+18,4.876824029929543,763333.156176587,22360.370821312546,7.1593368302525215,0.00016882114051562457
9.712740198471207e+18,4.876824029929543,809152.8767985231,23702.571059498478,7.589082100382805,0.0001789547727716209
1.0295755673125085e+19,4.876824029929543,857722.9650428784,25125.338006250116,8.044623195123334,0.00018969668490527867
1.0913767146512693e+19,4.876824029929543,909208.514060733,26633.507746635103,8.527508530742148,0.00020108338943256978
1.1568875283162786e+19,4.876824029929543,963784.5268596726,28232.206655831553,9.039379468507875,0.00021315359056422464
1.2263306841775593e+19,4.876824029929543,1021636.5111513642,29926.86882403916,9.581975893792567,0.00022594831576407693
1.2999422244132422e+19,4.876824029929543,1082961.109905327,31723.254527334335,10.157142130064551,0.00023951105520430112
1.377972359833554e+19,4.876824029929543,1147966.7697522375,33627.469807254354,10.766833207873823,0.0002538879095915714
1.460686320364986e+19,4.876824029929543,1216874.4495087105,35645.98722566261,11.413121510138577,0.00026912774686661047
1.548365256585496e+19,4.876824029929543,1289918.3712318789,37785.667865442294,12.098203816320732,0.00028528236830976255
1.6413071953751267e+19,4.876824029929543,1367346.8163566638,40053.784651800415,12.824408769434049,0.00030240668461719374
1.7398280529303622e+19,4.876824029929543,1449422.9696218607,42458.04707345281,13.594204791265755,0.00032055890254621596
1.8442627085855328e+19,4.876824029929543,1536425.813653605,45006.62738771939,14.41020847271607,0.0003398007227641553
1.9549661430912594e+19,4.876824029929543,1628651.0772469677,47708.188398602324,15.275193467774981,0.0003601975495732659
2.0723146452190294e+19,4.876824029929543,1726412.2405689603,50571.91290226709,16.19209992136752,0.0003818187132245603
2.1967070907932353e+19,4.876824029929543,1830041.600699704,53607.5349000134,17.16404446311346,0.0004047377055762161
2.3285662984981967e+19,4.876824029929543,1939891.4011336097,56825.37268483129,18.194330800970917,0.0004290324298975786
2.468340467068651e+19,4.876824029929543,2056335.0290798272,60236.36391400571,19.2864609507724,0.00045478546566786004
2.6165046987488236e+19,4.876824029929543,2179768.284631669,63852.10278698417,20.444147139823308,0.00048208434926960665
2.773562614198418e+19,4.876824029929543,2310610.726119007,67684.8794548772,21.671324425024,0.0005110218715310284
2.9400480643347137e+19,4.876824029929543,2449307.096216587,71747.72179554771,22.972164068405384,0.0005416963931285598
3.1165269449294365e+19,4.876824029929543,2596328.833655708,76054.43969628552,24.351087715542384,0.0005742121789217284
3.303599120128346e+19,4.876824029929543,2752175.6756776753,80619.67199458693,25.812782425038666,0.0006086797523567546
3.50190046143172e+19,4.876824029929543,2917377.3566758824,85458.93623659444,27.36221660016899,0.0006452162711435318
3.712105009066372e+19,4.876824029929543,3092495.408800332,90588.68142232927,29.004656876831902,0.0006839459254829339
3.934927263095861e+19,4.876824029929543,3278125.0706449584,96026.34391700085,30.745686025216113,0.0007250003601980557
4.171124612056533e+19,4.876824029929543,3474897.310505544,101790.40671844044,32.59122192602962,0.0007685191222042396
4.421499907374468e+19,4.876824029929543,3683480.971085361,107900.46228211172,34.54753768579273,0.0008146501348388624
4.6869041923142115e+19,4.876824029929543,3904585.0429387917,114377.27911725143,36.62128295957051,0.0008635502006632136
4.9682395947343675e+19,4.876824029929543,4138961.0743798167,121242.87238048516,38.819506553615426,0.000915385534445369
5.266462393484259e+19,4.876824029929543,4387405.726048111,128520.5787069083,41.14968038476053,0.0009703323281359941
5.582586268862678e+19,4.876824029929543,4650763.478814325,136235.13553294222,43.61972487798771,0.0010285773497571158
5.917685748188806e+19,4.876824029929543,4929929.504230204,144412.76518062773,46.2380358885116,0.00109031857823982
6.272899858196231e+19,4.876824029929543,5225852.707279716,153081.26398914392,49.0135132398826,0.0011557658763685784
6.649435996665032e+19,4.876824029929543,5539538.951773925,162270.09679652273,51.95559097511393,0.0012251417041196327
7.048574036451889e+19,4.876824029929543,5872054.479352943,172010.49709270897,55.074269423658336,0.001298681874818124
7.471670675868067e+19,4.876824029929543,6224529.53371636,182335.57318439262,58.38014919323236,0.0013766363566841955
7.920164050192541e+19,4.876824029929543,6598162.202401192,193280.42073247524,61.884467202028574,0.0014592701224925787
8.395578619995103e+19,4.876824029929543,6994222.489165811,204882.24204469335,65.599134873792,0.0015468640502337185
8.899530352885224e+19,4.876824029929543,7414056.630822176,217180.47252888326,69.53677862558854,0.0016397158778378499
9.433732216299774e+19,4.876824029929543,7859091.673189572,230216.91473670927,73.71078278588577,0.001738141215207189
1e+20,4.876824029929543,8330840.321723877,244035.88045348192,78.13533508882828,0.0018424746169962262
1e+18,5.124400143506506,89732.07992583836,2501.5354386557337,0.821019417319237,1.9360094056703053e-05
1.0600258488068824e+18,5.124400143506506,95118.32418859383,2651.6922266815413,0.8703018047307562,2.0522200135437734e-05
1.1236548001387516e+18,5.124400143506506,100827.88233510239,2810.8623033627127,0.9225424092778816,2.1754062617952102e-05
1.191103133283008e+18,5.124400143506506,106880.16155566738,2979.5866990013283,0.9779188004551328,2.305986869159275e-05
1.2626001098748577e+18,5.124400143506506,113295.73397366304,3158.4389197025803,1.0366192065166604,2.444405688318086e-05
1.3383887531737592e+18,5.124400143506506,120096.40657163093,3348.0268967624206,1.09884315427734,2.591133214587751e-05
1.418726674116599e+18,5.124400143506506,127305.2953147495,3548.9950530688566,1.164802147318469,2.746668185165086e-05
1.5038869469554132e+18,5.124400143506506,134946.90372362817,3762.0264935407417,1.2347203849033397,2.9115392743704798e-05
1.5941590374560028e+18,5.124400143506506,143047.20616349962,3987.8453270495047,1.3088355240463234,3.0863068906491426e-05
1.689849786812462e+18,5.124400143506506,151633.73613291676,4227.21912771621,1.3873994873258044,3.271565081438887e-05
1.7912844546220096e+18,5.124400143506506,160735.67985205396,4480.961543950066,1.4706793191867698,3.4679435523792145e-05
1.898807824465269e+18,5.124400143506506,170383.97546872482,4749.935064096667,1.5589580936436833,3.676109807725131e-05
2.0127853758499466e+18,5.124400143506506,180611.418219326,5035.053948096642,1.6525358764690046,3.8967714192411375e-05
2.133604526501402e+18,5.124400143506506,191452.77190215432,5337.287335119544,1.7517307451378679,4.1306784312874535e-05
2.2616759492228552e+18,5.124400143506506,202944.8870420116,5657.662537736318,1.8568798699958808,4.378625910273764e-05
2.3974349678010685e+18,5.124400143506506,215126.82614772522,5997.268533826841,1.968340660324797,4.6414566471457544e-05
2.541343036702629e+18,5.124400143506506,228039.99648837312,6357.259668092605,2.0864919792018926,4.920064022091025e-05
2.693889309590164e+18,5.124400143506506,241728.29083950614,6738.859575755622,2.211735431282238,5.2153950412012423e-05
2.8555923019901005e+18,5.124400143506506,256238.23667778447,7143.365341780743,2.344496727881211,5.5284535554125544e-05
3.0270016537634555e+18,5.124400143506506,271619.15433114726,7572.151909758796,2.4852271339972387,5.860303672665618e-05
3.208699997370444e+18,5.124400143506506,287923.324622082,8026.676755436724,2.634405002193319,6.212073374883464e-05
3.401304938279246e+18,5.124400143506506,305206.166573822,8508.484840780286,2.7925373985510693,6.584958352061476e-05
3.6054711542504986e+18,5.124400143506506,323526.4257835105,9019.213865408616,2.9601618262240614,6.980226066501939e-05
3.821892620633115e+18,5.124400143506506,342946.37410262256,9560.599833250571,3.1378480524488923,7.399220061007645e-05
4.051304969235378e+18,5.124400143506506,363532.02130337514,10134.482953344375,3.326200045224159,7.843364525678538e-05
4.294487988789272e+18,5.124400143506506,385353.3394505918,10742.813894837751,3.5258580262402304,8.314169138834185e-05
4.5522682755073096e+18,5.124400143506506,408484.50074168027,11387.660417449759,3.737500647037859,8.813234198516693e-05
4.825522042741279e+18,5.124400143506506,433004.1296231552,12071.214399931718,3.961847295792579,9.342256062016501e-05
5.115178099293145e+18,5.124400143506506,458995.57004067046,12795.79929041748,4.1996605425657805,9.903032911910285e-05
5.422221006501592e+18,5.124400143506506,486547.16873096064,13563.878003987295,4.451748731334064,0.00010497470868210192
5.747694424835359e+18,5.124400143506506,515752.57551862206,14378.061294289635,4.718968727607354,0.00011127590467400033
6.092704661368687e+18,5.124400143506506,546711.0616384629,15241.11662767675,5.002228830975119,0.00011795533530381091
6.458424430196991e+18,5.124400143506506,579527.8571654235,16155.977590017737,5.302491862480659,0.00012503570442672259
6.846096838574672e+18,5.124400143506506,614314.5086990118,17125.753858163524,5.6207784373176475,0.00013254107871610307
7.257039612324231e+18,5.124400143506506,651189.2585180529,18153.74176995753,5.958170433973062,0.000140496969467817
7.692649574879161e+18,5.124400143506506,690277.4464945234,19243.435528720187,6.315814671608365,0.00014893041931491731
8.154407395185187e+18,5.124400143506506,731711.9361326045,20398.539080292136,6.694926808178619,0.00015787009414746015
8.643882620598297e+18,5.124400143506506,775633.5661810915,21622.978703007033,7.096795472539493,0.00016734638054988392
9.162739011886769e+18,5.124400143506506,822191.6293542208,22920.916353388173,7.522786644587517,0.00017739148908715025
9.712740198471207e+18,5.124400143506506,871544.3797881216,24296.763812931847,7.974348298321961,0.00018803956379072326
1.0295755673125085e+19,5.124400143506506,923859.5709577639,25755.19768406322,8.453015323610385,0.0001993267982165357
1.0913767146512693e+19,5.124400143506506,979315.0258828659,27301.175286238165,8.960414743387682,0.0002112915584694414
1.1568875283162786e+19,5.124400143506506,1038099.2415608192,28939.951506220095,9.498271244021232,0.00022397451361229868
1.2263306841775593e+19,5.124400143506506,1100412.0296812882,30677.09665981097,10.06841303764161,0.00023741877390298557
1.2999422244132422e+19,5.124400143506506,1166465.1958002113,32518.5154257469,10.67277807636433,0.0002516700373292016
1.377972359833554e+19,5.124400143506506,1236483.2592818057,34470.46691611706,11.313420639525583,0.0002667767449391467
1.460686320364986e+19,5.124400143506506,1310704.2164556966,36539.58595152655,11.99251831632241,0.00028279024549605615
1.548365256585496e+19,5.124400143506506,1389380.3495832093,38732.90561331896,12.712379407591747,0.0002997649700162636
1.6413071953751267e+19,5.124400143506506,1472779.0843825445,41057.88114951529,13.475450771887576,0.0003177586167840595
1.7398280529303622e+19,5.124400143506506,1561183.89902763,43522.41531572705,14.284326142525487,0.00033683234747222354
1.8442627085855328e+19,5.124400143506506,1654895.2877104017,46134.88523717922,15.14175494386492,0.0003570509950348585
1.9549661430912594e+19,5.124400143506506,1754231.7820417285,48904.17088314902,16.050651636796218,0.00037848328407916784
2.0723146452190294e+19,5.124400143506506,1859531.033762793,51839.68525060686,17.014105625198486,0.00040120206446523623
2.1967070907932353e+19,5.124400143506506,1971150.9624471446,54951.40635965617,18.035391757040983,0.0004252845589278357
2.3285662984981967e+19,5.124400143506506,2089470.972094538,58249.91116952645,19.11798145582202,0.0004508126255619397
2.468340467068651e+19,5.124400143506506,2214893.240751854,61746.411530402765,20.265554520181972,0.00047787303606415435
2.6165046987488236e+19,5.124400143506506,2347844.0875446107,65452.79229329427,21.482011631798052,0.0005065577706758272
2.773562614198418e+19,5.124400143506506,2488775.4217656963,69381.65170747982,22.771487614076047,0.0005369643308303657
2.9400480643347137e+19,5.124400143506506,2638166.2789468886,73546.34424284479,24.138365486706373,0.0005691960705674781
3.1165269449294365e+19,5.124400143506506,2796524.4491343703,77961.02598266471,25.58729136385668,0.0006033625478408331
3.303599120128346e+19,5.124400143506506,2964388.202902861,82640.70274112959,27.123190246641187,0.0006395798969132623
3.50190046143172e+19,5.124400143506506,3142328.120975213,87601.28106916313,28.751282763546378,0.0006779712231052992
3.712105009066372e+19,5.124400143506506,3330949.033666486,92859.62232190993,30.477102915714937,0.0007186670212388351
3.934927263095861e+19,5.124400143506506,3530892.0767447823,98433.59997166911,32.30651688740544,0.0007618056191982099
4.171124612056533e+19,5.124400143506506,3742836.8706968836,104342.16036108567,34.24574298556583,0.0008075336481164352
4.421499907374468e+19,5.124400143506506,3967503.830806127,110605.38710310277,36.30137277629646,0.0008560065407847354
4.6869041923142115e+19,5.124400143506506,4205656.615894858,117244.56934658128,38.48039349004903,0.00090738905997959
4.9682395947343675e+19,5.124400143506506,4458104.72405419,124282.27413960622,40.79021177171173,0.0009618558585029363
5.266462393484259e+19,5.124400143506506,4725706.244185516,131742.42313648574,43.23867885632121,0.0010195920728394475
5.582586268862678e+19,5.124400143506506,5009370.772704735,139650.37390912874,45.834117255960095,0.0010807939524484042
5.917685748188806e+19,5.124400143506506,5310062.505324725,148033.00613922268,48.585349048563266,0.0011456695268294648
6.272899858196231e+19,5.124400143506506,5628803.514424443,156918.812984164,51.50172586478194,0.001214439312629583
6.649435996665032e+19,5.124400143506506,5966677.223144933,166337.99792730686,54.59316067483484,0.0012873370631946203
7.048574036451889e+19,5.124400143506506,6324832.088020901,176322.57744173094,57.87016148339233,0.001364610563113437
7.471670675868067e+19,5.124400143506506,6704485.502665361,186906.4898164881,61.3438670470243,0.0014465224704551586
7.920164050192541e+19,5.124400143506506,7106927.935776287,198125.7105152377,65.02608473561848,0.0015333512095624582
8.395578619995103e+19,5.124400143506506,7533527.317530603,210018.37445938148,68.92933066646223,0.0016253919174355042
8.899530352885224e+19,5.124400143506506,7985733.689275215,222624.90565134757,73.0668722474069,0.0017229574469234167
9.433732216299774e+19,5.124400143506506,8465084.132319676,235988.15457862182,77.45277327372155,0.001826379430133134
1e+20,5.124400143506506,8973207.992583835,250153.54386557336,82.1019417319237,0.0019360094056703055
1e+18,5.384544668745998,96651.06828203972,2564.2456917491572,0.8626991652994109,2.034292567326894e-05
1.0600258488068824e+18,5.384544668745998,102452.63069376112,2718.1667159457916,0.9144834149614969,2.1564027054022223e-05
1.1236548001387516e+18,5.384544668745998,108602.43681365218,2881.3269802690543,0.9693760581643774,2.285842608163449e-05
1.191103133283008e+18,5.384544668745998,115121.39026588746,3054.281077949875,1.0275636788687637,2.423052250957397e-05
1.2626001098748577e+18,5.384544668745998,122031.64943242572,3237.616892148616,1.0892440608959841,2.5684980190245424e-05
1.3383887531737592e+18,5.384544668745998,129356.70277091101,3431.957594211338,1.1546268602091212,2.7226742927752866e-05
1.418726674116599e+18,5.384544668745998,137121.44865359453,3637.9637618730994,1.2239343175483992,2.8861051282238015e-05
1.5038869469554132e+18,5.384544668745998,145352.27999865593,3856.3356246082117,1.2974020138431144,3.0593460382913314e-05
1.5941590374560028e+18,5.384544668745998,154077.17398159084,4087.8154437595385,1.3752796709678061,3.2429858810337424e-05
1.689849786812462e+18,5.384544668745998,163325.78713160157,4333.190035537088,1.4578320005644985,3.437648861211528e-05
1.7912844546220096e+18,5.384544668745998,173129.55613622812,4593.293445461726,1.545339603816218,3.643996652005762e-05
1.898807824465269e+18,5.384544668745998,183521.80469686404,4869.009783344656,1.6380999252301778,3.862730644091846e-05
2.0127853758499466e+18,5.384544668745998,194537.85679836417,5161.276228438934,1.7364282636726098,4.0945943297158146e-05
2.133604526501402e+18,5.384544668745998,206215.15677775603,5471.08621497772,1.8406588440918044,4.340375829876819e-05
2.2616759492228552e+18,5.384544668745998,218593.39660018517,5799.492808927392,1.9511459535723097,4.600910573206051e-05
2.3974349678010685e+18,5.384544668745998,231714.6507746908,6147.612287432669,2.0682651455816017,4.8770841356473046e-05
2.541343036702629e+18,5.384544668745998,245623.51936843197,6516.627933121436,2.192414516502828,5.169835250592115e-05
2.693889309590164e+18,5.384544668745998,260367.2796054558,6907.79405616569,2.3240160587924406,5.480158999700648e-05
2.8555923019901005e+18,5.384544668745998,275996.0465653122,7322.440257770173,2.463517095362283,5.809110195254356e-05
3.0270016537634555e+18,5.384544668745998,292562.9435277389,7761.975949580515,2.611391800061669,6.157806965537213e-05
3.208699997370444e+18,5.384544668745998,310124.2825424315,8227.895144372693,2.7681428094277036,6.527434555432517e-05
3.401304938279246e+18,5.384544668745998,328739.7558376663,8721.781534307689,2.9343029311822693,6.919249355153728e-05
3.6054711542504986e+18,5.384544668745998,348472.63871838956,9245.313874012701,3.1104369552830087,7.334583170803306e-05
3.821892620633115e+18,5.384544668745998,369390.00464343495,9800.271686786362,3.297143573684166,7.774847751275449e-05
4.051304969235378e+18,5.384544668745998,391562.9532129354,10388.541313323769,3.4950574153327163,8.241539586890041e-05
4.294487988789272e+18,5.384544668745998,415066.8518408713,11012.122323521393,3.7048512033168506,8.736244996068637e-05
4.5522682755073096e+18,5.384544668745998,439981.5919342202,11673.134313155984,3.927238041499144,9.260645517342535e-05
4.825522042741279e+18,5.384544668745998,466391.8604494752,12373.824108539917,4.16297383840681,9.816523625020674e-05
5.115178099293145e+18,5.384544668745998,494387.427749576,13116.57340364209,4.412859876618024,0.00010405768787945354
5.422221006501592e+18,5.384544668745998,524063.45273969555,13903.906855633486,4.677745536377854,0.00011030383891929935
5.747694424835359e+18,5.384544668745998,555520.8063190613,14738.500666374717,4.958531182701541,0.00011692492047708795
6.092704661368687e+18,5.384544668745998,588866.4142482467,15623.191679014662,5.256171225778596,0.0001239434380754024
6.458424430196991e+18,5.384544668745998,624213.6205973629,16560.987020620138,5.571677365080267,0.00013138324814992167
6.846096838574672e+18,5.384544668745998,661682.573010537,17555.07432361263,5.906122028197305,0.000139269639139126
7.257039612324231e+18,5.384544668745998,701400.6310962164,18608.83256075538,6.260642016096875,0.00014762941744148026
7.692649574879161e+18,5.384544668745998,743502.7993314498,19725.843530519876,6.636442367189121,0.00015649099853227066
8.154407395185187e+18,5.384544668745998,788132.1859516132,20909.90403187108,7.034800453337603,0.0001658845035498068
8.643882620598297e+18,5.384544668745998,835440.4893853824,22165.038769854596,7.457070321736234,0.00017584186167929225
9.162739011886769e+18,5.384544668745998,885588.5138883773,23495.51403585258,7.904687297411064,0.0001863969186823742
9.712740198471207e+18,5.384544668745998,938746.7161281528,24905.852209008648,8.379172861991146,0.00019758555194127118
1.0295755673125085e+19,5.384544668745998,995095.7845784106,26400.847128112946,8.882139825331684,0.00020944579240852058
1.0913767146512693e+19,5.384544668745998,1054827.2536918803,27985.580386198664,9.415297807568633,0.00022201795387687213
1.1568875283162786e+19,5.384544668745998,1118144.1549393681,29665.438603233484,9.980459050237522,0.00023534477000869872
1.2263306841775593e+19,5.384544668745998,1185261.7069280578,31446.131735621027,10.579544576210358,0.00024947153959073133
1.2999422244132422e+19,5.384544668745998,1256408.0469447088,33333.71248474473,11.214590719387633,0.0002644462805078247
1.377972359833554e+19,5.384544668745998,1331825.0064103622,35334.5968705261,11.887756046340664,0.0002803198929591299
1.460686320364986e+19,5.384544668745998,1411768.9328823758,37455.58603992844,12.60132869343141,0.00029714633247145605
1.548365256585496e+19,5.384544668745998,1496511.5613978275,39703.88938453436,13.357734144349156,0.00031498279329790735
1.6413071953751267e+19,5.384544668745998,1586340.938120045,42087.14904577561,14.15954347450039,0.00033388990282517706
1.7398280529303622e+19,5.384544668745998,1681562.3994278065,44613.465891110056,15.009482090275228,0.00035393192765030573
1.8442627085855328e+19,5.384544668745998,1782499.6097751984,47291.42704944084,15.910438992895697,0.00037517699202737145
1.9549661430912594e+19,5.384544668745998,1889495.6618498918,50130.13509937228,16.865476598334382,0.0003976973094266274
2.0723146452190294e+19,5.384544668745998,2002914.242769353,53139.23900951579,17.87784114668201,0.0004215694279931739
2.1967070907932353e+19,5.384544668745998,2123140.8702789783,56328.96693601378,18.950973736346214,0.0004468744907394963
2.3285662984981967e+19,5.384544668745998,2250584.203154057,59710.16098876283,20.088522020587334,0.00047369851135627795
2.468340467068651e+19,5.384544668745998,2385677.4302597404,63294.314084508915,21.294352606148834,0.0005021326665789951
2.6165046987488236e+19,5.384544668745998,2528879.7429905036,67093.60901208097,22.572564196125967,0.0005322736061040625
2.773562614198418e+19,5.384544668745998,2680677.8960940386,71120.95984254823,23.92750152174627,0.000564223781107959
2.9400480643347137e+19,5.384544668745998,2841587.862184931,75390.05582505738,25.363770110417057,0.0005980917924859929
3.1165269449294365e+19,5.384544668745998,3012156.585571916,79915.4079175547,26.88625194023748,0.0006339927599943945
3.303599120128346e+19,5.384544668745998,3192963.8413601117,84712.39811055418,28.500122034185924,0.000672048713550476
3.50190046143172e+19,5.384544668745998,3384624.206147436,89797.33171160672,30.210866050387665,0.0007123890080209167
3.712105009066372e+19,5.384544668745998,3587789.1470137564,95187.49276818911,32.024298928253216,0.0007551507629080653
3.934927263095861e+19,5.384544668745998,3803149.2359033776,100901.20281739865,33.94658465386695,0.0008004793284287868
4.171124612056533e+19,5.384544668745998,4031436.4969277247,106957.8831621484,35.984257211810004,0.0008485287795700879
4.421499907374468e+19,5.384544668745998,4273426.894566821,113378.12088554277,38.14424279463376,0.000899462439800843
4.6869041923142115e+19,5.384544668745998,4529942.971227392,120183.73882782781,40.4338833454778,0.000953453436219806
4.9682395947343675e+19,5.384544668745998,4801856.643122048,127397.8697637518,42.86096151384822,0.0010106852880267302
5.266462393484259e+19,5.384544668745998,5090092.1639744155,135045.03503250965,45.433727109396074,0.001071352530317163
5.582586268862678e+19,5.384544668745998,5395629.266622241,143151.22788749123,48.160925143597844,0.0011356613753208521
5.917685748188806e+19,5.384544668745998,5719506.493198496,151744.00184918533,51.051825554667026,0.0012038304133316776
6.272899858196231e+19,5.384544668745998,6062824.725209213,160852.56436153583,54.11625471672681,0.0012760913557114516
6.649435996665032e+19,5.384544668745998,6426750.925507249,170507.8760701007,57.36462884034779,0.001352689822493157
7.048574036451889e+19,5.384544668745998,6812522.104881239,180742.75605946724,60.807989377981436,0.0014338861772607398
7.471670675868067e+19,5.384544668745998,7221449.526742386,191591.99340763205,64.45804055463466,0.0015199564121432718
7.920164050192541e+19,5.384544668745998,7654923.164201157,203092.4654365278,68.32718915135507,0.0016111930859316354
8.395578619995103e+19,5.384544668745998,8114416.424683796,215283.26306063778,72.42858667675355,0.0017079063185064618
8.899530352885224e+19,5.384544668745998,8601491.158147948,228205.82365976792,76.77617406990854,0.0018104248449574499
9.433732216299774e+19,5.384544668745998,9117802.965920674,241904.07192761922,81.38472908659976,0.0019190971329770894
1e+20,5.384544668745998,9665106.828203972,256424.5691749157,86.26991652994107,0.0020342925673268934
1e+18,5.657895651739934,104103.56037417159,2628.528009656163,0.9064948210827921,2.137565157153057e-05
1.0600258488068824e+18,5.657895651739934,110352.46494944977,2786.3076345484396,0.9609079421573298,2.2658743200911866e-05
1.1236548001387516e+18,5.657895651739934,116976.46532597225,2953.5581153493063,1.018587257010598,2.4018853494443773e-05
1.191103133283008e+18,5.657895651739934,123998.07694759258,3130.847948223605,1.0797288216965335,2.546060556281592e-05
1.2626001098748577e+18,5.657895651739934,131441.1667667929,3318.7797538010122,1.1445404607001228,2.6988900022861174e-05
1.3383887531737592e+18,5.657895651739934,139331.03437013668,3517.992325526015,1.213242473347468,2.860893165509751e-05
1.418726674116599e+18,5.657895651739934,147694.49797334505,3729.162800961812,1.2860683826187111,3.032620706115282e-05
1.5038869469554132e+18,5.657895651739934,156559.98557830148,3953.0089634285964,1.363265728909094,3.214656338109179e-05
1.5941590374560028e+18,5.657895651739934,165957.63160183228,4190.291681799612,1.4450969114361953,3.407618813426607e-05
1.689849786812462e+18,5.657895651739934,175919.37930471217,4441.817496748053,1.5318400801533574,3.612164025112841e-05
1.7912844546220096e+18,5.657895651739934,186479.08936905742,4708.441362235617,1.6237900812009656,3.828987236749925e-05
1.898807824465269e+18,5.657895651739934,197672.65499316953,4991.069551561242,1.7212594591092498,4.058825445706557e-05
2.0127853758499466e+18,5.657895651739934,209538.12389504458,5290.6627378478925,1.824579519159158,4.302459888244067e-05
2.133604526501402e+18,5.657895651739934,222115.82763924453,5608.239259438111,1.9341014535123238,4.5607186949934434e-05
2.2616759492228552e+18,5.657895651739934,235448.51872673334,5944.878581297965,2.050197534938026,4.834479705829842e-05
2.3974349678010685e+18,5.657895651739934,249581.51591362868,6301.724964194231,2.173262382194459,5.124673453711925e-05
2.541343036702629e+18,5.657895651739934,264562.8582528527,6679.991354117509,2.303714301365749,5.432286327629082e-05
2.693889309590164e+18,5.657895651739934,280443.46838225506,7080.963505171048,2.4419967077137823,5.75836392540704e-05
2.8555923019901005e+18,5.657895651739934,297277.3256142461,7506.004349939501,2.588579632877915,6.10401460776853e-05
3.0270016537634555e+18,5.657895651739934,315121.6494152811,7956.558632192769,2.743961322545619,6.470413265729443e-05
3.208699997370444e+18,5.657895651739934,334037.09389885823,8434.157817671869,2.9086699300246757,6.858805314136166e-05
3.401304938279246e+18,5.657895651739934,354087.95399312145,8940.425299648825,3.0832653114734625,7.270510924918346e-05
3.6054711542504986e+18,5.657895651739934,375342.38398385094,9477.081916954772,3.2683409288914738,7.706929514446281e-05
3.821892620633115e+18,5.657895651739934,397872.6291756804,10045.951803232338,3.464525867338459,8.169544500245734e-05
4.051304969235378e+18,5.657895651739934,421755.2714589766,10648.968587294392,3.6724869732388505,8.659928343238581e-05
4.294487988789272e+18,5.657895651739934,447071.4896170788,11288.181965664564,3.892931121039731,9.179747892648257e-05
4.5522682755073096e+18,5.657895651739934,473907.3352587012,11965.764669640123,4.126607615926869,9.730770051737659e-05
4.825522042741279e+18,5.657895651739934,502354.0253134126,12684.019850558676,4.374310740765825,0.00010314867783637803
5.115178099293145e+18,5.657895651739934,532508.2520844043,13445.388908371808,4.636882455925357,0.00010934026477681429
5.422221006501592e+18,5.657895651739934,564472.51191244,14252.459790135468,4.915215261160018,0.00011590350697881184
5.747694424835359e+18,5.657895651739934,598355.4535681374,15107.97578662431,5.21025522927969,0.00012286071336490943
6.092704661368687e+18,5.657895651739934,634272.2475567916,16014.84485697026,5.523005221917701,0.00013023553196965718
6.458424430196991e+18,5.657895651739934,672344.9775910372,16976.149513020435,5.854528298328154,0.00013805303032095174
6.846096838574672e+18,5.657895651739934,712703.0555619836,17995.157297012032,6.205951328799216,0.00014633978064632915
7.257039612324231e+18,5.657895651739934,755483.6614193505,19075.331888178545,6.57846882496459,0.0001551239501938381
7.692649574879161e+18,5.657895651739934,800832.2094557781,20220.34487603945,6.973347000032702,0.00016443539697449973
8.154407395185187e+18,5.657895651739934,848902.8425802524,21434.088240391615,7.391928072734593,0.00017430577125179074
8.643882620598297e+18,5.657895651739934,899858.9562607073,22720.68758042274,7.835634829619909,0.00018476862312311778
9.162739011886769e+18,5.657895651739934,953873.7539167316,24084.516137913608,8.305975461208616,0.0001958595165589619
9.712740198471207e+18,5.657895651739934,1011130.8356501906,25530.209662194928,8.8045486884368,0.0002076161502873192
1.0295755673125085e+19,5.657895651739934,1071824.822314897,27062.68216738563,9.333049196821666,0.000220078485934331
1.0913767146512693e+19,5.657895651739934,1136162.0170466346,28687.142635473832,9.893273396817278,0.00023328888385667275
1.1568875283162786e+19,5.657895651739934,1204361.1065019986,30409.112722012258,10.487125529939787,0.00024729224712737984
1.2263306841775593e+19,5.657895651739934,1276653.9041897769,32234.445524615203,11.116624141418747,0.00026213617416456206
1.2999422244132422e+19,5.657895651739934,1353286.1384213886,34169.34547804944,11.783908941374486,0.00027787112052177866
1.377972359833554e+19,5.657895651739934,1434518.287558721,36220.38944354498,12.491248077843503,0.00029455057039001796
1.460686320364986e+19,5.657895651739934,1520626.4653984285,38394.54906400961,13.241045846373401,0.00031223121839423027
1.548365256585496e+19,5.657895651739934,1611903.3597021787,40699.21446113428,14.035850862392806,0.0003309731623023509
1.6413071953751267e+19,5.657895651739934,1708659.2270629676,43142.21935493721,14.878364724134748,0.00035084010730184763
1.7398280529303622e+19,5.657895651739934,1811222.9474891336,45731.86769113002,15.771451195559312,0.0003718995825381387
1.8442627085855328e+19,5.657895651739934,1919943.1422906723,48476.96186681415,16.718145940489084,0.0003942231706509158
1.9549661430912594e+19,5.657895651739934,2035189.359067623,51386.83265044854,17.721666841044275,0.0004178867510885774
2.0723146452190294e+19,5.657895651739934,2157353.327828392,54471.370897788926,18.785424935450738,0.0004429707580278196
2.1967070907932353e+19,5.657895651739934,2286850.292507644,57741.06117160323,19.913036012399147,0.0004695604537750677
2.3285662984981967e+19,5.657895651739934,2424120.422409683,61207.01737943883,21.108332901365422,0.000497746218579061
2.468340467068651e+19,5.657895651739934,2569630.308374922,64881.020550577254,22.375378500668123,0.0005276238578396851
2.6165046987488236e+19,5.657895651739934,2723874.5487550185,68775.55888058244,23.718479587546,0.0005592949277572742
2.773562614198418e+19,5.657895651739934,2887377.4305875017,72903.87017955713,25.14220145719716,0.0005928670805292885
2.9400480643347137e+19,5.657895651739934,3060694.711684352,77279.98686839179,26.651383440539053,0.0006284544302677173
3.1165269449294365e+19,5.657895651739934,3244415.509691942,81918.78367595174,28.251155353435102,0.0006661779408809828
3.303599120128346e+19,5.657895651739934,3439164.304543414,86836.02819932812,29.946954933300145,0.000706165837238785
3.50190046143172e+19,5.657895651739934,3645603.0611099643,92048.43449901117,31.744546322352942,0.0007485540410174658
3.712105009066372e+19,5.657895651739934,3864433.479266059,97573.71991115905,33.65003966034158,0.000793486632707361
3.934927263095861e+19,5.657895651739934,4096399.379016738,103430.66527007137,35.66991185333884,0.0008411163413525355
4.171124612056533e+19,5.657895651739934,4342289.228794204,109639.17874556796,37.81102858920218,0.0008916050636875608
4.421499907374468e+19,5.657895651739934,4602938.825517521,116220.36351225921,40.08066767453001,0.0009451244144359134
4.6869041923142115e+19,5.657895651739934,4879234.1355254045,123196.589480728,42.4865437724406,0.0010018563096405452
4.9682395947343675e+19,5.657895651739934,5172114.30603779,130591.5693344207,45.03683462525174,0.001061993585009241
5.266462393484259e+19,5.657895651739934,5482574.857383928,138430.43913074213,47.74020885120766,0.0011257406513768844
5.582586268862678e+19,5.657895651739934,5811671.066845672,146739.8437402744,50.60585540971926,0.001193314189512195
5.917685748188806e+19,5.657895651739934,6160521.555619482,155548.02741457365,53.643514835286005,0.001264943886630961
6.272899858196231e+19,5.657895651739934,6530312.091088638,164884.92979036967,56.863512346258645,0.0013408732171190617
6.649435996665032e+19,5.657895651739934,6922299.61733008,174782.2876564998,60.27679294098346,0.0014213602701190486
7.048574036451889e+19,5.657895651739934,7337816.527555876,185273.7428294899,63.89495860062269,0.001506678626793324
7.471670675868067e+19,5.657895651739934,7778275.193011588,196394.9565044581,67.73030772510567,0.0015971182902457812
7.920164050192541e+19,5.657895651739934,8245172.763725626,208183.73047002894,71.79587693625649,0.001692986671262781
8.395578619995103e+19,5.657895651739934,8740096.257427644,220680.13559927564,76.10548539018976,0.001794609633224068
8.899530352885224e+19,5.657895651739934,9264727.953933595,233926.64805344006,80.67378174959569,0.0019023325997353506
9.433732216299774e+19,5.657895651739934,9820851.113333313,247968.2936613967,85.51629397557636,0.0020165217287474685
1e+20,5.657895651739934,10410356.037417158,262852.8009656163,90.6494821082792,0.0021375651571530568
1e+18,5.94512352953195,112130.69317509748,2694.4218020052613,0.9525138005259698,2.2460804677071535e-05
1.0600258488068824e+18,5.94512352953195,118861.43321023679,2856.1567577143965,1.0096892499028105,2.380903354269835e-05
1.1236548001387516e+18,5.94512352953195,125996.19162908384,3027.599991421717,1.0702967041594114,2.5238190990370357e-05
1.191103133283008e+18,5.94512352953195,133559.21997805417,3209.334250754515,1.1345421723017886,2.6753134826917544e-05
1.2626001098748577e+18,5.94512352953195,141576.22552322206,3401.977263261055,1.2026440292014078,2.835901445314824e-05
1.3383887531737592e+18,5.94512352953195,150074.45863112804,3606.183836110015,1.2748337578667515,3.0061288367025112e-05
1.418726674116599e+18,5.94512352953195,159082.8053946949,3822.648081826178,1.3513567362703707,3.186574271748425e-05
1.5038869469554132e+18,5.94512352953195,168631.88581909152,4052.105777627795,1.432473071405898,3.377851097196298e-05
1.5941590374560028e+18,5.94512352953195,178754.15790128778,4295.336866385176,1.518458483410039,3.580609476448765e-05
1.689849786812462e+18,5.94512352953195,189484.02795707204,4553.168107701441,1.609605242754738,3.795538599518569e-05
1.7912844546220096e+18,5.94512352953195,200857.96757054242,4826.475888126647,1.7062231636950995,4.023369025633957e-05
1.898807824465269e+18,5.94512352953195,212914.63756358944,5116.1892000574,1.808640657349862,4.2648751664609545e-05
2.0127853758499466e+18,5.94512352953195,225695.0194067536,5423.292799447449,1.9172058479939251,4.520877918383167e-05
2.133604526501402e+18,5.94512352953195,239242.5545181278,5748.830553062489,2.0322877563572628,4.792247452786369e-05
2.2616759492228552e+18,5.94512352953195,253603.2919238053,6093.908986657004,2.1542775539524417,5.079906173832491e-05
2.3974349678010685e+18,5.94512352953195,268826.04478175135,6459.70104613298,2.2835898926940517,5.3848318537761086e-05
2.541343036702629e+18,5.94512352953195,284962.55630117294,6847.45008446582,2.42066431432983,5.7080609564813585e-05
2.693889309590164e+18,5.94512352953195,302067.67562132986,7258.474087948638,2.5659667444740077,6.0506921604355764e-05
2.8555923019901005e+18,5.94512352953195,320199.54424762225,7694.170156120519,2.7199910763212936,6.413890093234873e-05
3.0270016537634555e+18,5.94512352953195,339419.7936786627,8156.019250606236,2.8832608494246244,6.79888929023535e-05
3.208699997370444e+18,5.94512352953195,359793.7548960813,8645.591229009147,3.0563310292429904,7.206998390825748e-05
3.401304938279246e+18,5.94512352953195,381390.680429134,9164.550180967759,3.2397898935081133,7.639604586584899e-05
3.6054711542504986e+18,5.94512352953195,404283.9797489273,9714.660084513618,3.4342610318218973,8.09817833644361e-05
3.821892620633115e+18,5.94512352953195,428551.46879238106,10297.790801956888,3.6404054652814066,8.584278364878145e-05
4.051304969235378e+18,5.94512352953195,454275.6344640799,10915.924435680055,3.858923893336137,9.099556960124514e-05
4.294487988789272e+18,5.94512352953195,481543.9150150713,11571.16206544354,4.090559075514798,9.645765590422561e-05
4.5522682755073096e+18,5.94512352953195,510448.9972516402,12265.730890103787,4.33609835611727,0.00010224760857379895
4.825522042741279e+18,5.94512352953195,541089.1315842919,13001.991798019064,4.596376340453336,0.00010838510806691509
5.115178099293145e+18,5.94512352953195,573568.4659878178,13782.447391875281,4.87227773172492,0.00011489101617665737
5.422221006501592e+18,5.94512352953195,607997.4000075982,14609.7504952088,5.16474033819458,0.00012178744694294648
5.747694424835359e+18,5.94512352953195,644492.960015432,15486.71316954048,5.474758260861855,0.00012909784181972003
6.092704661368687e+18,5.94512352953195,683179.1969904184,16416.31627277087,5.803385272482579,0.00013684704935408535
6.458424430196991e+18,5.94512352953195,724187.6081769726,17401.71959132618,6.151738399416707,0.00014506140964828164
6.846096838574672e+18,5.94512352953195,767657.5840532214,18446.272580494886,6.521001718479587,0.00015376884389154265
7.257039612324231e+18,5.94512352953195,813736.8821290567,19553.525749462216,6.912430381702463,0.0001629989492661855
7.692649574879161e+18,5.94512352953195,862582.1291843193,20727.242729740916,7.327354882682635,0.00017278309955051822
8.154407395185187e+18,5.94512352953195,914359.353654256,21971.413068019898,7.767185579024915,0.00018315455176052213
8.643882620598297e+18,5.94512352953195,969244.5499718651,23290.26578691442,8.233417486246463,0.0001941485591927916
9.162739011886769e+18,5.94512352953195,1027424.276785371,24688.283759711852,8.727635359439834,0.00020580249125297213
9.712740198471207e+18,5.94512352953195,1089096.2910842104,26170.218947973728,9.251519079967172,0.00021815596047700285
1.0295755673125085e+19,5.94512352953195,1154470.220388958,27741.10855378758,9.80684936549519,0.00023125095717691372
1.0913767146512693e+19,5.94512352953195,1223768.2752900738,29406.292141572547,10.395513822780273,0.000245131992168862
1.1568875283162786e+19,5.94512352953195,1297226.0047572951,31171.4297876336,11.019513363776339,0.00025984624806852
1.2263306841775593e+19,5.94512352953195,1375093.0967872126,33042.52131916044,11.680969006875797,0.0002754437396681166
1.2999422244132422e+19,5.94512352953195,1457634.2271103496,35025.92670806256,12.382129086400404,0.0002919774839402373
1.377972359833554e+19,5.94512352953195,1545129.958842612,37128.38768896166,13.125376894847975,0.0003095036802462479
1.460686320364986e+19,5.94512352953195,1637877.6961390837,39357.050674822596,13.913238783871469,0.00032808190136188284
1.548365256585496e+19,5.94512352953195,1736192.695091693,41719.4910481143,14.74839275152619,0.00034777529596930574
1.6413071953751267e+19,5.94512352953195,1840409.135306881,44223.738910068496,15.633677544973823,0.0003686508033039281
1.7398280529303622e+19,5.94512352953195,1950881.255805617,46878.30637555931,16.572102309583972,0.0003907793806855854
1.8442627085855328e+19,5.94512352953195,2067984.559106786,49692.21650638135,17.56685681723125,0.0004142362447074656
1.9549661430912594e+19,5.94512352953195,2192117.087586697,52675.03398127226,18.62132230855452,0.0004391011269026066
2.0723146452190294e+19,5.94512352953195,2323700.77645316,55836.89760692951,19.739082986032045,0.0004654585447569942
2.1967070907932353e+19,5.94512352953195,2463182.8879329725,59188.55478052844,20.923938196938106,0.0004933980889904489
2.3285662984981967e+19,5.94512352953195,2611037.5315477373,62741.39802088231,22.17991534759207,0.0005230147280817944
2.468340467068651e+19,5.94512352953195,2767767.2756455173,66507.50369241623,23.511283592796083,0.000554409131073405
2.6165046987488236e+19,5.94512352953195,2933904.8556660516,70499.67305358038,24.922568346992996,0.0005876880097523723
2.773562614198418e+19,5.94512352953195,3110014.9849460404,74731.47576922923,26.41856666646879,0.0006229644813713858
2.9400480643347137e+19,5.94512352953195,3296696.27421955,79217.29603486818,28.004363554884787,0.0006603584531422425
3.1165269449294365e+19,5.94512352953195,3494583.2663380653,83972.38146954722,29.68534924756327,0.0006999970298089055
3.303599120128346e+19,5.94512352953195,3704348.593126335,89012.89494359212,31.467237533277004,0.0007420149456854816
3.50190046143172e+19,5.94512352953195,3926705.2617053245,94355.9695173391,33.35608517581974,0.0007865550226276454
3.712105009066372e+19,5.94512352953195,4162409.078053638,100019.7666776137,35.358312501373,0.0008337686554941866
3.934927263095861e+19,5.94512352953195,4412261.216045281,106023.5380699038,37.480725221646914,0.0008838163267487982
4.171124612056533e+19,5.94512352953195,4677110.940696087,112387.6909360586,39.730537566973794,0.0009368681519512758
4.421499907374468e+19,5.94512352953195,4957858.494875284,119133.8574799401,42.11539680798478,0.0009931044579922783
4.6869041923142115e+19,5.94512352953195,5255458.1592946295,126284.9683968127,44.643409249223104,0.0010527163960371724
4.9682395947343675e+19,5.94512352953195,5570921.4961753,133865.33081638062,47.32316778304036,0.0011159065912622168
5.266462393484259e+19,5.94512352953195,5905320.78761973,141900.71092444798,50.16378109744787,0.001182889831591926
5.582586268862678e+19,5.94512352953195,6259792.680373532,150418.42154398802,53.174904637184824,0.0012538937977782617
5.917685748188806e+19,5.94512352953195,6635542.049368062,159447.41497335734,56.366773423256866,0.001329159837303587
6.272899858196231e+19,5.94512352953195,7033846.093175139,169018.38139719635,59.75023684249309,0.0014089437847377528
6.649435996665032e+19,5.94512352953195,7456058.675294952,179163.85320452845,63.33679552537599,0.0014935168313378179
7.048574036451889e+19,5.94512352953195,7903614.926033451,189918.31556864196,67.13864043749464,0.001583166446846236
7.471670675868067e+19,5.94512352953195,8378036.120611354,201318.32366462302,71.16869431749534,0.0016781973566207572
7.920164050192541e+19,5.94512352953195,8880934.85008577,213402.62692297072,75.44065560238055,0.0017789325774173845
8.395578619995103e+19,5.94512352953195,9414020.50266079,226212.30074164047,79.96904498946111,0.0018857145153470779
8.899530352885224e+19,5.94512352953195,9979105.0740184,239790.88610421523,84.7692547932293,0.0019989061297382453
9.433732216299774e+19,5.94512352953195,10578109.326419422,254184.53757877523,89.85760126491978,0.002118892166861064
1e+20,5.94512352953195,11213069.317509746,269442.1802005261,95.25138005259697,0.0022460804677071535
1e+18,6.246932774471579,120776.77561398105,2761.967466373297,1.0008689725427153,2.3601046501593747e-05
1.0600258488068824e+18,6.246932774471579,128026.50408636864,2927.756907919349,1.0609469821640642,2.501771935058262e-05
1.1236548001387516e+18,6.246932774471579,135711.40366393072,3103.4980014174216,1.1246312253075625,2.651942918981371e-05
1.191103133283008e+18,6.246932774471579,143857.5958616316,3289.7881032229648,1.192138169201373,2.8111280436806287e-05
1.2626001098748577e+18,6.246932774471579,152492.77016054353,3487.2604265137074,1.2636972747027686,2.9798683906073898e-05
1.3383887531737592e+18,6.246932774471579,161646.27812634298,3696.586193625844,1.3395517762517464,3.158737520086397e-05
1.418726674116599e+18,6.246932774471579,171349.23317735008,3918.4769175860374,1.4199595086420245,3.34834342088773e-05
1.5038869469554132e+18,6.246932774471579,181634.61634122895,4153.686820594316,1.5051937834196658,3.5493305768234565e-05
1.5941590374560028e+18,6.246932774471579,192537.38835982367,4403.01539767845,1.5955443178882738,3.762382157393506e-05
1.689849786812462e+18,6.246932774471579,204094.60852318245,4667.310134233872,1.6913182198785155,3.98822233992692e-05
1.7912844546220096e+18,6.246932774471579,216345.56063669483,4947.469386686225,1.7928410316292689,4.2276187711116046e-05
1.898807824465269e+18,6.246932774471579,229331.88654951332,5244.445436068131,1.9004578363286226,4.481385176279488e-05
2.0127853758499466e+18,6.246932774471579,243097.72769813146,5559.247724889501,2.014534431075939,4.750384125316244e-05
2.133604526501402e+18,6.246932774471579,257689.87514623412,5892.946288303676,2.1354585702519446,5.035529964597049e-05
2.2616759492228552e+18,6.246932774471579,273157.9286308263,6246.675391232471,2.2636412835232496,5.337791924914479e-05
2.3974349678010685e+18,6.246932774471579,289554.4651552215,6621.6373838122645,2.3995182729610334,5.658197415961993e-05
2.541343036702629e+18,6.246932774471579,306935.21770198655,7019.10678826698,2.5435513940231442,5.997835518572021e-05
2.693889309590164e+18,6.246932774471579,325359.26467327354,7440.434631098856,2.6962302254333124,6.357860686578373e-05
2.8555923019901005e+18,6.246932774471579,344889.23070246994,7887.0530353226895,2.858073733293719,6.739496670886149e-05
3.0270016537634555e+18,6.246932774471579,365591.49951973837,8360.480088352831,3.02963203508733,7.144040679087249e-05
3.208699997370444e+18,6.246932774471579,387536.4395949917,8862.32500208925,3.21148826956597,7.57286778476036e-05
3.401304938279246e+18,6.246932774471579,410798.6433252781,9394.293582742112,3.4042605788800127,8.027435601442894e-05
3.6054711542504986e+18,6.246932774471579,435457.1805795937,9958.194028987256,3.6086042096870945,8.50928923716209e-05
3.821892620633115e+18,6.246932774471579,461595.8674629357,10555.943078160846,3.8252137403816517,9.020066546366014e-05
4.051304969235378e+18,6.246932774471579,489303.5512131476,11189.572521384585,4.05482544201581,9.561503697106199e-05
4.294487988789272e+18,6.246932774471579,518674.4121989386,11861.236109766862,4.2982197809365505,0.00010135441072395141
4.5522682755073096e+18,6.246932774471579,549808.2840455907,12573.216875154461,4.5562240716458,0.000107438295257978
4.825522042741279e+18,6.246932774471579,582810.9929764828,13327.934890318627,4.829715288900689,0.0001138873701252026
5.115178099293145e+18,6.246932774471579,617794.7175238781,14127.955494952865,5.11962304861253,0.00012072355618535144
5.422221006501592e+18,6.246932774471579,654878.3698316572,14975.99801544327,5.426932767676776,0.00012797009011636252
5.747694424835359e+18,6.246932774471579,694187.99984607,15874.945008050441,5.752689013474458,0.00013565160339749043
6.092704661368687e+18,6.246932774471579,735857.2237683821,16827.85205692125,6.097999054430289,0.00014379420603343935
6.458424430196991e+18,6.246932774471579,780027.6782257552,17837.95816023459,6.4640366236960345,0.00015242557530410829
6.846096838574672e+18,6.246932774471579,826849.5017041181,18908.696739784325,6.852045908752164,0.0001615750498416148
7.257039612324231e+18,6.246932774471579,876481.8448794556,20043.70731142181,7.26334578048874,0.00017127372935437206
7.692649574879161e+18,6.246932774471579,929093.4115821673,21246.84785602662,7.699334276140463,0.0001815545803371885
8.154407395185187e+18,6.246932774471579,984863.032233269,22522.207933055306,8.161493351313718,0.00019245254812670553
8.643882620598297e+18,6.246932774471579,1043980.271701591,23874.122581242053,8.651393917258053,0.00020400467568305848
9.162739011886769e+18,6.246932774471579,1106646.0736481186,25307.18705370067,9.170701180504167,0.00021625022950150683
9.712740198471207e+18,6.246932774471579,1173073.4435476507,26826.27243751359,9.721180303018206,0.00022923083308201787
1.0295755673125085e+19,6.246932774471579,1243488.1727094005,28436.54221089979,10.304702402111536,0.00024299060841047275
1.0913767146512693e+19,6.246932774471579,1318129.6057576016,30143.469794241788,10.923250910500602,0.0002575763259324122
1.1568875283162786e+19,6.246932774471579,1397251.454180683,31952.857154625777,11.578928318133952,0.00027303756352906343
1.2263306841775593e+19,6.246932774471579,1481122.6587145296,33870.85452713726,12.27396331870399,0.00028942687503605855
1.2999422244132422e+19,6.246932774471579,1570028.3034909754,35903.98131994311,13.010718385133735,0.00030679996887762143
1.377972359833554e+19,6.246932774471579,1664270.585058851,38059.148274219144,13.791697799788698,0.0003252158974234258
1.460686320364986e+19,6.246932774471579,1764169.8395713351,40343.68095424614,14.619556166709032,0.000344737257711759
1.548365256585496e+19,6.246932774471579,1870065.631631106,42765.34464751882,15.497107434795632,0.0003654304042212643
1.6413071953751267e+19,6.246932774471579,1982317.9084943424,45332.37075950501,16.42733446262069,0.0003873656744144878
1.7398280529303622e+19,6.246932774471579,2101308.223556799,48053.48479277259,17.413399157374048,0.00041061762781986793
1.8442627085855328e+19,6.246932774471579,2227441.033280678,50937.936005587384,18.458653222408476,0.00043526529946482403
1.9549661430912594e+19,6.246932774471579,2361145.07197063,53995.528850793424,19.56664954991544,0.00046139246852138193
2.0723146452190294e+19,6.246932774471579,2502874.809071854,57236.656301838804,20.741154297455918,0.0004890879430774806
2.1967070907932353e+19,6.246932774471579,2653111.9939437564,60672.33517922448,21.986159689395226,0.0005184458620019186
2.3285662984981967e+19,6.246932774471579,2812367.293359951,64314.24359745311,23.30589758675484,0.0005495660149289997
2.468340467068651e+19,6.246932774471579,2981182.0273005962,68174.76065976282,24.70485387160607,0.0005825541814505286
2.6165046987488236e+19,6.246932774471579,3160130.008937137,72267.00853557115,26.187783694899217,0.0006175224906680951
2.773562614198418e+19,6.246932774471579,3349819.4950636895,76604.89706365303,27.75972763955658,0.0006545898023277878
2.9400480643347137e+19,6.246932774471579,3550895.25360473,81203.17103266265,29.42602885376884,0.0006938821108328427
3.1165269449294365e+19,6.246932774471579,3764040.7552266833,86077.46029970868,31.192351212732127,0.0007355329735074953
3.303599120128346e+19,6.246932774471579,3989980.4965028637,91244.33291733942,33.06469857055876,0.0007796839645677329
3.50190046143172e+19,6.246932774471579,4229482.462528355,96721.35144952047,35.04943516780026,0.0008264851563420262
3.712105009066372e+19,6.246932774471579,4483360.737355443,102527.13266802674,37.15330726394927,0.0008760956293777454
3.934927263095861e+19,6.246932774471579,4752478.271122654,108681.41083216088,39.38346606845074,0.0009286840131671444
4.171124612056533e+19,6.246932774471579,5037749.813283057,115205.10476689084,41.74749204816655,0.0009844290593308844
4.421499907374468e+19,6.246932774471579,5340145.021902042,122120.38896740829,44.253420693915956,0.0010435202492073729
4.6869041923142115e+19,6.246932774471579,5660691.759593606,129450.76897180467,46.909769833676705,0.001106158437913224
4.9682395947343675e+19,6.246932774471579,6000479.587297289,137221.16125803976,49.72556858527823,0.001172556537063851
5.266462393484259e+19,6.246932774471579,6360663.467773179,145457.9779368197,52.7103880470144,0.001242940238475167
5.582586268862678e+19,6.246932774471579,6742467.691401193,154189.2165282101,55.87437383047659,0.001317548781305868
5.917685748188806e+19,6.246932774471579,7147190.037630528,163444.55512718405,59.22828054620401,0.0013966357652482264
6.272899858196231e+19,6.246932774471579,7576206.186223397,173255.45328155658,62.78350835936207,0.0014804700125313009
6.649435996665032e+19,6.246932774471579,8030974.393287409,183655.25892520318,66.55214173970677,0.001569336481666628
7.048574036451889e+19,6.246932774471579,8513040.447990825,194679.3217300363,70.54699053754862,0.001663537236042274
7.471670675868067e+19,6.246932774471579,9024042.926808797,206365.11326202983,74.78163352533608,0.0017633924706575664
7.920164050192541e+19,6.246932774471579,9565718.763160238,218752.35434971165,79.2704645528596,0.0018692416004884524
8.395578619995103e+19,6.246932774471579,10139909.151366852,231883.15009805697,84.02874147296087,0.001981444414182907
8.899530352885224e+19,6.246932774471579,10748565.805002322,245802.13300670654,89.07263800404942,0.002100382297007892
9.433732216299774e+19,6.246932774471579,11393757.59090422,260556.61467897636,94.41929870571069,0.0022264595272047404
1e+20,6.246932774471579,12077677.561398104,276196.7466373297,100.08689725427153,0.0023601046501593747
1e+18,6.564063622045458,130089.53315691692,2831.2064130520403,1.051678935933064,2.4799173670701007e-05
1.0600258488068824e+18,6.564063622045458,137898.2678055519,3001.1519811429775,1.114806856734765,2.6287765119994126e-05
1.1236548001387516e+18,6.564063622045458,146175.72837957897,3181.2986762095416,1.1817240845660018,2.7865710534557726e-05
1.191103133283008e+18,6.564063622045458,154950.0505505275,3372.258829557231,1.2526580757976122,2.953837346200144e-05
1.2626001098748577e+18,6.564063622045458,164251.05885749226,3574.6815281979075,1.32784994006216,3.1311439401432766e-05
1.3383887531737592e+18,6.564063622045458,174110.36808284247,3789.2548211422713,1.4075552598025594,3.319093512886904e-05
1.418726674116599e+18,6.564063622045458,184561.49071309375,4016.708058126907,1.4920449590147997,3.518324918267357e-05
1.5038869469554132e+18,6.564063622045458,195639.9508502108,4257.814368725419,1.5816062241376934,3.729515357864761e-05
1.5941590374560028e+18,6.564063622045458,207383.40496053142,4513.393290270303,1.6765434802198065,3.953382682858896e-05
1.689849786812462e+18,6.564063622045458,219831.76987174875,4784.313553518065,1.777179425681645,4.190687834055932e-05
1.7912844546220096e+18,6.564063622045458,233027.35845301973,5071.496035526259,1.8838561291903135,4.4422374283798144e-05
1.898807824465269e+18,6.564063622045458,247015.02343938785,5375.916889779462,1.99693619237501,4.708886500620015e-05
2.0127853758499466e+18,6.564063622045458,261842.3098893891,5698.610864203729,2.116803982335504,4.9915414097550025e-05
2.133604526501402e+18,6.564063622045458,277559.6167940522,6040.674818347631,2.243866938132963,5.291162919730205e-05
2.2616759492228552e+18,6.564063622045458,294220.36838662816,6403.271451685307,2.3785569557040946,5.6087694651625135e-05
2.3974349678010685e+18,6.564063622045458,311881.19573530916,6787.633255713596,2.521331855905747,5.9454406130710175e-05
2.541343036702629e+18,6.564063622045458,330602.1292362266,7195.066703277629,2.672676940680322,6.302320732401517e-05
2.693889309590164e+18,6.564063622045458,350446.80266099365,7626.956689364004,2.8331066426312397,6.68062288381713e-05
2.8555923019901005e+18,6.564063622045458,371482.6694523779,8084.77123845641,3.0031662736155975,7.081632942976937e-05
3.0270016537634555e+18,6.564063622045458,393781.2320033034,8570.066494454226,3.1834338782975755,7.506713971317909e-05
3.208699997370444e+18,6.564063622045458,417418.28469852154,9084.492010115264,3.3745221989629735,7.95731084919675e-05
3.401304938279246e+18,6.564063622045458,442474.1715450632,9629.796354001774,3.577080758273393,8.434955187139998e-05
3.6054711542504986e+18,6.564063622045458,469034.05926717777,10207.833053988152,3.7917980670395197,8.941270531896091e-05
3.821892620633115e+18,6.564063622045458,497188.2267940278,10820.566897532743,4.019403964517863,9.477977884985121e-05
4.051304969235378e+18,6.564063622045458,527032.372124128,11470.0806101288,4.260672099185797,0.00010046901552504214
4.294487988789272e+18,6.564063622045458,558667.9376095835,12158.581934635144,4.516422558427225,0.00010649975346072462
4.5522682755073096e+18,6.564063622045458,592202.4547657892,12888.411135549646,4.787524656067371,0.00011289249155992834
4.825522042741279e+18,6.564063622045458,627749.909778625,13662.048953733089,5.074899887231693,0.00011966895918973684
5.115178099293145e+18,6.564063622045458,665431.1309515309,14482.125038622096,5.379525060572727,0.00012685219004093698
5.422221006501592e+18,6.564063622045458,705374.1994094203,15351.426886592795,5.702435618511501,0.00013446660042115618
5.747694424835359e+18,6.564063622045458,747714.8844554458,16272.909315857323,6.044729156779253,0.00014253807224761197
6.092704661368687e+18,6.564063622045458,792597.105060424,17249.704510099084,6.407569155222639,0.0001510940410215716
6.458424430196991e+18,6.564063622045458,840173.4190535535,18285.132664985686,6.7921889325536755,0.00016016358908355334
6.846096838574672e+18,6.564063622045458,890605.5416772239,19382.713273747908,7.199895838486924,0.0001697775444662504
7.257039612324231e+18,6.564063622045458,944064.8952685125,20546.177090185054,7.632075697513243,0.00017996858568118532
7.692649574879161e+18,6.564063622045458,1000733.1919357855,21779.47880975993,8.090197519414854,0.0001907713527952726
8.154407395185187e+18,6.564063622045458,1060803.0512109518,23086.81051188728,8.575818492533065,0.00020222256517484605
8.643882620598297e+18,6.564063622045458,1124478.65477682,24472.61590910697,9.09058927676112,0.0002143611462973713
9.162739011886769e+18,6.564063622045458,1191976.44049502,25941.60545157593,9.63625961425345,0.0002272283560550873
9.712740198471207e+18,6.564063622045458,1263525.8380935397,27498.772338220024,10.214684276922494,0.00024086793100028638
1.0295755673125085e+19,6.564063622045458,1339370.049014521,29149.40948896866,10.827829370938996,0.00025532623300893414
1.0913767146512693e+19,6.564063622045458,1419766.8730731336,30899.1275357634,11.477779019665702,0.00027065240686795927
1.1568875283162786e+19,6.564063622045458,1504989.584737242,32753.873893489716,12.166742447738963,0.00028689854732183423
1.2263306841775593e+19,6.564063622045458,1595327.862006612,34719.95297566002,12.897061490379219,0.0003041198761462888
1.2999422244132422e+19,6.564063622045458,1691088.7710488278,36804.047623559054,13.671218553453787,0.00032237492985101373
1.377972359833554e+19,6.564063622045458,1792597.8099388215,39013.241821692114,14.49184505134925,0.00034172575864938
1.460686320364986e+19,6.564063622045458,1900200.015049758,41355.044776747345,15.361730351334309,0.0003622381373714849
1.548365256585496e+19,6.564063622045458,2014261.1338559703,43837.416441918234,16.2838312548156,0.0003839817890374324
1.6413071953751267e+19,6.564063622045458,2135168.8681343887,46468.79457334516,17.261282047713948,0.00040703062185078957
1.7398280529303622e+19,6.564063622045458,2263334.1917901854,49258.12341064286,18.297405154122977,0.00043146298041777634
1.8442627085855328e+19,6.564063622045458,2399192.7477860306,52214.88407900086,19.395722429462634,0.00045736191204610063
1.9549661430912594e+19,6.564063622045458,2543206.3289232035,55349.12681619585,20.559967131513815,0.0004848154490286065
2.0723146452190294e+19,6.564063622045458,2695864.447507854,58671.50513405779,21.794096610024535,0.0005139169078712385
2.1967070907932353e+19,6.564063622045458,2857685.9992378107,62193.312030506975,23.10230575802046,0.000544765206482418
2.3285662984981967e+19,6.564063622045458,3029221.026965605,65926.51837524946,24.489041270541772,0.0005774652004019819
2.468340467068651e+19,6.564063622045458,3211052.590332871,69883.81359960632,25.95901675927281,0.0006121280392125471
2.6165046987488236e+19,6.564063622045458,3403798.74763114,74078.64882878466,27.517228774440248,0.0006488715443447729
2.773562614198418e+19,6.564063622045458,3608114.6566255023,78525.2826031994,29.16897378843919,0.0006878206095607004
2.9400480643347137e+19,6.564063622045458,3824694.8014820013,83238.82934425678,30.91986619891596,0.000729107625476449
3.1165269449294365e+19,6.564063622045458,4054275.353368229,88235.31072933703,32.775857412501125,0.0007728729295672432
3.303599120128346e+19,6.564063622045458,4297636.672750981,93531.7101506045,34.74325607405985,0.0008192652831843788
3.50190046143172e+19,6.564063622045458,4555605.961896444,99146.03044275384,36.82874951022017,0.0008684423772055322
3.712105009066372e+19,6.564063622045458,4829060.0765889725,105097.35507591315,39.0394264600672,0.0009205713680371611
3.934927263095861e+19,6.564063622045458,5118928.506625653,111405.91302170315,41.38280117026659,0.0009758294457909045
4.171124612056533e+19,6.564063622045458,5426196.535217606,118093.1475129366,43.86683893651829,0.0010344044365652534
4.421499907374468e+19,6.564063622045458,5751908.588036959,125181.78893067595,46.49998317815721,0.0010964954408796783
4.6869041923142115e+19,6.564063622045458,6097171.783293525,132695.93206640487,49.29118413793226,0.0011623135104313674
4.9682395947343675e+19,6.564063622045458,6463159.6949070385,140661.11802191008,52.24992930450756,0.0012320823654747076
5.266462393484259e+19,6.564063622045458,6851116.341568266,149104.4210253003,55.38627566111023,0.0013060391552623186
5.582586268862678e+19,6.564063622045458,7262360.415245606,158054.54045820274,58.71088386992035,0.0013844352641319629
5.917685748188806e+19,6.564063622045458,7698289.763512222,167541.89840698807,62.23505450841461,0.0014675371659796644
6.272899858196231e+19,6.564063622045458,8160386.14092838,177598.74306958402,65.97076648082479,0.0015556273300232403
6.649435996665032e+19,6.564063622045458,8650220.245629527,188259.25836937124,69.93071773527693,0.0016490051809350695
7.048574036451889e+19,6.564063622045458,9169457.058239916,199559.6801487469,74.12836842501144,0.0017479881166076441
7.471670675868067e+19,6.564063622045458,9719861.501259027,211538.41933730544,78.57798666039206,0.0018529125870113616
7.920164050192541e+19,6.564063622045458,10303304.43815744,224236.1925132934,83.29469700721798,0.001964135237811675
8.395578619995103e+19,6.564063622045458,10921769.032573557,237696.1603021273,88.2945318961883,0.0020820341226328283
8.899530352885224e+19,6.564063622045458,11577357.489226509,251964.0740823993,93.59448611826338,0.002207009988088757
9.433732216299774e+19,6.564063622045458,12272298.199458046,267088.43149803556,99.21257459115611,0.002339487635949052
1e+20,6.564063622045458,13008953.31569169,283120.641305204,105.16789359330639,0.0024799173670701003
1e+18,6.897293886423361,140120.37124648623,2902.1810904356335,1.1050683102658558,2.605812478307095e-05
1.0600258488068824e+18,6.897293886423361,148531.21546569205,3076.386973780316,1.171400973579151,2.7622285841490445e-05
1.1236548001387516e+18,6.897293886423361,157446.92774833817,3261.0497131399156,1.241715311311448,2.928033699511224e-05
1.191103133283008e+18,6.897293886423361,166897.81322846803,3456.7969901725796,1.3162503268494201,3.1037914076595415e-05
1.2626001098748577e+18,6.897293886423361,176915.99613151935,3664.2941636607648,1.3952593699608926,3.290099121423813e-05
1.3383887531737592e+18,6.897293886423361,187535.528966829,3884.2465311126084,1.4790109979485517,3.4875901138460565e-05
1.418726674116599e+18,6.897293886423361,198792.50827451056,4117.4017261178315,1.5677898884951276,3.6969356707201575e-05
1.5038869469554132e+18,6.897293886423361,210725.19732013726,4364.552259606977,1.6618978073028954,3.918847372339577e-05
1.5941590374560028e+18,6.897293886423361,223374.15615427625,4626.538213651882,1.7616546338165482,4.15407951220888e-05
1.689849786812462e+18,6.897293886423361,236782.37947895782,4904.250096963814,1.8673994485159642,4.4034316609404986e-05
1.7912844546220096e+18,6.897293886423361,250995.4427896956,5198.631871795303,1.9794916854746394,4.667751384051553e-05
1.898807824465269e+18,6.897293886423361,266061.6572898064,5510.684162534327,2.0983123541014206,4.947937122898746e-05
2.0127853758499466e+18,6.897293886423361,282032.23410359287,5841.4676568970945,2.224265334218326,5.244941248543827e-05
2.133604526501402e+18,6.897293886423361,298961.45834655996,6192.106711280243,2.357778748876486,5.5597732989298553e-05
2.2616759492228552e+18,6.897293886423361,316906.8736443556,6563.793172527632,2.499306419576626,5.89350341037196e-05
2.3974349678010685e+18,6.897293886423361,335929.4777275935,6957.790429101423,2.6493294088402033,6.247265955025794e-05
2.541343036702629e+18,6.897293886423361,356093.9297674451,7375.43770542864,2.808357655374873,6.622263396698557e-05
2.693889309590164e+18,6.897293886423361,377468.7701567143,7818.154614019279,2.9769317073920556,7.019770378108135e-05
2.8555923019901005e+18,6.897293886423361,400126.65348346106,8287.44598082923,3.1556245599683854,7.441138053483486e-05
3.0270016537634555e+18,6.897293886423361,424144.5954890632,8784.90696026969,3.345043602696333,7.887798681233025e-05
3.208699997370444e+18,6.897293886423361,449604.234850146,9312.228457249368,3.5458326842442123,8.361270492291846e-05
3.401304938279246e+18,6.897293886423361,476592.1106741949,9871.202874679366,3.7586743008431576,8.863162850695603e-05
3.6054711542504986e+18,6.897293886423361,505199.95665207715,10463.730205976934,3.9842919161398833,9.395181723922235e-05
3.821892620633115e+18,6.897293886423361,535525.0128673183,11091.824493276914,4.22345242030058,9.959135481595577e-05
4.051304969235378e+18,6.897293886423361,567670.3563219956,11757.62067330283,4.476968736724604,0.0001055694104226109
4.294487988789272e+18,6.897293886423361,601745.2513027289,12463.381834167181,4.745702585228375,0.00011190630389127027
4.5522682755073096e+18,6.897293886423361,637865.5207776859,13211.506907767343,5.030567411091724,0.00011862357476918469
4.825522042741279e+18,6.897293886423361,676153.9400870107,14004.538823924071,5.332531489922746,0.0001257440555332117
5.115178099293145e+18,6.897293886423361,716740.6542648514,14845.17315397905,5.652621218894788,0.00013329194919901248
5.422221006501592e+18,6.897293886423361,759763.6204114994,15736.267273231788,5.991924605542742,0.00014129291158880705
5.747694424835359e+18,6.897293886423361,805369.0766192897,16680.850073359492,6.351594965977291,0.00014977413853732103
6.092704661368687e+18,6.897293886423361,853712.0390461776,17682.132257833244,6.732854845087598,0.00015876445833234328
6.458424430196991e+18,6.897293886423361,904956.8288265787,18743.517255325238,7.137000172057512,0.0001682944297041071
6.846096838574672e+18,6.897293886423361,959277.6306104789,19868.612788202583,7.56540466532013,0.00017839644569656634
7.257039612324231e+18,6.897293886423361,1016859.084629328,21061.243135429726,8.01952450192352,0.00018910484377363367
7.692649574879161e+18,6.897293886423361,1077896.9143011929,22325.462131562017,8.50090326717907,0.0002004560225346389
8.154407395185187e+18,6.897293886423361,1142598.5915084411,23665.566946014937,9.011177201416693,0.00021248856543573216
8.643882620598297e+18,6.897293886423361,1211184.0418092837,25086.112689445585,9.552080761680958,0.00022524337193776878
9.162739011886769e+18,6.897293886423361,1283886.3919802366,26591.927896894664,10.12545251727275,0.00023876379652645768
9.712740198471207e+18,6.897293886423361,1360952.762430456,28188.130940317176,10.73324139917583,0.00025309579607731204
1.0295755673125085e+19,6.897293886423361,1442645.1071814036,29880.147426289015,11.377513324610437,0.00026828808606630414
1.0913767146512693e+19,6.897293886423361,1529241.1042670633,31673.728638026798,12.060458219231792,0.00028439230615720794
1.1568875283162786e+19,6.897293886423361,1621035.0995810681,33574.97108440322,12.784397460841125,0.0003014631957284412
1.2263306841775593e+19,6.897293886423361,1718339.1073791706,35590.33722241106,13.551791769912665,0.0003195587799360762
1.2999422244132422e+19,6.897293886423361,1821483.8708376663,37726.677423509456,14.365249573755793,0.00033874056694543084
1.377972359833554e+19,6.897293886423361,1930819.9862727427,39991.253258519064,15.227535872743193,0.00035907375700165495
1.460686320364986e+19,6.897293886423361,2046719.0948420577,42391.76218021268,16.141581638741854,0.00038062746404995555
1.548365256585496e+19,6.897293886423361,2169575.1457792064,44936.36368749944,17.110493777692923,0.00040347495065876527
1.6413071953751267e+19,6.897293886423361,2299805.735454919,47633.70706013637,18.13756569020382,0.00042769387704437266
1.7398280529303622e+19,6.897293886423361,2437853.526816536,50492.96075823943,19.226288466048892,0.0004533665650434675
1.8442627085855328e+19,6.897293886423361,2584187.7540305513,53523.84358652536,20.380362750629452,0.00048058027793086234
1.9549661430912594e+19,6.897293886423361,2739305.817442586,56736.65772921336,21.603711323728152,0.0005094275170335098
2.0723146452190294e+19,6.897293886423361,2903734.9742762083,60142.32376787496,22.900492433313794,0.0005400063361490287
2.1967070907932353e+19,6.897293886423361,3078034.1308173686,63752.417801259995,24.275113929719048,0.000572420674837469
2.3285662984981967e+19,6.897293886423361,3262795.7421762366,67579.21079327163,25.732248248234203,0.0006067807117191964
2.468340467068651e+19,6.897293886423361,3458647.8260838464,71635.71028283698,27.276848291043873,0.0006432032389797854
2.6165046987488236e+19,6.897293886423361,3666256.0975686084,75935.70459744819,28.914164262490345,0.0006818120593548832
2.773562614198418e+19,6.897293886423361,3886326.2317685727,80493.80972065871,30.649761514887956,0.0007227384069444286
2.9400480643347137e+19,6.897293886423361,4119606.2625709334,85325.51897284093,32.48953946554762,0.0007661213932866019
3.1165269449294365e+19,6.897293886423361,4366889.125231901,90447.25567407344,34.43975164931182,0.0008121084802077415
3.303599120128346e+19,6.897293886423361,4629015.351619491,95876.42896816283,36.507026974759995,0.0008608559810554785
3.50190046143172e+19,6.897293886423361,4906875.927240541,101631.49299754956,38.698392256335715,0.0009125295920188151
3.712105009066372e+19,6.897293886423361,5201415.319763212,107732.00963023822,41.02129609898395,0.0009673049553411426
3.934927263095861e+19,6.897293886423361,5513634.68932912,114198.71495196449,43.48363421648392,0.001025368256340598
4.171124612056533e+19,6.897293886423361,5844595.291567174,121053.58974961139,46.09377626953637,0.0010869168562670757
4.421499907374468e+19,6.897293886423361,6195422.08487615,128319.93422545085,48.86059431482941,0.0011521599631470053
4.6869041923142115e+19,6.897293886423361,6567307.5542378,136022.447196178,51.793492961786214,0.001221319342896221
4.9682395947343675e+19,6.897293886423361,6961515.764556719,144187.31004591676,54.902441339490274,0.00129463007311782
5.266462393484259e+19,6.897293886423361,7379386.65730673,152842.27571860404,58.19800698246326,0.0013723413421476336
5.582586268862678e+19,6.897293886423361,7822340.605085748,162016.7630521888,61.69139175045448,0.0014547172960628213
5.917685748188806e+19,6.897293886423361,8291883.239562563,171741.95677534,65.39446990435341,0.0015420379365330451
6.272899858196231e+19,6.897293886423361,8789610.569224868,182050.91350653468,69.31982846763836,0.0016346000725658547
6.649435996665032e+19,6.897293886423361,9317214.404324535,192978.67411583275,73.48081001055584,0.0017327183293814117
7.048574036451889e+19,6.897293886423361,9876488.107459828,204562.38283126237,77.89155800245672,0.0018367262178457743
7.471670675868067e+19,6.897293886423361,10469332.689341184,216841.41349466736,82.5670648864447,0.0019469772680978216
7.920164050192541e+19,6.897293886423361,11097763.270460527,229857.5033961689,87.52322303974648,0.0020638462312230987
8.395578619995103e+19,6.897293886423361,11763915.930627765,243654.8951421548,92.77687879302134,0.00218773035305915
8.899530352885224e+19,6.897293886423361,12470054.969656501,258280.48703901455,98.34588969222571,0.0023190507244621066
9.433732216299774e+19,6.897293886423361,13218580.60387862,273783.99250378646,104.24918519766959,0.0024582537126241603
1e+20,6.897293886423361,14012037.124648625,290218.1090435633,110.50683102658557,0.002605812478307095
1e+18,7.247440868171953,150924.6590543952,2974.935011044476,1.1611680415281778,2.7380987617838732e-05
1.0600258488068824e+18,7.247440868171953,159984.0398200246,3153.5080102277325,1.2308681388283318,2.9024554640770237e-05
1.1236548001387516e+18,7.247440868171953,169587.2176057757,3342.8000052609555,1.3047520436308502,3.0766778169324215e-05
1.191103133283008e+18,7.247440868171953,179766.8342893598,3543.454412968395,1.3830708925323063,3.2613580143990953e-05
1.2626001098748577e+18,7.247440868171953,190557.49110490482,3756.153271815316,1.4660908968166502,3.457123797476529e-05
1.3383887531737592e+18,7.247440868171953,201995.86625498673,3981.6195602047796,1.5540942473261135,3.664640587850531e-05
1.418726674116599e+18,7.247440868171953,214120.8395824238,4220.619653932157,1.6473800736477564,3.884613749708412e-05
1.5038869469554132e+18,7.247440868171953,226973.62472560108,4473.965931150446,1.7462654608760075,4.117790987321546e-05
1.5941590374560028e+18,7.247440868171953,240597.90920653008,4742.5195337008245,1.8510865274072315,4.364964886544852e-05
1.689849786812462e+18,7.247440868171953,255040.00292781324,5027.193294194437,1.962199567429835,4.626975608871944e-05
1.7912844546220096e+18,7.247440868171953,270348.9955832651,5328.954838794726,2.0799822619933086,4.9047137472032245e-05
1.898807824465269e+18,7.247440868171953,286576.92351723864,5648.829876246922,2.204834962772716,5.199123353033883e-05
2.0127853758499466e+18,7.247440868171953,303778.9465998259,5987.9056843343205,2.3371820528922393,5.5112051453514264e-05
2.133604526501402e+18,7.247440868171953,322013.53571913845,6347.334805611993,2.477473389433288,5.842019912149956e-05
2.2616759492228552e+18,7.247440868171953,341342.6715279851,6728.33896498032,2.6261858325304845,6.192692116123464e-05
2.3974349678010685e+18,7.247440868171953,361832.05512046115,7132.213222413684,2.7838248662527363,6.564413716793465e-05
2.541343036702629e+18,7.247440868171953,383551.3313546057,7560.330374960738,2.950926316779263,6.958448222063536e-05
2.693889309590164e+18,7.247440868171953,406574.32558017556,8014.14562297821,3.1280581737105053,7.376134982971641e-05
2.8555923019901005e+18,7.247440868171953,430979.2945762114,8495.20151645944,3.315822520704785,7.818893746238653e-05
3.0270016537634555e+18,7.247440868171953,456849.1925513399,9005.133198270432,3.514857582003066,8.288229480087452e-05
3.208699997370444e+18,7.247440868171953,484271.953110973,9545.67396211565,3.725839891798107,8.785737489735929e-05
3.401304938279246e+18,7.247440868171953,513340.7881498259,10118.661144125399,3.949486593821831,9.313108839951775e-05
3.6054711542504986e+18,7.247440868171953,544154.5046857133,10726.042368090746,4.186557878967389,9.872136103100761e-05
3.821892620633115e+18,7.247440868171953,576817.840711562,11369.882165573978,4.4378595692315495,0.00010464719452226456
4.051304969235378e+18,7.247440868171953,611441.8212072265,12052.368993396789,4.704245856760418,0.00011092873119872241
4.294487988789272e+18,7.247440868171953,648144.1355212163,12775.822672359183,4.986622207308721,0.0001175873224459962
4.5522682755073096e+18,7.247440868171953,687049.5374050803,13542.702272473754,5.285948437981676,0.00012464560128474568
4.825522042741279e+18,7.247440868171953,728290.2690601961,14355.614471517887,5.603241979720941,0.0001321275593019068
5.115178099293145e+18,7.247440868171953,772006.5106383271,15217.322415315113,5.939581335624047,0.00014005862819978544
5.422221006501592e+18,7.247440868171953,818346.8567238323,16130.755109862403,6.296109746852397,0.00014846576624020512
5.747694424835359e+18,7.247440868171953,867468.8214171247,17099.01737722785,6.674039078588499,0.00015737754987753765
6.092704661368687e+18,7.247440868171953,919539.3737361934,18125.400409059584,7.0746539392510766,0.00016682427089208433
6.458424430196991e+18,7.247440868171953,974735.5051560577,19213.392953578,7.499316046969576,0.00017683803935397095
6.846096838574672e+18,7.247440868171953,1033244.8312152553,20366.693174076692,7.9494688581599995,0.00018745289276753794
7.257039612324231e+18,7.247440868171953,1095266.229234275,21589.221219239986,8.426642473934933,0.00019870491176721496
7.692649574879161e+18,7.247440868171953,1161010.5143135758,22885.13254800442,8.932458841025005,0.0002106323427581387
8.154407395185187e+18,7.247440868171953,1230701.1559089632,24258.8320542564,9.46863726489007,0.00022327572791837813
8.643882620598297e+18,7.247440868171953,1304575.0374200102,25714.98903937675,10.037000253759576,0.00023667804300465335
9.162739011886769e+18,7.247440868171953,1382883.2613734165,27258.553083525017,10.63947971346639,0.0002508848434299595
9.712740198471207e+18,7.247440868171953,1465892.0029381858,28894.770869611064,11.278123514130813,0.00026594441910962456
1.0295755673125085e+19,7.247440868171953,1553883.4146737587,30629.2040171396,11.955102451015277,0.00028190795860213075
1.0913767146512693e+19,7.247440868171953,1647156.585586488,32467.74798654758,12.672717623210714,0.0002988297231026392
1.1568875283162786e+19,7.247440868171953,1746028.5577541632,34416.652118288046,13.433408255233873,0.00031676723088060074
1.2263306841775593e+19,7.247440868171953,1850835.4039744136,36482.54087477947,14.239759988123666,0.00033578145278841446
1.2999422244132422e+19,7.247440868171953,1961933.3700998065,38672.436357419894,15.094513668217072,0.00035593701950564717
1.377972359833554e+19,7.247440868171953,2079700.0859425955,40993.782175204164,16.00057466347889,0.00037730244122326554
1.460686320364986e+19,7.247440868171953,2204535.848865046,43454.46874607525,16.961022739052108,0.00039995034051460094
1.548365256585496e+19,7.247440868171953,2336864.9844183717,46062.860117010554,17.979122525596548,0.00042395769918459155
1.6413071953751267e+19,7.247440868171953,2477137.288655166,48827.8223940068,19.058334615998415,0.00044940611993635947
1.7398280529303622e+19,7.247440868171953,2625829.5570178716,51758.75387859876,20.20232732816931,0.0004763821037445471
1.8442627085855328e+19,7.247440868171953,2783447.20500007,54865.61701334818,21.414989173917153,0.0005049773438782219
1.9549661430912594e+19,7.247440868171953,2950525.9860893427,58158.97224488772,22.700442076271724,0.0005352890375727571
2.0723146452190294e+19,7.247440868171953,3127633.81283112,61650.01391962303,24.063055380191408,0.0005674202164100811
2.1967070907932353e+19,7.247440868171953,3315372.6872034143,65350.60833410452,25.50746070427442,0.0006014800965302812
2.3285662984981967e+19,7.247440868171953,3514380.7468639542,69273.33406940527,27.03856768395669,0.0006375844498649569
2.468340467068651e+19,7.247440868171953,3725334.434225028,73431.52474660405,28.661580659708527,0.0006758559976541699
2.6165046987488236e+19,7.247440868171953,3948950.795728892,77839.31434870254,30.38201636695446,0.000716424827584584
2.773562614198418e+19,7.247440868171953,4185989.9191391324,82511.68526302915,32.20572268784549,0.0007594288359666728
2.9400480643347137e+19,7.247440868171953,4437257.517132512,87464.51920742882,34.13889852862249,0.0008050141964539952
3.1165269449294365e+19,7.247440868171953,4703607.665973111,92714.65121334059,36.18811489013508,0.0008533358568977366
3.303599120128346e+19,7.247440868171953,4985945.7085777065,98279.92684925541,38.36033720313642,0.0009045580660253716
3.50190046143172e+19,7.247440868171953,5285231.3318401165,104179.26287906029,40.66294900427292,0.0009588549317336566
3.712105009066372e+19,7.247440868171953,5602481.828674549,110432.71156145123,43.10377703324538,0.0010164110128936348
3.934927263095861e+19,7.247440868171953,5938775.555865874,117061.52880897296,45.691117836448534,0.001077421946679238
4.171124612056533e+19,7.247440868171953,6295255.599480288,124088.24643836288,48.43376596751664,0.001142095113551823
4.421499907374468e+19,7.247440868171953,6673133.660295316,131536.74875778213,51.341043880630295,0.0012106503421609538
4.6869041923142115e+19,7.247440868171953,7073694.172456379,139432.3537512668,54.42283361819698,0.0012833206565575185
4.9682395947343675e+19,7.247440868171953,7498298.669358311,147801.8991363269,57.68961040060453,0.0013603530682587783
5.266462393484259e+19,7.247440868171953,7948390.411594058,156673.8335872541,61.15247823223916,0.0014420094158580582
5.582586268862678e+19,7.247440868171953,8425499.292698478,166078.31343415732,64.82320764477373,0.0015285672550324552
5.917685748188806e+19,7.247440868171953,8931247.039364493,176047.30516645804,68.71427570603605,0.0016203208019741843
6.272899858196231e+19,7.247440868171953,9467352.723806303,186614.69408923897,72.83890843044101,0.0017175819334521332
6.649435996665032e+19,7.247440868171953,10035638.607006926,197816.39950178223,77.211125735145,0.0018206812469029636
7.048574036451889e+19,7.247440868171953,10638036.332711635,209690.49678979808,81.84578909473203,0.0019299691841550876
7.471670675868067e+19,7.247440868171953,11276593.493221108,222277.34684634258,86.7586520564124,0.0020458172226051233
7.920164050192541e+19,7.247440868171953,11953480.589301873,235619.7332613361,91.96641378743952,0.002168619137895734
8.395578619995103e+19,7.247440868171953,12670998.407871308,249763.007745999,97.48677583675554,0.0022987923423867748
8.899530352885224e+19,7.247440868171953,13431585.84253444,264755.24428651255,103.33850230380308,0.002436779303969303
9.433732216299774e+19,7.247440868171953,14237828.183555074,280647.40255088394,109.54148361902082,0.002583049050045104
1e+20,7.247440868171953,15092465.905439522,297493.50110444764,116.11680415281778,0.0027380987617838734
1e+18,7.615363358815271,162562.0351134821,3049.5127782014897,1.2201157232913586,2.8771006707869628e-05
1.0600258488068824e+18,7.615363358815271,172319.95925494307,3232.562371160468,1.2933542052245453,3.0498010806538e-05
1.1236548001387516e+18,7.615363358815271,182663.61107558844,3426.5996713105637,1.3709888892010995,3.232867979212192e-05
1.191103133283008e+18,7.615363358815271,193628.14937653093,3632.2842251023653,1.4532836609802007,3.426923623744995e-05
1.2626001098748577e+18,7.615363358815271,205250.843395763,3850.3151688219837,1.5405182462877107,3.6326276230566453e-05
1.3383887531737592e+18,7.615363358815271,217571.19948892217,4081.4336050045385,1.6329891616236207,3.850679179529949e-05
1.418726674116599e+18,7.615363358815271,230631.09541417623,4326.4251214938695,1.7310107221425175,4.081819465764223e-05
1.5038869469554132e+18,7.615363358815271,244474.92267767325,4586.122461710958,1.8349161100329365,4.326834143873175e-05
1.5941590374560028e+18,7.615363358815271,259149.7374233975,4861.408355207467,1.9450585070270865,4.586556036005763e-05
1.689849786812462e+18,7.615363358815271,274705.42038031766,5153.218518125666,2.061812294890435,4.86186795516734e-05
1.7912844546220096e+18,7.615363358815271,291194.84641049773,5462.544833763504,2.1855743279716995,5.153705705963241e-05
1.898807824465269e+18,7.615363358815271,308674.06423447764,5790.438724055809,2.316765282138732,5.463061265464557e-05
2.0127853758499466e+18,7.615363358815271,327202.4869448223,6138.014723431501,2.4558310846854265,5.79098615500807e-05
2.133604526501402e+18,7.615363358815271,346843.09395540523,6506.454267194565,2.603244430069974,6.138595014391282e-05
2.2616759492228552e+18,7.615363358815271,367662.6450728838,6897.009707306081,2.7595063866367133,6.507069390611815e-05
2.3974349678010685e+18,7.615363358815271,389731.9074179671,7311.008569216436,2.925148099782595,6.897661754028572e-05
2.541343036702629e+18,7.615363358815271,413125.895967856,7749.858064218044,3.1007325973578848,7.311699755596909e-05
2.693889309590164e+18,7.615363358815271,437924.1285374303,8215.049872655594,3.286856703437461,7.750590739647687e-05
2.8555923019901005e+18,7.615363358815271,464210.8960659039,8708.165214252618,3.4841530669678864,8.215826527549803e-05
3.0270016537634555e+18,7.615363358815271,492075.54912766325,9230.880222788699,3.6932923121857364,8.708988488516081e-05
3.208699997370444e+18,7.615363358815271,521612.80164116394,9784.971643396255,3.9149853181166185,9.231752914788626e-05
3.401304938279246e+18,7.615363358815271,552923.0528082107,10372.322871842389,4.149985634903051,9.785896719474225e-05
3.6054711542504986e+18,7.615363358815271,586112.7283779164,10994.930356323768,4.399092045174475,0.0001037330347639715
3.821892620633115e+18,7.615363358815271,621294.6423953186,11654.910383534663,4.663151279165678,0.00010995969822499275
4.051304969235378e+18,7.615363358815271,658588.380664266,12354.506272074477,4.943060892812498,0.0001165601224454966
4.294487988789272e+18,7.615363358815271,698120.7072279888,13096.0959976457,5.239772318607673,0.00012355674273232164
4.5522682755073096e+18,7.615363358815271,740025.9952490098,13882.200275960799,5.5542940995869055,0.00013097334109064287
4.825522042741279e+18,7.615363358815271,784446.6837529896,14715.491130832484,5.887695317437669,0.00013883512706068207
5.115178099293145e+18,7.615363358815271,831533.761789007,15598.800976570854,6.241109226383172,0.00014716882340671085
5.422221006501592e+18,7.615363358815271,881447.281651972,16535.132245559147,6.615737105193287,0.00015600275694960887
5.747694424835359e+18,7.615363358815271,934356.9029116507,17527.667593732887,7.0128523404157015,0.00016536695485172293
6.092704661368687e+18,7.615363358815271,990442.4690974924,18579.78071865159,7.433804754706486,0.000175293246681307
6.458424430196991e+18,7.615363358815271,1049894.6189994537,19695.0478269344,7.88002519497238,0.00018581537260346664
6.846096838574672e+18,7.615363358815271,1112915.4346626746,20877.259790038283,8.353030395920218,0.0001969690980653569
7.257039612324231e+18,7.615363358815271,1179719.1282785821,22130.435029697128,8.854428135545017,0.000208792335365456
7.692649574879161e+18,7.615363358815271,1250532.7703072194,23458.83317682026,9.385922700080648,0.00022132527252013875
8.154407395185187e+18,7.615363358815271,1325597.0613057325,24866.96955027795,9.949320676988776,0.00023461050986557468
8.643882620598297e+18,7.615363358815271,1405167.1500865181,26359.630504788285,10.546537095676895,0.0002486932048592713
9.162739011886769e+18,7.615363358815271,1489513.5009860091,27941.889700073993,11.179601936818171,0.0002636212255734529
9.712740198471207e+18,7.615363358815271,1578922.8131920055,29619.12534658922,11.850667032398748,0.00027944531340201
1.0295755673125085e+19,7.615363358815271,1673698.9952543927,31397.038486435427,12.56201337994612,0.00029621925553406853
1.0913767146512693e+19,7.615363358815271,1774164.1980917635,33281.672371606066,13.3160588958008,0.00031400006778044384
1.1568875283162786e+19,7.615363358815271,1880659.910005004,35279.43300542429,14.11536663378368,0.00033284818837438354
1.2263306841775593e+19,7.615363358815271,1993548.1174201295,37397.11091700043,14.962653497196893,0.00035282768340538903
1.2999422244132422e+19,7.615363358815271,2113212.5353056346,39641.904242718505,15.8607994737694,0.0003740064645843634
1.377972359833554e+19,7.615363358815271,2240059.9114467,42021.44319320884,16.812857424938166,0.0003964565200803011
1.460686320364986e+19,7.615363358815271,2374521.409009558,44543.81598897139,17.822063462739177,0.0004202541592131441
1.548365256585496e+19,7.615363358815271,2517054.072095471,47217.596352806984,18.89184794958022,0.0004454802718345357
1.6413071953751267e+19,7.615363358815271,2668142.379265822,50051.87265250498,20.025847158284336,0.0004722206032781245
1.7398280529303622e+19,7.615363358815271,2828299.8903188673,53056.27879284557,21.227915632037245,0.000500566045813992
1.8442627085855328e+19,7.615363358815271,2998070.99191567,56241.02696192073,22.50213928625117,0.0005306129475978816
1.9549661430912594e+19,7.615363358815271,3178032.7479886995,59616.94234308077,23.852849296879093,0.0005624634401653663
2.0723146452190294e+19,7.615363358815271,3368796.8612227906,63195.499910495164,25.284636822386908,0.0005962257855841315
2.1967070907932353e+19,7.615363358815271,3571011.75227565,66988.86343339791,26.80236860942444,0.0006320147444443694
2.3285662984981967e+19,7.615363358815271,3785364.763805349,71009.92682159595,28.411203535240084,0.0006699519659381075
2.468340467068651e+19,7.615363358815271,4012584.4967964287,75272.35795277685,30.116610143067966,0.000710166401353382
2.6165046987488236e+19,7.615363358815271,4253443.287125971,79790.64513058776,31.92438523009158,0.0007527947423887477
2.773562614198418e+19,7.615363358815271,4508759.830787644,84580.14633140004,33.840673551165736,0.0007979818857779909
2.9400480643347137e+19,7.615363358815271,4779401.966697047,89657.14140715264,35.87198870527107,0.0008458814258043314
3.1165269449294365e+19,7.615363358815271,5066289.626537321,95038.88742171567,38.02523527569586,0.0008966561763782122
3.303599120128346e+19,7.615363358815271,5370397.961671727,100743.67730886588,40.307732299200914,0.0009504787244532481
3.50190046143172e+19,7.615363358815271,5692760.657751824,106790.90205125722,42.727238143941044,0.0010075320166614372
3.712105009066372e+19,7.615363358815271,6034473.448287803,113201.11659173657,45.29197688070491,0.0010680099811616502
3.934927263095861e+19,7.615363358815271,6396697.839123874,119996.10970104244,48.01066623711092,0.0011321181868151006
4.171124612056533e+19,7.615363358815271,6780665.056478436,127198.9780393713,50.89254722977744,0.001200074541928386
4.421499907374468e+19,7.615363358815271,7187680.231968661,134834.20466355144,53.947415575188735,0.0012721100349391574
4.6869041923142115e+19,7.615363358815271,7619126.838845093,142927.7422466832,57.18565498602754,0.001348469519562144
4.9682395947343675e+19,7.615363358815271,8076471.394514003,151507.10129309044,60.61827246614089,0.0014294125470640595
5.266462393484259e+19,7.615363358815271,8561268.445334211,160601.44364847848,64.25693572412784,0.001515214248496787
5.582586268862678e+19,7.615363358815271,9075165.850628976,170241.68162308913,68.11401283269791,0.0016061662698870893
5.917685748188806e+19,7.615363358815271,9619910.383876212,180460.5830648261,72.20261426862349,0.001702577763562046
6.272899858196231e+19,7.615363358815271,10197353.670114527,191292.88273947718,76.53663747617354,0.0018047764389795815
6.649435996665032e+19,7.615363358815271,10809458.479747126,202775.4003966297,81.1308141055055,0.0019131096766359934
7.048574036451889e+19,7.615363358815271,11458305.400136704,214947.1659225929,86.00076008658186,0.0020279457088367295
7.471670675868067e+19,7.615363358815271,12146099.907668393,227849.55200573034,91.163028708816,0.002149674871343929
7.920164050192541e+19,7.615363358815271,12875179.864319386,241526.4147651422,96.63516688686886,0.002278710930155174
8.395578619995103e+19,7.615363358815271,13648023.464216435,256024.24282070296,102.4357748038479,0.002415492487923259
8.899530352885224e+19,7.615363358815271,14467257.657192275,271392.315311155,108.58456913463952,0.002560484474797501
9.433732216299774e+19,7.615363358815271,15335667.077973112,287682.8693973722,115.10245006427587,0.002714179728754065
1e+20,7.615363358815271,16256203.51134821,304951.277820149,122.01157232913583,0.002877100670786962
1e+18,8.001963747158404,175096.73651614846,3125.9601133771243,1.2820559341812279,3.0231591297495256e-05
1.0600258488068824e+18,8.001963747158404,185607.06674884536,3313.5985225190448,1.3590124298483568,3.2046268225910176e-05
1.1236548001387516e+18,8.001963747158404,196748.28847500047,3512.500086438482,1.4405883044891081,3.396987267726345e-05
1.191103133283008e+18,8.001963747158404,208558.27149201377,3723.3408855611997,1.5270608402473342,3.6008943118577915e-05
1.2626001098748577e+18,8.001963747158404,221077.15876401812,3946.8375826143806,1.6187239633629316,3.81704104939093e-05
1.3383887531737592e+18,8.001963747158404,234347.50287064217,4183.749858613713,1.7158892432478325,4.0461621783113344e-05
1.418726674116599e+18,8.001963747158404,248414.41064622582,4434.882995072675,1.818886951532383,4.289036497474777e-05
1.5038869469554132e+18,8.001963747158404,263325.696501127,4701.0906112111215,1.928067184681877,4.5464895537993985e-05
1.5941590374560028e+18,8.001963747158404,279132.0449462706,4983.277565467134,2.0438010539991027,4.819396448357831e-05
1.689849786812462e+18,8.001963747158404,295887.1828733714,5282.403031174594,2.1664819470578,5.108684810907385e-05
1.7912844546220096e+18,8.001963747158404,313648.06217642274,5599.483756860897,2.2965268648547315,5.4153379529689273e-05
1.898807824465269e+18,8.001963747158404,332475.05333519634,5935.597522246824,2.434377839225445,5.7403982101720124e-05
2.0127853758499466e+18,8.001963747158404,352432.15061875497,6291.886801695718,2.580503435341617,6.0849704852270964e-05
2.133604526501402e+18,8.001963747158404,373587.18960647774,6669.562647564268,2.735400344397051,6.450226003567627e-05
2.2616759492228552e+18,8.001963747158404,396012.0777659843,7069.908806654992,2.8995950718961225,6.837406294427999e-05
2.3974349678010685e+18,8.001963747158404,419783.03887166467,7494.286083761711,3.0736457272829405,7.24782741088856e-05
2.541343036702629e+18,8.001963747158404,444980.8720946688,7944.136967141116,3.2581439209947467,7.682884403232936e-05
2.693889309590164e+18,8.001963747158404,471691.2266449781,8420.990531631893,3.4537167753874405,8.14405606082215e-05
2.8555923019901005e+18,8.001963747158404,500004.8928991026,8926.467636087818,3.6610290563686414,8.632909938603837e-05
3.0270016537634555e+18,8.001963747158404,530018.1110029655,9462.286432791154,3.8807854329838283,9.151107685341903e-05
3.208699997370444e+18,8.001963747158404,561832.8979989389,10030.268207573292,4.113732872636067,9.700410691677735e-05
3.401304938279246e+18,8.001963747158404,595557.3945889558,10632.343570493565,4.360663180080822,0.00010282686077221049
3.6054711542504986e+18,8.001963747158404,631306.2327123734,11270.559018118842,4.622415688826093,0.00010899913037020956
3.821892620633115e+18,8.001963747158404,669200.9251880088,11947.083889709489,4.8998801140861294,0.00011554189568989343
4.051304969235378e+18,8.001963747158404,709370.27874477,12664.217740956332,5.193999576986114,0.00012247739605143556
4.294487988789272e+18,8.001963747158404,751950.8318447996,13424.398160332414,5.505773810297294,0.0001298292057090797
4.5522682755073096e+18,8.001963747158404,797087.3187873249,14230.209054627916,5.836262556599091,0.0001376223139816905
4.825522042741279e+18,8.001963747158404,844933.1616707364,15084.389431831341,6.186589170418777,0.00014588321019320878
5.115178099293145e+18,8.001963747158404,895650.991885105,15989.842711210586,6.5579444365926305,0.00015463997371172896
5.422221006501592e+18,8.001963747158404,949413.2029077348,16949.646592239544,6.951590617827477,0.00016392236939324952
5.747694424835359e+18,8.001963747158404,1006402.5362807325,17967.063515915404,7.368865745220531,0.00017376194875451463
6.092704661368687e+18,8.001963747158404,1066812.7027623828,19045.551754025397,7.811188166321354,0.0001841921572188424
6.458424430196991e+18,8.001963747158404,1130849.040763659,20188.777164056177,8.280061366195067,0.0001952484477994741
6.846096838574672e+18,8.001963747158404,1198729.2143079464,21400.625649701655,8.777079077874001,0.00020696840160686381
7.257039612324231e+18,8.001963747158404,1270683.9528863882,22685.216369323338,9.303930699568518,0.00021939185558951958
7.692649574879161e+18,8.001963747158404,1346957.8357236783,24046.915737259755,9.862407037050529,0.00023256103794259744
8.154407395185187e+18,8.001963747158404,1427810.1231200735,25490.352265576348,10.454406390728456,0.0002465207116445114
8.643882620598297e+18,8.001963747158404,1513515.6376954152,27020.43229670401,11.081941008104028,0.00026131832660944996
9.162739011886769e+18,8.001963747158404,1604365.6985305725,28642.356680442568,11.747143923543273,0.00027700418097297637
9.712740198471207e+18,8.001963747158404,1700669.1113815166,30361.638452015613,12.452276208610568,0.0002936315920589345
1.0295755673125085e+19,8.001963747158404,1802753.218331824,32184.121571265263,13.199734657610058,0.0003112570776087858
1.0913767146512693e+19,8.001963747158404,1910965.0104515306,34116.00078668436,13.992059934458725,0.00032994054788940277
1.1568875283162786e+19,8.001963747158404,2025672.307244137,36163.84269180136,14.83194520858138,0.000349745509332272
1.2263306841775593e+19,8.001963747158404,2147265.0068910625,38334.608045495304,15.722245309183652,0.0003707392803963371
1.2999422244132422e+19,8.001963747158404,2276156.4115430145,40635.6754321053,16.665986429017426,0.00039299322038818
1.377972359833554e+19,8.001963747158404,2412784.6321631116,43074.8663417584,17.66637641062318,0.0004165829720173307
1.460686320364986e+19,8.001963747158404,2557614.077696904,45660.47175616546,18.72681565001272,0.0004415887185111647
1.548365256585496e+19,8.001963747158404,2711137.0336310924,48401.280330251975,19.850908654854745,0.0004680954561633409
1.6413071953751267e+19,8.001963747158404,2873875.3353065723,51306.60826541521,21.04247629645029,0.0004961932832421903
1.7398280529303622e+19,8.001963747158404,3046382.1416735128,54386.330975948964,22.305568797143422,0.0005259777062410765
1.8442627085855328e+19,8.001963747158404,3229243.815517594,57650.91665627235,23.644479497312265,0.0005575499645116941
1.9549661430912594e+19,8.001963747158404,3423081.9165484128,61111.46186305993,25.063759448735365,0.0005910173743837559
2.0723146452190294e+19,8.001963747158404,3628555.314124721,64779.72923321953,26.568232883937227,0.0006264936939407559
2.1967070907932353e+19,8.001963747158404,3846362.4267977816,68668.18746592355,28.16301361409448,0.0006640995096917088
2.3285662984981967e+19,8.001963747158404,4077243.5962852193,72790.05370459575,29.85352241124029,0.0007039626464531882
2.468340467068651e+19,8.001963747158404,4321983.603944666,77159.33846291265,31.645505433850282,0.0007462186018348802
2.6165046987488236e+19,8.001963747158404,4581414.338300873,81790.89324752652,33.545053758439956,0.000791011006805504
2.773562614198418e+19,8.001963747158404,4856417.622693405,86700.46103938241,35.55862408356281,0.0008384921139045909
2.9400480643347137e+19,8.001963747158404,5147928.212656277,91904.72980521937,37.69306067658352,0.0008888233147595911
3.1165269449294365e+19,8.001963747158404,5456936.973217868,97421.38922114485,39.95561863782477,0.0009421756886673824
3.303599120128346e+19,8.001963747158404,5784494.246920929,103269.19080108973,42.353988561164286,0.0009987305841048508
3.50190046143172e+19,8.001963747158404,6131713.424010886,109468.01163452503,44.896322674905164,0.001058680235145138
3.712105009066372e+19,8.001963747158404,6499774.726927697,116038.9219500891,47.59126255177404,0.001122228414874795
3.934927263095861e+19,8.001963747158404,6889929.221965053,123004.25673477877,50.44796848223547,0.0011895911280328567
4.171124612056533e+19,8.001963747158404,7303503.071732849,130387.69165214356,53.47615061096451,0.0012609973452261658
4.421499907374468e+19,8.001963747158404,7741902.042877222,138214.3235175324,56.686101942311865,0.0013366897812165806
4.6869041923142115e+19,8.001963747158404,8206616.284380733,146510.75560394253,60.0887333269531,0.0014169257199256036
4.9682395947343675e+19,8.001963747158404,8699225.392683,155305.18806840564,63.69561054863334,0.0015019778889604285
5.266462393484259e+19,8.001963747158404,9221403.780841181,164627.5138063242,67.51899363708768,0.0015921353866344477
5.582586268862678e+19,8.001963747158404,9774926.369977169,174509.42005951554,71.57187854074036,0.0016877046646326544
5.917685748188806e+19,8.001963747158404,10361674.622359823,184984.49612338477,75.86804130085139,0.0017890105696625642
6.272899858196231e+19,8.001963747158404,10983642.936627707,196088.3475193044,80.42208487725061,0.0018963974476310442
6.649435996665032e+19,8.001963747158404,11642945.426890504,207858.71702028956,85.24948878482672,0.002010230314100303
7.048574036451889e+19,8.001963747158404,12341823.108751819,220335.61294134206,90.36666170948875,0.0021308960950014995
7.471670675868067e+19,8.001963747158404,13082651.516679043,233561.44513053083,95.79099728244522,0.002258804941823236
7.920164050192541e+19,8.001963747158404,13867948.77861235,247581.16912305303,101.54093320238175,0.002394391625745356
8.395578619995103e+19,8.001963747158404,14700384.17525892,262442.4389482645,107.63601390649765,0.002538117015456812
8.899530352885224e+19,8.001963747158404,15582787.2131661,278195.7691090826,114.09695700342458,0.0026904696436807984
9.433732216299774e+19,8.001963747158404,16518157.242413428,294894.7062843387,120.94572369383752,0.002851967367731889
1e+20,8.001963747158404,17509673.651614845,312596.01133771247,128.2055934181228,0.003023159129749526
1e+18,8.4081902325405,188597.95349635626,3204.3238842198707,1.3471405924803415,3.1766323704231104e-05
1.0600258488068824e+18,8.4081902325405,199918.70573821603,3396.666145222335,1.4280038500061807,3.3673124248051776e-05
1.1236548001387516e+18,8.4081902325405,211918.99574252576,3600.553913702907,1.5137209932022977,3.5694382113020696e-05
1.191103133283008e+18,8.4081902325405,224639.613340273,3816.680218547867,1.6045833806760628,3.7836967696991964e-05
1.2626001098748577e+18,8.4081902325405,238123.79680667273,4045.7796882906396,1.7008998600825602,4.01081637992825e-05
1.3383887531737592e+18,8.4081902325405,252417.3798311109,4288.63104816593,1.8029978179195236,4.2515690375419906e-05
1.418726674116599e+18,8.4081902325405,267568.94730908255,4546.05976705164,1.9112242923370997,4.5067730777815086e-05
1.5038869469554132e+18,8.4081902325405,283630.00048567425,4818.940863295732,2.0259471527449673,4.777295957155349e-05
1.5941590374560028e+18,8.4081902325405,300655.1320119233,5108.201878965229,2.147556350226371,5.0640572019852874e-05
1.689849786812462e+18,8.4081902325405,318702.21150908427,5414.826032627029,2.2764652430093193,5.3680315339410604e-05
1.7912844546220096e+18,8.4081902325405,337832.58227154764,5739.85556137707,2.41311200150032,5.690252183187984e-05
1.898807824465269e+18,8.4081902325405,358111.2697770182,6084.395263477633,2.5579610976564506,6.0318144004090574e-05
2.0127853758499466e+18,8.4081902325405,379607.20271269424,6449.6162536444535,2.711504883758264,6.393879179639188e-05
2.133604526501402e+18,8.4081902325405,402393.4472687266,6836.75994374807,2.874265265949837,6.777677204565627e-05
2.2616759492228552e+18,8.4081902325405,426547.4554953595,7247.142262460442,3.046795478234616,7.184513031708738e-05
2.3974349678010685e+18,8.4081902325405,452151.32856788434,7682.158128188861,3.22968196295662,7.615769524701162e-05
2.541343036702629e+18,8.4081902325405,479292.0958543312,8143.286190502089,3.4235463641593697,8.072912554738939e-05
2.693889309590164e+18,8.4081902325405,508062.010734417,8632.09385616434,3.6290476405977516,8.55749598318088e-05
2.8555923019901005e+18,8.4081902325405,538558.8641752818,9150.24261686128,3.846884305585246,9.0711669432328e-05
3.0270016537634555e+18,8.4081902325405,570886.3171298737,9699.493696727288,4.077796801289875,9.615671438669282e-05
3.208699997370444e+18,8.4081902325405,605154.2528878294,10281.71403887035,4.3225700155492905,0.00010192860278623503
3.401304938279246e+18,8.4081902325405,641479.150576516,10898.88265124318,4.582035949759815,0.00010804695368617834
3.6054711542504986e+18,8.4081902325405,679984.4810817896,11553.097333430658,4.857076546907797,0.0001145325637921891
3.821892620633115e+18,8.4081902325405,720801.1267342315,12246.581807218365,5.14862668935594,0.00012140747814984368
4.051304969235378e+18,8.4081902325405,764067.8261874109,12981.693275179572,5.457677376574299,0.0001286950650772911
4.294487988789272e+18,8.4081902325405,809931.6460003396,13760.93043297282,5.78527909361729,0.00013642009559581243
4.5522682755073096e+18,8.4081902325405,858548.4805270657,14586.941962584477,6.132545381796381,0.00014460882762826714
4.825522042741279e+18,8.4081902325405,910083.5818125618,15462.53553538534,6.500656623685433,0.000153289095251622
5.115178099293145e+18,8.4081902325405,964712.1212960685,16390.687355603426,6.890864055324235,0.00016249040330693965
5.422221006501592e+18,8.4081902325405,1022619.7852311532,17374.552276651757,7.304494019257908,0.00017224402768841138
5.747694424835359e+18,8.4081902325405,1084003.4058463653,18417.474524697333,7.7429524728686605,0.00018258312165232444
6.092704661368687e+18,8.4081902325405,1149071.6303918445,19522.999065921424,8.20772976732395,0.00019354282850731546
6.458424430196991e+18,8.4081902325405,1218045.6303460232,20694.883656109327,8.700405713385086,0.00020516040106895197
6.846096838574672e+18,8.4081902325405,1291159.8531930577,21937.11161352697,9.222654951295276,0.00021747532828467623
7.257039612324231e+18,8.4081902325405,1368662.8193263407,23253.905358500248,9.776252642999774,0.0002305294694595194
7.692649574879161e+18,8.4081902325405,1450817.9667868249,24649.74076571913,10.36308050604636,0.00024436719653882726
8.154407395185187e+18,8.4081902325405,1537904.5467074795,26129.362378051035,10.98513320967585,0.0002590355449316286
8.643882620598297e+18,8.4081902325405,1630218.5725075598,27697.799533576166,11.644525154843317,0.000274584373387303
9.162739011886769e+18,8.4081902325405,1728073.8260630704,29360.38346066195,12.343497661215881,0.0002910665334689818
9.712740198471207e+18,8.4081902325405,1831802.9242734627,31122.765399183732,13.08442658557613,0.00030853804919973426
1.0295755673125085e+19,8.4081902325405,1941758.4496498911,32990.935809486946,13.869830397526565,0.00032705830749216533
1.0913767146512693e+19,8.4081902325405,2058314.1487680618,34971.24473438477,14.702378739945596,0.00034669026000872487
1.1568875283162786e+19,8.4081902325405,2181866.2026590803,37070.42338339944,15.584901503291093,0.00036750063713882736
1.2263306841775593e+19,8.4081902325405,2312834.573456741,39295.607012618486,16.5203984445978,0.0003895601748201556
1.2999422244132422e+19,8.4081902325405,2451664.431878386,41654.359177932594,17.512049383862685,0.000412943854975093
1.377972359833554e+19,8.4081902325405,2598827.670391529,44154.69744409475,18.563225012477083,0.00043773116037955904
1.460686320364986e+19,8.4081902325405,2754824.507209594,46805.12063698762,19.67749835044417,0.00046400634483056367
1.548365256585496e+19,8.4081902325405,2920185.186568851,49614.63773173133,20.858656891325612,0.0004918587195307973
1.6413071953751267e+19,8.4081902325405,3095471.781065931,52592.798474824485,22.110715476198962,0.0005213829566636998
1.7398280529303622e+19,8.4081902325405,3281280.1021821657,55749.72584440513,23.437929940385274,0.0005526794111908803
1.8442627085855328e+19,8.4081902325405,3478241.7254887843,59096.15045896655,24.844811579333143,0.0005858544619657008
1.9549661430912594e+19,8.4081902325405,3687026.1374167637,62643.447051485244,26.336142482829672,0.0006210208733224914
2.0723146452190294e+19,8.4081902325405,3908343.010888365,66403.67313293963,27.916991789660518,0.0006582981783704653
2.1967070907932353e+19,8.4081902325405,4142944.6175453863,70389.60997663911,29.59273291796966,0.000697813085295177
2.3285662984981967e+19,8.4081902325405,4391628.384773454,74614.80606267229,31.369061829886164,0.0007396999080485695
2.468340467068651e+19,8.4081902325405,4655239.606213878,79093.6231301451,33.25201639250066,0.0007841010228915578
2.6165046987488236e+19,8.4081902325405,4934674.314976282,83841.28499374373,35.24799690100088,0.0008311673523409684
2.773562614198418e+19,8.4081902325405,5230882.329318255,88873.92929055293,37.363787833725816,0.0008810588781658041
2.9400480643347137e+19,8.4081902325405,5544870.4811445065,94208.66233302123,39.60658091308547,0.000933945185176546
3.1165269449294365e+19,8.4081902325405,5877706.038299431,99863.61725452179,41.983999550731895,0.0009900060376558692
3.303599120128346e+19,8.4081902325405,6230520.332285692,105858.01564515008,44.504124760072344,0.001049431990390101
3.50190046143172e+19,8.4081902325405,6604512.603739681,112212.23288726246,47.17552262420308,0.001112425036378363
3.712105009066372e+19,8.4081902325405,7000954.078734907,118947.86741283596,50.00727341262916,0.0011791992934210014
3.934927263095861e+19,8.4081902325405,7421192.289768977,126087.81411805995,53.00900244574007,0.001249981731921073
4.171124612056533e+19,8.4081902325405,7866655.6561214505,133656.34218470092,56.190912811951726,0.0013250129463727323
4.421499907374468e+19,8.4081902325405,8338858.339151535,141679.17757275957,59.563820048722164,0.0014045479731588522
4.6869041923142115e+19,8.4081902325405,8839405.38903953,150183.5904648267,63.139188905327636,0.001488857157437711
4.9682395947343675e+19,8.4081902325405,9369998.200464683,159198.48795934184,66.92917231234749,0.0015782270720650993
5.266462393484259e+19,8.4081902325405,9932440.295766534,168754.51232787358,70.94665269033823,0.0016729614916758072
5.582586268862678e+19,8.4081902325405,10528643.455243602,178884.1451703457,75.20528573808286,0.0017733824252348757
5.917685748188806e+19,8.4081902325405,11160634.215429628,189621.81782228927,79.71954684927542,0.0018798312105688067
6.272899858196231e+19,8.4081902325405,11830560.757433925,201004.0283893762,84.5047803154032,0.0019926696745968687
6.649435996665032e+19,8.4081902325405,12540700.208760291,213069.46580705125,89.57725148207443,0.0021122813632062807
7.048574036451889e+19,8.4081902325405,13293466.383423775,225859.14134694848,94.9542020360735,0.002239072844951696
7.471670675868067e+19,8.4081902325405,14091417.986674549,239416.52801709273,100.65390861106903,0.0023734750930103628
7.920164050192541e+19,8.4081902325405,14937267.312217258,253787.70832971547,106.69574491117882,0.002515944950090304
8.395578619995103e+19,8.4081902325405,15833889.461488396,269021.53093896015,113.10024756355492,0.0026669666812708637
8.899530352885224e+19,8.4081902325405,16784332.116328586,285169.7766808982,119.88918592382585,0.0028270536200538216
9.433732216299774e+19,8.4081902325405,17791825.898267828,302287.3345802382,127.08563607166964,0.0029967499132201223
1e+20,8.4081902325405,18859795.349635627,320432.38842198707,134.71405924803415,0.0031766323704231106
1e+18,8.835039150445423,203140.2113524449,3284.652133289455,1.4155293287318866,3.3378968104983634e-05
1.0600258488068824e+18,8.835039150445423,215333.87496568492,3481.8161656254915,1.5004976782000545,3.5382568997783136e-05
1.1236548001387516e+18,8.835039150445423,228259.4735873752,3690.8151363566863,1.5905663249667692,3.7506437734843154e-05
1.191103133283008e+18,8.835039150445423,241960.94223766954,3912.359447705786,1.6860414187065431,3.9757793495599596e-05
1.2626001098748577e+18,8.835039150445423,256484.85317359873,4147.202144391951,1.7872474859879637,4.214428879686171e-05
1.3383887531737592e+18,8.835039150445423,271880.5741914527,4396.1414732828025,1.8945285333623583,4.467403550425573e-05
1.418726674116599e+18,8.835039150445423,288200.43643139716,4660.023596691741,2.0082492166662917,4.735563240502748e-05
1.5038869469554132e+18,8.835039150445423,305499.91225470573,4939.745468543263,2.1287960805124424,5.0198194435925954e-05
1.5941590374560028e+18,8.835039150445423,323837.8037982225,5236.257883182524,2.256578872181966,5.321138366551533e-05
1.689849786812462e+18,8.835039150445423,343276.4428469675,5550.568707192284,2.3920319343843666,5.640544213622658e-05
1.7912844546220096e+18,8.835039150445423,363881.902704264,5883.746305202421,2.5356156816189572,5.9791226677781076e-05
1.898807824465269e+18,8.835039150445423,385724.2227795508,6236.923171336554,2.6878181651561763,6.338024581031959e-05
2.0127853758499466e+18,8.835039150445423,408877.64665726834,6611.299778639344,2.849156731958233,6.718469886267286e-05
2.133604526501402e+18,8.835039150445423,433420.874456028,7008.1486595688675,3.0201797831778445,7.121751743873901e-05
2.2616759492228552e+18,8.835039150445423,459437.33033587225,7428.818731424303,3.2014686382124804,7.549240937291827e-05
2.3974349678010685e+18,8.835039150445423,487015.4460628509,7874.7398814105145,3.3936395106497987,8.002390532400434e-05
2.541343036702629e+18,8.835039150445423,516248.96159483615,8347.427826925592,3.5973456028211266,8.482740816591931e-05
2.693889309590164e+18,8.835039150445423,547237.2437102378,8848.489267590989,3.8132793260821707,8.991924534316648e-05
2.8555923019901005e+18,8.835039150445423,580085.6237626836,9379.627346536729,4.04217465436799,9.531672436896438e-05
3.0270016537634555e+18,8.835039150445423,614905.7557097084,9942.647439504843,4.284809619022095,0.00010103819165470311
3.208699997370444e+18,8.835039150445423,651815.9956324213,10539.463291448696,4.54200895337979,0.00010710309487068911
3.401304938279246e+18,8.835039150445423,690941.8040361606,11172.103521486883,4.814646896094873,0.0001135320490501463
3.6054711542504986e+18,8.835039150445423,732416.1722995897,11842.718518322494,5.103650162738389,0.00012034690666116593
3.821892620633115e+18,8.835039150445423,776380.0747217605,12553.587749565788,5.410001095770145,0.0001275708318847851
4.051304969235378e+18,8.835039150445423,822982.9477036849,13307.127509805154,5.734741003589911,0.0001352283793516694
4.294487988789272e+18,8.835039150445423,872383.1976931887,14105.899133762625,6.078973700018029,0.00014334557760503245
4.5522682755073096e+18,8.835039150445423,924748.7396195846,14952.617702450993,6.443869256236325,0.00015195001757348735
4.825522042741279e+18,8.835039150445423,980257.5676483448,15850.161271925428,6.8306679779424835,0.0001610709463545566
5.115178099293145e+18,8.835039150445423,1039098.360195807,16801.58065599873,7.240684621236474,0.0001707393666276167
5.422221006501592e+18,8.835039150445423,1101471.1212604,17810.10979617235,7.675312861569134,0.00018098814203418894
5.747694424835359e+18,8.835039150445423,1167587.860250324,18879.176754031367,8.136030030943203,0.00019185210888377174
6.092704661368687e+18,8.835039150445423,1237673.3126184612,20012.415363467262,8.624402139468854,0.00020336819456491054
6.458424430196991e+18,8.835039150445423,1311965.7037540104,21213.677582335276,9.142089198342363,0.00021557554306399248
6.846096838574672e+18,8.835039150445423,1390717.5587273636,22487.046585530486,9.690850862341097,0.0002285156480184133
7.257039612324231e+18,8.835039150445423,1474196.5606406091,23836.850643986865,10.272552411014031,0.00024223249375637337
7.692649574879161e+18,8.835039150445423,1562686.460501248,25267.677836775052,10.889171088898333,0.00025677270480270746
8.154407395185187e+18,8.835039150445423,1656488.0417118582,26784.39164630633,11.542802826312819,0.000272185704358929
8.643882620598297e+18,8.835039150445423,1755920.1424540633,28392.147489651838,12.235669363572729,0.00028852388229617297
9.162739011886769e+18,8.835039150445423,1861320.7394419706,30096.41024216839,12.97012580284155,0.00030584277323205777
9.712740198471207e+18,8.835039150445423,1973048.0967288285,31902.972812994693,13.748668613289158,0.00032420124529676286
1.0295755673125085e+19,8.835039150445423,2091481.9834717633,33817.975835557314,14.573944116766265,0.00034366170022994655
1.0913767146512693e+19,8.835039150445423,2217024.964793958,35847.92854001728,15.44875748283923,0.00036429028548866545
1.1568875283162786e+19,8.835039150445423,2350103.7701317635,37999.73087860029,16.37608226375833,0.0003861571190872241
1.2263306841775593e+19,8.835039150445423,2491170.7437181775,40280.69697902137,17.359070501771757,0.0004093365279332551
1.2999422244132422e+19,8.835039150445423,2640705.3821327337,42698.58000571995,18.401063443139122,0.00043390730047011096
1.377972359833554e+19,8.835039150445423,2799215.9641441535,45261.59851341187,19.505602895262843,0.0004599529544843323
1.460686320364986e+19,8.835039150445423,2967241.278385683,47978.464382535756,20.676443265540982,0.0004875620209884878
1.548365256585496e+19,8.835039150445423,3145352.4547356027,50858.41243154823,21.917564322862425,0.0005168283451443208
1.6413071953751267e+19,8.835039150445423,3334154.905627918,53911.231806722426,23.23318472512169,0.0005478514052490651
1.7398280529303622e+19,8.835039150445423,3534290.383891864,57147.299256145525,24.627776358734206,0.0005807366508691833
1.8442627085855328e+19,8.835039150445423,3746439.164114976,60577.61440101658,26.1060795388933,0.0006155958612708723
1.9549661430912594e+19,8.835039150445423,3971322.354944324,64213.83712413363,27.67311912223536,0.0006525475253656603
2.0723146452190294e+19,8.835039150445423,4209704.350185604,68068.32720265666,29.334221586681508,0.0006917172444625648
2.1967070907932353e+19,8.835039150445423,4462395.427031522,72154.18631986072,31.09503313651124,0.000733238159195788
2.3285662984981967e+19,8.835039150445423,4730254.50025104,76485.30259868031,32.961538894208466,0.0007772514020791112
2.468340467068651e+19,8.835039150445423,5014192.041701184,81076.39780841734,34.940083244314394,0.0008239065772252493
2.6165046987488236e+19,8.835039150445423,5315173.175085011,85943.07740507205,37.03739139843749,0.000873362268860768
2.773562614198418e+19,8.835039150445423,5634220.956475061,91101.8835753871,39.26059225472143,0.0009257865803650403
2.9400480643347137e+19,8.835039150445423,5972419.851753002,96570.3514649055,41.617242629471995,0.0009813577056654729
3.1165269449294365e+19,8.835039150445423,6330919.42278555,102367.06878116539,44.115352943308025,0.0010402645349312175
3.303599120128346e+19,8.835039150445423,6710938.234866233,108511.73897462738,46.763414449145294,0.0011027072966241609
3.50190046143172e+19,8.835039150445423,7113767.998704638,115025.24821209024,49.57042809456326,0.0011688982380895685
3.712105009066372e+19,8.835039150445423,7540777.961042123,121929.7363702433,52.54593511665996,0.0012390623469997644
3.934927263095861e+19,8.835039150445423,7993419.558817907,129248.67229066657,55.700049473388844,0.0013134381161030732
4.171124612056533e+19,8.835039150445423,8473231.352705488,137006.9335520764,59.04349222161436,0.0013922783538774727
4.421499907374468e+19,8.835039150445423,8981844.256788652,145230.89103096674,62.58762795873881,0.001475851043844405
4.6869041923142115e+19,8.835039150445423,9520987.08215369,153948.49853808165,66.34450345177201,0.0015644402554637017
4.9682395947343675e+19,8.835039150445423,10092492.413239246,163189.38783537375,70.3268885851352,0.0016583471097055527
5.266462393484259e+19,8.835039150445423,10698302.83692095,172984.9693564676,74.54831976640499,0.0017578908025820687
5.582586268862678e+19,8.835039150445423,11340477.545500211,183368.53897292214,79.02314593751034,0.0018634096901168691
5.917685748188806e+19,8.835039150445423,12021199.336044252,194375.3911692497,83.76657734779954,0.0019752624384411044
6.272899858196231e+19,8.835039150445423,12742782.029867038,206042.93901135368,88.79473725474857,0.0020938292429248835
6.649435996665032e+19,8.835039150445423,13507678.337370895,218410.8413161749,94.12471672804897,0.002219513120488122
7.048574036451889e+19,8.835039150445423,14318488.194981923,231521.1374548036,99.77463274335747,0.002352741279483434
7.471670675868067e+19,8.835039150445423,15177967.60251704,245418.3902472631,105.76368976317248,0.0024939665718074176
7.920164050192541e+19,8.835039150445423,16089037.991021484,260149.83743467377,112.11224501415468,0.0026436690321761484
8.395578619995103e+19,8.835039150445423,17054796.152918726,275765.55224366253,118.84187768277448,0.002802357509796991
8.899530352885224e+19,8.835039150445423,18078524.76822603,292318.6135887871,125.97546226448674,0.002970571397982897
9.433732216299774e+19,8.835039150445423,19163703.562615044,309865.2864915051,133.53724631575193,0.0031488824675882676
1e+20,8.835039150445423,20314021.135244492,328465.2133289455,141.55293287318867,0.0033378968104983637
1e+18,9.283557416174029,218803.78181894348,3366.994107510345,1.4873898772591438,3.507347976829674e-05
1.0600258488068824e+18,9.283557416174029,231937.66454478147,3569.100786741425,1.5766717171483888,3.717879516199977e-05
1.1236548001387516e+18,9.283557416174029,245859.9197293679,3783.3390909428913,1.6713127752600256,3.941048389921602e-05
1.191103133283008e+18,9.283557416174029,260617.8700987152,4010.4372312009973,1.771634743216795,4.1776131647156434e-05
1.2626001098748577e+18,9.283557416174029,276261.6789656324,4251.16713009056,1.8779786224541462,4.428377940914506e-05
1.3383887531737592e+18,9.283557416174029,292844.5207383589,4506.347045494165,1.9907058833081364,4.694195085655574e-05
1.418726674116599e+18,9.283557416174029,310422.7616641236,4776.844351918338,2.1101996936785614,4.9759681301371455e-05
1.5038869469554132e+18,9.283557416174029,329056.1514219892,5063.5784887606,2.236866221443641,5.274654840784624e-05
1.5941590374560028e+18,9.283557416174029,348808.0262162201,5367.5240855487245,2.3711360150532386,5.591270474766051e-05
1.689849786812462e+18,9.283557416174029,369745.524060502,5689.714274775173,2.5134654669933783,5.926891230922745e-05
1.7912844546220096e+18,9.283557416174029,391939.81298477924,6031.244203587189,2.6643383650964436,6.282657907844952e-05
1.898807824465269e+18,9.283557416174029,415466.33294040133,6393.274756269098,2.8242675369700985,6.659779781526616e-05
2.0127853758499466e+18,9.283557416174029,440405.0522258317,6777.0365001697655,2.9937965931344515,7.059538715779664e-05
2.133604526501402e+18,9.283557416174029,466840.73930452287,7183.833868487621,3.173501774792474,7.483293519379327e-05
2.2616759492228552e+18,9.283557416174029,494863.2509389094,7615.04959413122,3.3639939125145406,7.932484564751114e-05
2.3974349678010685e+18,9.283557416174029,524567.8376198506,8072.149409725453,3.565920502494411,8.408638683897793e-05
2.541343036702629e+18,9.283557416174029,556055.4673297732,8556.687029740198,3.779967907434503,8.913374358209145e-05
2.693889309590164e+18,9.283557416174029,589433.1687399504,9070.309431675194,4.006863689541034,9.44840721979415e-05
2.8555923019901005e+18,9.283557416174029,624814.3950084965,9614.76245425257,4.247379083559212,0.0001001555588303537
3.0270016537634555e+18,9.283557416174029,662319.40941564,10191.896731645624,4.502331618254451,0.00010616748126187332
3.208699997370444e+18,9.283557416174029,702075.6941470869,10803.673983914745,4.772587895250239,0.00011254027444030604
3.401304938279246e+18,9.283557416174029,744218.383614947,11452.17368503206,5.059066534668087,0.00011929559993854492
3.6054711542504986e+18,9.283557416174029,788890.7237891203,12139.600131159952,5.362741297582033,0.00012645641958378237
3.821892620633115e+18,9.283557416174029,836244.559100438,12868.28993320897,5.684644395901116,0.00013404707350637816
4.051304969235378e+18,9.283557416174029,886440.8485705791,13640.7199591429,6.025870000930369,0.00014209336287367708
4.294487988789272e+18,9.283557416174029,939650.212923121,14459.515753027432,6.387577962536143,0.00015062263758999387
4.5522682755073096e+18,9.283557416174029,996053.5145353993,15327.460459439391,6.770997751557511,0.0001596638892608647
4.825522042741279e+18,9.283557416174029,1055842.472202465,16247.50428357117,7.177432638864244,0.0001692478497375562
5.115178099293145e+18,9.283557416174029,1119220.312802775,17222.774519185987,7.608264125266292,0.00017940709557679268
5.422221006501592e+18,9.283557416174029,1186402.462080666,18256.58617850967,8.064956637332354,0.00019017615877076717
5.747694424835359e+18,9.283557416174029,1257617.2768936334,19352.453260190716,8.549062505078929,0.0002015916441238149
6.092704661368687e+18,9.283557416174029,1333106.8214133738,20514.100693629178,9.062227238449385,0.00021369235367472186
6.458424430196991e+18,9.283557416174029,1413127.6899189567,21745.477000274128,9.606195120518159,0.00022651941858758756
6.846096838574672e+18,9.283557416174029,1497951.8789788508,23050.76771492612,10.182815136431794,0.000240116438959549
7.257039612324231e+18,9.283557416174029,1587867.7119864211,24434.409612664847,10.794047258239683,0.00025452963202058195
7.692649574879161e+18,9.283557416174029,1683180.819191448,25901.1057897601,11.44196910697712,0.00026980798922912076
8.154407395185187e+18,9.283557416174029,1784215.1765588785,27455.841649827307,12.12878301464555,0.00028600344279747697
8.643882620598297e+18,9.283557416174029,1891314.2069859465,29103.901849565544,12.856823510094147,0.00030317104221308614
9.162739011886769e+18,9.283557416174029,2004841.947620794,30850.888261677912,13.62856525424783,0.00032136914135559385
9.712740198471207e+18,9.283557416174029,2125184.2872503754,32702.739016031413,14.446631451654042,0.0003406595968458024
1.0295755673125085e+19,9.283557416174029,2252750.27796361,34665.748683778365,15.313802766939654,0.000361107978300679
1.0913767146512693e+19,9.283557416174029,2387973.525548316,36746.589673048235,16.233026776486394,0.00038278379120911465
1.1568875283162786e+19,9.283557416174029,2531313.663347718,38952.334908931174,17.20742798744984,0.0004057607131859582
1.2263306841775593e+19,9.283557416174029,2683257.914586623,41290.48187484973,18.240318458179818,0.0004301168444074312
1.2999422244132422e+19,9.283557416174029,2844322.7484774706,43768.97809703277,19.335209056139906,0.00045593497307912505
1.377972359833554e+19,9.283557416174029,3015055.6357355556,46396.24815871701,20.495821391593225,0.00048330285683894264
1.460686320364986e+19,9.283557416174029,3196036.909470557,49181.22233589876,21.72610046761787,0.0005123135210514915
1.548365256585496e+19,9.283557416174029,3387881.7377796527,52133.36695197109,23.030228089450237,0.0005430655750078498
1.6413071953751267e+19,9.283557416174029,3591242.2147472114,55262.71655442382,24.41263707873559,0.0005756635471054936
1.7398280529303622e+19,9.283557416174029,3806809.5769585213,58579.90802297726,25.878026341001068,0.0006102182401476817
1.8442627085855328e+19,9.283557416174029,4035316.553061626,62096.21672508558,27.431376837566514,0.0006468471079699882
1.9549661430912594e+19,9.283557416174029,4277539.854363613,65823.59484170497,29.077968516182903,0.000685674654674164
2.0723146452190294e+19,9.283557416174029,4534302.814927056,69774.71199359864,30.823398257946582,0.0007268328578263466
2.1967070907932353e+19,9.283557416174029,4806478.19014049,73962.99830627016,32.67359890149241,0.0007704616170581053
2.3285662984981967e+19,9.283557416174029,5094991.123275441,78402.69005990603,34.634859409130115,0.0008167092295951413
2.468340467068651e+19,9.283557416174029,5400822.29011358,83108.87807949481,36.713846243470186,0.0008657328943300045
2.6165046987488236e+19,9.283557416174029,5725011.232332779,88097.55902960419,38.91762602719986,0.0009176992461522021
2.773562614198418e+19,9.283557416174029,6068659.890982489,93385.68978817061,41.253689563031344,0.0009727849223519241
2.9400480643347137e+19,9.283557416174029,6432936.3520589955,98991.24508412177,43.72997729546793,0.0010311771630226356
3.1165269449294365e+19,9.283557416174029,6819078.816911989,104933.27859474631,46.3549063009341,0.0010930744475033424
3.303599120128346e+19,9.283557416174029,7228399.810978161,111231.98771048503,49.13739889801117,0.0011586871690238447
3.50190046143172e+19,9.283557416174029,7662290.645147635,117908.7821872836,52.08691297502665,0.0012282383498461444
3.712105009066372e+19,9.283557416174029,8122226.144927656,124986.35691986112,55.21347413808285,0.001301964399332824
3.934927263095861e+19,9.283557416174029,8609769.663478391,132488.76908325576,58.52770978879812,0.0013801159175191196
4.171124612056533e+19,9.283557416174029,9126578.395560429,140441.5199048572,62.04088524759361,0.001462958546920094
4.421499907374468e+19,9.283557416174029,9674409.010456419,148871.64134487373,65.76494204531026,0.0015507738754682431
4.6869041923142115e+19,9.283557416174029,10255123.6230141,157807.78797987485,69.71253851331602,0.0016438603936507767
4.9682395947343675e+19,9.283557416174029,10870696.123104945,167280.334401702,73.89709281005969,0.001742534509099666
5.266462393484259e+19,9.283557416174029,11523218.885016004,177321.4784628633,78.33282853034449,0.0018471316220836577
5.582586268862678e+19,9.283557416174029,12214909.879576588,187965.350719288,83.03482305232241,0.001958007265557263
5.917685748188806e+19,9.283557416174029,12948120.21319775,199248.1304424966,88.01905878656734,0.0020755383136423808
6.272899858196231e+19,9.283557416174029,13725342.119448494,211208.1685954919,93.30247750141395,0.0022001242626499703
6.649435996665032e+19,9.283557416174029,14549217.430333246,223886.11819038342,98.90303790922135,0.0023321885889961507
7.048574036451889e+19,9.283557416174029,15422546.556064887,237325.07247083922,104.83977670930165,0.0024721801886283703
7.471670675868067e+19,9.283557416174029,16348298.003856342,251570.71138905623,111.1328732950015,0.002620574902854347
7.920164050192541e+19,9.283557416174029,17329618.46808568,266671.45687513554,117.80371834488167,0.0027778771357601924
8.395578619995103e+19,9.283557416174029,18369843.52613195,282678.6374266335,124.8749865311401,0.002944621568715429
8.899530352885224e+19,9.283557416174029,19472508.976237632,299646.6625777401,132.37071359241978,0.003121374977792626
9.433732216299774e+19,9.283557416174029,20641362.855935935,317633.20784111845,140.3163780329775,0.003308738160279192
1e+20,9.283557416174029,21880378.181894343,336699.4107510345,148.7389877259144,0.003507347976829674
1e+18,9.754845092571522,235675.12615810617,3451.400288363615,1.5628984875607659,3.6854014755281005e-05
1.0600258488068824e+18,9.754845092571522,249821.7256484156,3658.5735202449596,1.6567127958755934,3.906620827290812e-05
1.1236548001387516e+18,9.754845092571522,264817.4867808619,3878.1825012200475,1.7561583876772495,4.1411190584155886e-05
1.191103133283008e+18,9.754845092571522,280713.3812037885,4110.973697683779,1.8615732855369027,4.389693244907342e-05
1.2626001098748577e+18,9.754845092571522,297563.44018199586,4357.738383310017,1.973315802117472,4.6531883079347425e-05
1.3383887531737592e+18,9.754845092571522,315424.9382528162,4619.315328646532,2.0917657581036075,4.932499885776788e-05
1.418726674116599e+18,9.754845092571522,334358.5879062999,4896.593652155183,2.217325773238948,5.2285773781603894e-05
1.5038869469554132e+18,9.754845092571522,354428.7459512462,5190.51584238819,2.3504226348589934,5.5424271733369316e-05
1.5941590374560028e+18,9.754845092571522,375703.6322685286,5502.080961573111,2.491508748571313,5.8751160688668094e-05
1.689849786812462e+18,9.754845092571522,398255.5616952759,5832.348041495725,2.6410636760140793,6.227774897739493e-05
1.7912844546220096e+18,9.754845092571522,422161.1898280966,6182.439683223665,2.79959576491985,6.601602372154503e-05
1.898807824465269e+18,9.754845092571522,447501.7735808515,6553.545872906518,2.967643877025317,6.997869158028605e-05
2.0127853758499466e+18,9.754845092571522,474363.44738262746,6946.928026622573,3.1457792197003096,7.417922194078777e-05
2.133604526501402e+18,9.754845092571522,502837.51595472445,7363.923278020853,3.334607287521845,7.863189270161701e-05
2.2616759492228552e+18,9.754845092571522,533020.764661851,7805.949023332815,3.53476992039296,8.335183880432329e-05
2.3974349678010685e+18,9.754845092571522,565015.7884923721,8274.507739201623,3.7469474852015834,8.835510367816722e-05
2.541343036702629e+18,9.754845092571522,598931.3407859168,8771.19208970632,3.9718611884356223,9.365869377286932e-05
2.693889309590164e+18,9.754845092571522,634882.7028936355,9297.690339939152,4.2102755276145825,9.928063636472965e-05
2.8555923019901005e+18,9.754845092571522,672992.0760276339,9855.792094537552,4.463000889870494,0.00010524004083261003
3.0270016537634555e+18,9.754845092571522,713388.9966314984,10447.394380676331,4.730896306510842,0.0001115571636120584
3.208699997370444e+18,9.754845092571522,756210.7766837945,11074.508096196681,5.0148723729265,0.00011825347704836046
3.401304938279246e+18,9.754845092571522,801602.970431151,11739.264844789577,5.315894343769597,0.00012535174238255346
3.6054711542504986e+18,9.754845092571522,849719.869137399,12443.924181466868,5.634985413922073,0.0001328760871184879
3.821892620633115e+18,9.754845092571522,900725.0255304447,13190.881292947906,5.9732301964071475,0.00014085208703391242
4.051304969235378e+18,9.754845092571522,954791.8097295105,13982.675139067933,6.331778409065388,0.0001493068531143439
4.294487988789272e+18,9.754845092571522,1012103.9985423834,14821.997082881375,6.711848782526628,0.00015826912370521689
4.5522682755073096e+18,9.754845092571522,1072856.4001357297,15711.700038794464,7.114733202761229,0.000167769362195544
4.825522042741279e+18,9.754845092571522,1137255.5162017732,16654.80816982223,7.541801102291482,0.00017783986056512085
5.115178099293145e+18,9.754845092571522,1205520.243872094,17654.52716693161,7.994504114989209,0.00018851484914723983
5.422221006501592e+18,9.754845092571522,1277882.6197643962,18714.255145410847,8.474381010281553,0.00019983061298000434
5.747694424835359e+18,9.754845092571522,1354588.608691317,19837.5941953027,8.983062923536629,0.00021182561514172872
6.092704661368687e+18,9.754845092571522,1435898.939712147,21028.362625162226,9.522278900407548,0.00022454062748965094
6.458424430196991e+18,9.754845092571522,1522089.992369271,22290.607940756512,10.093861773980379,0.00023801886924634726
6.846096838574672e+18,9.754845092571522,1613454.7361216976,23628.620602821855,10.699754394702893,0.00025230615390491355
7.257039612324231e+18,9.754845092571522,1710303.7261688872,25046.948610642026,11.342016234270107,0.00026745104495225593
7.692649574879161e+18,9.754845092571522,1812966.1590497487,26550.412961018177,12.02283038591361,0.00028350502093980277
8.154407395185187e+18,9.754845092571522,1921790.991604863,28144.12403517655,12.744510984889253,0.0003005226504627274
8.643882620598297e+18,9.754845092571522,2037148.1271053653,29833.4989693142,13.509511074385866,0.00031856177764244667
9.162739011886769e+18,9.754845092571522,2159429.672580216,31624.28006782654,14.320430943591857,0.0003376837187428639
9.712740198471207e+18,9.754845092571522,2289051.2716156114,33522.5543218044,15.1800269662613,0.0003579534705886688
1.0295755673125085e+19,9.754845092571522,2426453.5171567923,35534.774099145245,16.09122096982237,0.00037943993149412003
1.0913767146512693e+19,9.754845092571522,2572103.4491145737,37667.77907660726,17.057110166875063,0.0004022161354532799
1.1568875283162786e+19,9.754845092571522,2726496.141866786,39928.81948835074,18.08097768283424,0.000426359500387687
1.2263306841775593e+19,9.754845092571522,2890156.38705103,42325.58076999578,19.166303715504668,0.0004519520912953363
1.2999422244132422e+19,9.754845092571522,3063640.477368401,44866.20968195903,20.316777364518337,0.0004790808991953844
1.377972359833554e+19,9.754845092571522,3247538.0974615617,47559.34200086619,21.53630917084401,0.0005078381368167519
1.460686320364986e+19,9.754845092571522,3442474.32829438,50414.131873165,22.82904440899137,0.0005383215520356831
1.548365256585496e+19,9.754845092571522,3649111.771846153,53440.28293071384,24.199377177091087,0.0005706347601276633
1.6413071953751267e+19,9.754845092571522,3868152.8033424052,56648.081274109885,25.65196533274388,0.0006048875959630381
1.7398280529303622e+19,9.754845092571522,4100341.958677754,60048.43043586959,27.19174632540655,0.000641196487343474
1.8442627085855328e+19,9.754845092571522,4346468.465145862,63652.888442303694,28.823953979130508,0.0006796848507482575
1.9549661430912594e+19,9.754845092571522,4607368.924078588,67473.70710006278,30.55413628269833,0.0007204835108356008
2.0723146452190294e+19,9.754845092571522,4883930.154512859,71523.873640891,32.38817424762846,0.0007637311451248704
2.1967070907932353e+19,9.754845092571522,5177092.207551022,75817.1548661417,34.33230189814757,0.000809574755371243
2.3285662984981967e+19,9.754845092571522,5487851.561660769,80368.14394110472,36.39312746107802,0.0008581701672350262
2.468340467068651e+19,9.754845092571522,5817264.509775632,85192.30999820323,38.57765582766629,0.0009096825599440528
2.6165046987488236e+19,9.754845092571522,6166450.749709068,90306.05071766445,40.89331236370174,0.0009642870277495124
2.773562614198418e+19,9.754845092571522,6536597.190086191,95726.74806438961,43.34796814885791,0.0010221691750836425
2.9400480643347137e+19,9.754845092571522,6928961.984729797,101472.82737047719,45.94996673104681,0.001083525747442269
3.1165269449294365e+19,9.754845092571522,7344878.809213824,107563.81996422433,48.7081524867259,0.001148565300136603
3.303599120128346e+19,9.754845092571522,7785761.394120567,114020.4295584876,51.631900683556694,0.0012175089071874343
3.50190046143172e+19,9.754845092571522,8253108.330410509,120864.60262406115,54.73114934759983,0.0012905909127712998
3.712105009066372e+19,9.754845092571522,8748508.163238551,128119.60298727697,58.01643304336576,0.0013680597277728461
3.934927263095861e+19,9.754845092571522,9273644.791530887,135810.09090538905,61.498918681541454,0.0014501786741509238
4.171124612056533e+19,9.754845092571522,9830303.191676052,143962.2068885249,65.19044347610642,0.0015372268799884725
4.421499907374468e+19,9.754845092571522,10420375.484785328,152603.66055311938,69.10355517985623,0.0016295002282685227
4.6869041923142115e+19,9.754845092571522,11045867.368146088,161763.82480885906,73.25155473510095,0.001727312362601364
4.9682395947343675e+19,9.754845092571522,11708904.932727205,171473.83569925727,77.64854148449855,0.001830995753321117
5.266462393484259e+19,9.754845092571522,12411741.88991325,181766.69823527706,82.309461095722,0.0019409028275760142
5.582586268862678e+19,9.754845092571522,13156767.232027229,192677.39858167403,87.25015636282978,0.0020574071672529426
5.917685748188806e+19,9.754845092571522,13946513.35268424,204243.02297744103,92.48742105704186,0.0021809047788086643
6.272899858196231e+19,9.754845092571522,14783664.654575635,216502.88379454552,98.03905700995033,0.0023118154393236405
6.649435996665032e+19,9.754845092571522,15671066.67394284,229498.65316345092,103.9239346231989,0.002450584123353897
7.048574036451889e+19,9.754845092571522,16611735.752755512,243274.50461962342,110.1620570103074,0.002597682515430885
7.471670675868067e+19,9.754845092571522,17608869.291470293,257877.26325249014,116.77462798866328,0.0027536106133504218
7.920164050192541e+19,9.754845092571522,18665856.617220245,273356.56486721674,123.78412415279072,0.002918898427700421
8.395578619995103e+19,9.754845092571522,19786290.504376452,289765.024700305,131.2143712738785,0.003094107783404213
8.899530352885224e+19,9.754845092571522,20973979.386641208,307158.4162624881,139.09062528525448,0.0032798342294030327
9.433732216299774e+19,9.754845092571522,22232960.302182402,325595.86091682164,147.4396581290819,0.003476709062968817
1e+20,9.754845092571522,23567512.615810618,345140.0288363615,156.28984875607657,0.0036854014755281004
1e+18,10.250058088107686,253847.37241699046,3537.922422835675,1.6422403565908843,3.872494011301885e-05
1.0600258488068824e+18,10.250058088107686,269084.77641371713,3750.2892192792883,1.7408172279401695,4.10494375132985e-05
1.1236548001387516e+18,10.250058088107686,285236.8185189606,3975.4035129378285,1.8453112596649224,4.351346484307932e-05
1.191103133283008e+18,10.250058088107686,302358.40066153597,4214.030483151783,1.9560776343392066,4.6125397504813594e-05
1.2626001098748577e+18,10.250058088107686,320507.7203051361,4466.981239801046,2.073492854672576,4.889411364159489e-05
1.3383887531737592e+18,10.250058088107686,339746.46826561075,4735.115580324525,2.1979560232693034,5.182902431459179e-05
1.418726674116599e+18,10.250058088107686,360140.0384023946,5019.344912232198,2.329890199206243,5.494010549190771e-05
1.5038869469554132e+18,10.250058088107686,381757.74989684153,5320.635351043442,2.469743836040434,5.823793195759913e-05
1.5941590374560028e+18,10.250058088107686,404673.082873005,5640.011004181729,2.617992306134327,6.173371325611148e-05
1.689849786812462e+18,10.250058088107686,428963.928161755,5978.557451987895,2.7751395164799275,6.543933179431027e-05
1.7912844546220096e+18,10.250058088107686,454712.8520571989,6337.425437684181,2.9417196215141566,6.936738323061895e-05
1.898807824465269e+18,10.250058088107686,482007.37696533056,6717.834778831502,3.118298838747404,7.353121928854914e-05
2.0127853758499466e+18,10.250058088107686,510940.27889885363,7121.0785135752585,3.3054773733767338,7.794499314014933e-05
2.133604526501402e+18,10.250058088107686,541609.902829378,7548.527295773004,3.5038914584255876,8.262370751363273e-05
2.2616759492228552e+18,10.250058088107686,574120.4969689245,8001.634053943699,3.7142155173447686,8.758326568871013e-05
2.3974349678010685e+18,10.250058088107686,608582.5671169134,8481.938929873726,3.937164456425082,9.284052555295365e-05
2.541343036702629e+18,10.250058088107686,645113.2522771776,8991.074513667538,4.173496094814286,9.841335690294678e-05
2.693889309590164e+18,10.250058088107686,683836.7228216837,9530.771393036357,4.424013740397722,0.0001043207021849808
2.8555923019901005e+18,10.250058088107686,724884.6025543722,10102.86403568772,4.689568920298407,0.00011058264088176428
3.0270016537634555e+18,10.250058088107686,768396.416109738,10709.297024810401,4.971064275277694,0.00011722045776399885
3.208699997370444e+18,10.250058088107686,814520.0632068914,11352.131668849664,5.269456627874807,0.0001242567152388142
3.401304938279246e+18,10.250058088107686,863412.3213711205,12033.553008039857,5.585760234714044,0.00013171533004097908
3.6054711542504986e+18,10.250058088107686,915239.3788317428,12755.877241510063,5.921050234034487,0.00013962165452756752
3.821892620633115e+18,10.250058088107686,970177.399407602,13521.559600208098,6.276466300160595,0.00014800256285240604
4.051304969235378e+18,10.250058088107686,1028413.1213002972,14333.20269240344,6.6532165173355295,0.0001568865423132157
4.294487988789272e+18,10.250058088107686,1090144.4918304828,15193.565350136048,7.052581486084565,0.00016630379018194334
4.5522682755073096e+18,10.250058088107686,1155581.340274755,16105.5720066808,7.4759186760664935,0.00017628631634741614
4.825522042741279e+18,10.250058088107686,1224946.091090142,17072.322636902183,7.924667040208611,0.00018686805211920842
5.115178099293145e+18,10.250058088107686,1298474.5199505005,18097.10329428719,8.400351905809057,0.00019808496556255264
5.422221006501592e+18,10.250058088107686,1376416.5551646384,19183.397280472604,8.90459015923176,0.00020997518375632696
5.747694424835359e+18,10.250058088107686,1459037.127200241,20334.896985232615,9.439095741817058,0.0002225791223896816
6.092704661368687e+18,10.250058088107686,1546617.069201191,21555.51643717172,10.005685475689056,0.0002359396231378132
6.458424430196991e+18,10.250058088107686,1639454.071559205,22849.404607783654,10.606285239261986,0.0002501020992838364
6.846096838574672e+18,10.250058088107686,1737863.6937844458,24220.95951409776,11.242936513436595,0.0002651146900817318
7.257039612324231e+18,10.250058088107686,1842180.4371145214,25674.843167848616,11.917803320737521,0.00028102842438506144
7.692649574879161e+18,10.250058088107686,1952758.8815077536,27215.99742198231,12.63317958097827,0.0002978973940976355
8.154407395185187e+18,10.250058088107686,2069974.8908854353,28849.660768362726,13.391496908456267,0.0003157789380357044
8.643882620598297e+18,10.250058088107686,2194226.890719767,30581.38614377431,14.195332877181094,0.00033473383682663347
9.162739011886769e+18,10.250058088107686,2325937.222310108,32417.0598047454,15.047419782230135,0.0003548265195065366
9.712740198471207e+18,10.250058088107686,2465553.5783507945,34362.92133534871,15.95065392701197,0.0003761252825191083
1.0295755673125085e+19,10.250058088107686,2613550.524670126,36425.584855986854,16.908105468005562,0.00039870252186004305
1.0913767146512693e+19,10.250058088107686,2770431.113313123,38612.06150525458,17.923028850438886,0.0004226349791561367
1.1568875283162786e+19,10.250058088107686,2936728.59245074,40929.78327129104,18.99887387037672,0.00044800400251546283
1.2263306841775593e+19,10.250058088107686,3113008.2189280363,43386.62825363202,20.139297400820983,0.0004748958230353342
1.2999422244132422e+19,10.250058088107686,3299869.179611993,45990.94744142495,21.3481758216795,0.0005034018479078731
1.377972359833554e+19,10.250058088107686,3497946.628069874,48751.5930990292,22.62961819585438,0.0005336189711194964
1.460686320364986e+19,10.250058088107686,3707913.84350094,51677.94885548618,23.98798023623621,0.0005656499028003994
1.548365256585496e+19,10.250058088107686,3930484.519259874,54779.9616001354,25.42787911107901,0.000599603518343524
1.6413071953751267e+19,10.250058088107686,4166415.1887507588,58068.175292791944,26.954209138080323,0.0006355952284796871
1.7398280529303622e+19,10.250058088107686,4416507.79693741,61553.766803408624,28.57215842051182,0.0006737473715667846
1.8442627085855328e+19,10.250058088107686,4681612.426210794,65248.58390304413,30.287226481947755,0.0007141896294264869
1.9549661430912594e+19,10.250058088107686,4962630.185878944,69165.18553527143,32.10524295953296,0.0007570594681418847
2.0723146452190294e+19,10.250058088107686,5260516.275100985,73316.88450491162,34.03238741933011,0.0008025026053143882
2.1967070907932353e+19,10.250058088107686,5576283.229676341,77717.7927291951,36.07521036110007,0.000850673505368119
2.3285662984981967e+19,10.250058088107686,5911004.363725248,82382.86920516241,38.240655483911944,0.0009017359045853664
2.468340467068651e+19,10.250058088107686,6265817.41795904,87327.97085634865,40.53608328826532,0.0009558633676577449
2.6165046987488236e+19,10.250058088107686,6641928.42694098,92569.90643158367,42.969296094949925,0.0010132398776448062
2.773562614198418e+19,10.250058088107686,7040615.818482674,98126.49363911315,45.54856456568354,0.0010740604613454171
2.9400480643347137e+19,10.250058088107686,7463234.75911026,104016.61971024406,48.28265581567379,0.0011385318522075878
3.1165269449294365e+19,10.250058088107686,7911221.760370882,110260.30559837417,51.180863213660174,0.0012068731930300204
3.303599120128346e+19,10.250058088107686,8386099.561636623,116878.77403162283,54.25303797072907,0.0012793167808439196
3.50190046143172e+19,10.250058088107686,8889482.306002885,123894.5216503788,57.5096226252741,0.0013561088565069643
3.712105009066372e+19,10.250058088107686,9423081.026874471,131331.39547496545,60.961686537919675,0.0014375104416933257
3.934927263095861e+19,10.250058088107686,9988709.463888641,139214.67396334262,64.62096351705739,0.0015237982261247238
4.171124612056533e+19,10.250058088107686,10588290.227943897,147571.15293436567,68.49989170288735,0.0016152655080582824
4.421499907374468e+19,10.250058088107686,11223861.336289754,156429.23664865992,72.61165584553208,0.0017122231912279466
4.6869041923142115e+19,10.250058088107686,11897583.139891393,165819.03435670977,76.97023212093401,0.0018150008416282482
4.9682395947343675e+19,10.250058088107686,12611745.666613728,175772.46264230745,81.59043563685518,0.0019239478077321742
5.266462393484259e+19,10.250058088107686,13368776.405188737,186323.35390928798,86.48797079048072,0.0020394344079514384
5.582586268862678e+19,10.250058088107686,14171248.556419615,197507.5713802382,91.67948464876419,0.0021618531893746857
5.917685748188806e+19,10.250058088107686,15021889.779672008,209363.13099812288,97.18262353298381,0.002291620262062767
6.272899858196231e+19,10.250058088107686,15923591.464380253,221930.33064515173,103.01609299983086,0.0024291767134361347
6.649435996665032e+19,10.250058088107686,16879418.558083706,235251.88711811902,109.19972142291444,0.0025749901075620514
7.048574036451889e+19,10.250058088107686,17892619.984399322,249373.08132580502,115.75452739079999,0.0027295560744377894
7.471670675868067e+19,10.250058088107686,18966639.68634188,264341.9122019742,122.70279115067228,0.0028933999946718996
7.920164050192541e+19,10.250058088107686,20105128.332528856,280209.2598571321,130.06813034046502,0.00306707878528991
8.395578619995103e+19,10.250058088107686,21311955.7260602,297029.0585236047,137.87558026687563,0.0032511827927345183
8.899530352885224e+19,10.250058088107686,22591223.95825166,314858.4798817932,146.1516790021363,0.003446337799494738
9.433732216299774e+19,10.250058088107686,23947281.351932094,333758.1273907426,154.92455758879055,0.0036532071511846537
1e+20,10.250058088107686,25384737.241699047,353792.2422835675,164.22403565908843,0.003872494011301885
1e+18,10.770410991927443,273420.82948448596,3626.613555142859,1.7256100829842913,4.0690844585446656e-05
1.0600258488068824e+18,10.770410991927443,289833.14685577404,3844.3041120848543,1.8291912929251382,4.313334707035703e-05
1.1236548001387516e+18,10.770410991927443,307230.6275081617,4075.061729484536,1.938990052913128,4.572246284013706e-05
1.191103133283008e+18,10.770410991927443,325672.40670381027,4319.670768737288,2.055379576667341,4.846699248165743e-05
1.2626001098748577e+18,10.770410991927443,345221.1693491867,4578.962673197022,2.1787554803771285,5.13762648444857e-05
1.3383887531737592e+18,10.770410991927443,365943.3630654761,4853.818794310705,2.309537127429413,5.4460168750303164e-05
1.418726674116599e+18,10.770410991927443,387909.4240487265,5145.173387394003,2.4481690538543717,5.772918660570614e-05
1.5038869469554132e+18,10.770410991927443,411194.01648744027,5454.016787230911,2.595122479334723,6.119443003264457e-05
1.5941590374560028e+18,10.770410991927443,435876.28635141003,5781.398774291432,2.750896908914611,6.486767763760745e-05
1.689849786812462e+18,10.770410991927443,462040.1304144451,6128.432143009345,2.91602183085244,6.876141504793606e-05
1.7912844546220096e+18,10.770410991927443,489774.48142541497,6496.296484248863,3.091058516388757,7.288887735135076e-05
1.898807824465269e+18,10.770410991927443,519173.610396926,6886.242194817066,3.276601927546734,7.726409408294632e-05
2.0127853758499466e+18,10.770410991927443,550337.4470391351,7299.5947276507295,3.473282739449994,8.190193691257e-05
2.133604526501402e+18,10.770410991927443,583371.9194278673,7737.759097124145,3.681769484031744,8.681817019467405e-05
2.2616759492228552e+18,10.770410991927443,618389.3140616253,8202.224654792199,3.9027708224220268,9.202950455246973e-05
2.3974349678010685e+18,10.770410991927443,655508.6575312801,8694.570151800839,4.137037953736644,9.755365367850859e-05
2.541343036702629e+18,10.770410991927443,694856.1210998553,9216.46910517367,4.385367168455974,0.00010340939454477372
2.693889309590164e+18,10.770410991927443,736565.4495675317,9769.695486214125,4.648602555072378,0.00010961663122692955
2.8555923019901005e+18,10.770410991927443,780778.415879646,10356.129750358898,4.92763886920644,0.00011619646255967701
3.0270016537634555e+18,10.770410991927443,827645.3030229148,10977.765228978398,5.223424574944343,0.00012317125385317878
3.208699997370444e+18,10.770410991927443,877325.4148478947,11636.714904850507,5.536965068734107,0.00013056471291432383
3.401304938279246e+18,10.770410991927443,929987.6175539898,12335.218594337857,5.86932609679893,0.00013840197063123304
3.6054711542504986e+18,10.770410991927443,985810.9136775584,13075.650560681426,6.221637377683671,0.000146709666394918
3.821892620633115e+18,10.770410991927443,1044985.0505341422,13860.527584288518,6.59509644224776,0.0001555160386484475
4.051304969235378e+18,10.770410991927443,1107711.1651829572,14692.517517446646,6.990972704156933,0.00016485102087140452
4.294487988789272e+18,10.770410991927443,1174202.4681059245,15574.448352541367,7.410611774709698,0.00017474634332589163
4.5522682755073096e+18,10.770410991927443,1244684.967925119,16509.317834601614,7.855440036664925,0.0001852356409099272
4.825522042741279e+18,10.770410991927443,1319398.2396219913,17500.303650846177,8.326969492617303,0.0001963545674848324
5.115178099293145e+18,10.770410991927443,1398596.238869608,18550.774231866402,8.826802904400672,0.00020814091706521776
5.422221006501592e+18,10.770410991927443,1482548.1652458694,19664.300201159025,9.356639240988379,0.0002206347522835004
5.747694424835359e+18,10.770410991927443,1571539.3772618393,20844.66651192695,9.918279453408491,0.00023387854056561378
6.092704661368687e+18,10.770410991927443,1665872.36231542,22095.88531240176,10.513632596303196,0.0002479172984807796
6.458424430196991e+18,10.770410991927443,1765867.7648673297,23422.2095834182,11.144722316940005,0.00026279874475599766
6.846096838574672e+18,10.770410991927443,1871865.4763342037,24828.14759459558,11.813693733731332,0.0002785734624753596
7.257039612324231e+18,10.770410991927443,1984225.7904034639,26318.47822826373,12.522820727643106,0.00029529507101551535
7.692649574879161e+18,10.770410991927443,2103330.6276969383,27898.267223220715,13.274513671276303,0.0003130204083017102
8.154407395185187e+18,10.770410991927443,2229584.8339459603,29572.884393535765,14.071327621893229,0.00033180972400389733
8.643882620598297e+18,10.770410991927443,2363417.5560905184,31348.021880925557,14.915971006237099,0.00035172688432960863
9.162739011886769e+18,10.770410991927443,2505283.7009799397,33229.71350274484,15.811314826665333,0.0003728395891096936
9.712740198471207e+18,10.770410991927443,2655665.4816333083,35224.35526135662,16.760402419888763,0.0003952196019148122
1.0295755673125085e+19,10.770410991927443,2815074.056315463,37338.72708459442,17.766459801487365,0.0004189429939848635
1.0913767146512693e+19,10.770410991927443,2984051.2660000324,39580.01587121573,18.832906631365,0.00044409040280050157
1.1568875283162786e+19,10.770410991927443,3163171.476124936,41955.83991967534,19.96336783741345,0.0004707473061755921
1.2263306841775593e+19,10.770410991927443,3353043.528901054,44474.274823259526,21.161685936898206,0.0004990043128023352
1.2999422244132422e+19,10.770410991927443,3554312.812809764,47143.88091959624,22.43193409744519,0.0005289574702365906
1.377972359833554e+19,10.770410991927443,3767663.4563238486,49973.73238784559,23.778429982024385,0.0005607085913702831
1.460686320364986e+19,10.770410991927443,3993820.6533083604,52973.44809247402,25.205750424990423,0.0005943656005005958
1.548365256585496e+19,10.770410991927443,4233553.128005652,56153.22427845209,26.718746989064908,0.0006300429001722564
1.6413071953751267e+19,10.770410991927443,4487675.747983224,59523.869229009426,28.322562456139867,0.0006678617600398461
1.7398280529303622e+19,10.770410991927443,4757052.293925978,63096.840003750585,30.022648307955606,0.0007079507290718963
1.8442627085855328e+19,10.770410991927443,5042598.395687611,66884.28138200777,31.82478325607115,0.0007504460724978881
1.9549661430912594e+19,10.770410991927443,5345284.644580984,70899.06714380115,33.73509288411188,0.000795492234983365
2.0723146452190294e+19,10.770410991927443,5666139.892486352,75154.84382872396,35.76007046905971,0.0008432423316075254
2.1967070907932353e+19,10.770410991927443,6006254.748991383,79666.07712149182,37.906599052358956,0.0008938586683121619
2.3285662984981967e+19,10.770410991927443,6366785.288449961,84448.10102182392,40.18197483585897,0.0009475132935909891
2.468340467068651e+19,10.770410991927443,6748956.979560342,89517.16996578826,42.59393198211819,0.001004388583294593
2.6165046987488236e+19,10.770410991927443,7154068.850819585,94890.51407577466,45.15066890336746,0.0010646778605387932
2.773562614198418e+19,10.770410991927443,7583497.906012908,100586.39772689446,47.8608761284906,0.0011285860528235296
2.9400480643347137e+19,10.770410991927443,8038703.804746548,106624.18162887795,50.733765842744305,0.001196330388595871
3.1165269449294365e+19,10.770410991927443,8521233.823933575,113024.38863449056,53.77910320062465,0.0012681411356248056
3.303599120128346e+19,10.770410991927443,9032728.117097104,119808.77349815481,57.00723951831507,0.0013442623836976083
3.50190046143172e+19,10.770410991927443,9574925.28936765,127000.39682189307,60.429147458539184,0.0014249528742982206
3.712105009066372e+19,10.770410991927443,10149668.307124427,134623.70343993808,64.05645832741426,0.001510486880087778
3.934927263095861e+19,10.770410991927443,10758910.762367886,142704.6055084464,67.90150161007999,0.0016011551371767063
4.171124612056533e+19,10.770410991927443,11404723.513116522,151270.57058274222,71.97734687948694,0.0016972658333572388
4.421499907374468e+19,10.770410991927443,12089301.722399049,160350.71498147142,76.29784822079493,0.0017991456556554128
4.6869041923142115e+19,10.770410991927443,12814972.319768663,169975.9027550261,80.87769132238749,0.0019071409007633596
4.9682395947343675e+19,10.770410991927443,13584201.910699371,180178.8505946112,85.73244339355414,0.0020216186521259862
5.266462393484259e+19,10.770410991927443,14399605.160753172,190994.23903860117,90.87860607854022,0.002142968027683674
5.582586268862678e+19,10.770410991927443,15263953.683011346,202458.83035411782,96.33367154679088,0.002271601502511397
5.917685748188806e+19,10.770410991927443,16180185.458983041,214611.59349457233,102.11618195007041,0.0024079563108506327
6.272899858196231e+19,10.770410991927443,17151414.82501128,227493.83655788167,108.24579244854147,0.0025524959322993316
6.649435996665032e+19,10.770410991927443,18180943.058121525,241149.3471956027,114.74333802003879,0.002705711667211714
7.048574036451889e+19,10.770410991927443,19272269.597294867,255624.54145024437,121.63090427962666,0.0028681243066627825
7.471670675868067e+19,10.770410991927443,20429103.93830757,270968.62152666535,128.93190255015992,0.0030402859026538672
7.920164050192541e+19,10.770410991927443,21655378.242568504,287233.7430338343,136.6711494390195,0.003222781644576264
8.395578619995103e+19,10.770410991927443,22955260.70281277,304475.1922654182,144.8749511915089,0.003416231848311194
8.899530352885224e+19,10.770410991927443,24333169.71108238,322751.5741217886,153.57119310763488,0.003621294064727178
9.433732216299774e+19,10.770410991927443,25793788.877152022,342125.0113122064,162.78943432620636,0.0038386653147417537
1e+20,10.770410991927443,27342082.94844859,362661.35551428585,172.56100829842913,0.0040690844585446655
1e+18,11.31718005282516,294503.54078583553,3717.528059251288,1.8132121443407359,4.275654986798371e-05
1.0600258488068824e+18,11.31718005282516,312181.36579813756,3940.6758364712487,1.9220517423717356,4.532304806586321e-05
1.1236548001387516e+18,11.31718005282516,330920.3172618627,4177.218248428207,2.0374245296583466,4.804360249653179e-05
1.191103133283008e+18,11.31718005282516,350784.0901929488,4427.959319441708,2.1597226664310516,5.092746051612656e-05
1.2626001098748577e+18,11.31718005282516,371840.20295473066,4693.751336073543,2.2893618526710395,5.398442456118606e-05
1.3383887531737592e+18,11.31718005282516,394160.2267576118,4975.497744109796,2.4267827411037155,5.722488546782236e-05
1.418726674116599e+18,11.31718005282516,417820.0289346506,5274.156219436714,2.5724524350083584,6.065985779090502e-05
1.5038869469554132e+18,11.31718005282516,442900.03081996925,5590.741923248503,2.726866075935067,6.430101724330888e-05
1.5941590374560028e+18,11.31718005282516,469485.4811065323,5926.330952651715,2.8905485267257616,6.816074038248447e-05
1.689849786812462e+18,11.31718005282516,497666.7456124594,6282.063998395134,3.064056155559959,7.225214667924865e-05
1.7912844546220096e+18,11.31718005282516,527539.6144408061,6659.15022215796,3.2479787270893987,7.658914311178992e-05
1.898807824465269e+18,11.31718005282516,559205.627576871,7058.871366575532,3.4429414070896374,8.118647143646691e-05
2.0127853758499466e+18,11.31718005282516,592772.4200297581,7482.586111972826,3.649606887442555,8.605975829607655e-05
2.133604526501402e+18,11.31718005282516,628354.087691349,7931.734694614521,3.8686776386727075,9.122556833591295e-05
2.2616759492228552e+18,11.31718005282516,666071.5751562964,8407.843802169755,4.1008982976942425,9.670146050816638e-05
2.3974349678010685e+18,11.31718005282516,706053.0868211902,8912.53176303068,4.347058198884038,0.00010250604775603427
2.541343036702629e+18,11.31718005282516,748434.5226603518,9447.514047124898,4.60799405708497,0.00010865906028042908
2.693889309590164e+18,11.31718005282516,793359.9401594133,10014.609096918515,4.884592811658565,0.00011518141260432002
2.8555923019901005e+18,11.31718005282516,840982.0439768595,10615.744508430176,5.177794641254367,0.0001220952746626701
3.0270016537634555e+18,11.31718005282516,891462.7049979175,11252.963583265699,5.488596159543388,0.0001294241471596063
3.208699997370444e+18,11.31718005282516,944973.5105450968,11928.432273944158,5.8180538027781745,0.00013719294144896852
3.401304938279246e+18,11.31718005282516,1001696.3476155858,12644.446546123067,6.167287420694046,0.00014542806420975583
3.6054711542504986e+18,11.31718005282516,1061824.021127965,13403.440182747356,6.537484082957214,0.00015415750720428818
3.821892620633115e+18,11.31718005282516,1125560.9092797085,14207.993056649044,6.929902114098204,0.0001634109424241787
4.051304969235378e+18,11.31718005282516,1193123.6582430694,15060.839899716695,7.345875370645558,0.0001732198229475226
4.294487988789272e+18,11.31718005282516,1264741.9185606823,15964.87959844175,7.786817774998129,0.00018361748985012554
4.5522682755073096e+18,11.31718005282516,1340659.1257439323,16923.185047437895,8.254228121446912,0.00019463928553416847
4.825522042741279e+18,11.31718005282516,1421133.3277274044,17939.013594426295,8.7496951706824,0.00020632267385952205
5.115178099293145e+18,11.31718005282516,1506438.0619919912,19015.818112189936,9.274903050104092,0.00021870736748604542
5.422221006501592e+18,11.31718005282516,1596863.2853380556,20157.25873513143,9.831636978288133,0.00023183546285971408
5.747694424835359e+18,11.31718005282516,1692716.3594690193,21367.215300327636,10.421789333071011,0.0002457515833014049
6.092704661368687e+18,11.31718005282516,1794323.095735443,22649.80053536921,11.047366083875112,0.000260503030684707
6.458424430196991e+18,11.31718005282516,1902028.862590756,24009.374037811325,11.71049361014008,0.00027613994621832186
6.846096838574672e+18,11.31718005282516,2016199.7595229559,25450.55709375288,12.413425929036313,0.0002927154808795635
7.257039612324231e+18,11.31718005282516,2137223.861452553,26978.248385913415,13.158552357028078,0.0003102859760782741
7.692649574879161e+18,11.31718005282516,2265512.5378265656,28597.640644600775,13.948405631328493,0.00032891115516524446
8.154407395185187e+18,11.31718005282516,2401501.8508922397,30314.23829816714,14.785670518851685,0.0003486543264360905
8.643882620598297e+18,11.31718005282516,2545654.037903345,32133.876182948723,15.673192941924656,0.00036958259832060874
9.162739011886769e+18,11.31718005282516,2698459.082297161,34062.739376285484,16.61398965177772,0.00039176710748905634
9.712740198471207e+18,11.31718005282516,2860436.3791826894,36107.38422003463,17.61125848269444,0.00041528326065070405
1.0295755673125085e+19,11.31718005282516,3032136.500801191,38274.76060603814,18.66838922167543,0.00044021099086654877
1.0913767146512693e+19,11.31718005282516,3214143.067960113,40572.2355992958,19.788975130563752,0.00046663502924743213
1.1568875283162786e+19,11.31718005282516,3407074.733801177,43007.61847913635,20.97682515979413,0.0004946451929610337
1.2263306841775593e+19,11.31718005282516,3611587.286646074,45589.18728350906,22.235976895284338,0.0005243366905267638
1.2999422244132422e+19,11.31718005282516,3828375.8790671504,48325.71694661763,23.570710282474007,0.0005558104454362245
1.377972359833554e+19,11.31718005282516,4058177.390759951,51226.50912553949,24.98556217416062,0.0005891734391992653
1.460686320364986e+19,11.31718005282516,4301772.9332492165,54301.42381721351,26.48534175158175,0.0006245390749816714
1.548365256585496e+19,11.31718005282516,4559990.504941973,57560.91287326401,28.075146871160804,0.0006620275630705114
1.6413071953751267e+19,11.31718005282516,4833707.80555244,61016.0555265807,29.760381392480127,0.0007017663294773708
1.7398280529303622e+19,11.31718005282516,5123855.2194651775,64678.59605041156,31.546773546380287,0.0007438904490683401
1.8442627085855328e+19,11.31718005282516,5431418.97817715,68560.983677975,33.44039540562027,0.0007885431046930002
1.9549661430912594e+19,11.31718005282516,5757444.512568043,72676.41491828025,35.4476835242804,0.0008358760738730119
2.0723146452190294e+19,11.31718005282516,6103040.006393468,77038.8784119912,37.57546081606307,0.0008860502447046038
2.1967070907932353e+19,11.31718005282516,6469380.163079596,81663.20247980118,39.83095974585701,0.0009392361627285435
2.3285662984981967e+19,11.31718005282516,6857710.198622858,86565.10552493957,42.22184691339485,0.0009956146106264436
2.468340467068651e+19,11.31718005282516,7269350.074166808,91761.2494611314,44.75624911256562,0.0010553772227138295
2.6165046987488236e+19,11.31718005282516,7705698.9826430455,97269.2963476159,47.442780954959645,0.0011187271363186774
2.773562614198418e+19,11.31718005282516,8168240.104726524,103107.96842372973,50.2905741515401,0.0011858796822594988
2.9400480643347137e+19,11.31718005282516,8658545.650271153,109297.11174711735,53.30930855197175,0.0012570631167699614
3.1165269449294365e+19,11.31718005282516,9178282.202361817,115857.76365187873,56.50924504711185,0.0013325193973579032
3.303599120128346e+19,11.31718005282516,9729216.382147688,122812.22425594993,59.90126044650086,0.001412505005235947
3.50190046143172e+19,11.31718005282516,10313220.853711927,130184.13226077451,63.496884449404206,0.0014972918171192048
3.712105009066372e+19,11.31718005282516,10932280.689388828,137998.54530091496,67.30833883507223,0.0015871680293533844
3.934927263095861e+19,11.31718005282516,11588500.117164481,146282.02511671738,71.34857900542868,0.001682439137514468
4.171124612056533e+19,11.31718005282516,12284109.673095938,155062.72783953807,75.63133802139446,0.0017834289748096931
4.421499907374468e+19,11.31718005282516,13021473.783060247,164370.49969641556,80.17117328252823,0.0018904808128094174
4.6869041923142115e+19,11.31718005282516,13803098.79960512,174236.97845950574,84.98351600865635,0.0020039585282514445
4.9682395947343675e+19,11.31718005282516,14631641.521216558,184695.7009850826,90.0847236916685,0.002124247839883511
5.266462393484259e+19,11.31718005282516,15509918.222965604,195782.21720769428,95.49213569579436,0.002251757619548705
5.582586268862678e+19,11.31718005282516,16440914.229224449,207534.21097687958,101.22413219531641,0.0023869212819694814
5.917685748188806e+19,11.31718005282516,17427794.060994796,219991.6281472334,107.30019665008035,0.002530198257954911
6.272899858196231e+19,11.31718005282516,18473912.192337554,233196.81235717915,113.74098203114683,0.00268207555603835
6.649435996665032e+19,11.31718005282516,19582824.45246643,247194.6489579781,120.56838102169478,0.002843069417853743
7.048574036451889e+19,11.31718005282516,20758300.112261903,262032.71758220007,127.80560043179364,0.0030137270728773035
7.471670675868067e+19,11.31718005282516,22004334.696288425,277761.4538702458,135.47724007998534,0.003194628598499045
7.920164050192541e+19,11.31718005282516,23325163.563863877,294434.320904641,143.60937640980023,0.0033863888917466914
8.395578619995103e+19,11.31718005282516,24725276.305344168,312107.99093482003,152.22965112542556,0.0035896597593639843
8.899530352885224e+19,11.31718005282516,26209432.00255715,330842.5380100934,161.36736514780483,0.003805132133347717
9.433732216299774e+19,11.31718005282516,27782675.40525691,350701.6421755725,171.05357821053192,0.004033538419474256
1e+20,11.31718005282516,29450354.078583553,371752.8059251288,181.32121443407354,0.004275654986798369
1e+18,11.891706309449116,317211.8806709843,3810.721672211986,1.9052613987389748,4.492712243351216e-05
1.0600258488068824e+18,11.891706309449116,336252.7930598876,4039.4634751532926,2.0196263313972698,4.762391109203445e-05
1.1236548001387516e+18,11.891706309449116,356436.6523769924,4281.935698973768,2.140856116212121,5.048257677883733e-05
1.191103133283008e+18,11.891706309449116,377832.06498180504,4538.96252384116,2.269362821761159,5.351283629994565e-05
1.2626001098748577e+18,11.891706309449116,400511.75538879505,4811.417602037354,2.4055832513881548,5.672498972091364e-05
1.3383887531737592e+18,11.891706309449116,424552.813463142,5100.227027564022,2.5499804279283493,6.012995537747318e-05
1.418726674116599e+18,11.891706309449116,450036.9564546171,5406.372484001356,2.7030451675556852,6.373930698772595e-05
1.5038869469554132e+18,11.891706309449116,477050.8067602714,5730.89458131971,2.865297748101557,6.756531299202666e-05
1.5941590374560028e+18,11.891706309449116,505686.1863600648,6074.896392986188,3.037289677515801,7.162097825427572e-05
1.689849786812462e+18,11.891706309449116,536040.428926243,6439.5472053890535,3.2196055684810694,7.592008826636789e-05
1.7912844546220096e+18,11.891706309449116,568216.7106673461,6826.08649232452,3.4128651255525115,8.047725600605008e-05
1.898807824465269e+18,11.891706309449116,602324.4010314081,7235.828128055493,3.617725251577208,8.530797160746201e-05
2.0127853758499466e+18,11.891706309449116,638479.4344604156,7670.164853262739,3.834882280553222,9.042865501319332e-05
2.133604526501402e+18,11.891706309449116,676804.7044596347,8130.573009068485,4.0650743445178685,9.585671178682421e-05
2.2616759492228552e+18,11.891706309449116,717430.4813213155,8618.61755522415,4.3090838825106355,0.00010161059227566505
2.3974349678010685e+18,11.891706309449116,760494.8549225577,9135.957389518377,4.567740300138392,0.00010770985432478187
2.541343036702629e+18,11.891706309449116,806144.2041025511,9684.350986487727,4.841922788783605,0.00011417522975549261
2.693889309590164e+18,11.891706309449116,854533.6942145554,10265.66237459542,5.132563314037727,0.00012102869483428684
2.8555923019901005e+18,11.891706309449116,905827.804543865,10881.86747219539,5.440649783517907,0.00012829354497170405
3.0270016537634555e+18,11.891706309449116,960200.8873844852,11535.060803817922,5.767229404834551,0.00013599447390507454
3.208699997370444e+18,11.891706309449116,1017837.7606748608,12227.46261960609,6.113412245123755,0.00014415765763427205
3.401304938279246e+18,11.891706309449116,1078934.3362070657,12961.426442102373,6.480375004243697,0.0001528108433957812
3.6054711542504986e+18,11.891706309449116,1143698.2855447852,13739.447066037537,6.86936501446033,0.00016198344397750852
3.821892620633115e+18,11.891706309449116,1212349.745913587,14564.169038313672,7.281704480217614,0.00017170663769492056
4.051304969235378e+18,11.891706309449116,1285122.0684628584,15438.395647005367,7.718794972403555,0.00018201347436833402
4.294487988789272e+18,11.891706309449116,1362262.6114427978,16365.09844993334,8.182122192388375,0.00019293898766158303
4.5522682755073096e+18,11.891706309449116,1444033.5809925322,17347.42737519879,8.673261022028118,0.0002045203141639102
4.825522042741279e+18,11.891706309449116,1530712.9223972508,18388.721428010842,9.193880876799003,0.00021679681961984913
5.115178099293145e+18,11.891706309449116,1622595.2648438094,19492.5200402005,9.745751380258227,0.00022981023273616313
5.422221006501592e+18,11.891706309449116,1719992.9228860873,20662.575100998703,10.330748379119076,0.00024360478702065857
5.747694424835359e+18,11.891706309449116,1823236.9580241553,21902.863709972105,10.950860319386022,0.0002582273711349934
6.092704661368687e+18,11.891706309449116,1932678.3040056336,23217.60169546464,11.608195005222775,0.0002737276882725412
6.458424430196991e+18,11.891706309449116,2048688.9596742173,24611.257944495017,12.304986763527085,0.0002901584251030462
6.846096838574672e+18,11.891706309449116,2171663.253419952,26088.56959281846,13.04360403856525,0.00030757543085832475
7.257039612324231e+18,11.891706309449116,2302019.1835292,27654.55812678481,13.82655744248101,0.0003260379071677383
7.692649574879161e+18,11.891706309449116,2440199.8389902664,29314.546451724338,14.656508289043051,0.0003456086092887014
8.154407395185187e+18,11.891706309449116,2586674.905584075,31074.176984877875,15.536277639637968,0.00036635405941622183
8.643882620598297e+18,11.891706309449116,2741942.262379222,32939.43083437046,16.468855892256624,0.00038834477279652756
9.162739011886769e+18,11.891706309449116,2906529.6740579987,34916.64812941915,17.45741294606756,0.00041165549741335516
9.712740198471207e+18,11.891706309449116,3080996.584825721,37012.54957087877,18.50530897612752,0.0004363654680616111
1.0295755673125085e+19,11.891706309449116,3265936.020000964,39234.25927537726,19.616105854853032,0.000462558675672018
1.0913767146512693e+19,11.891706309449116,3461976.6017504935,41589.32899069108,20.793579259076242,0.0004903241528022184
1.1568875283162786e+19,11.891706309449116,3669784.6858201334,44085.763764666,22.041731503835482,0.0005197562762646871
1.2263306841775593e+19,11.891706309449116,3890066.6265249844,46732.04915493977,23.364805146526603,0.0005509550879201793
1.2999422244132422e+19,11.891706309449116,4123571.1776974727,49537.18007194999,24.76729740765428,0.0005840266347270586
1.377972359833554e+19,11.891706309449116,4371092.037754359,52510.691353268165,26.253975457201225,0.0006190833292023775
1.460686320364986e+19,11.891706309449116,4633470.54753357,55662.69017318431,27.829892618574792,0.0006562443315199409
1.548365256585496e+19,11.891706309449116,4911598.550070964,59003.890397704214,29.500405545209134,0.0006956359545441304
1.6413071953751267e+19,11.891706309449116,5206421.422037626,62545.649001734666,31.271192428207573,0.0007373920931762277
1.7398280529303622e+19,11.891706309449116,5518941.287141769,66300.00467224112,33.14827229691408,0.0007816546794726144
1.8442627085855328e+19,11.891706309449116,5850220.422417804,70279.71872859268,35.13802547801802,0.0008285741650818298
1.9549661430912594e+19,11.891706309449116,6201384.8689807905,74498.31849918539,37.24721528273391,0.0008783100326403206
2.0723146452190294e+19,11.891706309449116,6573628.259519519,78970.14330178447,39.4830109957727,0.0009310313378651564
2.1967070907932353e+19,11.891706309449116,6968215.875538087,83710.39318387523,41.853012244245434,0.0009869172841863198
2.3285662984981967e+19,11.891706309449116,7386488.948136856,88735.18058869522,44.36527482933111,0.001046157831871787
2.468340467068651e+19,11.891706309449116,7829869.216951425,94061.58512256363,47.02833810851232,0.0011089543437158586
2.6165046987488236e+19,11.891706309449116,8299863.762745815,99707.71160966635,49.85125402145283,0.0011755202694854823
2.773562614198418e+19,11.891706309449116,8798070.130086118,105692.75163162842,52.84361785817806,0.0012460818714510437
2.9400480643347137e+19,11.891706309449116,9326181.757507013,112037.0487610519,56.01560087414172,0.0013208789934677611
3.1165269449294365e+19,11.891706309449116,9885993.733628636,118762.16771075212,59.377984863039615,0.0014001658762218439
3.303599120128346e+19,11.891706309449116,10479408.898789216,125890.96763373534,62.94219880488579,0.0014842120214124926
3.50190046143172e+19,11.891706309449116,11108444.312933436,133447.67982307007,66.7203577139206,0.0015733031078071563
3.712105009066372e+19,11.891706309449116,11775238.111741252,141457.99007575895,70.7253038183975,0.0016677419622837867
3.934927263095861e+19,11.891706309449116,12482056.774301672,149949.12600057194,74.97065021222147,0.0017678495891607269
4.171124612056533e+19,11.891706309449116,13231302.827034827,158949.94956660643,79.47082712681394,0.0018739662613129978
4.421499907374468e+19,11.891706309449116,14025523.010048378,168491.05520715174,84.24113098048527,0.001986452676783754
4.6869041923142115e+19,11.891706309449116,14867416.933687117,178604.87381232978,89.29777637204138,0.0021056911848224198
4.9682395947343675e+19,11.891706309449116,15759846.254697375,189325.78296395947,94.65795119533958,0.0022320870855165376
5.266462393484259e+19,11.891706309449116,16705844.40320155,200690.22378739872,100.33987506216027,0.002366070007435548
5.582586268862678e+19,11.891706309449116,17708626.893539432,212736.82481748055,106.36286123194301,0.0025080953679683738
5.917685748188806e+19,11.891706309449116,18771602.254028518,225506.53329963083,112.74738225891902,0.002658645921319285
6.272899858196231e+19,11.891706309449116,19898383.612791773,239042.7543724387,119.51513957976468,0.0028182333994234312
6.649435996665032e+19,11.891706309449116,21092800.979034554,253391.49860477942,126.68913727831307,0.002987400251359728
7.048574036451889e+19,11.891706309449116,22358914.261515748,268601.5383889793,134.2937602780555,0.0031667214871734903
7.471670675868067e+19,11.891706309449116,23701027.068463538,284724.57372161216,142.35485722821375,0.003356806632376072
7.920164050192541e+19,11.891706309449116,25123701.335842963,301815.4079354298,150.89982836511984,0.0035583017997650184
8.395578619995103e+19,11.891706309449116,26631772.833697535,319932.13397974934,159.957718647549,0.00377189188560697
8.899530352885224e+19,11.891706309449116,28230367.603272308,339136.33188248106,169.55931648258064,0.003998302897648322
9.433732216299774e+19,11.891706309449116,29924919.38078904,359493.27806497953,179.73725837756234,0.004238304422866679
1e+20,11.891706309449116,31721188.06709843,381072.16722119856,190.52613987389745,0.004492712243351215
1e+18,12.495398879413464,341671.19678875647,3906.2515283316434,2.001983611710604,4.720788595871281e-05
1.0600258488068824e+18,12.495398879413464,362180.3003888649,4140.727591972932,2.1221543773010008,5.0041579383763044e-05
1.1236548001387516e+18,12.495398879413464,383920.4803408382,4389.278280359185,2.249538495097734,5.30453676619104e-05
1.191103133283008e+18,12.495398879413464,406965.63304764306,4652.74843478736,2.384568952689733,5.622946088108974e-05
1.2626001098748577e+18,12.495398879413464,431394.090606558,4932.033608870363,2.527704728113473,5.960468199843054e-05
1.3383887531737592e+18,12.495398879413464,457288.8870654899,5228.08311258688,2.6794323499516546,6.318250362825065e-05
1.418726674116599e+18,12.495398879413464,484738.04066155053,5541.903239052835,2.8402675510781217,6.697508703828031e-05
1.5038869469554132e+18,12.495398879413464,513834.8530012452,5874.560684982593,3.0107570216702313,7.099532348666792e-05
1.5941590374560028e+18,12.495398879413464,544678.2261992046,6227.186176466213,3.191480267447268,7.525687804027436e-05
1.689849786812462e+18,12.495398879413464,577372.9990534389,6600.978312387082,3.3830515794512066,7.977423602319785e-05
1.7912844546220096e+18,12.495398879413464,612030.303399797,6997.2076385439395,3.58612212206523,8.456275225341088e-05
1.898807824465269e+18,12.495398879413464,648767.9418569034,7417.22096632554,3.8013821463673336,8.963870323486799e-05
2.0127853758499466e+18,12.495398879413464,687710.7882455583,7862.445950617435,4.0295633363423615,9.501934248248918e-05
2.133604526501402e+18,12.495398879413464,728991.212043642,8334.395942501415,4.271441295927369,0.0001007229591680716
2.2616759492228552e+18,12.495398879413464,772749.5283193197,8834.675133242697,4.527838185344179,0.00010676894028647606
2.3974349678010685e+18,12.495398879413464,819134.4746718049,9364.984007048648,4.799625515679678,0.00011317783655338314
2.541343036702629e+18,12.495398879413464,868303.7168009599,9927.125121134624,5.087727111213522,0.00011997143225862658
2.693889309590164e+18,12.495398879413464,920424.3844241081,10523.009232742854,5.393122249561902,0.00012717281931252803
2.8555923019901005e+18,12.495398879413464,975673.6393617177,11154.661793940906,5.716848990311139,0.00013480647573692683
3.0270016537634555e+18,12.495398879413464,1034239.2777229047,11824.22983627591,6.060007703455333,0.00014289834886770024
3.208699997370444e+18,12.495398879413464,1096320.3682376393,12533.989268686037,6.423764809631486,0.00015147594355158597
3.401304938279246e+18,12.495398879413464,1162127.9289053774,13286.35261347527,6.809356744865396,0.0001605684156370933
3.6054711542504986e+18,12.495398879413464,1231885.644260107,14083.877206646663,7.218094163304811,0.0001702066710772861
3.821892620633115e+18,12.495398879413464,1305830.6256898334,14929.273890467535,7.651366392225188,0.0001804234709812941
4.051304969235378e+18,12.495398879413464,1384214.217394888,15825.416227813277,8.110646154450958,0.00019125354297163018
4.294487988789272e+18,12.495398879413464,1467302.8507245705,16775.350269609982,8.597494574244154,0.00020273369922582587
4.5522682755073096e+18,12.495398879413464,1555378.9497960708,17782.304908576083,9.113566483675724,0.00021490296160361523
4.825522042741279e+18,12.495398879413464,1648741.8914739375,18849.702854456154,9.660616047516315,0.00022780269428498512
5.115178099293145e+18,12.495398879413464,1747709.0229731253,19981.1722680524,10.240502725765872,0.0002414767443699361
5.422221006501592e+18,12.495398879413464,1852616.7405445343,21180.559093598786,10.855197594089162,0.0002559715909178641
5.747694424835359e+18,12.495398879413464,1963821.6329095603,22451.940131396386,11.506790043640793,0.000271336502933157
6.092704661368687e+18,12.495398879413464,2081701.693330274,23799.63689514476,12.197494883052913,0.00028762370683401084
6.458424430196991e+18,12.495398879413464,2206657.604435148,25228.23030107142,12.92965986672577,0.00030488856397370423
6.846096838574672e+18,12.495398879413464,2339114.10016753,26742.576238788744,13.705773675010267,0.00032318975881773736
7.257039612324231e+18,12.495398879413464,2479521.4094862333,28347.822076804805,14.528474373407782,0.0003425894984164636
7.692649574879161e+18,12.495398879413464,2628356.7867254815,30049.42415879149,15.400558379540625,0.000363153723851236
8.154407395185187e+18,12.495398879413464,2786126.133816009,31853.166350080992,16.324989968372495,0.0003849523343727866
8.643882620598297e+18,12.495398879413464,2953365.719881352,33765.17969743143,17.304911347987897,0.00040805942499370397
9.162739011886769e+18,12.495398879413464,3130644.00405438,35791.96326888666,18.343653340178722,0.0004325535383425994
9.712740198471207e+18,12.495398879413464,3318563.567709921,37940.406244566344,19.44474670214215,0.00045851793163603424
1.0295755673125085e+19,12.495398879413464,3517763.162681277,40217.811333474056,20.611934127772898,0.0004860408596756594
1.0913767146512693e+19,12.495398879413464,3728919.8824228034,42631.91959592089,21.84918296934401,0.0005152158748325176
1.1568875283162786e+19,12.495398879413464,3952751.463498093,45190.9367559328,23.160698722815766,0.0005461421450381201
1.2263306841775593e+19,12.495398879413464,4190018.725217212,47903.56109308581,24.55093932261326,0.0005789247908632447
1.2999422244132422e+19,12.495398879413464,4441528.155715107,50779.01300857064,26.024630294459392,0.0006136752428301579
1.377972359833554e+19,12.495398879413464,4708134.653261573,53827.06636598582,27.586780817769622,0.0006505116201728078
1.460686320364986e+19,12.495398879413464,4990744.432120697,57058.08171338851,29.242700752205664,0.0006895591323324209
1.548365256585496e+19,12.495398879413464,5290318.102836964,60483.041499527106,30.998018686262466,0.0007309505045532118
1.6413071953751267e+19,12.495398879413464,5607873.937418168,64113.58740395812,32.85870106923697,0.0007748264290248372
1.7398280529303622e+19,12.495398879413464,5944491.330513687,67962.05990793495,34.83107249160954,0.0008213360431050588
1.8442627085855328e+19,12.495398879413464,6301314.468352926,72041.54024057294,36.92183718277246,0.0008706374362481261
1.9549661430912594e+19,12.495398879413464,6679556.217914899,76365.8948428685,39.13810179917788,0.0009228981873619679
2.0723146452190294e+19,12.495398879413464,7080502.24954853,80949.82250070882,41.48739958036371,0.0009782959344207033
2.1967070907932353e+19,12.495398879413464,7505515.407056722,85808.90430708033,43.97771595496534,0.0010370189782686282
2.3285662984981967e+19,12.495398879413464,7956040.340098436,90959.65662330139,46.61751568375011,0.0010992669226680485
2.468340467068651e+19,12.495398879413464,8433608.41465464,96419.58721929761,49.415771631935364,0.0011652513527665278
2.6165046987488236e+19,12.495398879413464,8939842.918249153,102207.25478374519,52.38199526858936,0.0012351965542897068
2.773562614198418e+19,12.495398879413464,9476464.577617254,108342.33200636078,55.52626899678452,0.0013093402759042827
2.9400480643347137e+19,12.495398879413464,10045297.407577086,114845.67244675965,58.8592804243958,0.001387934537342475
3.1165269449294365e+19,12.495398879413464,10648274.910984475,121739.38141717359,62.39235869203247,0.0014712464860348444
3.303599120128346e+19,12.495398879413464,11287446.650845349,129046.89111996425,66.13751298158519,0.0015595593051632292
3.50190046143172e+19,12.495398879413464,11964985.216924744,136793.04029532944,70.10747333628105,0.0016531731762203237
3.712105009066372e+19,12.495398879413464,12683193.610532451,145004.15864993067,74.3157339309972,0.0017524062993477187
3.934927263095861e+19,12.495398879413464,13444513.072586687,153708.1563534206,78.77659893991174,0.0018575959749205931
4.171124612056533e+19,12.495398879413464,14251531.381563934,162934.61890707567,83.5052311573993,0.00196909975005545
4.421499907374468e+19,12.495398879413464,15106991.649540106,172714.90770699736,88.51770353743638,0.002087296633937931
4.6869041923142115e+19,12.495398879413464,16013801.646222364,183082.26664371375,93.83105382670774,0.002212588386101822
4.9682395947343675e+19,12.495398879413464,16975043.68266178,194071.93510048906,99.46334247709935,0.0023454008820378153
5.266462393484259e+19,12.495398879413464,17993985.088247456,205721.26773449013,105.43371403445688,0.002486185560774546
5.582586268862678e+19,12.495398879413464,19074089.3165879,218069.86144788083,111.76246221223727,0.0026354209593514527
5.917685748188806e+19,12.495398879413464,20219027.718034368,231159.68998048909,118.47109887127392,0.002793614339399972
6.272899858196231e+19,12.495398879413464,21432692.018859267,245035.24658150374,125.58242714010622,0.002961303411361533
6.649435996665032e+19,12.495398879413464,22719207.54950779,259743.69524516223,133.12061892441957,0.003139058162203226
7.048574036451889e+19,12.495398879413464,24082947.26688673,275335.0310244894,141.1112970690554,0.0033274827928436476
7.471670675868067e+19,12.495398879413464,25528546.618352994,291862.2499680036,149.5816224518656,0.003527217771874383
7.920164050192541e+19,12.495398879413464,27060919.2979257,309381.5292570195,158.56038630544944,0.003738942012557863
8.395578619995103e+19,12.495398879413464,28685273.94827823,327952.4181558434,168.07810808058125,0.003963375180501363
8.899530352885224e+19,12.495398879413464,30407131.865281586,347638.0404239176,178.16713918397306,0.004201280139851088
9.433732216299774e+19,12.495398879413464,32232345.765277915,368505.3088779245,188.861772942985,0.004453465546321147
1e+20,12.495398879413464,34167119.67887565,390625.1528331644,200.19836117106038,0.00472078859587128
1e+18,13.129738415384749,368016.5019926991,4004.1761942000135,2.103616009966163,4.96044343812343e-05
1.0600258488068824e+18,13.129738415384749,390107.0048997506,4244.530269029181,2.229887346528129,5.258198265955318e-05
1.1236548001387516e+18,13.129738415384749,413523.5089943688,4499.311801214163,2.363738227247207,5.5738260800641636e-05
1.191103133283008e+18,13.129738415384749,438345.6086233562,4769.386811128866,2.505623620694996,5.908399721621952e-05
1.2626001098748577e+18,13.129738415384749,464657.6758517427,5055.673302755226,2.656025805317787,6.263056430002659e-05
1.3383887531737592e+18,13.129738415384749,492549.14724937687,5359.144384043404,2.8154560087349707,6.639001708338971e-05
1.418726674116599e+18,13.129738415384749,522114.82789212675,5680.831574574247,2.9844561454377248,7.037513421112361e-05
1.5038869469554132e+18,13.129738415384749,553455.213611011,6021.828311767004,3.1636006587945413,7.459946137704458e-05
1.5941590374560028e+18,13.129738415384749,586676.8325846064,6383.293667550134,3.353498473624696,7.907735736673792e-05
1.689849786812462e+18,13.129738415384749,621892.6074358305,6766.456288128427,3.5547950659766023,8.382404286408152e-05
1.7912844546220096e+18,13.129738415384749,659222.2390638917,7172.618570238004,3.768174657146366,8.885565218742252e-05
1.898807824465269e+18,13.129738415384749,698792.6135160753,7603.161088084548,3.99436253939416,9.418928813126169e-05
2.0127853758499466e+18,13.129738415384749,740738.2332823576,8059.547286012283,4.2341275412637085,9.984308009985668e-05
2.133604526501402e+18,13.129738415384749,785201.6744788351,8543.328452854304,4.488284640884624,0.00010583624573034325
2.2616759492228552e+18,13.129738415384749,832334.0714740126,9056.148994872874,4.757697736140616,0.00011218915621484089
2.3974349678010685e+18,13.129738415384749,882295.6306051285,9599.752025211714,5.0432825811190405,0.00011892340554356466
2.541343036702629e+18,13.129738415384749,935256.1747308049,10175.985288860637,5.3460098988236755,0.00012606188390432222
2.693889309590164e+18,13.129738415384749,991395.7204708995,10786.807443270844,5.666908680730562,0.00013362885548787382
2.8555923019901005e+18,13.129738415384749,1050905.090095676,11434.294715969576,6.007069684402506,0.00014165004096362572
3.0270016537634555e+18,13.129738415384749,1113986.560144142,12120.647961803697,6.367649141050856,0.000150152704905997
3.208699997370444e+18,13.129738415384749,1180854.5489762535,12848.200143800375,6.749872685646849,0.0001591657484686288
3.401304938279246e+18,13.129738415384749,1251736.3455960213,13619.4242630727,7.155039522941192,0.00016871980762144098
3.6054711542504986e+18,13.129738415384749,1326872.8822228478,14436.94176472469,7.58452684355253,0.00017884735728445193
3.821892620633115e+18,13.129738415384749,1406519.5532371087,15303.531448327822,8.039794505135355,0.0001895828217123189
4.051304969235378e+18,13.129738415384749,1490947.0832836435,16222.138913256518,8.522389994539015,0.00020096269150480473
4.294487988789272e+18,13.129738415384749,1580442.4474838895,17195.886570987896,9.0339536878245,0.00021302564764089625
4.5522682755073096e+18,13.129738415384749,1675309.8468845366,18228.084258398318,9.576224426018232,0.00022581269295817694
4.825522042741279e+18,13.129738415384749,1775871.7424583095,19322.240488132047,10.151045425555177,0.0002393672915243594
5.115178099293145e+18,13.129738415384749,1882469.951171527,20482.074374282885,10.760370543501347,0.00025373551637471355
5.422221006501592e+18,13.129738415384749,1995466.8078440481,21711.528273924912,11.406270918851591,0.0002689662061175584
5.747694424835359e+18,13.129738415384749,2115246.3967508473,23014.78118746188,12.090942012476917,0.00028511113094013173
6.092704661368687e+18,13.129738415384749,2242215.8571515162,24396.26296334395,12.816711069650639,0.0003022251685791033
6.458424430196991e+18,13.129738415384749,2376806.7671852876,25860.669355434577,13.586045030518985,0.00032036649085386714
6.846096838574672e+18,13.129738415384749,2519476.6108355266,27412.977984208672,14.401558915404413,0.0003395967613966528
7.257039612324231e+18,13.129738415384749,2670710.3329500165,29058.46525603518,15.266024713443887,0.0003599813452515552
7.692649574879161e+18,13.129738415384749,2831021.987602653,30802.724298053992,16.182380804775203,0.0003815895310549233
8.154407395185187e+18,13.129738415384749,3000956.4853994492,32651.683969609065,17.153741948298034,0.0004044947665523152
8.643882620598297e+18,13.129738415384749,3181091.44566807,34611.629014858925,18.18340986895885,0.00042877490825255973
9.162739011886769e+18,13.129738415384749,3372039.159826609,36689.22142506475,19.274884480546547,0.00045451248606751275
9.712740198471207e+18,13.129738415384749,3574448.672605248,38891.52308316792,20.43187578214596,0.00048179498383704153
1.0295755673125085e+19,13.129738415384749,3789007.9881949816,41226.0197676272,21.65831646868588,0.000510715136692754
1.0913767146512693e+19,13.129738415384749,4016446.408822443,43700.64659710834,22.95837529844683,0.0005413712462712595
1.1568875283162786e+19,13.129738415384749,4257537.013699364,46323.815002509364,24.336471262963066,0.0005738675148483318
1.2263306841775593e+19,13.129738415384749,4513099.286773388,49104.44131800798,25.797288607486717,0.0006083143995297989
1.2999422244132422e+19,13.129738415384749,4784001.902211697,52051.97708830916,27.34579275306723,0.0006448289877030241
1.377972359833554e+19,13.129738415384749,5071165.677085694,55176.441195111314,28.987247174367184,0.000683535395025181
1.460686320364986e+19,13.129738415384749,5375566.701293092,58488.45391199091,30.727231290583486,0.0007245651873011153
1.548365256585496e+19,13.129738415384749,5698239.655356223,61999.27300346038,32.571659430286154,0.0007680578276847824
1.6413071953751267e+19,13.129738415384749,6040281.327374017,65720.83199090272,34.52680093463778,0.0008141611507243317
1.7398280529303622e+19,13.129738415384749,6402854.341082004,69665.78071545117,36.59930146732567,0.0008630318648621477
1.8442627085855328e+19,13.129738415384749,6787191.107692284,73847.52833569027,38.79620560364087,0.0009148360850978849
1.9549661430912594e+19,13.129738415384749,7194598.014946038,78280.28890633037,41.12498077548574,0.0009697498976250507
2.0723146452190294e+19,13.129738415384749,7626459.867617484,82979.12969278084,43.59354265370099,0.0010279599583603817
2.1967070907932353e+19,13.129738415384749,8084244.594562849,87960.02238584639,46.21028205398843,0.001089664127400451
2.3285662984981967e+19,13.129738415384749,8569508.238313936,93239.89739062921,48.98409345788453,0.0011550721415620742
2.468340467068651e+19,13.129738415384749,9083900.2441763,98836.70137416835,51.92440524572971,0.0012244063272925211
2.6165046987488236e+19,13.129738415384749,9629169.066810029,104769.45826742516,55.041211744397174,0.001297902356372772
2.773562614198418e+19,13.129738415384749,10207168.113350278,111058.33392896461,58.34510719871396,0.0013758100469825007
2.9400480643347137e+19,13.129738415384749,10819862.04326867,117724.70469012888,61.8473217820453,0.0014583942128496617
3.1165269449294365e+19,13.129738415384749,11469333.446389245,124791.23001469346,65.55975976844498,0.0015459355633710083
3.303599120128346e+19,13.129738415384749,12157789.921757927,132281.92951998033,69.49503999612118,0.0016387316577630988
3.50190046143172e+19,13.129738415384749,12887571.581427205,140222.26462122935,73.6665387597566,0.0017370979164870386
3.712105009066372e+19,13.129738415384749,13661159.004661828,148639.22507674192,78.0884352774761,0.00184136869338484
3.934927263095861e+19,13.129738415384749,14481181.669602443,157561.4207279706,82.7757598870079,0.0019518984121716849
4.171124612056533e+19,13.129738415384749,15350426.891046995,167019.17874638535,87.74444513486024,0.0020690627711470967
4.421499907374468e+19,13.129738415384749,16271849.294729952,177044.64671766412,93.01137993216838,0.0021932600202199033
4.6869041923142115e+19,13.129738415384749,17248580.860303927,187671.90191360808,98.59446696129703,0.002324912314587822
4.9682395947343675e+19,13.129738415384749,18283941.56715767,198937.06712317278,104.51268352831016,0.0024644671496725098
5.266462393484259e+19,13.129738415384749,19381450.679261748,210878.43343639295,110.78614606818205,0.00261239888218828
5.582586268862678e+19,13.129738415384749,20544838.70739316,223536.5903984781,117.43617852196795,0.0027692103425137828
5.917685748188806e+19,13.129738415384749,21778060.089404933,236954.56397654314,124.48538481838565,0.0029354345438479704
6.272899858196231e+19,13.129738415384749,23085306.63163875,251177.96280789984,131.95772570616063,0.003111636493959488
6.649435996665032e+19,13.129738415384749,24471021.757170018,266255.1332270276,139.8786001982987,0.003298415115687878
7.048574036451889e+19,13.129738415384749,25939915.60931584,282237.32359816955,148.27493190512016,0.0034964052827244946
7.471670675868067e+19,13.129738415384749,27496981.061743923,299178.85851213237,157.17526054950767,0.0037062799775929
7.920164050192541e+19,13.129738415384749,29147510.689601872,317137.3234393973,166.60983897543477,0.003928752579163867
8.395578619995103e+19,13.129738415384749,30897114.759352896,336173.7604671899,176.61073597951324,0.0041645792874804065
8.899530352885224e+19,13.129738415384749,32751740.298466716,356352.8757858346,187.21194531509175,0.00441456169413498
9.433732216299774e+19,13.129738415384749,34717691.309784755,377743.25962965284,198.44950123941777,0.0046795495069357805
1e+20,13.129738415384749,36801650.199269906,400417.6194200013,210.3616009966163,0.004960443438123429
1e+18,13.796280736619591,396393.21959783987,4104.555704595388,2.2104078632316218,5.212264561972076e-05
1.0600258488068824e+18,13.796280736619591,420187.0590654933,4350.935144738859,2.3430894714315076,5.525135166510484e-05
1.1236548001387516e+18,13.796280736619591,445409.14394356706,4612.1037199055045,2.4837354057846532,5.856786094653031e-05
1.191103133283008e+18,13.796280736619591,472145.20587512664,4888.949160478212,2.6328237317285836,6.208344651264925e-05
1.2626001098748577e+18,13.796280736619591,500486.1226178813,5182.412483609612,2.7908612109844952,6.58100580864277e-05
1.3383887531737592e+18,13.796280736619591,530528.2269440851,5493.491191805663,2.9583850240760436,6.976036268309578e-05
1.418726674116599e+18,13.796280736619591,562373.6340824141,5823.24266350693,3.1359645962437774,7.394778766622456e-05
1.5038869469554132e+18,13.796280736619591,596130.5888148221,6172.787747192385,3.3242035329616426,7.83865663882808e-05
1.5941590374560028e+18,13.796280736619591,631913.8334081785,6543.31457122233,3.5237416716345025,8.30917865707944e-05
1.689849786812462e+18,13.796280736619591,669844.9976313153,6936.082582370393,3.735257256450546,8.807944158858664e-05
1.7912844546220096e+18,13.796280736619591,710053.0121831793,7352.42682677181,3.959469243781058,9.336648483237779e-05
1.898807824465269e+18,13.796280736619591,752674.5469373581,7793.762487839279,4.19713974596376,9.897088733455617e-05
2.0127853758499466e+18,13.796280736619591,797854.4754926087,8261.589696571073,4.449076621776338,0.00010491169885398324
2.133604526501402e+18,13.796280736619591,845746.3676084157,8757.498630601875,4.7161362224052805,0.0001112091126274647
2.2616759492228552e+18,13.796280736619591,896513.0111994483,9283.174919328862,4.9992263022440415,0.00011788453400798845
2.3974349678010685e+18,13.796280736619591,950326.9656631093,9840.405373484338,5.299309104413932,0.00012496065322302173
2.541343036702629e+18,13.796280736619591,1007371.1484211064,10431.084058631543,5.617404631496418,0.0001324615225001961
2.693889309590164e+18,13.796280736619591,1067839.4566686475,11057.218733226842,5.954594112593703,0.00014041263782252233
2.8555923019901005e+18,13.796280736619591,1131937.4264446632,11720.937673132144,6.312023678502607,0.00014884102559103266
3.0270016537634555e+18,13.796280736619591,1199882.9312632822,12424.496905774467,6.690908257493866,0.0001577753344894213
3.208699997370444e+18,13.796280736619591,1271906.9226812508,13170.287878542065,7.092535704938914,0.0001672459328629386
3.401304938279246e+18,13.796280736619591,1348254.2153185424,13960.845587482545,7.518271180820991,0.00017728501194253532
3.6054711542504986e+18,13.796280736619591,1429184.3190004954,14798.857193933007,7.969561790010094,0.00018792669526512433
3.821892620633115e+18,13.796280736619591,1514972.3208499863,15687.171158370673,8.447941501074348,0.00019920715466188575
4.051304969235378e+18,13.796280736619591,1605909.8203279395,16628.80692253072,8.955036360347226,0.0002111647332088694
4.294487988789272e+18,13.796280736619591,1702305.9204004318,17626.965172701384,9.49257001897356,0.00022384007555781055
4.5522682755073096e+18,13.796280736619591,1804488.278201449,18685.038719082142,10.062369591721213,0.00023727626609016487
4.825522042741279e+18,13.796280736619591,1912804.2187625607,19806.62402818451,10.66637186747284,0.0002515189753639547
5.115178099293145e+18,13.796280736619591,2027621.9155951692,20995.533447475074,11.306629892507749,0.0002666166153512134
5.422221006501592e+18,13.796280736619591,2149331.6421382064,22255.80816381306,11.985319948950798,0.00028262050399368807
5.747694424835359e+18,13.796280736619591,2278347.0983250425,23591.731939729085,12.704748952108632,0.0002995850396361382
6.092704661368687e+18,13.796280736619591,2415106.816778701,25007.84567423576,13.4673622918373,0.0003175678859301408
6.458424430196991e+18,13.796280736619591,2560075.65341513,26508.962837663283,14.275752144594636,0.00033663016783690473
6.846096838574672e+18,13.796280736619591,2713746.3675212073,28100.185832984123,15.1326662844306,0.00035683667939531824
7.257039612324231e+18,13.796280736619591,2876641.2966782623,29786.923339240133,16.04101742286484,0.00037825610396145164
7.692649574879161e+18,13.796280736619591,3049314.132224305,31574.908696023555,17.00389310939829,0.0004009612476681221
8.154407395185187e+18,13.796280736619591,3232351.8012898914,33470.219391502185,18.024566226311425,0.00042502928689806775
8.643882620598297e+18,13.796280736619591,3426376.4618047723,35479.297720229675,19.106506113421634,0.00045054203061190826
9.162739011886769e+18,13.796280736619591,3632047.617256527,37608.972680958555,20.253390360613654,0.0004775861984225644
9.712740198471207e+18,13.796280736619591,3850064.3583893646,39866.48318888794,21.469117308226622,0.0005062537153613311
1.0295755673125085e+19,13.796280736619591,4081167.739462778,42259.502681245904,22.757819297787268,0.0005366420243375285
1.0913767146512693e+19,13.796280736619591,4326143.297147297,44796.165199844414,24.123876718130596,0.0005688544173538322
1.1568875283162786e+19,13.796280736619591,4585823.720618768,47485.093039258405,25.571932894648974,0.0006030003866030405
1.2263306841775593e+19,13.796280736619591,4861091.6819276465,50335.42605461368,27.106909872282923,0.0006391959966397664
1.2999422244132422e+19,13.796280736619591,5152882.836263428,53356.85272859793,28.734025145898364,0.0006775642788920294
1.377972359833554e+19,13.796280736619591,5462189.002312556,56559.643103295835,30.45880939491921,0.0007182356498537466
1.460686320364986e+19,13.796280736619591,5790061.533519986,59954.68368878551,32.28712528249629,0.0007613483543795808
1.548365256585496e+19,13.796280736619591,6137614.8917136025,63553.51446715301,34.22518738311228,0.0008070489355889381
1.6413071953751267e+19,13.796280736619591,6506030.435238473,67368.36811770435,36.2795833063582,0.0008554927329763551
1.7398280529303622e+19,13.796280736619591,6896560.434477072,71412.21159670406,38.45729608868235,0.0009068444104213804
1.8442627085855328e+19,13.796280736619591,7310532.328404522,75698.79021297292,40.76572792922311,0.0009612785158927007
1.9549661430912594e+19,13.796280736619591,7749353.236647158,80242.67434916075,43.212725350405165,0.0010189800747489805
2.0723146452190294e+19,13.796280736619591,8214514.7423812635,85059.30898750336,45.80660586882191,0.0010801452186530883
2.1967070907932353e+19,13.796280736619591,8707597.962329349,90165.06620840514,48.556186267060276,0.0011449818522374356
2.3285662984981967e+19,13.796280736619591,9230278.92108725,95577.30084029342,51.47081256256566,0.0012137103597864643
2.468340467068651e+19,13.796280736619591,9784334.248049786,101314.40944990279,54.560391775413606,0.0012865643543383532
2.6165046987488236e+19,13.796280736619591,10371647.216299225,107395.89287350125,57.835425602968854,0.0013637914717521916
2.773562614198418e+19,13.796280736619591,10994214.143983126,113842.42250160617,61.307046115894366,0.0014456542124397045
2.9400480643347137e+19,13.796280736619591,11654151.179940343,120675.9105424968,64.9870535968436,0.0015324308336226425
3.1165269449294365e+19,13.796280736619591,12353701.496639993,127919.58450335359,68.88795665045251,0.0016244162951486803
3.303599120128346e+19,13.796280736619591,13095242.914882664,135598.0661421911,73.02301472096764,0.001721923262080711
3.50190046143172e+19,13.796280736619591,13881295.986180805,143737.4551589479,77.40628316203117,0.0018252831674674213
3.712105009066372e+19,13.796280736619591,14714532.56029088,152365.41791020497,82.05266101181802,0.0019348473389075688
3.934927263095861e+19,13.796280736619591,15597784.867018849,161511.28144908036,86.97794163591576,0.0020509881927372325
4.171124612056533e+19,13.796280736619591,16534055.143168803,171206.13320994872,92.1988664100871,0.0021741004998991793
4.421499907374468e+19,13.796280736619591,17526525.837357163,181482.92667681858,97.73318162538412,0.002304602727797076
4.6869041923142115e+19,13.796280736619591,18578570.427380435,192376.5933945534,103.59969880904586,0.002442938462695772
4.9682395947343675e+19,13.796280736619591,19693764.886902235,203924.16170363632,109.81835866619532,0.0025895779175020453
5.266462393484259e+19,13.796280736619591,20875899.840441715,216164.88260212902,116.41029885971234,0.0027450195300516645
5.582586268862678e+19,13.796280736619591,22128993.447971694,229140.3631625619,123.39792585862943,0.002909791657334485
5.917685748188806e+19,13.796280736619591,23457305.062928133,242894.70795731197,130.8049910993024,0.0030844543714171726
6.272899858196231e+19,13.796280736619591,24865349.710052375,257474.66897314944,138.65667171821474,0.0032696013631675876
6.649435996665032e+19,13.796280736619591,26357913.432278235,272929.80452453386,146.97965613083784,0.003465861960251862
7.048574036451889e+19,13.796280736619591,27940069.55882907,289312.6477058155,155.80223474743508,0.0036739032662634653
7.471670675868067e+19,13.796280736619591,29617195.949821122,306678.8849549236,165.15439613415904,0.003894432428255308
7.920164050192541e+19,13.796280736619591,31394993.275988895,325087.54533549113,175.06792894630004,0.004128199040382381
8.395578619995103e+19,13.796280736619591,33279504.39566649,344601.20118079986,185.57652998016468,0.0043759976918250915
8.899530352885224e+19,13.796280736619591,35277134.89488875,365286.1807815486,196.7159187108599,0.00463867066765385
9.433732216299774e+19,13.796280736619591,37394674.86042933,387212.7938403854,208.52395870530498,0.004917110811815361
1e+20,13.796280736619591,39639321.95978399,410455.5704595389,221.0407863231622,0.005212264561972076
1e+18,14.496660644860475,426957.9861020974,4207.451599290189,2.3226210956222824,5.476869599034817e-05
1.0600258488068824e+18,14.496660644860475,452586.5016227529,4460.007452851458,2.4620383983437812,5.805623345521492e-05
1.1236548001387516e+18,14.496660644860475,479753.39054119616,4727.7231858938885,2.609824342999504,6.154110814689472e-05
1.191103133283008e+18,14.496660644860475,508550.99502641126,5011.5087830511475,2.7664812644249137,6.523516539992823e-05
1.2626001098748577e+18,14.496660644860475,539077.2001644562,5312.328851556938,2.9325416505303563,6.915096157511628e-05
1.3383887531737592e+18,14.496660644860475,571435.7666767654,5631.205900012936,3.1085699522649772,7.330180673947475e-05
1.418726674116599e+18,14.496660644860475,605736.6836101499,5969.2238139675355,3.2951645022252523,7.770180990808978e-05
1.5038869469554132e+18,14.496660644860475,642096.542197315,6327.531540119193,3.4929595484296314,8.23659270016539e-05
1.5941590374560028e+18,14.496660644860475,680638.932158673,6707.346991667167,3.7026274101722247,8.731001168269389e-05
1.689849786812462e+18,14.496660644860475,721494.8617925075,7109.961188084279,3.9248807632834413,9.255086924328641e-05
1.7912844546220096e+18,14.496660644860475,764803.2032814071,7536.742643383028,4.160475062565335,9.810631372742948e-05
1.898807824465269e+18,14.496660644860475,810711.1647285961,7989.14201779112,4.410211109635686,0.00010399522848223271
2.0127853758499466e+18,14.496660644860475,859374.7905286464,8468.697048647762,4.674937774909111,0.00011023763034374441
2.133604526501402e+18,14.496660644860475,910959.4917733577,8977.037777281112,4.955554882967348,0.00011685473767558606
2.2616759492228552e+18,14.496660644860475,965640.6084957399,9515.892089633859,5.253016271126554,0.0001238690424916687
2.3974349678010685e+18,14.496660644860475,1023604.005663091,10087.09158946883,5.568333031597289,0.00013130438690812688
2.541343036702629e+18,14.496660644860475,1085046.704945143,10692.57782411946,5.902576948258319,0.00013918604418435452
2.693889309590164e+18,14.496660644860475,1150177.554404586,11334.408883945878,6.256884139725461,0.0001475408046285926
2.8555923019901005e+18,14.496660644860475,1219217.9383863457,12014.766397929001,6.632458921098803,0.00015639706666007434
3.0270016537634555e+18,14.496660644860475,1292402.5300185631,12735.962949181097,7.030577897514538,0.00016578493333725187
3.208699997370444e+18,14.496660644860475,1369980.0888830898,13500.449935578697,7.452594303415754,0.00017573631468021278
3.401304938279246e+18,14.496660644860475,1452214.3065668258,14310.825902236631,7.899942602291623,0.00018628503613508598
3.6054711542504986e+18,14.496660644860475,1539384.7029679974,15169.845374145903,8.37414336251983,0.0001974669535491153
3.821892620633115e+18,14.496660644860475,1631787.5764039825,16080.428218998171,8.876808425885603,0.00020932007504721018
4.051304969235378e+18,14.496660644860475,1729737.010750157,17045.66957202168,9.409646386345473,0.00022188469022423933
4.294487988789272e+18,14.496660644860475,1833565.9430331143,18068.85035656393,9.974468397658471,0.0002352035070922014
4.5522682755073096e+18,14.496660644860475,1943627.2951070692,19153.44843618122,10.573194329625347,0.0002493217972477664
4.825522042741279e+18,14.496660644860475,2060295.1732600955,20303.150436141852,11.207859293861224,0.00026428754975362103
5.115178099293145e+18,14.496660644860475,2183966.1398277557,21521.864274525095,11.880620561283349,0.00028015163425667325
5.422221006501592e+18,14.496660644860475,2315060.561136408,22813.732445509984,12.593764894826885,0.00029696797389756543
5.747694424835359e+18,14.496660644860475,2454024.036357958,24183.146100004833,13.349716322313185,0.00031479372859922686
6.092704661368687e+18,14.496660644860475,2601328.912132836,25634.759971478474,14.151044375891129,0.0003336894893574789
6.458424430196991e+18,14.496660644860475,2757475.888109493,27173.50819772716,15.000472826057852,0.00035371948419409666
6.846096838574672e+18,14.496660644860475,2922995.7188577782,28804.621092356512,15.90088893994655,0.00037495179647237996
7.257039612324231e+18,14.496660644860475,3098451.0179410996,30533.642922985837,16.85535329535081,0.00039745859631729996
7.692649574879161e+18,14.496660644860475,3284438.170279563,32366.45075660432,17.867110183844122,0.0004213163859268379
8.154407395185187e+18,14.496660644860475,3481589.3593043177,34309.27443613566,18.939598638355463,0.0004466062596083445
8.643882620598297e+18,14.496660644860475,3690574.7157935686,36368.71775611297,20.07646412268442,0.0004734141794238021
9.162739011886769e+18,14.496660644860475,3912104.5956942975,38551.78090944159,21.28157092268948,0.0005018312673809297
9.712740198471207e+18,14.496660644860475,4146931.9946721527,40865.88428154779,22.55901528126778,0.0005319541151633034
1.0295755673125085e+19,14.496660644860475,4395855.107596731,43318.89367279117,23.913139321773116,0.0005638851124522903
1.0913767146512693e+19,14.496660644860475,4659720.041662294,45919.147034875554,25.348545807199784,0.0005977327949568034
1.1568875283162786e+19,14.496660644860475,4939423.692365515,48675.482812132,26.870113785297097,0.0006336122133337958
1.2263306841775593e+19,14.496660644860475,5235916.79211658,51597.26998401504,28.483015172797064,0.0006716453242535643
1.2999422244132422e+19,14.496660644860475,5550207.141845588,54694.43991092342,30.19273233512352,0.0007119614049390583
1.377972359833554e+19,14.496660644860475,5883363.0365888905,57977.52009159363,32.00507672133831,0.0007546974925882658
1.460686320364986e+19,14.496660644860475,6236516.896699174,61457.66994680961,33.92620861766604,0.0007999988501733023
1.548365256585496e+19,14.496660644860475,6610869.117022006,65146.718751060085,35.96265808674081,0.0008480194601994846
1.6413071953751267e+19,14.496660644860475,7007692.1471224595,69057.20584107572,38.12134716374913,0.0008989225481027131
1.7398280529303622e+19,14.496660644860475,7428334.816430808,73202.42323791787,40.409613384915005,0.0009528811370642239
1.8442627085855328e+19,14.496660644860475,7874226.919008785,77596.46082749456,42.83523472830249,0.0010100786361285715
1.9549661430912594e+19,14.496660644860475,8346884.07352029,82254.25425307492,45.40645605171089,0.0010707094636238869
2.0723146452190294e+19,14.496660644860475,8847912.874925992,87191.63568259285,48.13201711752724,0.0011349797080034726
2.1967070907932353e+19,14.496660644860475,9379016.35541277,92425.38762330095,51.021182299794205,0.0012031078283549685
2.3285662984981967e+19,14.496660644860475,9941999.773120055,97973.29996669474,54.08377207447005,0.0012753253969581808
2.468340467068651e+19,14.496660644860475,10538776.748339418,103854.23045760687,57.330196399918066,0.0013518778864155697
2.6165046987488236e+19,14.496660644860475,11171375.768044729,110088.16879301032,60.77149010108843,0.0014330255040309184
2.773562614198418e+19,14.496660644860475,11841947.080862254,116696.3045684061,64.41935037766532,0.0015190440762722851
2.9400480643347137e+19,14.496660644860475,12552770.005917192,123701.09930275116,68.28617656367264,0.0016102259863255955
3.1165269449294365e+19,14.496660644860475,13306260.680399945,131126.36278674327,72.38511227368373,0.0017068811679256887
3.303599120128346e+19,14.496660644860475,14104980.272186598,138997.3340139767,76.73009007889308,0.0018093381588429112
3.50190046143172e+19,14.496660644860475,14951643.685428929,147340.76697005943,81.33587886490719,0.0019179452176061387
3.712105009066372e+19,14.496660644860475,15849128.788704861,156185.0215712943,86.218134032227,0.0020330715072580476
3.934927263095861e+19,14.496660644860475,16800486.197096467,165560.16006203246,91.39345071005698,0.0021551083501663
4.171124612056533e+19,14.496660644860475,17808949.641445495,175498.0491983593,96.87942016431815,0.0022844705581558326
4.421499907374468e+19,14.496660644860475,18877946.960032135,186032.4685654413,102.69468959159909,0.0024215978424834486
4.6869041923142115e+19,14.496660644860475,20011111.750039533,197199.2253967232,108.85902550229504,0.0025669563084474542
4.9682395947343675e+19,14.496660644860475,21212295.71840486,209036.27628521953,115.39338090835942,0.002721040039712172
5.266462393484259e+19,14.496660644860475,22485581.77404471,221583.85620066983,122.31996654407958,0.0028843727777334077
5.582586268862678e+19,14.496660644860475,23835297.905948307,234884.6152510172,129.66232636191742,0.003057509701992321
5.917685748188806e+19,14.496660644860475,25266031.894317765,248983.76365313752,137.44541756006652,0.003241039317089688
6.272899858196231e+19,14.496660644860475,26782646.904755954,263929.22540554934,145.6956954137259,0.0034355854531144753
6.649435996665032e+19,14.496660644860475,28390298.018508952,279771.8011854604,154.44120319844382,0.0036418093860862495
7.048574036451889e+19,14.496660644860475,30094449.754950304,296565.34102384804,163.71166751118662,0.0038604120856789484
7.471670675868067e+19,14.496660644860475,31900894.64586727,314366.9273455071,173.53859931313573,0.004092136597866175
7.920164050192541e+19,14.496660644860475,33815772.92468438,333237.0689962327,183.95540103766416,0.0043377705705868
8.395578619995103e+19,14.496660644860475,35845593.39754935,353239.90691664914,194.99748012756038,0.004598148931015787
8.899530352885224e+19,14.496660644860475,37997255.56722364,374443.43216178514,206.70236938742036,0.004874156723540468
9.433732216299774e+19,14.496660644860475,40278073.08497828,396919.7170074586,219.10985456029405,0.005166732118088759
1e+20,14.496660644860475,42695798.61020974,420745.15992901893,232.26210956222826,0.005476869599034817
1e+18,15.232595933948712,459879.5158032825,4312.926960779212,2.440530928053603,5.754907535522849e-05
1.0600258488068824e+18,15.232595933948712,487484.1740882726,4571.814062442073,2.5870258685494694,6.1003507451477315e-05
1.1236548001387516e+18,15.232595933948712,516745.8254178432,4846.2410821274,2.742314292194514,6.466529476644922e-05
1.191103133283008e+18,15.232595933948712,547763.9322059623,5137.1408166048805,2.906924035278734,6.854688397315259e-05
1.2626001098748577e+18,15.232595933948712,580643.9271824207,5445.50205456207,3.081414617913468,7.266146886670795e-05
1.3383887531737592e+18,15.232595933948712,615497.5717661072,5772.372937566781,3.266379145879659,7.702303521098696e-05
1.418726674116599e+18,15.232595933948712,652443.3359499428,6118.8645227741035,3.462446326636185,8.164640827720885e-05
1.5038869469554132e+18,15.232595933948712,691606.8009887321,6486.154559487939,3.6702826063407947,8.654730323608159e-05
1.5941590374560028e+18,15.232595933948712,733121.0862586934,6875.491492413833,3.8905944351475372,9.174237857477402e-05
1.689849786812462e+18,15.232595933948712,777127.3017395952,7288.198705210472,4.124130668480602,9.724929272028717e-05
1.7912844546220096e+18,15.232595933948712,823775.0276575165,7725.679018763953,4.371685112446645,0.00010308676406169138
1.898807824465269e+18,15.232595933948712,873222.822918572,8189.419459474781,4.634099222037666,0.00010927463457524924
2.0127853758499466e+18,15.232595933948712,925638.7640618014,8680.996313765356,4.912264961295791,0.00011583393726869048
2.133604526501402e+18,15.232595933948712,981201.0165631565,9202.080485988463,5.2071278351618355,0.0001227869676738858
2.2616759492228552e+18,15.232595933948712,1040098.440432536,9754.44317794917,5.519690103313369,0.00013015735963093402
2.3974349678010685e+18,15.232595933948712,1102531.2321622137,10339.96190934407,5.851014186915702,0.00013797016562124345
2.541343036702629e+18,15.232595933948712,1168711.6052088484,10960.626899583283,6.202226279866428,0.00014625194192268475
2.693889309590164e+18,15.232595933948712,1238864.5113219635,11618.547832686316,6.574520176807764,0.0001550308388762488
2.8555923019901005e+18,15.232595933948712,1313228.405170788,12315.96102824668,6.969161330918626,0.0001643366965710387
3.0270016537634555e+18,15.232595933948712,1392056.0548684732,13055.23704283967,7.387491155279117,0.00017420114627283433
3.208699997370444e+18,15.232595933948712,1475615.4011487134,13838.888727711175,7.830931582428084,0.00018465771794099313
3.401304938279246e+18,15.232595933948712,1564190.468115173,14669.579770136033,8.30098989761195,0.00019574195419914307
3.6054711542504986e+18,15.232595933948712,1658082.3286594213,15550.133747478721,8.799263862153465,0.00020749153114706456
3.821892620633115e+18,15.232595933948712,1757610.1278288953,16483.54372473168,9.327447144354954,0.00021994638642440682
4.051304969235378e+18,15.232595933948712,1863112.1676233977,17472.98242815406,9.887335076396191,0.00023314885496153839
4.294487988789272e+18,15.232595933948712,1974947.0569074228,18521.813029591747,10.480830756794935,0.00024714381287895747
4.5522682755073096e+18,15.232595933948712,2093494.930346945,19633.600578135367,11.10995151917283,0.0002619788300243862
4.825522042741279e+18,15.232595933948712,2219158.740513926,20812.12411797324,11.776835789314493,0.000277704331666034
5.115178099293145e+18,15.232595933948712,2352365.627550486,22061.389533628775,12.483750353827366,0.00029437376989163564
5.422221006501592e+18,15.232595933948712,2493568.3710483387,23385.643166244114,13.233098065109074,0.000312043805295863
5.747694424835359e+18,15.232595933948712,2643246.9290785105,24789.386247192786,14.02742600881196,0.0003307744995736767
6.092704661368687e+18,15.232595933948712,2801910.0696026334,26277.39019808219,14.869434161566634,0.00035062951967425836
6.458424430196991e+18,15.232595933948712,2970097.0998110822,27854.712849151725,15.761984568392725,0.0003716763542094552
6.846096838574672e+18,15.232595933948712,3148379.699266103,29526.71563119403,16.70811107099148,0.00039398654285232524
7.257039612324231e+18,15.232595933948712,3337363.8630809085,31299.081799435902,17.711029619987418,0.0004176359195055253
7.692649574879161e+18,15.232595933948712,3537691.9617397552,33177.83575132308,18.774149206170996,0.00044270487006608725
8.154407395185187e+18,15.232595933948712,3750044.924560469,35169.36350387158,19.90108344789847,0.00046927860566274473
8.643882620598297e+18,15.232595933948712,3975144.5542211533,37280.43440018927,21.09566287403517,0.0004974474522945612
9.162739011886769e+18,15.232595933948712,4213755.980218334,39518.22411894993,22.361947944192973,0.0005273071578553635
9.712740198471207e+18,15.232595933948712,4466690.259596016,41890.33906503051,23.704242850518472,0.0005589592175875764
1.0295755673125085e+19,15.232595933948712,4734807.133785663,44404.84222421671,25.127110147945114,0.0005925112190716966
1.0913767146512693e+19,15.232595933948712,5019017.950928029,47070.28056986101,26.635386262639546,0.0006280772079240758
1.1568875283162786e+19,15.232595933948712,5320288.763609464,49895.71411464503,28.234197931353666,0.0006657780754459754
1.2263306841775593e+19,15.232595933948712,5639643.612542841,52890.74670620213,29.928979627564694,0.0007057419695416327
1.2999422244132422e+19,15.232595933948712,5978168.007354038,56065.558671271734,31.725492033633156,0.0007481047303020103
1.377972359833554e+19,15.232595933948712,6337012.616305613,59430.94141934689,33.62984162176797,0.0007930103517348323
1.460686320364986e+19,15.232595933948712,6717397.17749928,62998.3341234353,35.648501410355614,0.0008406114712103598
1.548365256585496e+19,15.232595933948712,7120614.6448516315,66779.86260261408,37.788332966205566,0.0008910698882865641
1.6413071953751267e+19,15.232595933948712,7548035.582935568,70788.38053854299,40.05660972749914,0.0009445571146772188
1.7398280529303622e+19,15.232595933948712,8001112.825625826,75037.51316603362,42.46104172671831,0.0010012549572322987
1.8442627085855328e+19,15.232595933948712,8481386.414383652,79541.70358618241,45.00980179758903,0.0010613561359122663
1.9549661430912594e+19,15.232595933948712,8990488.83296619,84316.26185948844,47.711553355118845,0.0011250649388567927
2.0723146452190294e+19,15.232595933948712,9530150.556353783,89377.4170458276,50.57547984315471,0.001192597916774535
2.1967070907932353e+19,15.232595933948712,10102205.932756303,94742.37236817014,53.611315949555454,0.0012641846190142463
2.3285662984981967e+19,15.232595933948712,10708599.418691926,100429.36368754729,56.82938069508148,0.001340068373819182
2.468340467068651e+19,15.232595933948712,11351392.188331794,106457.7214880274,60.240612508473205,0.001420507115416937
2.6165046987488236e+19,15.232595933948712,12032769.139576225,112847.93658239293,63.856606406940806,0.0015057742607560546
2.773562614198418e+19,15.232595933948712,12755046.320676548,119621.7297618563,67.68965340844443,0.0015961596388694927
2.9400480643347137e+19,15.232595933948712,13520678.802646259,126802.12562655922,71.75278230972998,0.0016919704760239207
3.1165269449294365e+19,15.232595933948712,14332269.024220323,134413.53084781038,76.05980397212699,0.0017935324400034417
3.303599120128346e+19,15.232595933948712,15192575.637727737,142481.81712808026,80.625358265639,0.0019011907470773272
3.50190046143172e+19,15.232595933948712,16104522.885945108,151034.40914074032,85.46496383089298,0.002015311335414435
3.712105009066372e+19,15.232595933948712,17071210.54180383,160100.3777484592,90.59507082809182,0.002136282108932818
3.934927263095861e+19,15.232595933948712,18095924.4447366,169710.53881711297,96.03311685226767,0.002264514255812467
4.171124612056533e+19,15.232595933948712,19182147.669477127,179897.55796108354,101.79758620489557,0.0024004436461528963
4.421499907374468e+19,15.232595933948712,20333572.365276285,190696.06157598135,107.90807272333531,0.0025445323135262904
4.6869041923142115e+19,15.232595933948712,21554112.30577834,202142.7545362108,114.38534638166927,0.0026972700254622685
4.9682395947343675e+19,15.232595933948712,22847916.192211367,214276.5449574064,121.25142388929723,0.0028591759482019794
5.266462393484259e+19,15.232595933948712,24219381.75511737,227138.6764478808,128.52964352729538,0.0030308004113810258
5.582586268862678e+19,15.232595933948712,25673170.702546217,240772.86829853672,136.24474447686734,0.003212726778638421
5.917685748188806e+19,15.232595933948712,27214224.565530535,255225.46408782408,144.4229509095681,0.003405573430510793
6.272899858196231e+19,15.232595933948712,28847781.494697616,270545.58920682623,153.09206112510964,0.00360999586635137
6.649435996665032e+19,15.232595933948712,30579394.06511232,286785.31783992413,162.2815420397395,0.003826688932418448
7.048574036451889e+19,15.232595933948712,32414948.149870828,303999.84996861714,172.02262934636462,0.004056389183706768
7.471670675868067e+19,15.232595933948712,34360682.926597916,322247.6990001483,182.34843368687186,0.0042998773875498235
7.920164050192541e+19,15.232595933948712,36423212.08485111,341590.89065869694,193.29405319753187,0.004557981177503022
8.395578619995103e+19,15.232595933948712,38609546.306517385,362095.17381518416,204.8966928100364,0.004831577866528434
8.899530352885224e+19,15.232595933948712,40927117.095614724,383830.2439723162,217.1957907136819,0.00512159742904335
9.433732216299774e+19,15.232595933948712,43383802.038497664,406869.98016450723,230.2331524085526,0.005429025661968822
1e+20,15.232595933948712,45987951.58032824,431292.69607792125,244.05309280536034,0.005754907535522849
1e+18,16.005891602988825,495339.5320842848,4421.0464529536885,2.56442655326455,6.047060303983536e-05
1.0600258488068824e+18,16.005891602988825,525072.7079452479,4686.42351890689,2.718358433827162,6.410040231516552e-05
1.1236548001387516e+18,16.005891602988825,556590.6429249898,4967.7300684978145,2.8815302061789856,6.794808337299599e-05
1.191103133283008e+18,16.005891602988825,590000.4687045309,5265.922282502867,3.05449650266755,7.20267247522609e-05
1.2626001098748577e+18,16.005891602988825,625415.7476349787,5582.013737261177,3.2378452479178237,7.635019004229504e-05
1.3383887531737592e+18,16.005891602988825,662956.8587439593,5917.078849891958,3.432199657229422,8.09331750061506e-05
1.418726674116599e+18,16.005891602988825,702751.4069124098,6272.256530313974,3.638220354929308,8.579125753253072e-05
1.5038869469554132e+18,16.005891602988825,744934.6566125582,6648.754052480583,3.8566076198804176,9.094095058613075e-05
1.5941590374560028e+18,16.005891602988825,789649.9916813902,7047.851157988928,4.08810376577883,9.639975833636798e-05
1.689849786812462e+18,16.005891602988825,837049.4026924135,7470.904406011783,4.333495664330316,0.0001021862356552868
1.7912844546220096e+18,16.005891602988825,887294.0035823196,7919.3517843377185,4.59361741988269,0.00010832005118687553
1.898807824465269e+18,16.005891602988825,940554.5792886053,8394.717597192888,4.869353204605227,0.00011482205420217265
2.0127853758499466e+18,16.005891602988825,997012.166259604,8898.617646458464,5.16164026385217,0.00012171434546740793
2.133604526501402e+18,16.005891602988825,1056858.6678101164,9432.76472389496,5.471472101925633,0.00012902035236606217
2.2616759492228552e+18,16.005891602988825,1120297.5064143299,9998.974433042371,5.799901859066895,0.00013676490853019812
2.3974349678010685e+18,16.005891602988825,1187544.3151530838,10599.171360584056,6.148045891154001,0.00014497433825171887
2.541343036702629e+18,16.005891602988825,1258827.6706659358,11235.395618152714,6.5170875642741875,0.00015367654596049442
2.693889309590164e+18,16.005891602988825,1334389.870099249,11909.809776813456,6.9082812770685225,0.00016290111107348298
2.8555923019901005e+18,16.005891602988825,1414487.7546912623,12624.706217795192,7.322956724521254,0.000172679388537253
3.0270016537634555e+18,16.005891602988825,1499393.5827935466,13382.514924455876,7.762523417686712,0.0001830446154056551
3.208699997370444e+18,16.005891602988825,1589395.9552963218,14185.81174196711,8.228475474716657,0.00019403202381490885
3.401304938279246e+18,16.005891602988825,1684800.7966032089,15037.327132793323,8.722396699473137,0.00020567896074011595
3.6054711542504986e+18,16.005891602988825,1785932.3944898283,15939.955457726008,9.245965964989365,0.00021802501494025894
3.821892620633115e+18,16.005891602988825,1893134.5023807886,16896.764814019913,9.800962920077398,0.0002311121515231812
4.051304969235378e+18,16.005891602988825,2006771.5077917904,17911.00746407172,10.389274038479826,0.000244984854587945
4.294487988789272e+18,16.005891602988825,2127229.6709084595,18986.130890089033,11.012899031126882,0.000259690278429417
4.5522682755073096e+18,16.005891602988825,2254918.437511925,20125.7895123252,11.673957643294768,0.00027527840781903847
4.825522042741279e+18,16.005891602988825,2390271.830713867,21333.857110711167,12.374696859769127,0.00029180222790658333
5.115178099293145e+18,16.005891602988825,2533749.926231648,22614.43999210635,13.11749854250463,0.0003093179043204153
5.422221006501592e+18,16.005891602988825,2685840.4162180787,23971.890947924843,13.904887526741517,0.00032788497407841436
5.747694424835359e+18,16.005891602988825,2847060.2669613995,25410.824049580053,14.739540203098406,0.00034756654795849374
6.092704661368687e+18,16.005891602988825,3017957.4760901066,26936.13033203844,15.624293614812558,0.0003684295250165804
6.458424430196991e+18,16.005891602988825,3199112.9352554916,28552.994418791855,16.562155101049633,0.0003905448199812171
6.846096838574672e+18,16.005891602988825,3391142.40462328,30266.912144758015,17.556312519061375,0.0004139876042977208
7.257039612324231e+18,16.005891602988825,3594698.6058858046,32083.709237010455,18.610145079936935,0.00043883756164121934
7.692649574879161e+18,16.005891602988825,3810473.4409090164,34009.56111683522,19.727234834779374,0.00046517915876707606
8.154407395185187e+18,16.005891602988825,4039200.3435556623,36051.0138904228,20.911378850349706,0.0004931019326193414
8.643882620598297e+18,16.005891602988825,4281656.7726786425,38215.00659954413,22.166602115564235,0.0005227007946731314
9.162739011886769e+18,16.005891602988825,4538666.854758415,40508.89480784239,23.497171222715416,0.0005540763535454181
9.712740198471207e+18,16.005891602988825,4811104.185166951,42940.475602911836,24.907608869919557,0.000587335256970804
1.0295755673125085e+19,16.005891602988825,5099894.797579901,45518.01409914748,26.4027092340861,0.00062259055430468
1.0913767146512693e+19,16.005891602988825,5406020.311630439,48250.27153145245,27.98755426666343,0.0006599620807859659
1.1568875283162786e+19,16.005891602988825,5730521.269503303,51146.53503529044,29.667530967548586,0.0006995768648654998
1.2263306841775593e+19,16.005891602988825,6074500.672811132,54216.6492143147,31.44834969588016,0.0007415695599847091
1.2999422244132422e+19,16.005891602988825,6439127.731774599,57471.04960286892,33.33606357995103,0.0007860829022721376
1.377972359833554e+19,16.005891602988825,6825641.839450303,60920.79813710358,35.33708909221779,0.0008332681957136001
1.460686320364986e+19,16.005891602988825,7235356.784515079,64577.62075527597,37.45822785934259,0.0008832858264450885
1.548365256585496e+19,16.005891602988825,7669665.216926232,68453.94725504036,39.70668978140124,0.0009363058079165436
1.6413071953751267e+19,16.005891602988825,8130043.381636852,72562.95354320572,42.09011753884141,0.0009925083587795478
1.7398280529303622e+19,16.005891602988825,8618056.13645638,76918.606421571,44.61661257049182,0.001052084515463216
1.8442627085855328e+19,16.005891602988825,9135362.271112535,81535.71106106832,47.29476261092341,0.001115236781520473
1.9549661430912594e+19,16.005891602988825,9683720.145594435,86429.96132558167,50.13367088076409,0.0011821798159518952
2.0723146452190294e+19,16.005891602988825,10264993.666942047,91617.99311649572,53.14298702918684,0.0012531411628467718
2.1967070907932353e+19,16.005891602988825,10881158.624797517,97117.4409192965,56.332939933746935,0.0013283620248214932
2.3285662984981967e+19,16.005891602988825,11534309.407253318,102946.99774442954,59.71437246905722,0.0014080980828842322
2.468340467068651e+19,16.005891602988825,12226666.119824909,109126.47866615912,63.29877836248271,0.0014926203655127022
2.6165046987488236e+19,16.005891602988825,12960582.131745748,115676.88817540147,67.09834126212945,0.0015822161698990412
2.773562614198418e+19,16.005891602988825,13738552.0752351,122620.49157546875,71.12597614992264,0.0016771900384932056
2.9400480643347137e+19,16.005891602988825,14563220.324928643,129980.89066340345,75.39537324053983,0.0017778647941642084
3.1165269449294365e+19,16.005891602988825,15437389.986294126,137783.1039541488,79.92104451541492,0.001884582637497788
3.303599120128346e+19,16.005891602988825,16364032.4235843,146053.6517202435,84.71837304998533,0.001997706309960306
3.50190046143172e+19,16.005891602988825,17346297.359713294,154820.64613609592,89.80366530184882,0.002117620326882538
3.712105009066372e+19,16.005891602988825,18387523.58238667,164113.88683324505,95.19420653756148,0.002244732284454371
3.934927263095861e+19,16.005891602988825,19491250.292875994,173964.96219140722,100.90831958647628,0.0023794742451729565
4.171124612056533e+19,16.005891602988825,20661229.136013273,184407.3567096037,106.96542712133069,0.002522304206453579
4.421499907374468e+19,16.005891602988825,21901436.952295776,195476.56482232956,113.38611767727834,0.0026737076573951028
4.6869041923142115e+19,16.005891602988825,23216089.295447946,207210.2115476452,120.19221563377502,0.0028341992289917287
4.9682395947343675e+19,16.005891602988825,24609654.761383384,219648.18037724448,127.4068553971712,0.003004324443399745
5.266462393484259e+19,16.005891602988825,26086870.177279755,232832.7488432758,135.0545600362021,0.0031846615682060786
5.582586268862678e+19,16.005891602988825,27652756.702385925,246808.7322226331,143.16132463761522,0.0033758235820003065
5.917685748188806e+19,16.005891602988825,29312636.89529685,261623.6358672472,151.75470466530572,0.003578460257932165
6.272899858196231e+19,16.005891602988825,31072152.805704977,277327.81667812145,160.86390962327846,0.003793260372336239
6.649435996665032e+19,16.005891602988825,32937285.152124576,293974.6542719852,170.51990234080935,0.004020954045931232
7.048574036451889e+19,16.005891602988825,34914373.65077517,311620.7324223709,180.75550421728315,0.004262315225551722
7.471670675868067e+19,16.005891602988825,37010138.56472361,330326.03139184613,191.6055067844416,0.0045181643148479635
7.920164050192541e+19,16.005891602988825,39231703.546531476,350154.13180915057,203.10678996525056,0.004789370962895678
8.395578619995103e+19,16.005891602988825,41586619.852052,371172.4307842318,215.2984474313559,0.005076857020194527
8.899530352885224e+19,16.005891602988825,44082892.00768057,393452.3709957691,228.221919485227,0.005381599672102884
9.433732216299774e+19,16.005891602988825,46729005.01830374,417069.6835298706,241.9211339186637,0.005704634760359699
1e+20,16.005891602988825,49533953.20842849,442104.6452953689,256.44265532645505,0.006047060303983538
1e+18,16.818444283397792,533533.7705070423,4531.876360744838,2.6946118451090815,6.35404445584915e-05
1.0600258488068824e+18,16.818444283397792,565559.5879488639,4803.906085986392,2.8563582083168333,6.73545136766816e-05
1.1236548001387516e+18,16.818444283397792,599507.7822663651,5092.264626386274,3.0278135342675574,7.13975255310992e-05
1.191103133283008e+18,16.818444283397792,635493.7457632354,5397.932132934372,3.2095606116909345,7.568322260381449e-05
1.2626001098748577e+18,16.818444283397792,673639.7972641387,5721.9475910157025,3.4022172117048193,8.022617228104868e-05
1.3383887531737592e+18,16.818444283397792,714075.5978850148,6065.412351994917,3.6064381876627856,8.50418163687458e-05
1.418726674116599e+18,16.818444283397792,756938.5917603449,6429.49387678716,3.8229177010467987,9.014652358035878e-05
1.5038869469554132e+18,16.818444283397792,802374.473225446,6815.429704139964,4.05239158097099,9.55576451752595e-05
1.5941590374560028e+18,16.818444283397792,850537.6820417785,7224.531657114603,4.295639825316637,0.00010129357393689132
1.689849786812462e+18,16.818444283397792,901591.9283485744,7658.190302065101,4.553489251999916,0.00010737380669113593
1.7912844546220096e+18,16.818444283397792,955710.7491251316,8117.879675271195,4.826816309384228,0.00011381901057739748
1.898807824465269e+18,16.818444283397792,1013078.0980552289,8605.162293291487,5.1165500553899195,0.0001206510932976653
2.0127853758499466e+18,16.818444283397792,1073888.9707986563,9121.694464067288,5.423675315427601,0.000127893277582336
2.133604526501402e+18,16.818444283397792,1138350.0677951856,9669.231916829887,5.749236029889031,0.00013557018012590885
2.2616759492228552e+18,16.818444283397792,1206680.496853964,10249.635769948201,6.0943388025742316,0.0001437078952608685
2.3974349678010685e+18,16.818444283397792,1279112.5179163336,10864.878857000724,6.460156662115468,0.00015233408365415265
2.541343036702629e+18,16.818444283397792,1355892.3325237702,11517.052432576145,6.847933049184387,0.00016147806632771182
2.693889309590164e+18,16.818444283397792,1437280.920674253,12208.373280594895,7.25898604303438,0.00017117092432272673
2.8555923019901005e+18,16.818444283397792,1523554.927911663,12941.191249313872,7.694712841744835,0.00018144560434625714
3.0270016537634555e+18,16.818444283397792,1615007.605663469,13717.997238626136,8.156594511395786,0.00019233703075941896
3.208699997370444e+18,16.818444283397792,1711949.8080229894,14541.431666805138,8.646201020315875,0.00020388222428774849
3.401304938279246e+18,16.818444283397792,1814711.0483643487,15414.293445472395,9.16519657551527,0.0002161204278572558
3.6054711542504986e+18,16.818444283397792,1923640.6193816462,16339.549493295239,9.715345279442504,0.00022909323998389415
3.821892620633115e+18,16.818444283397792,2039108.780359427,17320.344820752354,10.298517126292982,0.00024284475616984628
4.051304969235378e+18,16.818444283397792,2161508.0157100684,18360.013220245903,10.916694358250933,0.00025742171878724167
4.294487988789272e+18,16.818444283397792,2291254.369055945,19462.088597896745,11.57197820327025,0.0002728736759587725
4.5522682755073096e+18,16.818444283397792,2428788.857391006,20630.31698554025,12.266596017296289,0.00028925314997525195
4.825522042741279e+18,16.818444283397792,2574578.9701285996,21868.66927375234,13.00290885520562,0.00030661581582258087
5.115178099293145e+18,16.818444283397792,2729120.258130918,23181.354709186315,13.783419496197865,0.00032502069042494603
5.422221006501592e+18,16.818444283397792,2892938.018121284,24572.835202098646,14.610780950918477,0.0003445303332475024
5.747694424835359e+18,16.818444283397792,3066589.0782047147,26047.84049269626,15.487805479228786,0.0003652110589404018
6.092704661368687e+18,16.818444283397792,3250663.690565868,27611.384227856634,16.417474149275375,0.00038713316274695974
6.458424430196991e+18,16.818444283397792,3445787.5377777964,29268.781002866694,17.40294697035068,0.00041037115944213894
6.846096838574672e+18,16.818444283397792,3652623.8595410874,31025.664426106527,18.447573633987147,0.00043500403661351795
7.257039612324231e+18,16.818444283397792,3871875.7070823116,32888.00626808107,19.55490489979469,0.0004611155231456645
7.692649574879161e+18,16.818444283397792,4104288.332874675,34862.1367598887,20.72870466474273,0.0004887943738205126
8.154407395185187e+18,16.818444283397792,4350651.723803662,36954.76611012264,21.972962756911095,0.0005181346710011175
8.643882620598297e+18,16.818444283397792,4611803.286388102,39173.00731334256,23.291908497196697,0.0005492361444242343
9.162739011886769e+18,16.818444283397792,4888630.693183919,41524.400327644165,24.690025075073166,0.0005822045101887184
9.712740198471207e+18,16.818444283397792,5182074.90004566,44016.93770350779,26.172064787267644,0.0006171518300919915
1.0295755673125085e+19,16.818444283397792,5493133.344501698,46659.091751040134,27.74306519115188,0.0006541968925359789
1.0913767146512693e+19,16.818444283397792,5822863.3361148015,49459.84333795452,29.40836622775544,0.0006934656162972758
1.1568875283162786e+19,16.818444283397792,6172385.650351567,52428.712416170674,31.17362837260012,0.0007350914785339077
1.2263306841775593e+19,16.818444283397792,6542888.338177341,55575.79038080325,33.04485187605575,0.0007792159684836117
1.2999422244132422e+19,16.818444283397792,6935630.764325089,58911.774371524334,35.0283971586137,0.0008259890683957173
1.377972359833554e+19,16.818444283397792,7351947.887964828,62448.00363289462,37.13100643040408,0.0008755697633313764
1.460686320364986e+19,16.818444283397792,7793254.800323884,66196.49805725442,39.359826608442894,0.0009281265815649835
1.548365256585496e+19,16.818444283397792,8261051.534681637,70169.99904118426,41.722433609506396,0.0009838381674236519
1.6413071953751267e+19,16.818444283397792,8756928.165088302,74382.01279440946,44.22685810120582,0.0010428938885118644
1.7398280529303622e+19,16.818444283397792,9282570.211138621,78846.85624835828,46.88161279879224,0.001105494479385299
1.8442627085855328e+19,16.818444283397792,9839764.3671717,83579.70572042023,49.69572140047535,0.0011718527238617244
1.9549661430912594e+19,16.818444283397792,10430404.575370895,88596.64849931789,52.67874925960923,0.0012421941782881814
2.0723146452190294e+19,16.818444283397792,11056498.463406725,93914.73752693445,55.8408358980022,0.0013167579382228972
2.1967070907932353e+19,16.818444283397792,11720174.168504704,99552.04936246428,59.19272947086562,0.0013957974511379274
2.3285662984981967e+19,16.818444283397792,12423687.5711337,105527.74562591086,62.745823300550505,0.0014795813779049647
2.468340467068651e+19,16.818444283397792,13169429.962902512,111862.13812978294,66.51219460325271,0.0015683945059925667
2.6165046987488236e+19,16.818444283397792,13959936.174728524,118576.75792037587,70.50464554032149,0.0016625387174788214
2.773562614198418e+19,16.818444283397792,14797893.192906508,125694.42846331466,74.73674673370766,0.0017623340151697933
2.9400480643347137e+19,16.818444283397792,15686149.29236431,133239.3432221211,79.22288339346346,0.0018681196103116015
3.1165269449294365e+19,16.818444283397792,16627723.718149956,141237.14789350043,83.97830421408477,0.001980255075593338
3.303599120128346e+19,16.818444283397792,17625816.948058236,149715.02757887097,89.0191732058978,0.002099121567359965
3.50190046143172e+19,16.818444283397792,18683821.571280167,158701.7991884385,94.3626246376687,0.00222512312118958
3.712105009066372e+19,16.818444283397792,19805333.8200526,168228.00939190396,100.02682127719002,0.002358688025238805
3.934927263095861e+19,16.818444283397792,20994165.793504912,178326.03844874518,106.03101612780765,0.0025002702760243923
4.171124612056533e+19,16.818444283397792,22254358.415252462,189030.21027099987,112.39561787073555,0.002650351121589375
4.421499907374468e+19,16.818444283397792,23590195.168780383,200376.90909265843,119.14226023559948,0.002809440697299027
4.6869041923142115e+19,16.818444283397792,25006216.65730665,212404.70314224652,126.29387553501284,0.0029780797598270253
4.9682395947343675e+19,16.818444283397792,26507236.03761007,225154.47573893194,133.87477261311167,0.0031568415252252132
5.266462393484259e+19,16.818444283397792,28098355.380291995,238669.56425782994,141.9107194730421,0.0033463336173256706
5.582586268862678e+19,16.818444283397792,29784983.012071457,252995.90743677496,150.42903086420682,0.003547200133096649
5.917685748188806e+19,16.818444283397792,31572851.89906962,268182.20152533485,159.45866112702754,0.0037601238319736616
6.272899858196231e+19,16.818444283397792,33468039.133565255,284280.0658067914,169.0303026107864,0.003985828456606868
6.649435996665032e+19,16.818444283397792,35476986.59045947,301344.2180557205,179.17648999908303,0.004225081192913321
7.048574036451889e+19,16.818444283397792,37606522.823662184,319432.6605275614,189.9317108975159,0.0044786952777959394
7.471670675868067e+19,16.818444283397792,39863886.27682791,338606.877112369,201.3325230594827,0.004747532763393017
7.920164050192541e+19,16.818444283397792,42256749.88733554,358932.0423228867,213.4176786485594,0.005032507447254167
8.395578619995103e+19,16.818444283397792,44793247.16714299,380477.2428273058,226.22825595983363,0.005334587978402555
8.899530352885224e+19,16.818444283397792,47481999.84916723,403315.71227971715,239.80779904792328,0.0056548011498411595
9.433732216299774e+19,16.818444283397792,50332147.19316175,427525.0802464596,254.2024657362852,0.00599423538869451
1e+20,16.818444283397792,53353377.050704226,453187.6360744838,269.46118451090814,0.006354044455849151
1e+18,17.67224689069721,574673.0592522646,4645.484630761245,2.8314061038554224,6.676612918893962e-05
1.0600258488068824e+18,17.67224689069721,609168.2974203296,4924.333788842016,3.001363658556332,7.07738227650557e-05
1.1236548001387516e+18,17.67224689069721,645734.1415392284,5219.921104325669,3.1815230597393063,7.502208154983603e-05
1.191103133283008e+18,17.67224689069721,684494.8814887041,5533.251299317776,3.372496681898827,7.952534567412407e-05
1.2626001098748577e+18,17.67224689069721,725582.26775403,5865.389405221111,3.5749336578281987,8.429892204987411e-05
1.3383887531737592e+18,17.67224689069721,769135.9592551884,6217.464382852404,3.7895220850676306,8.935903639942305e-05
1.418726674116599e+18,17.67224689069721,815303.9980573766,6590.6729598596785,4.016991364796241,9.47228884078635e-05
1.5038869469554132e+18,17.67224689069721,864243.3125764156,6986.283698483824,4.2581146811180535,0.00010040871018598513
1.5941590374560028e+18,17.67224689069721,916120.2509894866,7405.641307491001,4.513711629169211,0.00010643582824250311
1.689849786812462e+18,17.67224689069721,971111.1466643045,7850.171212932459,4.784651000979589,0.00011282472917622292
1.7912844546220096e+18,17.67224689069721,1029402.9175286547,8321.384403268084,5.071853738558089,0.00011959712931143236
1.898807824465269e+18,17.67224689069721,1091193.701417593,8820.882565322603,5.376296064239398,0.00012677604851321755
2.0127853758499466e+18,17.67224689069721,1156693.529557908,9350.363528531921,5.699012798932468,0.00013438588843360592
2.133604526501402e+18,17.67224689069721,1226125.04047904,9911.627035984886,6.041100879549628,0.00014245251545449896
2.2616759492228552e+18,17.67224689069721,1299724.2367771678,10506.580861877124,6.403723087572598,0.0001510033486093308
2.3974349678010685e+18,17.67224689069721,1377741.2873045944,11137.247296169444,6.788112001428373,0.00016006745278228745
2.541343036702629e+18,17.67224689069721,1460441.37751134,11805.770018494173,7.195574186110298,0.00016967563750189987
2.693889309590164e+18,17.67224689069721,1548105.6108291503,12514.421384673129,7.627494634284459,0.00017986056166480026
2.8555923019901005e+18,17.67224689069721,1641031.9641618675,13265.610150615134,8.085341473977325,0.0001906568445456125
3.0270016537634555e+18,17.67224689069721,1739536.3007299092,14061.889659847006,8.570670958846307,0.0002021011834703048
3.208699997370444e+18,17.67224689069721,1843953.4437116066,14905.966522508044,9.085132757995552,0.0002142324785529853
3.401304938279246e+18,17.67224689069721,1954638.3143307692,15800.70981530856,9.630475563317447,0.00022709196492013044
3.6054711542504986e+18,17.67224689069721,2071967.1382589277,16749.160833723698,10.208553033419516,0.00024072335287168405
3.821892620633115e+18,17.67224689069721,2196338.724432887,17754.543429570957,10.821330094340599,0.0002551729764554456
4.051304969235378e+18,17.67224689069721,2328175.8206343967,18820.274969109607,11.470889618472853,0.00027048995095976233
4.294487988789272e+18,17.67224689069721,2467926.5504396358,19949.97794890933,12.159439504391742,0.000286726339859854
4.5522682755073096e+18,17.67224689069721,2616065.9364228165,21147.492308971203,12.889320181658794,0.0003039373317852324
4.825522042741279e+18,17.67224689069721,2773097.514791368,22416.888484954216,13.663012566106543,0.0003221814281097401
5.115178099293145e+18,17.67224689069721,2939555.046940976,23762.481243872822,14.483146492646188,0.0003415206418018408
5.422221006501592e+18,17.67224689069721,3116004.333748163,25188.844350293915,15.352509654261699,0.00036202070821106754
5.747694424835359e+18,17.67224689069721,3303045.138767321,26700.82611288475,16.274057077574614,0.00038375130850710554
6.092704661368687e+18,17.67224689069721,3501313.226869276,28303.565864155626,17.25092116718768,0.0004067863065309963
6.458424430196991e+18,17.67224689069721,3711482.5252508684,30002.511429413073,18.286422352948737,0.00043120399986353605
6.846096838574672e+18,17.67224689069721,3934267.4141609636,31803.437644301783,19.384080376325635,0.00045708738596426766
7.257039612324231e+18,17.67224689069721,4170425.155129234,33712.46598387776,20.547626254255416,0.00048452444428569196
7.692649574879161e+18,17.67224689069721,4420758.464951441,35736.085369933164,21.781014961133675,0.0005136084353216235
8.154407395185187e+18,17.67224689069721,4686118.244180361,37881.17422729862,23.08843887205113,0.0005444382176061788
8.643882620598297e+18,17.67224689069721,4967406.469396705,40155.02386409362,24.47434201297182,0.0005771185837408958
9.162739011886769e+18,17.67224689069721,5265579.259091041,42565.36325539646,25.9434351662904,0.0006117606165921691
9.712740198471207e+18,17.67224689069721,5581650.123577896,45120.385314574916,27.5007118831133,0.0006484820668697357
1.0295755673125085e+19,17.67224689069721,5916693.409988652,47828.77474157548,29.151465456690456,0.0006874077533696274
1.0913767146512693e+19,17.67224689069721,6271847.954053307,50699.737542831725,30.90130691469281,0.0007286699872420713
1.1568875283162786e+19,17.67224689069721,6648320.951083067,53743.03232312637,32.75618409148924,0.000772409021726377
1.2263306841775593e+19,17.67224689069721,7047392.059312407,56969.00345577774,34.722401845255376,0.0008187735288815965
1.2999422244132422e+19,17.67224689069721,7470417.749547517,60388.61624389301,36.80664348863049,0.0008679211049333207
1.377972359833554e+19,17.67224689069721,7918835.915906108,64013.494192205784,39.015993505767845,0.0009200188059543506
1.460686320364986e+19,17.67224689069721,8394170.7633208,67855.95851618738,41.357961632995384,0.0009752437157000551
1.548365256585496e+19,17.67224689069721,8898037.988419047,71929.07002272614,43.8405083849384,0.0010337835475285287
1.6413071953751267e+19,17.67224689069721,9432150.271389782,76246.67350472994,46.472072112869576,0.0010958372824515187
1.7398280529303622e+19,17.67224689069721,9998323.097504022,80823.44480055259,49.26159768725922,0.0011616158454848984
1.8442627085855328e+19,17.67224689069721,10598480.928077158,85674.94067820197,52.218566902020115,0.001231342822597654
1.9549661430912594e+19,17.67224689069721,11234663.741848545,90817.65171389034,55.353030703792854,0.0013052552206963407
2.0723146452190294e+19,17.67224689069721,11909033.96901291,96269.05834466443,58.67564335582144,0.001383604273228253
2.1967070907932353e+19,17.67224689069721,12623883.841472905,102047.69028564221,62.19769865254454,0.0014666562941416088
2.3285662984981967e+19,17.67224689069721,13381643.184296807,108173.18951381974,65.93116830799822,0.0015546935831054157
2.468340467068651e+19,17.67224689069721,14184887.674865054,114666.37703253452,69.88874264851523,0.0016480153850659315
2.6165046987488236e+19,17.67224689069721,15036347.597779116,121549.32364352242,74.08387374803813,0.0017469389074013153
2.773562614198418e+19,17.67224689069721,15938917.125291133,128845.42496712731,78.53082115266602,0.0018518003981318467
2.9400480643347137e+19,17.67224689069721,16895664.154799286,136579.4809656626,83.24470034985627,0.0019629562888506336
3.1165269449294365e+19,17.67224689069721,17909840.736847132,144777.78024022994,88.24153414703098,0.002080784406259701
3.303599120128346e+19,17.67224689069721,18984894.12907246,153468.18938752604,93.53830713422802,0.0022056852564295644
3.50190046143172e+19,17.67224689069721,20124478.513678834,162680.24772036765,99.15302341591891,0.0023380833861475748
3.712105009066372e+19,17.67224689069721,21332467.41825828,172445.26767389663,105.10476780822813,0.002478428825982353
3.934927263095861e+19,17.67224689069721,22612966.882184394,182796.44123875233,111.41377070956733,0.002627198619969389
4.171124612056533e+19,17.67224689069721,23970329.413329434,193768.95278298584,118.10147686518448,0.0027848984471173215
4.421499907374468e+19,17.67224689069721,25409168.782544903,205400.0986462036,125.19061825936254,0.0029520643402464832
4.6869041923142115e+19,17.67224689069721,26934375.70619472,217729.41391246114,132.70529138304025,0.0031292645080023334
4.9682395947343675e+19,17.67224689069721,28551134.470042307,230798.80679277983,140.6710391394708,0.0033171012662363986
5.266462393484259e+19,17.67224689069721,30264940.551006034,244652.70107413208,149.1149376663637,0.0035162130853206223
5.582586268862678e+19,17.67224689069721,32081619.29667001,259338.18711900333,158.06568836957254,0.00372727676035286
5.917685748188806e+19,17.67224689069721,34007345.726051874,274905.1819288596,167.55371548120027,0.003951009711631206
6.272899858196231e+19,17.67224689069721,36048665.51892725,291406.5988155498,177.6112694737062,0.004188172423216106
6.649435996665032e+19,17.67224689069721,38212517.265056245,308898.52725737984,188.27253668153332,0.00443957102786923
7.048574036451889e+19,17.67224689069721,40506256.04893891,327440.4235512,199.5737555028673,0.004706060047155525
7.471670675868067e+19,17.67224689069721,42937678.450265385,347095.3129085459,211.55333957650416,0.0049885452960221925
7.920164050192541e+19,17.67224689069721,45515049.04503954,367930.0036827718,224.25200835251442,0.005287986961727505
8.395578619995103e+19,17.67224689069721,48247128.49745493,390015.3144553496,237.7129255005222,0.0056054028675849256
8.899530352885224e+19,17.67224689069721,51143203.33800938,413426.3147532151,251.98184562605826,0.005941871932616243
9.433732216299774e+19,17.67224689069721,54213117.52907637,438242.58021537814,267.1072697936872,0.006298537838873324
1e+20,17.67224689069721,57467305.92522645,464548.4630761245,283.1406103855422,0.006676612918893961
1e+18,18.56939351245764,618984.4828688267,4761.940912944956,2.975144839321082,7.015556843910135e-05
1.0600258488068824e+18,18.56939351245764,656139.5518513173,5047.780458212698,3.153730433624746,7.436671598318774e-05
1.1236548001387516e+18,18.56939351245764,695524.88538696,5350.777764807709,3.343035779811169,7.883064123305895e-05
1.191103133283008e+18,18.56939351245764,737274.356998622,5671.962741917285,3.543704340086112,8.356251738506412e-05
1.2626001098748577e+18,18.56939351245764,781529.8760810127,6012.427119901882,3.756418201020414,8.857842841954247e-05
1.3383887531737592e+18,18.56939351245764,828441.8702607132,6373.328161163512,3.9819003920102864,9.389542377140517e-05
1.418726674116599e+18,18.56939351245764,878169.7967102736,6755.892593762159,4.220917342905162,9.95315762823657e-05
1.5038869469554132e+18,18.56939351245764,930882.6841543753,7161.420781150864,4.474281489156736,0.00010550604363180168
1.5941590374560028e+18,18.56939351245764,986759.7074103706,7591.29114220269,4.7428540333442895,0.00011183913345505652
1.689849786812462e+18,18.56939351245764,1045990.7964161091,8046.964836553576,5.027547872462928,0.00011855237237052253
1.7912844546220096e+18,18.56939351245764,1108777.281815173,8529.99073118684,5.329330700924751,0.00012566857915013272
1.898807824465269e+18,18.56939351245764,1175332.5792939167,9042.01066514117,5.649228299820336,0.0001332119422819743
2.0127853758499466e+18,18.56939351245764,1245882.9149964163,9584.765030237151,5.988328023620913,0.00014120810218866327
2.133604526501402e+18,18.56939351245764,1320668.0944830584,10160.098686791578,6.347782496172747,0.00014968423838094554
2.2616759492228552e+18,18.56939351245764,1399942.3178465718,10769.967234427933,6.728813528546987,0.00015866916184277354
2.3974349678010685e+18,18.56939351245764,1483975.0437559867,11416.443659296781,7.132716272061253,0.0001681934129618626
2.541343036702629e+18,18.56939351245764,1573051.9053656708,12101.725380302023,7.560863620590394,0.00017828936533862493
2.693889309590164e+18,18.56939351245764,1667475.6812025283,12828.141718282443,8.014710877129408,0.00018899133582631623
2.8555923019901005e+18,18.56939351245764,1767567.324331545,13598.161813537328,8.495800700470857,0.0002003357011764375
3.0270016537634555e+18,18.56939351245764,1873667.053297856,14414.403018608242,9.005768348810724,0.00021236102168587504
3.208699997370444e+18,18.56939351245764,1986135.5085535499,15279.63979484469,9.546347238106245,0.00022510817226606647
3.401304938279246e+18,18.56939351245764,2105354.9782999656,16196.813142993658,10.119374834078808,0.000238620481379703
3.6054711542504986e+18,18.56939351245764,2231730.6979122167,17169.040599868324,10.726798897889397,0.0002529438783172266
3.821892620633115e+18,18.56939351245764,2365692.227362774,18199.626835075247,11.370684106715938,0.0002681270493137229
4.051304969235378e+18,18.56939351245764,2507694.911326069,19292.074883819154,12.053219071736489,0.0002842216030368639
4.294487988789272e+18,18.56939351245764,2658221.4269271153,20450.098053966336,12.776723777372775,0.00030128224600840445
4.5522682755073096e+18,18.56939351245764,2817783.4243950583,21677.63254783964,13.543657467080653,0.0003193669685555029
4.825522042741279e+18,18.56939351245764,2986923.2661983347,22978.850841647414,14.356627002491841,0.0003385372419239279
5.115178099293145e+18,18.56939351245764,3166215.870572916,24358.175868024045,15.21839572432022,0.00035885822722315255
5.422221006501592e+18,18.56939351245764,3356270.665709878,25820.29604988951,16.131892845151572,0.0003803989969135554
5.747694424835359e+18,18.56939351245764,3557733.6612447537,27370.181236729124,17.100223406043472,0.0004032327695885783
6.092704661368687e+18,18.56939351245764,3771289.644089787,29013.09959746199,18.12667883077855,0.0004274371588498827
6.458424430196991e+18,18.56939351245764,3997664.506072882,30754.635527318267,19.214748113645776,0.0004530944371214491
6.846096838574672e+18,18.56939351245764,4237627.711295053,32600.708629591853,20.36812967877781,0.0004802918152993408
7.257039612324231e+18,18.56939351245764,4491994.911593105,34557.59383678896,21.5907439513551,0.0005091217391876821
7.692649574879161e+18,18.56939351245764,4761630.718997678,36631.942739565704,22.88674668340725,0.0005396822037284589
8.154407395185187e+18,18.56939351245764,5047451.64461044,38830.80619595325,24.260543079506874,0.0005720770860932285
8.643882620598297e+18,18.56939351245764,5350429.213889876,41161.6582977209,25.71680277037021,0.0006064164987689425
9.162739011886769e+18,18.56939351245764,5671593.268934757,43632.42177534045,27.26047568526087,0.0006428171638380462
9.712740198471207e+18,18.56939351245764,6012035.4689899655,46251.49492790515,28.896808877148032,0.0006814028097250575
1.0295755673125085e+19,18.56939351245764,6372913.001073121,49027.78016953948,30.631364357808852,0.0007223045917581929
1.0913767146512693e+19,18.56939351245764,6755452.513334951,51970.71428933333,32.47003800349921,0.0007656615379755871
1.1568875283162786e+19,18.56939351245764,7160954.284522468,55090.300527650536,34.41907959545098,0.0008116210216913548
1.2263306841775593e+19,18.56939351245764,7590796.643718211,58397.142577849,36.48511406331958,0.0008603392624278876
1.2999422244132422e+19,18.56939351245764,8046440.65537783,61902.48062898092,38.67516400378625,0.0009119818569170085
1.377972359833554e+19,18.56939351245764,8529435.085591093,65618.2295719871,40.99667355085891,0.0009667243419749288
1.460686320364986e+19,18.56939351245764,9041421.666446902,69557.0194992505,43.45753367900788,0.0010247527911642488
1.548365256585496e+19,18.56939351245764,9584140.676396316,73732.23863516988,46.06610902514401,0.0010862644472711047
1.6413071953751267e+19,18.56939351245764,10159436.855581572,78158.07884367758,48.83126632060867,0.0011514683927472918
1.7398280529303622e+19,18.56939351245764,10769265.676237779,82849.58386738454,51.76240452981813,0.0012205862603962446
1.8442627085855328e+19,18.56939351245764,11415699.989480777,87822.7004623213,54.86948679800568,0.0012938529867185476
1.9549661430912594e+19,18.56939351245764,12100937.07107408,93094.33260208472,58.163074316654,0.0013715176104776483
2.0723146452190294e+19,18.56939351245764,12827306.090123972,98682.39893563506,61.65436222172894,0.0014538441192001564
2.1967070907932353e+19,18.56939351245764,13597276.026089357,104605.89369404598,65.35521764673523,0.0015411123464880406
2.3285662984981967e+19,18.56939351245764,14413464.061016843,110884.95125323361,69.27822005993904,0.0016336189231927515
2.468340467068651e+19,18.56939351245764,15278644.475526873,117540.91457211871,73.43670402286686,0.0017316782856843815
2.6165046987488236e+19,18.56939351245764,16195758.078788958,124596.4077388474,77.84480451541924,0.0018356237446430334
2.773562614198418e+19,18.56939351245764,17167922.204539187,132075.41287166014,82.51750498166311,0.0019458086180052993
2.9400480643347137e+19,18.56939351245764,18198441.307117183,140003.35163580097,87.4706882596136,0.0020626074319168145
3.1165269449294365e+19,18.56939351245764,19290818.193539117,148407.17165354834,92.7211905681191,0.002186417193773005
3.303599120128346e+19,18.56939351245764,20448765.929785557,157315.4381010813,98.28685873435516,0.002317658741675192
3.50190046143172e+19,18.56939351245764,21676220.461774193,166758.4308035253,104.18661085644698,0.0024567781748889364
3.712105009066372e+19,18.56939351245764,22977353.9939173,176768.24715821067,110.44050060741756,0.002604248370166868
3.934927263095861e+19,18.56939351245764,24356589.1707384,187378.91123598703,117.06978539903481,0.002760570589090075
4.171124612056533e+19,18.56939351245764,25818614.10975249,198626.48943143664,124.09699863725146,0.002926276181891522
4.421499907374468e+19,18.56939351245764,27368398.33670751,210549.21305508816,131.54602631483792,0.003101928393552898
4.6869041923142115e+19,18.56939351245764,29011209.677353486,223187.6082843428,139.44218820155973,0.0032881242783141078
4.9682395947343675e+19,18.56939351245764,30752632.16315082,236584.63391478654,147.81232390784618,0.0034854967291024007
5.266462393484259e+19,18.56939351245764,32598585.011789776,250785.8273801871,156.68488411453245,0.003694716628780384
5.582586268862678e+19,18.56939351245764,34555342.74702578,265839.45953741914,166.0900272787153,0.00391649513052383
5.917685748188806e+19,18.56939351245764,36629556.52622875,281796.6987425156,176.05972214447843,0.004151586075081545
6.272899858196231e+19,18.56939351245764,38828276.748135306,298711.78477551247,186.62785640690464,0.004400788553133149
6.649435996665032e+19,18.56939351245764,41158977.01765067,316642.2132052814,197.83035189873806,0.004664949621454578
7.048574036451889e+19,18.56939351245764,43629579.549158126,335648.93082101824,209.70528669122407,0.004944967182123734
7.471670675868067e+19,18.56939351245764,46248482.09468374,355796.5427946724,222.2930245241554,0.005241793034552888
7.920164050192541e+19,18.56939351245764,49024586.48844703,377153.5322784769,235.63635200506698,0.0055564361107219296
8.395578619995103e+19,18.56939351245764,51967328.904822476,399792.49318400637,249.7806240439284,0.005889965904609225
8.899530352885224e+19,18.56939351245764,55086711.93256088,423790.37693399616,264.77391801767806,0.006243516107476992
9.433732216299774e+19,18.56939351245764,58393338.57429306,449228.75402564794,280.6671971886131,0.006618288461367742
1e+20,18.56939351245764,61898448.28688268,476194.0912944956,297.51448393210825,0.007015556843910136
1e+18,19.512084544383583,666712.6357566047,4881.3166032718445,3.126180593764391,7.371707545131688e-05
1.0600258488068824e+18,19.512084544383583,706732.6276281688,5174.321775678366,3.3138322374287026,7.814200547684318e-05
1.1236548001387516e+18,19.512084544383583,749154.853481068,5484.9148322633955,3.512747830283971,8.283254568306275e-05
1.191103133283008e+18,19.512084544383583,794123.509449065,5814.151500703465,3.723603500441301,8.780463954652346e-05
1.2626001098748577e+18,19.512084544383583,841791.4471612453,6163.150879624999,3.9471159611755686,9.307518756448587e-05
1.3383887531737592e+18,19.512084544383583,892320.693295473,6533.099242499375,4.184044947084327,9.866210470090395e-05
1.418726674116599e+18,19.512084544383583,945883.0003184797,6925.2540698699995,4.43519579647921,0.0001045843812806492
1.5038869469554132e+18,19.512084544383583,1002660.430284597,7340.948323617264,4.701422188787592,0.0001108621475389628
1.5941590374560028e+18,19.512084544383583,1062845.9736775039,7781.59497778985,4.983629046269078,0.00011751674204554287
1.689849786812462e+18,19.512084544383583,1126644.2053984732,8248.69182140306,5.282775609910012,0.000124570784235846
1.7912844546220096e+18,19.512084544383583,1194271.9801308725,8743.826549529167,5.599878699951158,0.0001320482512961417
1.898807824465269e+18,19.512084544383583,1265959.1694445042,9268.68215998481,5.936016172131307,0.0001399745596636571
2.0127853758499466e+18,19.512084544383583,1341949.4431452663,9825.042673959106,6.292330581394871,0.00014837665141883774
2.133604526501402e+18,19.512084544383583,1422501.0975259726,10414.799200027259,6.670033065516546,0.0001572830858633751
2.2616759492228552e+18,19.512084544383583,1507887.933333691,11039.956362162133,7.070407461844149,0.00016672413659528997
2.3974349678010685e+18,19.512084544383583,1598400.1864377013,11702.639113591858,7.494814671151858,0.00017673189441101683
2.541343036702629e+18,19.512084544383583,1694345.514361704,12405.099959665833,7.9446972834380265,0.00018734037638428648
2.693889309590164e+18,19.512084544383583,1796050.0420333983,13149.726614278994,8.421584481390123,0.00019858564149255402
2.8555923019901005e+18,19.512084544383583,1903859.4703060903,13939.050115879547,8.927097238184437,0.0002105059131840039
3.0270016537634555e+18,19.512084544383583,2018140.2510202352,14775.75343064689,9.462953827288034,0.00022314170930174166
3.208699997370444e+18,19.512084544383583,2139280.832599059,15662.680572082674,10.030975662991336,0.0002365359798067973
3.401304938279246e+18,19.512084544383583,2267692.980412112,16602.846268013,10.633093491523569,0.0002507342527680679
3.6054711542504986e+18,19.512084544383583,2403813.1763947583,17599.446207860663,11.27135395379521,0.0002657847891154306
3.821892620633115e+18,19.512084544383583,2548104.102681022,18655.867905018567,11.947926542074578,0.00028173874668204255
4.051304969235378e+18,19.512084544383583,2701056.2142927498,19775.702211246386,12.665110974244884,0.00029865035409341943
4.294487988789272e+18,19.512084544383583,2863189.4062307766,20962.75552222859,13.425345010707295,0.0003165770950943529
4.5522682755073096e+18,19.512084544383583,3035054.7806346524,22221.062715781518,14.231212740500244,0.00033557990394020857
4.825522042741279e+18,19.512084544383583,3217236.5200176337,23554.900866687272,15.085453364800086,0.00035572337251675156
5.115178099293145e+18,19.512084544383583,3410353.8729441925,24968.80378477215,15.990970507658854,0.00037707596989251644
5.422221006501592e+18,19.512084544383583,3615063.2588995076,26467.5774256456,16.950842085626906,0.0003997102750499933
5.747694424835359e+18,19.512084544383583,3832060.4995055245,28056.316226481853,17.968330769808084,0.00042370322358670155
6.092704661368687e+18,19.512084544383583,4062083.1836676695,29740.420422370735,19.046895075908633,0.0004491363692247055
6.458424430196991e+18,19.512084544383583,4305913.174691484,31525.61440209708,20.19020111997568,0.0004760961610174598
6.846096838574672e+18,19.512084544383583,4564379.267891079,33417.96616574144,21.402135079783893,0.0005046742371962312
7.257039612324231e+18,19.512084544383583,4838360.007722777,35423.90795023974,22.686816404227475,0.0005349677366549008
7.692649574879161e+18,19.512084544383583,5128786.674019611,37550.258093009754,24.04861181561713,0.0005670796291319079
8.154407395185187e+18,19.512084544383583,5436646.447477066,39804.24420796017,25.49215015247677,0.0006011190652116428
8.643882620598297e+18,19.512084544383583,5762985.765149798,42193.527752659415,27.022338103291688,0.0006372017473349714
9.162739011886769e+18,19.512084544383583,6108913.877364897,44726.23007016955,28.64437688468833,0.0006754503230799817
9.712740198471207e+18,19.512084544383583,6475606.618141867,47410.95999406338,30.36377992073599,0.0007159948020497405
1.0295755673125085e+19,19.512084544383583,6864310.401935241,50256.84311045577,32.186391583463276,0.0007589729977840857
1.0913767146512693e+19,19.512084544383583,7276346.460285316,53273.55277651519,34.11840705829136,0.0008045309961975796
1.1568875283162786e+19,19.512084544383583,7713115.332776899,56471.34300088378,36.16639340190403,0.0008528236521357861
1.2263306841775593e+19,19.512084544383583,8176101.627572211,59861.08329777642,38.33731186413695,0.0009040151157378221
1.2999422244132422e+19,19.512084544383583,8666879.067698564,63454.29563322494,40.63854154975593,0.0009582793903942367
1.377972359833554e+19,19.512084544383583,9187115.840243774,67263.19358905211,43.07790450055379,0.0010158009241967927
1.460686320364986e+19,19.512084544383583,9738580.266641563,71300.72387769664,45.66369228302136,0.0010767752368905212
1.548365256585496e+19,19.512084544383583,10323146.813320678,75580.61034900052,48.404694171966,0.0011414095844591062
1.6413071953751267e+19,19.512084544383583,10942802.463148315,80117.40063854153,51.31022702587582,0.0012099236636025754
1.7398280529303622e+19,19.512084544383583,11599653.469324835,84926.51561607103,54.39016695557785,0.0012825503585018527
1.8442627085855328e+19,19.512084544383583,12295932.514686758,90024.30180213666,57.65498289383446,0.0013595365324084977
1.9549661430912594e+19,19.512084544383583,13034006.300752975,95428.08693105687,61.115772179983146,0.001441143866750283
2.0723146452190294e+19,19.512084544383583,13816383.592309922,101156.23884911051,64.78429828057469,0.0015276497506048017
2.1967070907932353e+19,19.512084544383583,14645723.744879812,107228.22794814012,68.67303077422446,0.0016193482235644775
2.3285662984981967e+19,19.512084544383583,15524845.744057335,113664.6933467851,72.79518773658843,0.0017165509751978522
2.468340467068651e+19,19.512084544383583,16456737.787440294,120487.51304429989,77.16478066953351,0.0018195884045043853
2.6165046987488236e+19,19.512084544383583,17444567.441723697,127719.8782854143,81.79666212721918,0.001928810742963922
2.773562614198418e+19,19.512084544383583,18491692.409482066,135386.372389008,86.70657620097528,0.002044589244998165
2.9400480643347137e+19,19.512084544383583,19601671.94223701,143513.0543085429,91.91121203457746,0.002167317449890603
3.1165269449294365e+19,19.512084544383583,20778278.938603837,152127.54720828138,97.4282605518223,0.002297412519454254
3.303599120128346e+19,19.512084544383583,22025512.7686397,161259.13235636754,103.27647458922354,0.0024353166559940537
3.50190046143172e+19,19.512084544383583,23347612.867984124,170938.8486539199,109.4757326382241,0.002581498605383635
3.712105009066372e+19,19.512084544383583,24749073.147999365,181199.59813844267,116.04710641358884,0.002736455250365571
3.934927263095861e+19,19.512084544383583,26234657.27089165,192076.25782016868,123.01293247764711,0.0029007132994908146
4.171124612056533e+19,19.512084544383583,27809414.841734573,203605.79823147392,130.3968881638416,0.003074831077438163
4.421499907374468e+19,19.512084544383583,29478698.572432157,215827.40909231917,138.22407205765117,0.003259400422799143
4.6869041923142115e+19,19.512084544383583,31248182.47596489,228782.6325188778,146.52108930845657,0.0034550486997792017
4.9682395947343675e+19,19.512084544383583,33123881.15275676,242515.50422809453,155.31614206230444,0.0036624409306525336
5.266462393484259e+19,19.512084544383583,35112170.23472928,257072.703218215,164.6391253230046,0.0038822820562200207
5.582586268862678e+19,19.512084544383583,37219808.05652066,272503.7104339681,174.52172856734066,0.004115319331952356
5.917685748188806e+19,19.512084544383583,39453958.627542555,288860.97695579194,184.9975434598396,0.004362344867964168
6.272899858196231e+19,19.512084544383583,41822215.98295242,306200.1022847487,196.1021780332046,0.004624198321452066
6.649435996665032e+19,19.512084544383583,44332629.99631389,324580.02332914487,207.87337772252607,0.004901769750748587
7.048574036451889e+19,19.512084544383583,46993733.7416841,344063.21473523456,220.3511536646744,0.005196002640693171
7.471670675868067e+19,19.512084544383583,49814572.498133324,364715.9012429417,233.57791869897227,0.005507897109603582
7.920164050192541e+19,19.512084544383583,52804734.49528576,386608.28278841637,247.59863153142305,0.005838513308748511
8.395578619995103e+19,19.512084544383583,55974383.504387334,409814.7731185622,262.4609495525192,0.006188975025876418
8.899530352885224e+19,19.512084544383583,59334293.385680154,434414.2527286039,278.21539082806953,0.006560473505049249
9.433732216299774e+19,19.512084544383583,62895884.709512204,460490.3369824459,294.915505813663,0.006954271495764894
1e+20,19.512084544383583,66671263.575660475,488131.6603271845,312.61805937643913,0.007371707545131689
1e+18,20.502632087136195,718120.9723018492,5003.684887522419,3.284883806550827,7.74593853916574e-05
1.0600258488068824e+18,20.502632087136195,761226.7932102914,5304.035320058122,3.4820617452710234,8.210895074785106e-05
1.1236548001387516e+18,20.502632087136195,806920.0776072803,5622.414542246295,3.691075457128891,8.703761021113332e-05
1.191103133283008e+18,20.502632087136195,855356.1401849728,5959.9047474887875,3.9126353944533037,9.226211664217916e-05
1.2626001098748577e+18,20.502632087136195,906699.6185317545,6317.653088764971,4.147494655077215,9.780022850634556e-05
1.3383887531737592e+18,20.502632087136195,961125.0327469998,6696.875577885512,4.396451542170233,0.00010367077023594603
1.418726674116599e+18,20.502632087136195,1018817.3786471809,7098.86121880217,4.660352277727328,0.00010989369621582196
1.5038869469554132e+18,20.502632087136195,1079972.7565796808,7524.97638902303,4.940093878936999,0.00011649015860970236
1.5941590374560028e+18,20.502632087136195,1144799.037981685,7976.669484025887,5.236627207205877,0.0001234825792578981
1.689849786812462e+18,20.502632087136195,1213516.5719498377,8455.475840456498,5.550960200203623,0.00013089472589071656
1.7912844546220096e+18,20.502632087136195,1286358.934222345,8963.022954845987,5.884161297914068,0.00013875179291665107
1.898807824465269e+18,20.502632087136195,1363573.721119358,9501.036015586187,6.237363074337966,0.00014708048705994978
2.0127853758499466e+18,20.502632087136195,1445423.3911403068,10071.343766966509,6.61176608719181,0.000155909118138653
2.133604526501402e+18,20.502632087136195,1532186.1570788135,10675.88472520449,7.008642958687999,0.00016526769529165677
2.2616759492228552e+18,20.502632087136195,1624156.9316876244,11316.713767599322,7.429342701267626,0.00017518802898189566
2.3974349678010685e+18,20.502632087136195,1721648.330107756,11996.009117204003,7.875295302988432,0.00018570383912233868
2.541343036702629e+18,20.502632087136195,1824991.7324694258,12716.079746759275,8.348016588155168,0.00019685086969235382
2.693889309590164e+18,20.502632087136195,1934538.4102764458,13479.373227054504,8.849113369713116,0.00020866701023401033
2.8555923019901005e+18,20.502632087136195,2050660.7204028068,14288.48404639322,9.38028891091848,0.0002211924246413013
3.0270016537634555e+18,20.502632087136195,2173753.3707599184,15146.16242944157,9.943348714850147,0.00023446968768004776
3.208699997370444e+18,20.502632087136195,2304234.761936604,16055.323685435715,10.540206661441852,0.00024854392970252725
3.401304938279246e+18,20.502632087136195,2442548.4093721732,17019.058117523233,11.172891512894854,0.00026346299004871955
3.6054711542504986e+18,20.502632087136195,2589164.450896639,18040.64152692123,11.84355380958358,0.00027927757965559314
3.821892620633115e+18,20.502632087136195,2744581.244762315,19123.54634759537,12.554473179893822,0.00029604145342715187
4.051304969235378e+18,20.502632087136195,2909327.063598623,20271.453449307537,13.308066088840189,0.00031381159295113984
4.294487988789272e+18,20.502632087136195,3083961.890047965,21488.264649151424,14.106894051800907,0.0003326484001834718
4.5522682755073096e+18,20.502632087136195,3269079.3201861717,22778.115974103664,14.953672341289018,0.0003526159027587362
4.825522042741279e+18,20.502632087136195,3465308.5811973726,24145.391719670846,15.851279216354893,0.00037378197162463454
5.115178099293145e+18,20.502632087136195,3673316.6701615183,25594.73935241876,16.80276570599149,0.0003962185517401133
5.422221006501592e+18,20.502632087136195,3893810.6212244346,27131.085307038615,17.811365979796804,0.0004200019066213472
5.747694424835359e+18,20.502632087136195,4127539.9088566857,28759.651731645543,18.88050834114414,0.00044521287756680265
6.092704661368687e+18,20.502632087136195,4375298.995370091,30485.974238227893,20.013826880226738,0.0004719371584425045
6.458424430196991e+18,20.502632087136195,4637930.031351079,32315.92071858227,21.215173826586344,0.0005002655869615239
6.846096838574672e+18,20.502632087136195,4916325.71818986,34255.71128969109,22.488632643112748,0.0005302944534477627
7.257039612324231e+18,20.502632087136195,5211432.3424353115,36311.9394363383,23.838531906021753,0.0005621258281335465
7.692649574879161e+18,20.502632087136195,5524252.992289631,38491.59442282862,25.269460017990657,0.0005958679081035342
8.154407395185187e+18,20.502632087136195,5855850.967175776,40802.08504998917,26.786280804462127,0.0006316353850642304
8.643882620598297e+18,20.502632087136195,6207353.391967105,43251.264838205374,28.394150046129468,0.0006695498351891729
9.162739011886769e+18,20.502632087136195,6579955.048164212,45847.45872208993,30.098533003798373,0.0007097401323649113
9.712740198471207e+18,20.502632087136195,6974922.4350414,48599.49134752188,31.90522299519333,0.0007523428862424241
1.0295755673125085e+19,20.502632087136195,7393598.074566865,51516.717067239195,33.820361086852394,0.0007975029065829388
1.0913767146512693e+19,20.502632087136195,7837405.074729674,54609.05173694423,35.85045696804597,0.0008453736954765356
1.1568875283162786e+19,20.502632087136195,8307851.966783691,57887.00641999327,38.00241107766754,0.0008961179691065256
1.2263306841775593e+19,20.502632087136195,8806537.832851809,61361.72311524282,40.28353805931261,0.0009499082108332446
1.2999422244132422e+19,20.502632087136195,9335157.741318662,65045.01262948816,42.7015916242672,0.001006927257477137
1.377972359833554e+19,20.502632087136195,9895508.508487454,68949.39472322758,45.264790906918705,0.0010673689207939885
1.460686320364986e+19,20.502632087136195,10489494.806085141,73088.14066621009,47.98184840217255,0.0011314386462547338
1.548365256585496e+19,20.502632087136195,11119135.635375785,77475.31834741618,50.86199957983611,0.0011993542113690838
1.6413071953751267e+19,20.502632087136195,11786571.189888071,82125.84009280326,53.915034276631076,0.0012713464659266224
1.7398280529303622e+19,20.502632087136195,12494070.130083848,87055.51335335207,57.151329972538015,0.001347660116671498
1.8442627085855328e+19,20.502632087136195,13244037.294694846,92281.09443570592,60.581887064581835,0.0014285545590778871
1.9549661430912594e+19,20.502632087136195,14039021.87493891,97820.34545803725,64.21836625795605,0.0015143047590534789
2.0723146452190294e+19,20.502632087136195,14881726.079400511,103692.0947247384,68.07312820158111,0.0016052021875679655
2.1967070907932353e+19,20.502632087136195,15775014.319028048,109916.30072515449,72.15927550282075,0.001701555811383397
2.3285662984981967e+19,20.502632087136195,16721922.943468433,116514.11997389444,76.49069726416725,0.0018036931432539693
2.468340467068651e+19,20.502632087136195,17725670.561833404,123507.97892331438,81.08211629327917,0.0019119613551649426
2.6165046987488236e+19,20.502632087136195,18789668.98297862,130921.65019260887,85.94913914684159,0.0020267284583946753
2.773562614198418e+19,20.502632087136195,19917534.812482264,138780.33337261796,91.1083091783516,0.0021483845544108798
2.9400480643347137e+19,20.502632087136195,21113101.745742142,147110.74068101146,96.57716277014204,0.0022773431608529887
3.1165269449294365e+19,20.502632087136195,22380433.59897639,155941.18775899833,102.37428894078025,0.0024140426171077377
3.303599120128346e+19,20.502632087136195,23723838.122421015,165301.68991818564,108.51939253045164,0.002558947574255618
3.50190046143172e+19,20.502632087136195,25147881.64267641,175224.0641647368,115.03336117909924,0.002712550574452624
3.712105009066372e+19,20.502632087136195,26657404.583973084,185742.03734761677,121.93833632498335,0.0028753737251157397
3.934927263095861e+19,20.502632087136195,28257537.92111455,196891.36079852714,129.2577884649896,0.00304797047360282
4.171124612056533e+19,20.502632087136195,29953720.620022118,208709.9318532009,137.01659693250107,0.0032309274884191447
4.421499907374468e+19,20.502632087136195,31751718.125162892,221237.922667114,145.24113446400372,0.003424866653344964
4.6869041923142115e+19,20.502632087136195,33657641.95670295,234517.91676348084,153.95935684188134,0.003630447181262412
4.9682395947343675e+19,20.502632087136195,35677970.4839919,248595.05377762858,163.20089791807567,0.003848367854866211
5.266462393484259e+19,20.502632087136195,37819570.9460004,263517.18288982334,172.9971703416535,0.004079369401875675
5.582586268862678e+19,20.502632087136195,40089722.79354619,279335.02546798345,183.38147233260008,0.004324237012820088
5.917685748188806e+19,20.502632087136195,42496142.432661414,296102.3474731913,194.38910086482022,0.004583803009956752
6.272899858196231e+19,20.502632087136195,45047009.45320009,313876.14221398,206.05747164303776,0.004858949676392948
6.649435996665032e+19,20.502632087136195,47750994.43184008,332716.8240706039,218.42624628141118,0.005150612255028361
7.048574036451889e+19,20.502632087136195,50617288.403984,352688.4338477721,231.53746711615406,0.00545978212751157
7.471670675868067e+19,20.502632087136195,53655634.10473591,373858.85645385465,245.43570011039682,0.0057875101840160975
7.920164050192541e+19,20.502632087136195,56876359.08514419,396300.05164646765,260.1681863370349,0.006134910395290142
8.395578619995103e+19,20.502632087136195,60290410.81627501,420088.2986287582,275.7850025544625,0.006503163599121597
8.899530352885224e+19,20.502632087136195,63909393.90043756,445304.45532778854,292.3392314210024,0.0068935215140888935
9.433732216299774e+19,20.502632087136195,67745609.51604472,472034.23323632556,309.8871419265997,0.007307310994240585
1e+20,20.502632087136195,71812097.23018493,500368.4887522419,328.4883806550827,0.00774593853916574
1e+18,21.543465617130273,773493.2611176997,5129.120786149898,3.4516437227148513,8.139167687431802e-05
1.0600258488068824e+18,21.543465617130273,819922.8506626931,5437.00061497157,3.658831566949758,8.627728136451447e-05
1.1236548001387516e+18,21.543465617130273,869139.4157298801,5763.36119184878,3.8784560373973327,9.145614841116967e-05
1.191103133283008e+18,21.543465617130273,921310.2468905839,6109.311839370149,4.111263653102285,9.694588134815833e-05
1.2626001098748577e+18,21.543465617130273,976612.6764746697,6476.028468154279,4.358045743548635,0.00010276514016441287
1.3383887531737592e+18,21.543465617130273,1035234.681335623,6864.757573852774,4.619641138444363,0.00010893370493054
1.418726674116599e+18,21.543465617130273,1097375.5217971164,7276.820474076761,4.896939018962678,0.00011547254303267413
1.5038869469554132e+18,21.543465617130273,1163246.4189528837,7713.617799648519,5.1908819401314545,0.00012240388044209964
1.5941590374560028e+18,21.543465617130273,1233071.2726220968,8176.634255444298,5.502469034644162,0.00012975127726289282
1.689849786812462e+18,21.543465617130273,1307087.422400621,8667.443667010773,5.832759408982264,0.0001375397078143751
1.7912844546220096e+18,21.543465617130273,1385546.4543950185,9187.714330108933,6.1828757433927555,0.0001457956455205836
1.898807824465269e+18,21.543465617130273,1468715.0563814456,9739.214681368878,6.55400810795739,0.00015454715289530397
2.0127853758499466e+18,21.543465617130273,1556875.9242961903,10323.819309330496,6.947418007724721,0.00016382397692853162
2.133604526501402e+18,21.543465617130273,1650328.7231390548,10943.515326301853,7.364442670654557,0.00017365765019858442
2.2616759492228552e+18,21.543465617130273,1749391.1055558552,11600.409122694247,7.806499592950221,0.00018408159805356314
2.3974349678010685e+18,21.543465617130273,1854399.7915620557,12296.733526791071,8.27509135722764,0.0001951312522264556
2.541343036702629e+18,21.543465617130273,1965711.7130778746,13034.855394288757,8.771810739899728,0.0002068441712700985
2.693889309590164e+18,21.543465617130273,2083705.2271650042,13817.283653405906,9.298346125135534,0.0002192601682213423
2.8555923019901005e+18,21.543465617130273,2208781.402088922,14646.677832907062,9.856487243796982,0.00023242144592836822
3.0270016537634555e+18,21.543465617130273,2341365.3805781654,15525.857102028258,10.448131256860107,0.0002463727405011415
3.208699997370444e+18,21.543465617130273,2481907.8249144196,16457.809853031868,11.075289203998853,0.0002611614733726003
3.401304938279246e+18,21.543465617130273,2630886.4487653505,17445.703858962377,11.740092839250584,0.0002768379124874466
3.6054711542504986e+18,21.543465617130273,2788807.6409670147,18492.897041130098,12.444801876998202,0.000293455343166431
3.821892620633115e+18,21.543465617130273,2956208.1867751796,19602.948882922217,13.191811672898504,0.000311070249226911
4.051304969235378e+18,21.543465617130273,3133657.092436215,20779.63252873755,13.983661365864778,0.00032974250497532485
4.294487988789272e+18,21.543465617130273,3321757.519279406,22026.947609170125,14.82304250877882,0.0003495355787241763
4.5522682755073096e+18,21.543465617130273,3521148.833904796,23349.133836035293,15.712808217268769,0.00037051674852529994
4.825522042741279e+18,21.543465617130273,3732508.7814352955,24750.685413448806,16.65598286765008,0.0003927573308526972
5.115178099293145e+18,21.543465617130273,3956555.7892200914,26236.3663139432,17.65577237699367,0.0004163329230122559
5.422221006501592e+18,21.543465617130273,4194051.408819812,27811.22647154594,18.715575100263823,0.000441323660102317
5.747694424835359e+18,21.543465617130273,4445802.904573922,29480.61894686092,19.838993381566112,0.00046781448739851867
6.092704661368687e+18,21.543465617130273,4712665.997549076,31250.218122498507,21.029845798768743,0.0004958954490887714
6.458424430196991e+18,21.543465617130273,4995547.774195292,33126.0389907017,22.292180143117687,0.000525661994339795
6.846096838574672e+18,21.543465617130273,5295409.769596697,35114.457598728455,23.630287177964256,0.0005572153017355598
7.257039612324231e+18,21.543465617130273,5613271.235796997,37222.232721485416,25.048715223371953,0.00059066262319042
7.692649574879161e+18,21.543465617130273,5950212.606308969,39456.52883507989,26.552285616176732,0.0006261176485059247
8.154407395185187e+18,21.543465617130273,6307379.168584077,41824.94046937879,28.146109098050513,0.000663700891810462
8.643882620598297e+18,21.543465617130273,6685984.9569251845,44335.51802235058,29.83560318727211,0.0007035401011952698
9.162739011886769e+18,21.543465617130273,7087316.879074668,46996.79512393501,31.62651059325345,0.000745770692939196
9.712740198471207e+18,21.543465617130273,7512739.0905044675,49817.81764245235,33.52491873641333,0.0007905362117981678
1.0295755673125085e+19,21.543465617130273,7963697.631276579,52808.1744321466,35.53728043974802,0.0008379888189239235
1.0913767146512693e+19,21.543465617130273,8441725.341235315,55978.02992637812,37.670435862432115,0.0008882898090705089
1.1568875283162786e+19,21.543465617130273,8948447.070237534,59338.15868724603,39.93163574999983,0.0009416101588464699
1.2263306841775593e+19,21.543465617130273,9485585.201132003,62899.982029085455,42.32856608014082,0.0009981311078764126
1.2999422244132422e+19,21.543465617130273,10054965.504259953,66675.60684031896,44.86937418787949,0.0010580447748472484
1.377972359833554e+19,21.543465617130273,10658523.34337708,70677.86673562309,47.56269645894057,0.0011215548105331411
1.460686320364986e+19,21.543465617130273,11298310.25409126,74920.36567828858,50.41768768543258,0.0011888770900188351
1.548365256585496e+19,21.543465617130273,11976500.91717659,79417.52422104987,53.44405218363097,0.001260240446474272
1.6413071953751267e+19,21.543465617130273,12695400.550466524,84184.62852255955,56.65207677963275,0.001335887448974655
1.7398280529303622e+19,21.543465617130273,13457452.744451635,89237.88230611825,60.052665775002865,0.001416075227009819
1.8442627085855328e+19,21.543465617130273,14265247.768215854,94594.46193727168,63.65737801126344,0.0015010763444854823
1.9549661430912594e+19,21.543465617130273,15121531.373943498,100272.57480748674,67.47846615921009,0.0015911797261871554
2.0723146452190294e+19,21.543465617130273,16029214.129924363,106291.52122235775,71.52891836660318,0.0016866916398558425
2.1967070907932353e+19,21.543465617130273,16991381.31378034,112671.76000470454,75.82250240579674,0.001787936737213662
2.3285662984981967e+19,21.543465617130273,18011303.39954141,119434.9780355523,80.37381247136658,0.00189525915747792
2.468340467068651e+19,21.543465617130273,19092447.17421717,126604.16396936766,85.19831878680553,0.0020090236971145484
2.6165046987488236e+19,21.543465617130273,20238487.52165012,134203.68637411468,90.31242018890289,0.0021296170498069904
2.773562614198418e+19,21.543465617130273,21453319.913704667,142259.37656173354,95.73349986854562,0.002257449120855264
2.9400480643347137e+19,21.543465617130273,22741073.65125038,150798.6163905895,101.47998445740863,0.0023929544204729517
3.1165269449294365e+19,21.543465617130273,24106125.899946515,159850.43133833812,107.57140666137383,0.002536593540718022
3.303599120128346e+19,21.543465617130273,25553116.56853638,169445.58916156815,114.02847165357313,0.0026888547210776772
3.50190046143172e+19,21.543465617130273,27086964.080223985,179616.70447757354,120.87312745273039,0.0028502555080287574
3.712105009066372e+19,21.543465617130273,28712882.090740964,190398.34962373486,128.12863952602302,0.003021344514214676
3.934927263095861e+19,21.543465617130273,30436397.209929626,201827.17217132912,135.8196698700436,0.0032027032832184295
4.171124612056533e+19,21.543465617130273,32263367.787079077,213942.01949320594,143.97236083866352,0.0033949482662702043
4.421499907374468e+19,21.543465617130273,34200003.82386685,226784.07080874237,152.6144240027338,0.003598732917608498
4.6869041923142115e+19,21.543465617130273,36252888.082593374,240396.9771549192,161.7752343436727,0.0038147499156172483
4.9682395947343675e+19,21.543465617130273,38428998.46145165,254827.00975924992,171.48593010108257,0.004043733517288124
5.266462393484259e+19,21.543465617130273,40735731.71289866,270123.21731896856,181.77951861383775,0.004286462054012183
5.582586268862678e+19,21.543465617130273,43180928.58573484,286337.59272098565,192.69098851433986,0.004543760577182757
5.917685748188806e+19,21.543465617130273,45772900.47636294,303525.2497693822,204.25742865735035,0.0048165036626034025
6.272899858196231e+19,21.543465617130273,48520457.679809585,321744.61052111036,216.51815418761902,0.00510561838323263
6.649435996665032e+19,21.543465617130273,51432939.33653857,341057.60386667977,229.51484017483028,0.005412087460370191
7.048574036451889e+19,21.543465617130273,54520245.17684719,361529.87603081873,243.29166327010043,0.0057369526039959965
7.471670675868067e+19,21.543465617130273,57792869.17074679,383231.0137086156,257.89545186552647,0.006081318053615711
7.920164050192541e+19,21.543465617130273,61261935.19770597,406234.7805955973,273.37584526718916,0.006446354331648612
8.395578619995103e+19,21.543465617130273,64939234.85750049,430619.3681157256,289.7854624226511,0.006833302222115742
8.899530352885224e+19,21.543465617130273,68837267.55069144,456467.6611995554,307.18008077646573,0.007243476988152197
9.433732216299774e+19,21.543465617130273,72969282.96496817,483867.5200159512,325.6188258616398,0.007678272842679152
1e+20,21.543465617130273,77349326.11176997,512912.07861498976,345.1643722714851,0.008139167687431802
1e+18,22.637137945214064,833135.1514170967,5257.701200273092,3.626869347645675,8.552359447363864e-05
1.0600258488068824e+18,22.637137945214064,883144.7960517583,5573.299177592448,3.8445752587497704,9.06572208249344e-05
1.1236548001387516e+18,22.637137945214064,936156.3120541463,5907.841191382136,4.075349151958165,9.609899745542407e-05
1.191103133283008e+18,22.637137945214064,992349.8893011173,6262.464373511111,4.319975443988863,0.00010186742134717634
1.2626001098748577e+18,22.637137945214064,1051916.5337198325,6638.374113153976,4.579285636839183,0.00010798209977930893
1.3383887531737592e+18,22.637137945214064,1115058.7165303594,7036.848153993681,4.854161144119621,0.00011446381697451143
1.418726674116599e+18,22.637137945214064,1181991.0624596064,7459.240937362293,5.145536287040787,0.00012133460474608207
1.5038869469554132e+18,22.637137945214064,1252941.0792658934,7906.98820608251,5.454401470237024,0.00012861781738561325
1.5941590374560028e+18,22.637137945214064,1328149.93105384,8381.611884658621,5.7818065482215095,0.00013633821104587328
1.689849786812462e+18,22.637137945214064,1407873.2580081492,8884.72525240511,6.1288643939156975,0.00014452202788871373
1.7912844546220096e+18,22.637137945214064,1492382.0453325992,9418.03842709667,6.4967546813827655,0.00015319708528402568
1.898807824465269e+18,22.637137945214064,1581963.54434784,9983.364177778982,6.886727895622853,0.00016239287036293968
2.0127853758499466e+18,22.637137945214064,1676922.248878863,10582.624086498388,7.300109583059649,0.00017214064024666115
2.133604526501402e+18,22.637137945214064,1777580.9302509483,11217.855079894523,7.738304857166,0.00018247352829162572
2.2616759492228552e+18,22.637137945214064,1884281.7344121893,11891.21635285779,8.20280317454381,0.0001934266567121172
2.3974349678010685e+18,22.637137945214064,1997387.3449115858,12604.996707784358,8.695183397691592,0.00020503725596313953
2.541343036702629e+18,22.637137945214064,2117282.215686029,13361.622334377074,9.217119161669542,0.000217344791289361
2.693889309590164e+18,22.637137945214064,2244373.877846299,14163.665056435055,9.770384562902937,0.0002303910968702596
2.8555923019901005e+18,22.637137945214064,2379094.324904018,15013.851073663951,10.356860189460845,0.0002442205180174455
3.0270016537634555e+18,22.637137945214064,2521901.4811480185,15915.070228220753,10.978539513307442,0.00025888006190749927
3.208699997370444e+18,22.637137945214064,2673280.758161263,16870.38582749085,11.637535666253621,0.00027441955736267525
3.401304938279246e+18,22.637137945214064,2833746.704768998,17883.045056485582,12.33608862264086,0.0002908918242225787
3.6054711542504986e+18,22.637137945214064,3003844.7560264636,18956.490015252853,13.076572813171802,0.0003083528528825214
3.821892620633115e+18,22.637137945214064,3184153.0871910546,20094.3694188176,13.861505195767444,0.00032686199460881855
4.051304969235378e+18,22.637137945214064,3375284.5789807537,21300.550999421186,14.693553810884396,0.0003464821632779235
4.294487988789272e+18,22.637137945214064,3577888.900798853,22579.13465321573,15.575546850372334,0.0003672800492251257
4.5522682755073096e+18,22.637137945214064,3792654.719006028,23934.4663760999,16.510482270697295,0.0003893263459296974
4.825522042741279e+18,22.637137945214064,4020312.0377457934,25371.153036065083,17.501537983206884,0.00041269599030700944
5.115178099293145e+18,22.637137945214064,4261634.680280011,26894.0780322642,18.55208265607477,0.0004374684174243846
5.422221006501592e+18,22.637137945214064,4517442.919268667,28508.417894029393,19.665687164641106,0.000463727830506487
5.747694424835359e+18,22.637137945214064,4788606.264934409,30219.659876259822,20.8461367290693,0.0004915634871480129
6.092704661368687e+18,22.637137945214064,5076046.420589051,32033.6206109876,22.097443780576008,0.0005210700027065433
6.458424430196991e+18,22.637137945214064,5380740.415568046,33956.465878519775,23.42386159996745,0.0005523476719068081
6.846096838574672e+18,22.637137945214064,5703723.926222016,35994.73156535986,24.829898774840437,0.0005855028097495197
7.257039612324231e+18,22.637137945214064,6046094.796253617,38155.34588014648,26.320334524589203,0.0006206481128835493
7.692649574879161e+18,22.637137945214064,6409016.768365615,40445.65290312245,27.90023494530876,0.000657903042669774
8.154407395185187e+18,22.637137945214064,6793723.439904303,42873.43754918093,29.574970229812365,0.0006973942312386579
8.643882620598297e+18,22.637137945214064,7201522.455943773,45446.95202933938,31.350232921295127,0.0007392559119217815
9.162739011886769e+18,22.637137945214064,7633799.954063622,48174.94390058615,33.23205726268934,0.0007836303755203923
9.712740198471207e+18,22.637137945214064,8092025.275928231,51066.68579944277,35.22683970748119,0.00083066845396186
1.0295755673125085e+19,22.637137945214064,8577755.9616825,54132.00696030825,37.34136066170643,0.0008805300329880141
1.0913767146512693e+19,22.637137945214064,9092643.044140788,57381.326625720816,39.58280753102929,0.0009333845956180719
1.1568875283162786e+19,22.637137945214064,9638436.660763336,60825.68946209468,41.958799151238786,0.0009894117982333155
1.2263306841775593e+19,22.637137945214064,10216992.002497025,64476.80310132075,44.47741168520938,0.001048802081241814
1.2999422244132422e+19,22.637137945214064,10830275.619700039,68347.07793583175,47.14720607434723,0.0011117573163987788
1.377972359833554e+19,22.637137945214064,11480372.106585018,72449.6693024002,49.97725713783292,0.0011784914929828772
1.460686320364986e+19,22.637137945214064,12169491.186901644,76798.52219805472,52.97718441857117,0.0012492314451608645
1.548365256585496e+19,22.637137945214064,12899975.22494329,81408.41868010715,56.15718488069466,0.001324217623012894
1.6413071953751267e+19,22.637137945214064,13674307.187408265,86295.02811140665,59.52806756976338,0.0014037049098392753
1.7398280529303622e+19,22.637137945214064,14495119.083178496,91474.96042160761,63.101290353471875,0.001487963488526766
1.8442627085855328e+19,22.637137945214064,15365200.909703126,96965.82256549058,66.88899886774857,0.001577279759919235
1.9549661430912594e+19,22.637137945214064,16287510.136396341,102786.27837024172,70.90406780062777,0.0016719573163143028
2.0723146452190294e+19,22.637137945214064,17265181.75728423,108956.11197511596,75.1601446542212,0.001772317973394946
2.1967070907932353e+19,22.637137945214064,18301538.94707032,115496.29507912004,79.6716961335389,0.0018787028641036718
2.3285662984981967e+19,22.637137945214064,19400104.356840435,122429.05822529439,84.45405731983858,0.0019914735981774157
2.468340467068651e+19,22.637137945214064,20564612.087801877,129777.96636389488,89.52348379564698,0.002111013491284511
2.6165046987488236e+19,22.637137945214064,21799020.38375646,137567.99895131873,94.89720689862989,0.0022377288679416444
2.773562614198418e+19,22.637137945214064,23107525.085449975,145825.63485703594,100.59349229212248,0.0023720504426395055
2.9400480643347137e+19,22.637137945214064,24494573.892530438,154578.94236713203,106.63170205140571,0.0025144347838716827
3.1165269449294365e+19,22.637137945214064,25964881.481592484,163857.6745903893,113.03236047676393,0.0026653658660431307
3.303599120128346e+19,22.637137945214064,27523445.531695172,173693.37059119935,119.8172238570272,0.002825356714533261
3.50190046143172e+19,22.637137945214064,29175563.711825166,184119.46259306447,127.0093544207295,0.0029949511495053443
3.712105009066372e+19,22.637137945214064,30926851.68804675,195171.3896170802,134.63319872624794,0.0031747256343895506
3.934927263095861e+19,22.637137945214064,32783262.21154632,206886.71794166422,142.71467075737667,0.003365291235322752
4.171124612056533e+19,22.637137945214064,34751105.352452986,219305.26879298268,151.28124000678298,0.0035672956982053627
4.421499907374468e+19,22.637137945214064,36837069.94821107,232469.25370010105,160.3620248467465,0.0037814256504352483
4.6869041923142115e+19,22.637137945214064,39048246.33941126,246423.41797495415,169.98789150456423,0.004008408934802775
4.9682395947343675e+19,22.637137945214064,41392150.470354326,261215.19280479182,180.1915589790165,0.004249017083479368
5.266462393484259e+19,22.637137945214064,43876749.436279535,276894.8564741529,191.00771025456734,0.004504067940510161
5.582586268862678e+19,22.637137945214064,46510488.56407911,293515.7052642738,202.4731101912568,0.00477442844172315
5.917685748188806e+19,22.637137945214064,49302320.11856076,311134.2346109125,214.62673049105643,0.005061017561505303
6.272899858196231e+19,22.637137945214064,52261733.73182601,329810.3311363123,227.50988216542808,0.005364809436461197
6.649435996665032e+19,22.637137945214064,55398788.65919814,349607.47620804835,241.1663559543617,0.005686836676571954
7.048574036451889e+19,22.637137945214064,58724147.97133961,370592.96171666845,255.642571174185,0.006028193875109295
7.471670675868067e+19,22.637137945214064,62249114.79878024,392838.11880556797,270.98773350008935,0.006390041329235181
7.920164050192541e+19,22.637137945214064,65985670.75205408,416418.5603305711,287.25400221968545,0.006773608983933582
8.395578619995103e+19,22.637137945214064,69946516.6480376,441414.43787335354,304.49666752609613,0.007180200612680119
8.899530352885224e+19,22.637137945214064,74145115.6809208,467910.71418231446,322.7743384532171,0.007611198249059941
9.433732216299774e+19,22.637137945214064,78595739.18455255,495997.45196694246,342.14914209195143,0.00806806688439722
1e+20,22.637137945214064,83313515.14170969,525770.1200273092,362.68693476456747,0.008552359447363864
1e+18,23.78633147784654,897375.8601643045,5389.504958822241,3.8109904502384415,8.986527237896619e-05
1.0600258488068824e+18,23.78633147784654,951241.607869473,5713.014568624448,4.039748386808927,9.525951163177532e-05
1.1236548001387516e+18,23.78633147784654,1008340.6928022619,6055.943117352216,4.282237712693368,0.00010097754467440175
1.191103133283008e+18,23.78633147784654,1068867.1987742374,6419.45624329748,4.539282666190629,0.00010703880750391759
1.2626001098748577e+18,23.78633147784654,1133026.8596424956,6804.789553180051,4.8117569612030895,0.00011346390277961672
1.3383887531737592e+18,23.78633147784654,1201037.758613533,7213.252822061892,5.100586757051731,0.00012027466985290484
1.418726674116599e+18,23.78633147784654,1273131.069523426,7646.234445364796,5.406753806556905,0.000127494259000793
1.5038869469554132e+18,23.78633147784654,1349551.8426139837,8105.20615812424,5.731298793085325,0.0001351472101153201
1.5941590374560028e+18,23.78633147784654,1430559.8374757802,8591.728037520417,6.075324867906133,0.00014325953611637427
1.689849786812462e+18,23.78633147784654,1516430.4059892998,9107.453805690471,6.440001399879759,0.00015185881137143987
1.7912844546220096e+18,23.78633147784654,1607455.4282653728,9654.136450846514,6.826567950225053,0.00016097426542281478
1.898807824465269e+18,23.78633147784654,1703944.3047662326,10233.634185806039,7.236338485875171,0.00017063688234088362
2.0127853758499466e+18,23.78633147784654,1806225.0079794785,10847.916764188174,7.670705845743739,0.0001808795060411553
2.133604526501402e+18,23.78633147784654,1914645.1972196493,11499.072175744886,8.131146475082355,0.0001917369519230437
2.2616759492228552e+18,23.78633147784654,2029573.4003467795,12189.313743585577,8.619225444022264,0.0002032461252098688
2.3974349678010685e+18,23.78633147784654,2151400.2664184654,12920.987647417698,9.136601767357577,0.00021544614639230106
2.541343036702629e+18,23.78633147784654,2280539.893533587,13696.580898377191,9.685034043653681,0.00022837848420167087
2.693889309590164e+18,23.78633147784654,2417431.2363808975,14518.72979255441,10.266386432847543,0.00024208709656510527
2.8555923019901005e+18,23.78633147784654,2562539.5982769327,15390.228871950265,10.88263499265868,0.00025661858002161945
3.0270016537634555e+18,23.78633147784654,2716358.212764753,16314.040423321265,11.535874395348499,0.0002720223281070341
3.208699997370444e+18,23.78633147784654,2879409.9201495033,17293.304547200918,12.228325047658874,0.00028835069924608306
3.401304938279246e+18,23.78633147784654,3052248.944669435,18331.349831322572,12.962340638131058,0.00030565919472238726
3.6054711542504986e+18,23.78633147784654,3235462.778343129,19431.70466472361,13.740416137458821,0.0003240066473312267
3.821892620633115e+18,23.78633147784654,3429674.17789625,20598.109230988302,14.565196279069575,0.00034345542135635584
4.051304969235378e+18,23.78633147784654,3635543.281555518,21834.528221395256,15.43948454875957,0.0003640716245505965
4.294487988789272e+18,23.78633147784654,3853769.8529050467,23145.164311182332,16.366252713939605,0.0003859253328407466
4.5522682755073096e+18,23.78633147784654,4085095.659432047,24534.472444735817,17.348650924881778,0.00040909082852059114
4.825522042741279e+18,23.78633147784654,4330306.993846767,26007.17497826015,18.390018422302113,0.00043364685274165045
5.115178099293145e+18,23.78633147784654,4590237.346746798,27568.27773139933,19.493894887674998,0.00045967687315990105
5.422221006501592e+18,23.78633147784654,4865770.239710327,29223.087002370452,20.664032474859837,0.0004872693676482178
5.747694424835359e+18,23.78633147784654,5157842.228448207,30977.227604445114,21.904408563936283,0.0005165181250388949
6.092704661368687e+18,23.78633147784654,5467446.086222792,32836.66198508592,23.219239280599304,0.0005475225639184941
6.458424430196991e+18,23.78633147784654,5795634.178354183,34807.71049272539,24.61299382706738,0.0005803880705586221
6.846096838574672e+18,23.78633147784654,6143522.039284072,36897.07286007546,26.09040967321566,0.0006152263571312923
7.257039612324231e+18,23.78633147784654,6512292.164355888,39111.85097699088,27.656508659569727,0.0006521558414264643
7.692649574879161e+18,23.78633147784654,6903198.0291997595,41459.57303029304,29.31661406689529,0.0006913020493624543
8.154407395185187e+18,23.78633147784654,7317568.350384472,43948.219092607316,31.076368710404473,0.0007327980416573731
8.643882620598297e+18,23.78633147784654,7756811.601818679,46586.24824719191,32.941754120082145,0.000776784866111878
9.162739011886769e+18,23.78633147784654,8222420.802252919,49382.62734095775,34.9191108723277,0.0008234120370405843
9.712740198471207e+18,23.78633147784654,8715978.590155518,52346.861463412686,37.0151601420208,0.0008728380434817493
1.0295755673125085e+19,23.78633147784654,9239162.60321214,55489.026255129866,39.237026548267956,0.0009252308879126722
1.0913767146512693e+19,23.78633147784654,9793751.180734755,58819.80215556142,41.592262371485916,0.0009807686573019758
1.1568875283162786e+19,23.78633147784654,10381629.408361766,62350.51070660189,44.088873224132925,0.0010396401284397134
1.2263306841775593e+19,23.78633147784654,11004795.525597172,66093.15303530828,46.73534526235053,0.0011020454096030033
1.2999422244132422e+19,23.78633147784654,11665367.717967328,70060.45064657583,49.540674031005835,0.001168196620738152
1.377972359833554e+19,23.78633147784654,12365591.31688272,74265.88866442924,52.51439504018204,0.0012383186144712915
1.460686320364986e+19,23.78633147784654,13107846.43167762,78723.76166890905,55.6666161770489,0.0013126497403982934
1.548365256585496e+19,23.78633147784654,13894656.039769335,83449.22228435602,59.008052063283195,0.001391442655251835
1.6413071953751267e+19,23.78633147784654,14728694.562436165,88458.3326842487,62.55006047482248,0.0014749651816994285
1.7398280529303622e+19,23.78633147784654,15612796.955363708,93768.1191876623,66.30468094774552,0.0015635012186915342
1.8442627085855328e+19,23.78633147784654,16549968.344858924,99396.63013292666,70.28467570150347,0.0016573517064540886
1.9549661430912594e+19,23.78633147784654,17543394.24248612,105362.99722519933,74.5035730186027,0.0017568356494055306
2.0723146452190294e+19,23.78633147784654,18596451.372845117,111687.50056647911,78.97571322818985,0.0018622912004752877
2.1967070907932353e+19,23.78633147784654,19712719.151296068,118391.6375891012,83.7162974498409,0.001974076810509405
2.3285662984981967e+19,23.78633147784654,20895991.850644294,125498.19612702381,88.74143926323703,0.002092572446670215
2.468340467068651e+19,23.78633147784654,22150291.498140916,133031.33187328101,94.06821947935724,0.00221818088397149
2.6165046987488236e+19,23.78633147784654,23479881.546636697,141016.65048688478,99.71474419935778,0.0023513290743390797
2.773562614198418e+19,23.78633147784654,24889281.36635862,149481.2946282635,105.70020635848537,0.0024924695978505835
2.9400480643347137e+19,23.78633147784654,26383281.606567618,158454.0362190767,112.04495096421608,0.0026420822010869136
3.1165269449294365e+19,23.78633147784654,27966960.47931285,167965.37424000326,118.77054425036867,0.0028006754278247117
3.303599120128346e+19,23.78633147784654,29645701.020632137,178047.63839892513,125.89984698225244,0.0029687883476124687
3.50190046143172e+19,23.78633147784654,31425209.38787064,188735.09902188147,133.45709216201874,0.0031469923881058885
3.712105009066372e+19,23.78633147784654,33311534.255311586,200064.08354032092,141.46796739834227,0.003335893277390743
3.934927263095861e+19,23.78633147784654,35311087.374046214,212073.09997059972,149.95970222041214,0.0035361331028952955
4.171124612056533e+19,23.78633147784654,37430665.365967326,224802.96780544185,158.96116063301974,0.003748392493890701
4.421499907374468e+19,23.78633147784654,39677472.82596556,238296.95676226774,168.50293922734252,0.003973392934997804
4.6869041923142115e+19,23.78633147784654,42059146.81085651,252600.93386002193,178.61747118091978,0.004211899218564352
4.9682395947343675e+19,23.78633147784654,44583782.79827109,267763.51932437875,189.33913650029183,0.004464722044247686
5.266462393484259e+19,23.78633147784654,47259962.20375899,283836.2518513426,200.70437888108398,0.004732720774640453
5.582586268862678e+19,23.78633147784654,50096781.54962081,300873.76379088353,212.7518295826792,0.005016806356304212
5.917685748188806e+19,23.78633147784654,53103883.384629756,318933.96684615273,225.52243873859666,0.005317944416141134
6.272899858196231e+19,23.78633147784654,56291489.05973386,338078.24891943915,239.05961454887907,0.0056371585436278265
6.649435996665032e+19,23.78633147784654,59670433.47114772,358371.682773973,253.40937082762173,0.005975533770068057
7.048574036451889e+19,23.78633147784654,63252201.888927974,379883.2472208315,268.62048340716774,0.006334220256690582
7.471670675868067e+19,23.78633147784654,67048968.99621517,402686.0615827767,284.744655930598,0.0067144372041281816
7.920164050192541e+19,23.78633147784654,71073640.27183934,426857.63423198345,301.83669559605596,0.007117476996566489
8.395578619995103e+19,23.78633147784654,75339895.8569515,452480.12604645593,319.95469945027367,0.007544709594648849
8.899530352885224e+19,23.78633147784654,79862237.05478714,479640.6296806396,339.1602518645274,0.00799758719206908
9.433732216299774e+19,23.78633147784654,84656035.62161721,508431.4655994876,359.5186338642516,0.008477649151680075
1e+20,23.78633147784654,89737586.01643045,538950.4958822241,381.09904502384416,0.00898652723789662
1e+18,24.993864796128623,966569.9893179422,5524.612866866759,4.004458616971244,9.442735925037643e-05
1.0600258488068824e+18,24.993864796128623,1024589.173358011,5856.23244352986,4.244829644466978,0.00010009544163997269
1.1236548001387516e+18,24.993864796128623,1086091.0081671677,6207.757766763144,4.4996291469167256,0.00010610375548611183
1.191103133283008e+18,24.993864796128623,1151284.5428139244,6580.383695900618,4.76972320577659,0.0001124727234707636
1.2626001098748577e+18,24.993864796128623,1220391.374714574,6975.376812722023,5.056029889777214,0.00011922399416471795
1.3383887531737592e+18,24.993864796128623,1293646.4028584145,7394.079726653509,5.359522375504062,0.00012638051561260198
1.418726674116599e+18,24.993864796128623,1371298.626245961,7837.915638391647,5.68123225529317,0.00013396661333489983
1.5038869469554132e+18,24.993864796128623,1453611.9902540867,8308.393177462844,6.022253043686182,0.00014200807301211063
1.5941590374560028e+18,24.993864796128623,1540866.2838049496,8807.11153016136,6.383743894363276,0.00015053222813209228
1.689849786812462e+18,24.993864796128623,1633358.0903882484,9335.765875296178,6.766933540188185,0.0001595680528985124
1.7912844546220096e+18,24.993864796128623,1731401.7961693916,9896.15314622316,7.173124469757743,0.00016914626071620715
1.898807824465269e+18,24.993864796128623,1835330.6586102198,10490.178138748102,7.603697354652368,0.00017929940858820765
2.0127853758499466e+18,24.993864796128623,1945497.939234593,11119.85998566186,8.060115742436025,0.0001900620077792869
2.133604526501402e+18,24.993864796128623,2062278.1043891732,11787.339019914805,8.543931031357392,0.00020147064112217722
2.2616759492228552e+18,24.993864796128623,2186068.0980809815,12494.884049759676,9.056787743662081,0.00021356408736520268
2.3974349678010685e+18,24.993864796128623,2317288.69121794,13244.900070590076,9.600429115439168,0.00022638345298396618
2.541343036702629e+18,24.993864796128623,2456385.9118388873,14039.936439689587,10.176703022003712,0.00023997231190516175
2.693889309590164e+18,24.993864796128623,2603832.5611942834,14882.69554167663,10.787568258955051,0.000254376853617419
2.8555923019901005e+18,24.993864796128623,2760129.820830969,15776.041974100177,11.435101200261013,0.0002696460401726287
3.0270016537634555e+18,24.993864796128623,2925808.9561435366,16723.012284408545,12.121502855999276,0.00028583177261140536
3.208699997370444e+18,24.993864796128623,3101433.122182831,17726.82529138809,12.849106353745682,0.0003029890673783808
3.401304938279246e+18,24.993864796128623,3287599.2778596343,18790.89302615497,13.620384869039173,0.0003211762433269738
3.6054711542504986e+18,24.993864796128623,3484940.215050054,19918.83232988925,14.437960031879669,0.0003404551199492812
3.821892620633115e+18,24.993864796128623,3694126.709499672,21114.477147732825,15.30461083783309,0.0003608912275048858
4.051304969235378e+18,24.993864796128623,3915869.8008375657,22381.89156063901,16.223283094033032,0.00038255402976282427
4.294487988789272e+18,24.993864796128623,4150923.2094500777,23725.383599469962,17.19709943218671,0.0004055171601138312
4.5522682755073096e+18,24.993864796128623,4400085.898429508,25149.519888297036,18.229369922620076,0.0004298586718554204
4.825522042741279e+18,24.993864796128623,4664204.789305932,26659.141166677633,19.323603325439997,0.0004556613035005411
5.115178099293145e+18,24.993864796128623,4944177.6407931475,28259.37874366996,20.48351901705703,0.0004830127600116116
5.422221006501592e+18,24.993864796128623,5240956.100333766,29955.671939513923,21.7130596326078,0.0005120060109158637
5.747694424835359e+18,24.993864796128623,5555548.938815909,31753.78657426376,23.016404467249533,0.0005427396063153141
6.092704661368687e+18,24.993864796128623,5889025.479456508,33659.83456621653,24.39798368187871,0.0005753180118655041
6.458424430196991e+18,24.993864796128623,6242519.232506243,35680.29470675292,25.862493361559945,0.0006098519638616191
6.846096838574672e+18,24.993864796128623,6617231.748130719,37822.03468220548,27.41491147784994,0.0006464588456389569
7.257039612324231e+18,24.993864796128623,7014436.700564116,40092.3344176082,29.06051480927343,0.0006852630865671527
7.692649574879161e+18,24.993864796128623,7435484.217417623,42498.910821674515,30.80489687746504,0.0007263965849943701
8.154407395185187e+18,24.993864796128623,7881805.468858295,45049.944017113536,32.65398695994337,0.0007699991565790781
8.643882620598297e+18,24.993864796128623,8354917.532257243,47754.10514544331,34.61407024414283,0.0008162190095333206
9.162739011886769e+18,24.993864796128623,8856428.548842488,50620.58584081166,36.69180919120856,0.0008652132483928713
9.712740198471207e+18,24.993864796128623,9388043.189884262,53659.12947300803,38.89426618217102,0.0009171484080266133
1.0295755673125085e+19,24.993864796128623,9951568.450992657,56880.06426586328,41.22892752347633,0.0009722010197002838
1.0913767146512693e+19,24.993864796128623,10548919.794223282,60294.338403611735,43.703728893470426,0.0010305582111187097
1.1568875283162786e+19,24.993864796128623,11182127.658867259,63913.557244537944,46.327082316326866,0.0010924183424860128
1.2263306841775593e+19,24.993864796128623,11853344.36305768,67750.0227684086,49.107904755110695,0.0011579916807459433
1.2999422244132422e+19,24.993864796128623,12564851.419650495,71816.77539176794,52.05564842116375,0.001227501114294027
1.377972359833554e+19,24.993864796128623,13319067.291247379,76127.63829323203,55.18033290283676,0.00130118291059092
1.460686320364986e+19,24.993864796128623,14118555.61072049,80697.26439944662,58.49257922277589,0.0013792875192521498
1.548365256585496e+19,24.993864796128623,14966033.895181155,85541.18619141683,62.00364593952682,0.0014620804233439993
1.6413071953751267e+19,24.993864796128623,15864382.783011977,90675.86850050419,65.72546741616833,0.001549843041779149
1.7398280529303622e+19,24.993864796128623,16816655.825359564,96118.7644735482,69.67069438605292,0.0016428736858793826
1.8442627085855328e+19,24.993864796128623,17826089.86536997,101888.37489734174,73.85273695354064,0.0017414885733567842
1.9549661430912594e+19,24.993864796128623,18896116.040446572,108004.31108410853,78.28581017588833,0.0018460229031600117
2.0723146452190294e+19,24.993864796128623,20030371.444927722,114487.36153173473,82.98498238123051,0.001956831994839137
2.1967070907932353e+19,24.993864796128623,21232711.49282665,121359.56258533754,87.96622638688805,0.002074292496301821
2.3285662984981967e+19,24.993864796128623,22507223.022655223,128644.2733403544,93.2464737920994,0.002198803664066085
2.468340467068651e+19,24.993864796128623,23858238.18887591,136366.25504175376,98.84367252971887,0.002330788720361335
2.6165046987488236e+19,24.993864796128623,25290349.187199958,144551.75524925083,104.77684787250476,0.002470696291690531
2.773562614198418e+19,24.993864796128623,26808423.863784082,153228.59705461183,111.06616710136146,0.002619001933743272
2.9400480643347137e+19,24.993864796128623,28417622.26138241,162426.27365430267,117.73300805534772,0.0027762097478430787
3.1165269449294365e+19,24.993864796128623,30123414.158695247,172176.04859894115,124.8000317964575,0.0029428540944233007
3.303599120128346e+19,24.993864796128623,31931597.662532188,182511.06206030765,132.2912596361658,0.003119501409355869
3.50190046143172e+19,24.993864796128623,33848318.91598555,193466.4434771232,140.2321547855583,0.0033067521293067203
3.712105009066372e+19,24.993864796128623,35880092.98960363,205079.43096248625,148.64970890657952,0.0035052427326623214
3.934927263095861e+19,24.993864796128623,38033826.026574455,217389.49787884194,157.57253385859298,0.003715647902964534
4.171124612056533e+19,24.993864796128623,40316838.7171929,230438.48701072144,167.03095895210626,0.003938682822207494
4.421499907374468e+19,24.993864796128623,42736891.18240223,244270.7527913117,177.0571340402325,0.004175105601791551
4.6869041923142115e+19,24.993864796128623,45302209.35099366,258933.31206630848,187.68513879831298,0.004425719859397495
4.9682395947343675e+19,24.993864796128623,48021512.92011376,274476.0039074638,198.95109856311765,0.004691377450539268
5.266462393484259e+19,24.993864796128623,50904044.99413425,290951.65901913046,210.89330712543048,0.004972981364081355
5.582586268862678e+19,24.993864796128623,53959603.502610885,308416.2793135244,223.552356893325,0.005271488791561147
5.917685748188806e+19,24.993864796128623,57198574.50413794,326929.22826517926,236.97127686862595,0.005587914380750571
6.272899858196231e+19,24.993864796128623,60631967.48929252,346553.43269157567,251.19567890551596,0.005923333684515309
6.649435996665032e+19,24.993864796128623,64271452.8026686,367355.59664582624,266.27391274844064,0.006278886816694739
7.048574036451889e+19,24.993864796128623,68129401.31120028,389406.42814845074,282.2572303762956,0.006655782327429185
7.471670675868067e+19,24.993864796128623,72218926.4536098,412780.8795289178,299.19996021151246,0.007055301311106969
7.920164050192541e+19,24.993864796128623,76553928.81390955,437558.4021938926,317.159691786194,0.007478801760894477
8.395578619995103e+19,24.993864796128623,81149143.3704661,463823.21668816416,336.19747149298945,0.007927723184650574
8.899530352885224e+19,24.993864796128623,86020189.58122972,491664.59896620974,356.37801008608375,0.008403591497915223
9.433732216299774e+19,24.993864796128623,91183624.47537199,521177.18384745193,377.76990263760865,0.008908024210603886
1e+20,24.993864796128623,96656998.93179421,552461.2866866759,400.4458616971244,0.009442735925037643
1e+18,26.262699568824527,1041099.4831965166,5663.107755154479,4.207748359493253,9.922104433621737e-05
1.0600258488068824e+18,26.262699568824527,1103592.363367794,6003.040605042464,4.460322026337602,0.0001051768717420041
1.1236548001387516e+18,26.262699568824527,1169836.4317157394,6363.378212782321,4.728056641920551,0.00011149020274317052
1.191103133283008e+18,26.262699568824527,1240056.8564946912,6745.345391283801,5.01186225505885,0.00011818249679648074
1.2626001098748577e+18,26.262699568824527,1314492.3218745792,7150.240473891204,5.312703541021933,0.00012527650148080614
1.3383887531737592e+18,26.262699568824527,1393395.839245231,7579.439727509849,5.6316030805311055,0.00013279632981774822
1.418726674116599e+18,26.262699568824527,1477035.607219904,8034.402030634232,5.969644835583438,0.00014076754223349725
1.5038869469554132e+18,26.262699568824527,1565695.9232612678,8516.673832178793,6.327977833914957,0.00014921723344052162
1.5941590374560028e+18,26.262699568824527,1659678.1500285005,9027.894407966689,6.70782007462684,0.00015817412453440364
1.689849786812462e+18,26.262699568824527,1759301.7397301982,9569.801432743796,7.110462668250161,0.00016766866061886676
1.7912844546220096e+18,26.262699568824527,1864905.3199649279,10144.236886657563,7.537274225321527,0.00017773311429082733
1.898807824465269e+18,26.262699568824527,1976847.8447402932,10753.153316277268,7.989705508386687,0.00018840169533722485
2.0127853758499466e+18,26.262699568824527,2095509.814582886,11398.620471437354,8.469294363244623,0.00019971066701649745
2.133604526501402e+18,26.262699568824527,2221294.569886358,12082.83234046279,8.977670946193651,0.0002116984693199496
2.2616759492228552e+18,26.262699568824527,2354629.6618939056,12808.114607690319,9.516563265047814,0.00022440584963199738
2.3974349678010685e+18,26.262699568824527,2495968.3059749496,13576.93255863276,10.087803052756705,0.00023787600123338762
2.541343036702629e+18,26.262699568824527,2645790.922136173,14391.89945965849,10.693331993595088,0.0002521547101182088
2.693889309590164e+18,26.262699568824527,2804606.7680029403,15255.785440667802,11.335208323084423,0.0002672905106237076
2.8555923019901005e+18,26.262699568824527,2972955.669821845,16171.526910959568,12.015613824080408,0.00028333485040192075
3.0270016537634555e+18,26.262699568824527,3151409.8573681344,17142.236540293256,12.736861242806544,0.0003003422652938671
3.208699997370444e+18,26.262699568824527,3340575.908995033,18171.213839072716,13.50140215004149,0.0003183705647007133
3.401304938279246e+18,26.262699568824527,3541096.813436283,19261.956373614423,14.311835274180797,0.0003374810280820001
3.6054711542504986e+18,26.262699568824527,3753654.155370142,20418.17165462177,15.17091533449778,0.0003577386132488415
3.821892620633115e+18,26.262699568824527,3978970.4321737164,21643.789739275067,16.081562404628357,0.0003792121771601002
4.051304969235378e+18,26.262699568824527,4217811.509742431,22942.97658977275,17.046871838107027,0.00040197470997204116
4.294487988789272e+18,26.262699568824527,4470989.225722159,24320.148233730288,18.07012478969154,0.0004261035831370133
4.5522682755073096e+18,26.262699568824527,4739364.149002558,25779.98577456915,19.154799368239065,0.00045168081239446657
4.825522042741279e+18,26.262699568824527,5023848.504851344,27327.45130291702,20.304582459043147,0.00047879333654822655
5.115178099293145e+18,26.262699568824527,5325409.275632232,28967.80476310336,21.523382255816546,0.0005075333129776131
5.422221006501592e+18,26.262699568824527,5645071.487646103,30706.621832080687,22.815341544916926,0.0005379984308868634
5.747694424835359e+18,26.262699568824527,5983921.695267591,32549.81287154328,24.184851786969496,0.0005702922433576184
6.092704661368687e+18,26.262699568824527,6343111.674219946,34503.64301766285,25.636568043750984,0.0006045245193331406
6.458424430196991e+18,26.262699568824527,6723862.336541844,36574.753476727725,27.175424801072534,0.0006408116167306849
6.846096838574672e+18,26.262699568824527,7127467.8805533955,38770.18409907078,28.80665274144452,0.000679276877950255
7.257039612324231e+18,26.262699568824527,7555300.189927406,41097.3973080166,30.535796523534838,0.0007200510491241082
7.692649574879161e+18,26.262699568824527,8008813.496818596,43564.30346518398,32.36873362885426,0.0007632727245320688
8.154407395185187e+18,26.262699568824527,8489549.32490115,46179.28775836226,34.31169433973012,0.000809088817693248
8.643882620598297e+18,26.262699568824527,8999141.729116237,48951.23870335522,36.37128291647472,0.0008576550607354422
9.162739011886769e+18,26.262699568824527,9539322.849939875,51889.57835667244,38.55450004573138,0.0009091365337396055
9.712740198471207e+18,26.262699568824527,10111928.801050404,55004.29434176294,40.86876663630139,0.000963708225858672
1.0295755673125085e+19,26.262699568824527,10718905.910408128,58305.97379765039,43.32194904333543,0.0010215556301180055
1.0913767146512693e+19,26.262699568824527,11362317.335961483,61805.8393653662,45.922385806630146,0.0010828753739192884
1.1568875283162786e+19,26.262699568824527,12044350.078465732,65515.78733449413,48.67891599391025,0.0011478758873908637
1.2263306841775593e+19,26.262699568824527,12767322.415252874,69448.42807949834,51.60090924544364,0.0012167781118564537
1.2999422244132422e+19,26.262699568824527,13533691.780219564,73617.12892327395,54.69829762210829,0.001289816250830273
1.377972359833554e+19,26.262699568824527,14346063.116817974,78036.05957361918,57.981609365166825,0.001367238566091271
1.460686320364986e+19,26.262699568824527,15207197.732442083,82720.2402870701,61.46200468250005,0.0014493082215424045
1.548365256585496e+19,26.262699568824527,16120022.684306014,87685.59292381076,65.1513136829397,0.0015363041777232806
1.6413071953751267e+19,26.262699568824527,17087640.728717685,92948.99506719728,69.06207658764161,0.00162852214001668
1.7398280529303622e+19,26.262699568824527,18113340.867566016,98528.3373918525,73.20758635518071,0.0017262755637719816
1.8442627085855328e+19,26.262699568824527,19200609.527870063,104442.58447532935,77.60193386525359,0.0018298967197619745
1.9549661430912594e+19,26.262699568824527,20353142.41238997,110711.8392600455,82.26005581457098,0.0019397378235946167
2.0723146452190294e+19,26.262699568824527,21574857.061581038,117357.41138460087,87.19778548774212,0.0020561722329186984
2.1967070907932353e+19,26.262699568824527,22869906.1695896,124401.88961674002,92.43190657572431,0.0021795957164927864
2.3285662984981967e+19,26.262699568824527,24242691.69955298,131869.21863416498,97.98021022477064,0.0023104277994311115
2.468340467068651e+19,26.262699568824527,25697879.84618221,139784.78041418106,103.86155550978927,0.002449113189198981
2.6165046987488236e+19,26.262699568824527,27240416.896486573,148175.48050882595,110.09593353766749,0.0025961232872047805
2.773562614198418e+19,26.262699568824527,28875546.04255152,157069.83949873588,116.7045353984521,0.002751957791126561
2.9400480643347137e+19,26.262699568824527,30608825.20351789,166498.0899366083,123.70982419535706,0.0029171463934196465
3.1165269449294365e+19,26.262699568824527,32446145.917340547,176492.27910977785,131.13561139843355,0.003092250581778596
3.303599120128346e+19,26.262699568824527,34393753.36654088,187086.3779712035,139.007137781434,0.0032778655476734327
3.50190046143172e+19,26.262699568824527,36458267.60602207,198316.3966091302,147.35115921697982,0.0034746222094473663
3.712105009066372e+19,26.262699568824527,38646706.06510201,210220.5066479156,156.19603762165713,0.00368318935685269
3.934927263095861e+19,26.262699568824527,40966507.40024984,222839.1709960696,165.57183736016884,0.0039042759243142484
4.171124612056533e+19,26.262699568824527,43425556.77960328,236215.28138253072,175.51042743622813,0.004138633400647488
4.421499907374468e+19,26.262699568824527,46032212.68521005,250394.3041486716,186.04558981754488,0.00438705838342183
4.6869041923142115e+19,26.262699568824527,48795335.32409913,265424.4347916065,197.21313426312173,0.004650395286652113
4.9682395947343675e+19,26.262699568824527,51724316.744744204,281356.7617840574,209.0510200431296,0.004929539211020893
5.266462393484259e+19,26.262699568824527,54829112.761303514,298245.44022770127,221.59948496516301,0.0052254389863892305
5.582586268862678e+19,26.262699568824527,58120276.79412904,316147.8759301514,234.9011821453649,0.005539100396935819
5.917685748188806e+19,26.262699568824527,61608995.741587564,335124.92053135164,249.00132498938055,0.0058715895998884314
6.272899858196231e+19,26.262699568824527,65307128.00511597,355241.07834258507,263.9478408759065,0.0062240367494673975
6.649435996665032e+19,26.262699568824527,69227243.79676278,376564.7256011709,279.79153406522664,0.006597639838359406
7.048574036451889e+19,26.262699568824527,73382667.86622445,399168.342886112,296.58625838647174,0.0069936687697790345
7.471670675868067e+19,26.262699568824527,77787524.79260811,423128.7614846875,314.389100290577,0.007413469673959205
7.920164050192541e+19,26.262699568824527,82456786.99487083,448527.42454741086,333.260572891151,0.00785846948374269
8.395578619995103e+19,26.262699568824527,87406325.62412624,475450.663919034,353.2648216528102,0.008330180784827326
8.899530352885224e+19,26.262699568824527,92652964.51080519,503989.99358656985,374.4698424261321,0.008830206957151369
9.433732216299774e+19,26.262699568824527,98214537.35004023,534242.4207417789,396.9477125703402,0.009360247624894817
1e+20,26.262699568824527,104109948.31965165,566310.7755154478,420.7748359493253,0.009922104433621735
1e+18,27.595947816328525,1121375.7367709058,5805.074530892785,4.421358278440488,0.00010425808491653189
1.0600258488068824e+18,27.595947816328525,1188687.2672020223,6153.529056996839,4.686754061983214,0.00011051626495862672
1.1236548001387516e+18,27.595947816328525,1260039.2293817576,6522.899861800891,4.968080452702862,0.00011715009756973466
1.191103133283008e+18,27.595947816328525,1335674.1536553672,6914.442462687784,5.266293698817231,0.00012418213161416702
1.2626001098748577e+18,27.595947816328525,1415849.1284579453,7329.48774053697,5.582407448155073,0.00013163626947095542
1.3383887531737592e+18,27.595947816328525,1500836.6741761183,7769.446463482341,5.917496193616444,0.00013953784827972103
1.418726674116599e+18,27.595947816328525,1590925.6694640378,8235.814082212497,6.272698925449766,0.00014791372606339724
1.5038869469554132e+18,27.595947816328525,1686422.3331622747,8730.175813112979,6.649223002759908,0.00015679237302054138
1.5941590374560028e+18,27.595947816328525,1787651.2651572232,9254.212026528401,7.048348257406818,0.00016620396829754468
1.689849786812462e+18,27.595947816328525,1894956.5497189825,9809.703958459628,7.4714313442441735,0.000176180502569677
1.7912844546220096e+18,27.595947816328525,2008702.9250680264,10398.539765110401,7.919910352484777,0.00018675588677964498
1.898807824465269e+18,27.595947816328525,2129277.0231461017,11022.720940863272,8.39530969386709,0.00019796606740327518
2.0127853758499466e+18,27.595947816328525,2257088.683805438,11684.369121499987,8.899245284238111,0.0002098491486341173
2.133604526501402e+18,27.595947816328525,2392572.347883249,12385.73329579085,9.43343003616507,0.00022244552190227995
2.2616759492228552e+18,27.595947816328525,2536188.533896817,13129.197449966363,9.99967968124622,0.00023579800316775432
2.3974349678010685e+18,27.595947816328525,2688425.4033782557,13917.288671053748,10.59991894190996,0.0002499519784548667
2.541343036702629e+18,27.595947816328525,2849800.4201700217,14752.685736624162,11.236188073682259,0.0002649555581225797
2.693889309590164e+18,27.595947816328525,3020862.1093209367,15638.228220146211,11.910649800158803,0.00028085974039498876
2.8555923019901005e+18,27.595947816328525,3202191.921561476,16576.926142896235,12.625596664254862,0.0002977185847078787
3.0270016537634555e+18,27.595947816328525,3394406.2096957453,17571.970205232577,13.3834588207201,0.0003155893954605528
3.208699997370444e+18,27.595947816328525,3598158.3236280847,18626.74263201091,14.186812296405785,0.0003345329167975234
3.401304938279246e+18,27.595947816328525,3814140.8311454095,19744.828669004706,15.038387746361456,0.00035461353908213683
3.6054711542504986e+18,27.595947816328525,4043087.8720039004,20930.028769408185,15.941079735523825,0.00037589951776395477
3.821892620633115e+18,27.595947816328525,4285777.653321747,22186.37151184438,16.897956577546836,0.0003984632053838339
4.051304969235378e+18,27.595947816328525,4543035.094759954,23518.127293787675,17.91227076421593,0.0004223812975053097
4.294487988789272e+18,27.595947816328525,4815734.632482375,24929.822846945586,18.98747002089669,0.00044773509340821817
4.5522682755073096e+18,27.595947816328525,5104803.19142583,26426.256623938705,20.127209025596247,0.00047461077243067523
4.825522042741279e+18,27.595947816328525,5411223.3359832475,28012.515108579126,21.335361831471207,0.0005030996868987166
5.115178099293145e+18,27.595947816328525,5736036.609809252,29693.990105187204,22.61603503500723,0.000533298672639289
5.422221006501592e+18,27.595947816328525,6080347.076100404,31476.397065714238,23.973581734629732,0.000565310378132046
5.747694424835359e+18,27.595947816328525,6445325.070383778,33365.7945169662,25.412616327192055,0.0005992436134187618
6.092704661368687e+18,27.595947816328525,6832211.178569843,35368.60465396311,26.938030192635395,0.0006352137199563263
6.458424430196991e+18,27.595947816328525,7242320.453791369,37491.6351694323,28.55500832013376,0.0006733429626704819
6.846096838574672e+18,27.595947816328525,7677046.886361642,39742.10239363545,30.269046932237384,0.0007137609455429187
7.257039612324231e+18,27.595947816328525,8137868.142045733,42127.65582318345,32.08597216692029,0.0007566050521443354
7.692649574879161e+18,27.595947816328525,8626350.584750516,44656.40412221424,34.01195988103368,0.0008020209126108745
8.154407395185187e+18,27.595947816328525,9144154.60070591,47336.94268431331,36.05355664247836,0.0008501628986512128
8.643882620598297e+18,27.595947816328525,9693040.242234642,50178.382848861955,38.21770198245014,0.0009011946482668713
9.162739011886769e+18,27.595947816328525,10274873.210294047,53190.38287112161,40.51175198339519,0.0009552896219693105
9.712740198471207e+18,27.595947816328525,10891631.196125044,56383.18075132374,42.94350428285239,0.001012631692384424
1.0295755673125085e+19,27.595947816328525,11545410.603563877,59767.62903435335,45.52122457817222,0.0010734157692485402
1.0913767146512693e+19,27.595947816328525,12238433.674866777,63355.23169831526,48.253674722205716,0.0011378484619203762
1.1568875283162786e+19,27.595947816328525,12973056.044267392,67158.18325736336,51.15014250545733,0.0012061487816607526
1.2263306841775593e+19,27.595947816328525,13751774.744943796,71189.41021171474,54.2204732259404,0.0012785488860673265
1.2999422244132422e+19,27.595947816328525,14577236.696610095,75462.61498573427,57.475103154038315,0.0013552948681946116
1.377972359833554e+19,27.595947816328525,15452247.702582953,79992.32250343992,60.92509500612258,0.0014366475930416049
1.460686320364986e+19,27.595947816328525,16379781.986904694,84793.9295597428,64.58217554750506,0.001522883584250292
1.548365256585496e+19,27.595947816328525,17362992.30394033,89883.75715523736,68.45877545253913,0.0016142959640289831
1.6413071953751267e+19,27.595947816328525,18405220.654811714,95279.10597243217,72.56807155735756,0.0017111954494953474
1.7398280529303622e+19,27.595947816328525,19510009.647094753,100998.3151819883,76.92403164886653,0.0018139114088257806
1.8442627085855328e+19,27.595947816328525,20681114.53639208,107060.8247788522,81.54146194223723,0.0019227929808010359
1.9549661430912594e+19,27.595947816328525,21922515.990711365,113487.24166016771,86.43605740827411,0.0020382102615535335
2.0723146452190294e+19,27.595947816328525,23238433.621036272,120299.40966957106,91.6244551217262,0.0021605555625501824
2.1967070907932353e+19,27.595947816328525,24633340.324081372,127520.48384595398,97.12429081187592,0.0022902447440866884
2.3285662984981967e+19,27.595947816328525,26111977.485983163,135175.0091290717,102.95425880762528,0.0024277186288259936
2.468340467068651e+19,27.595947816328525,27679371.098605502,143289.00378952228,109.13417558083641,0.002573444500185554
2.6165046987488236e+19,27.595947816328525,29340848.843239985,151890.04786668095,115.68504710391548,0.002727917690666596
2.773562614198418e+19,27.595947816328525,31102058.199769903,161007.37691519648,122.62914025059219,0.0028916632655241687
2.9400480643347137e+19,27.595947816328525,32968985.64285215,170671.98137870082,129.9900584825922,0.003065237807500938
3.1165269449294365e+19,27.595947816328525,34947976.990366265,180916.71192850976,137.79282207946608,0.003249231308691129
3.303599120128346e+19,27.595947816328525,37045758.973296404,191776.3911253688,146.06395318428176,0.0034442691759652114
3.50190046143172e+19,27.595947816328525,39269462.100363694,203287.9317837897,154.831565954257,0.0036510143567719047
3.712105009066372e+19,27.595947816328525,41626644.89512773,215490.4624413073,164.12546212276007,0.003870169592543252
3.934927263095861e+19,27.595947816328525,44125319.587940454,228425.46035913442,173.9772322975006,0.004102479807362247
4.171124612056533e+19,27.595947816328525,46773979.35008153,242136.89250629433,184.42036333923022,0.004348734640012262
4.421499907374468e+19,27.595947816328525,49581627.16264536,256671.36500644338,195.49035218593957,0.004609771128014852
4.6869041923142115e+19,27.595947816328525,52557806.418309964,272078.2815553785,207.2248265094587,0.004886476552779444
4.9682395947343675e+19,27.595947816328525,55712633.35999638,288410.01134765573,219.6636726145461,0.005179791455534917
5.266462393484259e+19,27.595947816328525,59056831.4666968,305722.0670832014,232.84917101527137,0.005490712834296037
5.582586268862678e+19,27.595947816328525,62601767.90333027,324073.29365886515,246.82614014944195,0.0058202975327295
5.917685748188806e+19,27.595947816328525,66359492.15853911,343526.06818638055,261.6420887196387,0.006169665832440191
6.272899858196231e+19,27.595947816328525,70342777.00174908,364146.5120165591,277.34737717864067,0.006540005260887234
6.649435996665032e+19,27.595947816328525,74565161.89871232,386004.7154904186,293.9953889081512,0.006932574627873468
7.048574036451889e+19,27.595947816328525,79040999.03310515,409174.97618119017,311.6427116726725,0.00734870830432863
7.471670675868067e+19,27.595947816328525,83785502.09061125,433736.051437002,330.3493299653031,0.007789820757930141
7.920164050192541e+19,27.595947816328525,88814797.97131102,459771.4260826537,350.1788288992554,0.008257411360978371
8.395578619995103e+19,27.595947816328525,94145981.60615073,487369.5961904158,371.1986103381332,0.008753069486868692
8.899530352885224e+19,27.595947816328525,99797174.06381707,516624.369884413,393.4801219996149,0.009278479912483607
9.433732216299774e+19,27.595947816328525,105787584.14552589,547635.1862010456,417.09910031127737,0.009835428544868043
1e+20,27.595947816328525,112137573.67709059,580507.4530892785,442.13582784404883,0.010425808491653189
1e+18,28.996879543393113,1207841.8665213482,5950.6002298027715,4.645812286333704,0.00010955083513966941
1.0600258488068824e+18,28.996879543393113,1280343.5997837817,6307.790059507113,4.924681112218328,0.0001161267170064309
1.1236548001387516e+18,28.996879543393113,1357197.3111252624,6686.420511924642,5.220289276082454,0.00012309732176389853
1.191103133283008e+18,28.996879543393113,1438664.2317239747,7087.7785786326685,5.53364157089677,0.0001304863429886305
1.2626001098748577e+18,28.996879543393113,1525021.2733813075,7513.228503970333,5.865803103182898,0.00013831889648422901
1.3383887531737592e+18,28.996879543393113,1616561.9697645737,7964.216422201217,6.2179029133854975,0.0001466216056517262
1.418726674116599e+18,28.996879543393113,1713597.4741486178,8442.275273025556,6.591137813560249,0.00015542269198439904
1.5038869469554132e+18,28.996879543393113,1816457.6170477185,8949.03001215027,6.986776455422342,0.00016475207099461323
1.5941590374560028e+18,28.996879543393113,1925492.0273327345,9486.203134627855,7.406163642583009,0.00017464145389875664
1.689849786812462e+18,28.996879543393113,2041071.3206442667,10055.6205297384,7.850724901631726,0.0001851244554058975
1.7912844546220096e+18,28.996879543393113,2163588.3591413237,10659.217687315862,8.3219713276015,0.00019623670797654837
1.898807824465269e+18,28.996879543393113,2293459.586867471,11299.04627661433,8.821504720287317,0.000208015982939909
2.0127853758499466e+18,28.996879543393113,2431126.4452734734,11977.28112007635,9.351023028876483,0.000220502318881275
2.133604526501402e+18,28.996879543393113,2577056.8737078514,12696.227585707476,9.912326123397417,0.00023373815773600746
2.2616759492228552e+18,28.996879543393113,2731746.8999757757,13458.329423184923,10.507321912604983,0.0002477684890526683
2.3974349678010685e+18,28.996879543393113,2895722.326372391,14266.177070334239,11.138032829096252,0.0002626410029156535
2.541343036702629e+18,28.996879543393113,3069540.516921935,15122.516458210335,11.806602703701678,0.0002784062520471565
2.693889309590164e+18,28.996879543393113,3253792.29189729,16030.258344710457,12.515304052517001,0.00029511782363942984
2.8555923019901005e+18,28.996879543393113,3449103.936059717,16992.488208445317,13.266545801345552,0.00031283252150142654
3.0270016537634555e+18,28.996879543393113,3656139.3274448607,18012.47673649819,14.062881473806701,0.000331610559138947
3.208699997370444e+18,28.996879543393113,3875602.1939309626,19093.690941720713,14.90701787094253,0.0003515157644245871
3.401304938279246e+18,28.996879543393113,4108238.505259484,20239.80594735378,15.80182427182522,0.00037261579655317305
3.6054711542504986e+18,28.996879543393113,4354839.008638803,21454.717479030278,16.750342186438726,0.0003949823760201299
3.821892620633115e+18,28.996879543393113,4616241.91654967,22742.555106620934,17.755795693985444,0.00041869152840449746
4.051304969235378e+18,28.996879543393113,4893335.755888473,24107.69628093315,18.821602401758508,0.00044382384278522836
4.294487988789272e+18,28.996879543393113,5187062.388132746,25554.781212974685,19.95138506182972,0.00047046474566914397
4.5522682755073096e+18,28.996879543393113,5498420.210794669,27088.72864635766,21.148983885038998,0.0004987047913616483
4.825522042741279e+18,28.996879543393113,5828467.551044537,28714.752576454594,22.418469594141545,0.0005286399697671906
5.115178099293145e+18,28.996879543393113,6178326.263039355,30438.379973135892,23.764157260481177,0.0005603720326657109
5.422221006501592e+18,28.996879543393113,6549185.541184147,32265.469567329787,25.190620971221797,0.0005940088395741082
5.747694424835359e+18,28.996879543393113,6942305.962287487,34202.23176526139,26.70270937699184,0.0006296647243683353
6.092704661368687e+18,28.996879543393113,7359023.770350874,36255.24975806093,28.305562172789273,0.0006674608839122963
6.458424430196991e+18,28.996879543393113,7800755.418556209,38431.50189849405,30.00462756816693,0.0007075257900145239
6.846096838574672e+18,28.996879543393113,8269002.383889934,40738.38542087447,31.805680806080538,0.0007499956261129058
7.257039612324231e+18,28.996879543393113,8765356.270769063,43183.74158478439,33.71484379334629,0.0007950147501717821
7.692649574879161e+18,28.996879543393113,9291504.221016703,45775.88232806813,35.738605909433346,0.0008427361853648348
8.154407395185187e+18,28.996879543393113,9849234.648575965,48523.6185196944,37.88384606432176,0.0008933221402116335
8.643882620598297e+18,28.996879543393113,10440443.31845489,51436.289908520404,40.15785608040194,0.0009469445599358176
9.162739011886769e+18,28.996879543393113,11067139.790565291,54523.79686975623,42.5683654778927,0.001003785710919025
9.712740198471207e+18,28.996879543393113,11731454.250358395,57796.63405703739,45.1235677480248,0.0010640388002371593
1.0295755673125085e+19,28.996879543393113,12435644.749475166,61265.92607449132,47.83214820329445,0.0011279086323848421
1.0913767146512693e+19,28.996879543393113,13182104.881023264,64943.46529005237,50.703313499453806,0.0011956123054203524
1.1568875283162786e+19,28.996879543393113,13973371.915568033,68841.75191854808,53.74682292957998,0.0012673799488971626
1.2263306841775593e+19,28.996879543393113,14812135.425494255,72974.03651081174,56.973021596601214,0.0013434555060905377
1.2999422244132422e+19,28.996879543393113,15701246.427052042,77354.36499323764,60.392875577030054,0.0014240975631779021
1.377972359833554e+19,28.996879543393113,16643727.07116187,81997.62641087413,64.01800919542973,0.0015095802281914687
1.460686320364986e+19,28.996879543393113,17642780.91591845,86919.60353633651,67.86074453631221,0.0016001940627307493
1.548365256585496e+19,28.996879543393113,18701803.81571032,92137.0265165628,71.93414332777135,0.001696247069601896
1.6413071953751267e+19,28.996879543393113,19824395.463968124,97667.6297397617,76.25205133921676,0.0017980657397409366
1.7398280529303622e+19,28.996879543393113,21014371.628776122,103530.21211584723,80.82914544411922,0.0019059961619794612
1.8442627085855328e+19,28.996879543393113,22275777.122936677,109744.70097525754,85.68098350773742,0.0020204051994249382
1.9549661430912594e+19,28.996879543393113,23612899.552573882,116332.21980335485,90.82405726939785,0.002141681736454259
2.0723146452190294e+19,28.996879543393113,25030283.891008783,123315.16004064005,96.27584839907836,0.0022702380005591234
2.1967070907932353e+19,28.996879543393113,26532747.927443825,130717.25719283603,102.05488791883577,0.0024065109635363247
2.3285662984981967e+19,28.996879543393113,28125398.642967694,138563.67150954358,108.18081919105516,0.0025509638267856615
2.468340467068651e+19,28.996879543393113,29813649.569543764,146881.07350570196,114.67446468762212,0.0027040875957641238
2.6165046987488236e+19,28.996879543393113,31603239.190986577,155697.7346165478,121.55789676697151,0.0028664027489480274
2.773562614198418e+19,28.996879543393113,33500250.44847247,165043.6232942148,128.85451269958835,0.0030384610069760136
2.9400480643347137e+19,28.996879543393113,35511131.41688518,174950.5068726134,136.58911419697836,0.0032208472079863636
3.1165269449294365e+19,28.996879543393113,37642717.222276464,185452.05954683633,144.78799171443217,0.003414181295523022
3.303599120128346e+19,28.996879543393113,39902253.27494106,196583.9768341197,153.47901381413485,0.0036191204257673736
3.50190046143172e+19,28.996879543393113,42297419.8970766,208384.09690542024,162.6917218923715,0.0038363612012583853
3.712105009066372e+19,28.996879543393113,44836358.42873975,220892.52920002377,172.45743059281438,0.004066642038693712
3.934927263095861e+19,28.996879543393113,47527698.90083445,234151.7907603542,182.80933424720206,0.004310745678860052
4.171124612056533e+19,28.996879543393113,50380589.36919499,248206.95075039603,193.78261970521146,0.0045695018472242275
4.421499907374468e+19,28.996879543393113,53404727.009471476,263105.7836489544,205.41458593703638,0.004843790074228439
4.6869041923142115e+19,28.996879543393113,56610391.078515306,278898.93163848517,217.7447708152231,0.005134542684876396
4.9682395947343675e+19,28.996879543393113,60008477.854292266,295640.07674141554,230.81508550666504,0.0054427479677712255
5.266462393484259e+19,28.996879543393113,63610537.673105165,313386.1232891509,244.66995693163577,0.005769453534378628
5.582586268862678e+19,28.996879543393113,67428814.18999547,332197.3913438805,259.3564787740006,0.006115769879931574
5.917685748188806e+19,28.996879543393113,71476285.9957915,352137.82173072896,274.9245715559741,0.006482874158082031
6.272899858196231e+19,28.996879543393113,75766710.73225237,373275.19337712263,291.42715232149,0.006872014182129109
6.649435996665032e+19,28.996879543393113,80314671.85526136,395681.35369813757,308.92031450496,0.007284512666424342
7.048574036451889e+19,28.996879543393113,85135628.20501965,419432.4628109246,327.46351859680937,0.007721771722370951
7.471670675868067e+19,28.996879543393113,90245966.55173312,444609.2524083115,347.1197942538712,0.00818527762429925
7.920164050192541e+19,28.996879543393113,95663057.29539843,471297.30017151387,367.9559545416302,0.008676605861417795
8.395578619995103e+19,28.996879543393113,101405313.50901613,499587.320654701,390.04282303653815,0.009197426493012167
8.899530352885224e+19,28.996879543393113,107492253.52592283,529575.4736301556,413.455474560339,0.009749509825094132
9.433732216299774e+19,28.996879543393113,113944567.28398097,561363.6909421125,438.27349036467575,0.010334732427796447
1e+20,28.996879543393113,120784186.65213485,595060.0229802772,464.5812286333704,0.010955083513966941
1e+18,30.46893075933914,1300975.1563938295,6099.774069478312,4.881660892557705,0.00011511227632281206
1.0600258488068824e+18,30.46893075933914,1379067.2944330357,6465.91818552896,5.174686731220845,0.00012202198841718125
1.1236548001387516e+18,30.46893075933914,1461846.9793431894,6854.040412931193,5.485301694572088,0.0001293464618450261
1.191103133283008e+18,30.46893075933914,1549595.5851040415,7265.4600064740625,5.814561584750608,0.00013711059300744086
1.2626001098748577e+18,30.46893075933914,1642611.3754073093,7701.5754103351255,6.163585579315154,0.00014534077273312747
1.3383887531737592e+18,30.46893075933914,1741210.5174759738,8163.869011490707,6.533560035407408,0.0001540649759826817
1.418726674116599e+18,30.46893075933914,1845728.1567389397,8653.91217845364,6.9257425222634605,0.00016331285693745406
1.5038869469554132e+18,30.46893075933914,1956519.5560139574,9173.370602465537,7.341466095780245,0.00017311584979620172
1.5941590374560028e+18,30.46893075933914,2073961.3030709594,9724.009959298632,7.782143829666403,0.00018350727562214348
1.689849786812462e+18,30.46893075933914,2198452.5906804223,10307.70191091211,8.249273618579371,0.00019452245560360118
1.7912844546220096e+18,30.46893075933914,2330416.573497704,10926.430467362934,8.744443269574822,0.00020619883111320646
1.898807824465269e+18,30.46893075933914,2470301.8063955302,11582.298730595776,9.26933589917468,0.00021857609097376365
2.0127853758499466e+18,30.46893075933914,2618583.7691335967,12277.536043034663,9.825735654398747,0.00023169630636335419
2.133604526501402e+18,30.46893075933914,2775766.4825477432,13014.505565274805,10.415533777205994,0.000245604073818232
2.2616759492228552e+18,30.46893075933914,2942384.221752366,13795.71230863232,11.040735032959537,0.00026034666681959954
2.3974349678010685e+18,30.46893075933914,3119003.3321790304,14623.811649853531,11.703464524764817,0.0002759741964794886
2.541343036702629e+18,30.46893075933914,3306224.1546245716,15501.618356927967,12.405974916845064,0.0002925397818719673
2.693889309590164e+18,30.46893075933914,3504683.0658517284,16432.116156682914,13.15065409150558,0.0003100997305886123
2.8555923019901005e+18,30.46893075933914,3715054.641678586,17418.467876681098,13.940033265713906,0.0003287137301319794
3.0270016537634555e+18,30.46893075933914,3938053.949909291,18464.026195894297,14.776795594884561,0.000348445050797628
3.208699997370444e+18,30.46893075933914,4174438.9808998927,19572.345040695363,15.663785293113305,0.0003693607607343128
3.401304938279246e+18,30.46893075933914,4425013.224020946,20747.191664904276,16.604017300861194,0.00039153195391334575
3.6054711542504986e+18,30.46893075933914,4690628.398774482,21992.55945494923,17.60068753294955,0.00041503399178201153
3.821892620633115e+18,30.46893075933914,4972187.349848589,23312.68150366839,18.657183741699562,0.0004399467594224355
4.051304969235378e+18,30.46893075933914,5270647.115950094,24712.044998890593,19.777097032141047,0.00046635493708660454
4.294487988789272e+18,30.46893075933914,5587022.182846544,26195.406475702872,20.964234068431384,0.0004943482880305081
4.5522682755073096e+18,30.46893075933914,5922387.931674789,27767.80798424824,22.222630012975134,0.0005240219636257684
4.825522042741279e+18,30.46893075933914,6277884.294237206,29434.59422800927,23.556562242225272,0.0005554768267858546
5.115178099293145e+18,30.46893075933914,6654719.62771019,31201.43073083169,24.970564885787,0.000588819794806229
5.422221006501592e+18,30.46893075933914,7054174.821935316,33074.32309443901,26.469444238243703,0.0006241642027837674
5.747694424835359e+18,30.46893075933914,7477607.65325412,35059.63741189578,28.05829509609072,0.0006616301888507341
6.092704661368687e+18,30.46893075933914,7926457.39968554,37164.121906406355,29.742518075307554,0.0007013451025327574
6.458424430196991e+18,30.46893075933914,8402249.733133258,39394.92986900085,31.52783796843193,0.000743443937618836
6.846096838574672e+18,30.46893075933914,8906601.905251984,41759.64397307524,33.42032320353292,0.0007880697910147377
7.257039612324231e+18,30.46893075933914,9441228.24459973,44266.30204843229,35.42640647122533,0.0008353743491394597
7.692649574879161e+18,30.46893075933914,10007945.983761342,46923.42440243127,37.55290658983826,0.0008855184035180527
8.154407395185187e+18,30.46893075933914,10608681.436250046,49740.04278111279,39.807051683058866,0.0009386723973233391
8.643882620598297e+18,30.46893075933914,11245476.544182772,52725.73106873973,42.19650374883392,0.000995017004724264
9.162739011886769e+18,30.46893075933914,11920495.81898523,55890.63783010425,44.729384703040466,0.0010547437450101195
9.712740198471207e+18,30.46893075933914,12636033.698718714,59245.52080621431,47.41430398645006,0.001118055633578102
1.0295755673125085e+19,30.46893075933914,13394522.347036563,62801.78348061263,50.26038782882385,0.0011851678719969345
1.0913767146512693e+19,30.46893075933914,14198539.920280188,66571.51384062244,53.27731026961211,0.001256308579492197
1.1568875283162786e+19,30.46893075933914,15050819.330813412,70567.52546526493,56.47532604069322,0.0013317195683395851
1.2263306841775593e+19,30.46893075933914,15954257.53638452,74803.40107951874,59.86530542293125,0.0014116571658019036
1.2999422244132422e+19,30.46893075933914,16911925.3870896,79293.53872295852,63.45877119502595,0.0014963930854034807
1.377972359833554e+19,30.46893075933914,17927078.06340832,84053.2006897055,67.26793780024914,0.0015862153505035747
1.460686320364986e+19,30.46893075933914,19003166.140791647,89098.56540604032,71.30575286419767,0.0016814292733080584
1.548365256585496e+19,30.46893075933914,20143847.318410873,94446.78242201342,75.58594120468493,0.001782358492647114
1.6413071953751267e+19,30.46893075933914,21352998.85193473,100116.03070397372,80.12305148336324,0.0018893460740464125
1.7398280529303622e+19,30.46893075933914,22634730.732594494,106125.58042615563,84.93250565764964,0.002002755675830999
1.8442627085855328e+19,30.46893075933914,23993399.65733371,112495.85847135872,90.03065140104543,0.0021229727852255568
1.9549661430912594e+19,30.46893075933914,25433623.83752792,119248.51786336092,95.4348176700297,0.0022504060286526314
2.0723146452190294e+19,30.46893075933914,26960298.696610495,126406.51136707183,101.1633736064033,0.0023854885606826312
2.1967070907932353e+19,30.46893075933914,28578613.509961627,133994.16950659716,107.23579097529543,0.0025286795363567145
2.3285662984981967e+19,30.46893075933914,30294069.043620918,142037.28326640397,113.67271035106498,0.0026804656718871205
2.468340467068651e+19,30.46893075933914,32112496.25177856,150563.19175669344,120.49601127606654,0.002841362899039855
2.6165046987488236e+19,30.46893075933914,34040076.09659939,159600.87514096237,127.72888663075612,0.0030119181188231073
2.773562614198418e+19,30.46893075933914,36083360.557748646,169181.0531416199,135.3959214679253,0.003192711060442292
2.9400480643347137e+19,30.46893075933914,38249294.90303229,179336.2894584879,143.5231765790275,0.0033843562518404624
3.1165269449294365e+19,30.46893075933914,40545241.295851566,190101.1024551104,152.13827707664373,0.0035875051085220663
3.303599120128346e+19,30.46893075933914,42979003.81971492,201512.08248910253,161.2705062941859,0.0038028481477601294
3.50190046143172e+19,30.46893075933914,45558855.00486755,213608.01628535346,170.9509053220101,0.004031117335713112
3.712105009066372e+19,30.46893075933914,48293563.9472044,226430.01877483615,181.21237851826876,0.00427308857542943
3.934927263095861e+19,30.46893075933914,51192426.1150448,240021.672847154,192.08980535314188,0.004529584344196573
4.171124612056533e+19,30.46893075933914,54265294.94508399,254429.17749185226,203.62015896661308,0.004801476489199339
4.421499907374468e+19,30.46893075933914,57522615.33491801,269701.50483203545,215.84263184277458,0.0050896891909897775
4.6869041923142115e+19,30.46893075933914,60975459.145988755,285890.5665840742,228.7987690278504,0.0053952021048421965
4.9682395947343675e+19,30.46893075933914,64635562.837615594,303051.39050916134,242.53260934471504,0.005719053690669983
5.266462393484259e+19,30.46893075933914,68515367.36005405,321242.30745657976,257.0908350839796,0.006062344742824582
5.582586268862678e+19,30.46893075933914,72628060.44215666,340525.1496343424,272.5229306803656,0.006426242131772567
5.917685748188806e+19,30.46893075933914,76987621.41739467,360965.46078123443,288.88135091379377,0.006811982770370766
6.272899858196231e+19,30.46893075933914,81608868.74059671,382632.7189545955,306.2216992068731,0.007220877818220129
6.649435996665032e+19,30.46893075933914,86507510.35692048,405600.5726911304,324.6029166248515,0.007654317138389583
7.048574036451889e+19,30.46893075933914,91700197.09426482,429947.0913434731,344.08748222044795,0.008113774021658486
7.471670675868067e+19,30.46893075933914,97204579.26060647,455755.03044341534,364.74162540455336,0.008600810194335767
7.920164050192541e+19,30.46893075933914,103039366.63864027,483112.1129937879,386.6355510646637,0.00911708112667766
8.395578619995103e+19,30.46893075933914,109224392.08164817,512111.32764512644,409.8436781962368,0.009664341659947694
8.899530352885224e+19,30.46893075933914,115780678.92676486,542851.2447706447,434.4448928581007,0.01024445197124577
9.433732216299774e+19,30.46893075933914,122730512.45478104,575436.3515138753,460.52281631172326,0.010859383896381136
1e+20,30.46893075933914,130097515.63938293,609977.4069478312,488.16608925577043,0.011511227632281204
1e+18,32.0157119054187,1401289.6923572845,6252.687504082797,5.129482553573746,0.00012095604879073335
1.0600258488068824e+18,32.0157119054187,1485403.2955653653,6628.0103788395545,5.437384097792105,0.00012821653828772378
1.1236548001387516e+18,32.0157119054187,1574565.8892022173,7025.862327730226,5.763767693551121,0.00013591284482952456
1.191103133283008e+18,32.0157119054187,1669080.5432039439,7447.595677552532,6.109742741682215,0.0001440711287041749
1.2626001098748577e+18,32.0157119054187,1769268.5195368128,7894.643929668091,6.476485235743378,0.0001527191204932086
1.3383887531737592e+18,32.0157119054187,1875470.3641893065,8368.52663257452,6.865241759304117,0.000161886215329854
1.418726674116599e+18,32.0157119054187,1988047.0647119223,8870.854546957808,7.277333723170801,0.0001716035728151622
1.5038869469554132e+18,32.0157119054187,2107381.277239287,9403.335120781343,7.714161856955078,0.00018190422293168598
1.5941590374560028e+18,32.0157119054187,2233878.6271653073,9967.778293021809,8.177210970252483,0.00019282317831471679
1.689849786812462e+18,32.0157119054187,2367969.087892458,10566.102645779261,8.668054999614839,0.0002043975532626985
1.7912844546220096e+18,32.0157119054187,2510108.442341662,11200.341925672808,9.188362358471462,0.00021666668989134199
1.898807824465269e+18,32.0157119054187,2660779.8321905416,11872.65195668863,9.739901608183919,0.00022967229186024733
2.0127853758499466e+18,32.0157119054187,2820495.4001060133,12585.31796797756,10.324547469510678,0.00024345856612658073
2.133604526501402e+18,32.0157119054187,2989798.030553259,13340.762361509811,10.944287194914915,0.0002580723732076331
2.2616759492228552e+18,32.0157119054187,3169263.195098364,14141.552945990346,11.601227323375976,0.0002735633864630278
2.3974349678010685e+18,32.0157119054187,3359500.9084765557,14990.411665020887,12.297600840663218,0.0002899842609379563
2.541343036702629e+18,32.0157119054187,3561157.802075354,15890.22384917836,13.035774769412258,0.0003073908123413936
2.693889309590164e+18,32.0157119054187,3774919.321880178,16844.048023456653,13.818258214801572,0.0003258422067676229
2.8555923019901005e+18,32.0157119054187,4001512.058353538,17855.12630340853,14.647710893177711,0.0003454011618059571
3.0270016537634555e+18,32.0157119054187,4241706.216167184,18926.89541532472,15.526952172618522,0.00036613415972224303
3.208699997370444e+18,32.0157119054187,4496318.232182049,20062.99837790868,16.458970656163817,0.00038811167343676535
3.401304938279246e+18,32.0157119054187,4766213.550574637,21267.29688515375,17.44693434028762,0.0004114084060666667
3.6054711542504986e+18,32.0157119054187,5052309.564542745,22543.884432513074,18.494201383141327,0.0004361035448471049
3.821892620633115e+18,32.0157119054187,5355578.734589553,23897.100230978936,19.604331519169808,0.0004622810302942428
4.051304969235378e+18,32.0157119054187,5677051.89398538,25331.543956366597,20.781098158899496,0.0004900298415249749
4.294487988789272e+18,32.0157119054187,6017821.752642573,26852.091383936346,22.028501215026576,0.0005194442987032135
4.5522682755073096e+18,32.0157119054187,6379046.611313463,28463.9109614971,23.350780698401987,0.0005506243836407696
4.825522042741279e+18,32.0157119054187,6761954.298736222,30172.48137732449,24.752431130126936,0.0005836760796425733
5.115178099293145e+18,32.0157119054187,7167846.345111211,31983.610182608245,26.238216818746704,0.0006187117317513923
5.422221006501592e+18,32.0157119054187,7598102.406093821,33903.453531727755,27.81318805447099,0.0006558504286165457
5.747694424835359e+18,32.0157119054187,8054184.9523412185,35938.53710745441,29.48269827546606,0.0006952184072846117
6.092704661368687e+18,32.0157119054187,8537644.24055312,38095.778302207,31.252422264568118,0.0007369494822880393
6.458424430196991e+18,32.0157119054187,9050123.582903512,40382.50973075579,33.12837543826993,0.0007811855004901714
6.846096838574672e+18,32.0157119054187,9593364.932774479,42806.5041542966,35.11693429354516,0.0008280768232327233
7.257039612324231e+18,32.0157119054187,10169214.80577845,45376.00090061359,37.224858082010726,0.0008777828374245743
7.692649574879161e+18,32.0157119054187,10779630.556194816,48099.733870134776,39.459311785099146,0.0009304724973090978
8.154407395185187e+18,32.0157119054187,11426687.030155016,50986.96122307477,41.82789046833515,0.000986324898751536
8.643882620598297e+18,32.0157119054187,12112583.618190667,54047.49684857344,44.33864509749827,0.0010455298879984594
9.162739011886769e+18,32.0157119054187,12839651.7311169,57291.74372279637,47.00010990442273,0.001108288706978532
9.712740198471207e+18,32.0157119054187,13610362.724661946,60730.72926938359,49.82133139545246,0.0011748146773380003
1.0295755673125085e+19,32.0157119054187,14427336.299779216,64376.14284243879,52.811899101153045,0.0012453339255359874
1.0913767146512693e+19,32.0157119054187,15293349.407195812,68240.37545946929,55.981978171803185,0.001320086151464292
1.1568875283162786e+19,32.0157119054187,16211345.686462974,72336.56191932429,59.34234392945404,0.0013993254432041469
1.2263306841775593e+19,32.0157119054187,17184445.471594702,76678.62544830333,62.90441849400946,0.0014833211406895426
1.2999422244132422e+19,32.0157119054187,18215956.39730276,81281.32502618276,66.68030960781573,0.0015723587512126254
1.377972359833554e+19,32.0157119054187,19309384.64188002,86160.30555302747,70.6828517907306,0.0016667409198830932
1.460686320364986e+19,32.0157119054187,20468446.84494745,91332.15102730831,74.92564996556028,0.0017667884583402401
1.548365256585496e+19,32.0157119054187,21697082.740573976,96814.44091608086,79.4231257021504,0.0018728414352143163
1.6413071953751267e+19,32.0157119054187,22999468.548710085,102625.80990883238,84.19056623731768,0.0019852603320437553
1.7398280529303622e+19,32.0157119054187,24380031.170453604,108786.0112581038,89.24417643724472,0.0021044272685773143
1.8442627085855328e+19,32.0157119054187,25843463.235398337,115315.98392218657,94.60113387896153,0.0022307473016260175
1.9549661430912594e+19,32.0157119054187,27394739.052212577,122237.92373811662,100.27964723813972,0.0023646498018797817
2.0723146452190294e+19,32.0157119054187,29039131.51666469,129575.35886688803,106.2990181816638,0.002506589913368642
2.1967070907932353e+19,32.0157119054187,30782230.03456718,137353.22976732938,112.6797069753564,0.0026570501005293646
2.3285662984981967e+19,32.0157119054187,32629959.52056079,145597.9739704801,119.44340202986297,0.002816541788136052
2.468340467068651e+19,32.0157119054187,34588600.537316665,154337.61594262053,126.61309362108717,0.0029856070996689727
2.6165046987488236e+19,32.0157119054187,36664810.64361129,163601.86234240697,134.2131520357582,0.0031648207000304577
2.773562614198418e+19,32.0157119054187,38865647.02383766,173422.20299589663,142.26941040775174,0.003354791748871377
2.9400480643347137e+19,32.0157119054187,41198590.47587221,183832.0179326848,150.80925252673177,0.0035561659711677075
3.1165269449294365e+19,32.0157119054187,43671570.83883358,194866.69084697627,159.86170591758034,0.003769627852085201
3.303599120128346e+19,32.0157119054187,46292993.94716445,206563.72936925435,169.4575405069993,0.00399590296359268
3.50190046143172e+19,32.0157119054187,49071770.20265487,218962.89255735898,179.62937321265858,0.004235760430732267
3.712105009066372e+19,32.0157119054187,52017344.86152552,232106.3260403247,190.41177881039673,0.004490015545929578
3.934927263095861e+19,32.0157119054187,55139730.13951891,246038.70527434215,201.8414074563191,0.004759532540230098
4.171124612056533e+19,32.0157119054187,58449539.24412598,260807.38739778093,213.95710926326046,0.005045227520881387
4.421499907374468e+19,32.0157119054187,61958022.449625306,276462.57220143586,226.80006635505268,0.0053480715852460906
4.6869041923142115e+19,32.0157119054187,65677105.33756049,293057.4727611635,240.413932847474,0.005669094121630505
4.9682395947343675e+19,32.0157119054187,69619429.33262601,310648.49631284963,254.84498323164237,0.006009386308247434
5.266462393484259e+19,32.0157119054187,73798394.67176765,329295.4359846101,270.14226966429743,0.006370104822208444
5.582586268862678e+19,32.0157119054187,78228205.95252582,349061.6740378188,286.35778869951463,0.0067524757711503215
5.917685748188806e+19,32.0157119054187,82923920.4154658,370014.3973078901,303.5466580286648,0.007157798860861525
6.272899858196231e+19,32.0157119054187,87901499.1247985,392224.82557706325,321.76730382932794,0.007587451813073676
6.649435996665032e+19,32.0157119054187,93177861.22116195,415768.4536554579,341.08165935998534,0.008042895048434742
7.048574036451889e+19,32.0157119054187,98770941.4309721,440725.3079932517,361.5553754755284,0.00852567665058171
7.471670675868067e+19,32.0157119054187,104699751.02782108,467180.21869622136,383.2580437791381,0.009037437628185895
7.920164050192541e+19,32.0157119054187,110984442.4531353,495223.1078692471,406.26343316904627,0.009579917492857014
8.395578619995103e+19,32.0157119054187,117646377.81574333,524949.2952678808,430.64974058421626,0.010154960171865653
8.899530352885224e+19,32.0157119054187,124708201.5031885,556459.8222969101,456.49985680124763,0.010764520275781975
9.433732216299774e+19,32.0157119054187,132193917.15159714,589861.7954572091,483.90164818596287,0.011410669742334687
1e+20,32.0157119054187,140128969.23572847,625268.7504082798,512.9482553573747,0.012095604879073336
1e+18,33.64101671000025,1509339.2001041034,6409.4342804170265,5.389885091676596,0.00012709648533087807
1.0600258488068824e+18,33.64101671000025,1599938.5667278534,6794.166013470989,5.713417519276046,0.00013472555974323552
1.1236548001387516e+18,33.64101671000025,1695976.2372345594,7201.991595364458,6.056370255458702,0.00014281257582280556
1.191103133283008e+18,33.64101671000025,1797778.6504308663,7634.297253976242,6.419909020731366,0.0001513850219068667
1.2626001098748577e+18,33.64101671000025,1905691.839889871,8092.5524266902175,6.805269508963727,0.00016047203634347488
1.3383887531737592e+18,33.64101671000025,2020082.6101436103,8578.314755116495,7.2137615875988725,0.00017010450653476088
1.418726674116599e+18,33.64101671000025,2141339.7834775024,9093.235379624966,7.646773749984978,0.00018031517392538577
1.5038869469554132e+18,33.64101671000025,2269875.5215646857,9639.064551687728,8.105777834962014,0.0001911387452930177
1.5941590374560028e+18,33.64101671000025,2406126.7264325707,10217.657583107115,8.59233402974562,0.00020261201071911352
1.689849786812462e+18,33.64101671000025,2550556.5255236113,10830.981152351198,9.108096173113362,0.00021477396864099746
1.7912844546220096e+18,33.64101671000025,2703655.8458980992,11481.119989432427,9.654817376919212,0.00022766595841029616
1.898807824465269e+18,33.64101671000025,2865945.0829298217,12170.283962051772,10.234355985044225,0.00024133180080830656
2.0127853758499466e+18,33.64101671000025,3037975.8691665954,12900.815587094716,10.848681890038298,0.00025581794699591857
2.133604526501402e+18,33.64101671000025,3220332.949368121,13675.197993011026,11.49988322892361,0.00027117363640438046
2.2616759492228552e+18,33.64101671000025,3413636.1680947132,14496.063360143688,12.19017348091978,0.00028745106410360235
2.3974349678010685e+18,33.64101671000025,3618542.5766024715,15366.201867694659,12.921898991215139,0.00030470555821686266
2.541343036702629e+18,33.64101671000025,3835748.666206879,16288.571177740934,13.697546946359626,0.00032299576798500477
2.693889309590164e+18,33.64101671000025,4065992.735705814,17266.306488536153,14.519753828386984,0.00034238386311933553
2.8555923019901005e+18,33.64101671000025,4310057.400909173,18302.73119127032,15.391314376402894,0.00036293574512085314
3.0270016537634555e+18,33.64101671000025,4568772.254805132,19401.36816651052,16.31519108610005,0.00038472127128409066
3.208699997370444e+18,33.64101671000025,4843016.687405144,20565.951758720144,17.294524279489686,0.00040781449214698104
3.401304938279246e+18,33.64101671000025,5133722.874852534,21800.440469558718,18.33264277907729,0.00043229390319385124
3.6054711542504986e+18,33.64101671000025,5441878.947954866,23109.030413107892,19.433075222764767,0.0004582427116671024
3.821892620633115e+18,33.64101671000025,5768532.350910163,24496.169578758756,20.599562057939224,0.00048574911939448784
4.051304969235378e+18,33.64101671000025,6114793.401643505,25966.572950241083,21.836068255517077,0.0005149066225933376
4.294487988789272e+18,33.64101671000025,6481839.06585588,27525.238532185136,23.146796787159506,0.0005458143296707878
4.5522682755073096e+18,33.64101671000025,6870916.957613489,29177.464338691454,24.53620291146917,0.0005785772981002363
4.825522042741279e+18,33.64101671000025,7283349.58007584,30928.866401653948,26.00900931772801,0.0006133068915190957
5.115178099293145e+18,33.64101671000025,7720538.820777143,32785.397860047895,27.570222178650745,0.0006501211582616398
5.422221006501592e+18,33.64101671000025,8183970.7167407805,34753.36919506862,29.225148166718597,0.0006891452326136084
5.747694424835359e+18,33.64101671000025,8675220.505623816,36839.46967990157,30.979412491932784,0.0007305117601524567
6.092704661368687e+18,33.64101671000025,9195957.980060756,39050.79011703307,32.838978022299585,0.0007743613486190177
6.458424430196991e+18,33.64101671000025,9747953.163406327,41394.8469403874,34.81016555203867,0.0008208430458531163
6.846096838574672e+18,33.64101671000025,10333082.326169526,43879.60776421513,36.8996752864079,0.0008701148464176765
7.257039612324231e+18,33.64101671000025,10953334.363589248,46513.51846557522,39.11460961617288,0.0009223442286333677
7.692649574879161e+18,33.64101671000025,11610817.556029286,49305.531892465966,41.46249725913349,0.0009777087238492146
8.154407395185187e+18,33.64101671000025,12307766.735171795,52265.13829518605,43.951318850766015,0.0010363965198841576
8.643882620598297e+18,33.64101671000025,13046550.880367596,55402.39758436369,46.589534070965186,0.0010986071006907033
9.162739011886769e+18,33.64101671000025,13829681.17096384,58727.973525301495,49.38611039909205,0.001164551924414931
9.712740198471207e+18,33.64101671000025,14659819.521979503,62253.16998486583,52.350553595067936,0.0012344551421576253
1.0295755673125085e+19,33.64101671000025,15539787.632141901,65989.969354126,55.49294001012163,0.0013085543598796469
1.0913767146512693e+19,33.64101671000025,16472576.575039912,69951.07327734758,58.823950837018586,0.0013871014460413694
1.1568875283162786e+19,33.64101671000025,17461356.965993054,74149.9458257728,62.35490841618495,0.0014703633877212567
1.2263306841775593e+19,33.64101671000025,18509489.739196755,78600.85926294916,66.09781472114187,0.0015586231981237883
1.2999422244132422e+19,33.64101671000025,19620537.57177432,83318.94255715798,70.06539215405846,0.0016521808785612663
1.377972359833554e+19,33.64101671000025,20798276.993567403,88320.23280584328,74.2711267900929,0.001751354438179407
1.460686320364986e+19,33.64101671000025,22046711.223826937,93621.72974683548,78.72931421751181,0.0018564809748928268
1.548365256585496e+19,33.64101671000025,23370083.778437372,99241.45354165783,83.45510812940171,0.001967917821204597
1.6413071953751267e+19,33.64101671000025,24772892.89392603,105198.50602732463,88.4645718321392,0.002086043758804594
1.7398280529303622e+19,33.64101671000025,26259906.817285925,111513.13564483073,93.77473284570078,0.0022112603060751392
1.8442627085855328e+19,33.64101671000025,27836180.013583153,118206.80626502872,99.4036407814026,0.002343993082880266
1.9549661430912594e+19,33.64101671000025,29507070.34643966,125302.27014583777,105.37042869380075,0.0024846932572776155
2.0723146452190294e+19,33.64101671000025,31278257.28978909,132823.64526877095,111.6953781152912,0.0026338390790704414
2.1967070907932353e+19,33.64101671000025,33155761.23280874,140796.4973176532,118.39998799446725,0.0027919375054123825
2.3285662984981967e+19,33.64101671000025,35145963.943646416,149247.9265781813,125.50704777255984,0.002959525923990531
2.468340467068651e+19,33.64101671000025,37255630.261499874,158206.66005370388,133.0407148463537,0.0031371739796440356
2.6165046987488236e+19,33.64101671000025,39491931.09078177,167703.14911032934,141.02659668088046,0.0033254855106270337
2.773562614198418e+19,33.64101671000025,41862467.77552886,177769.67298326403,149.49183785099618,0.0035251006010974103
2.9400480643347137e+19,33.64101671000025,44375297.93690574,188440.44849620637,158.46521230770307,0.003736697756807934
3.1165269449294365e+19,33.64101671000025,47038962.861626804,199751.74636674076,167.97722118283573,0.003960996211395102
3.303599120128346e+19,33.64101671000025,49862516.53439138,211742.0144930615,178.0601964645569,0.00419875837110494
3.50190046143172e+19,33.64101671000025,52855556.41301543,224452.0086410867,188.74841089606218,0.004450792406265517
3.712105009066372e+19,33.64101671000025,56028256.05086673,237924.93097617762,200.07819447104853,0.004717954998314832
3.934927263095861e+19,33.64101671000025,59391399.67748936,252206.57691034162,212.08805792192172,0.005001154251721353
4.171124612056533e+19,33.64101671000025,62956418.85495946,267345.49076406314,224.81882362048833,0.005301352780695076
4.421499907374468e+19,33.64101671000025,66735431.33456948,283393.13077186624,238.31376433607093,0.0056195709811809776
4.6869041923142115e+19,33.64101671000025,70741282.24592102,300404.04399248987,252.61875032270905,0.005956890499256941
4.9682395947343675e+19,33.64101671000025,74987587.75841905,318436.0517181565,267.7824052353614,0.0063144579077244415
5.266462393484259e+19,33.64101671000025,79488781.36359873,337550.44601325114,283.8562714051625,0.006693488603390931
5.582586268862678e+19,33.64101671000025,84260162.93557346,357812.1980503383,300.8949850354142,0.007095270938288666
5.917685748188806e+19,33.64101671000025,89317950.73638745,379290.17895176617,318.9564619138991,0.007521170598874248
6.272899858196231e+19,33.64101671000025,94679336.54303041,402057.3938874603,338.10209427272093,0.007972635248093043
6.649435996665032e+19,33.64101671000025,100362544.08349831,426191.23022463813,358.39695946482556,0.008451199446087496
7.048574036451889e+19,33.64101671000025,106386890.98052847,451773.72057292156,379.91004116650765,0.008958489866275156
7.471670675868067e+19,33.64101671000025,112772854.41355994,478891.8216189545,402.71446385778495,0.009496230824526178
7.920164050192541e+19,33.64101671000025,119542140.72210887,507637.7096983064,426.88774137765705,0.010066250140234441
8.395578619995103e+19,33.64101671000025,126717759.18714522,538109.0941093289,452.51204039910374,0.01067048534920441
8.899530352885224e+19,33.64101671000025,134324100.24125972,570409.5492339439,479.6744597193942,0.011310990289471808
9.433732216299774e+19,33.64101671000025,142387018.37346208,604648.8665942627,508.4673263150336,0.011989942082443758
1e+20,33.64101671000025,150933920.01041034,640943.4280417027,538.9885091676596,0.012709648533087805
1e+18,35.348831493294746,1625720.1015577372,6570.1104953926615,5.663507185776017,0.00013354864634681793
1.0600258488068824e+18,35.348831493294746,1723305.330576151,6964.486954633611,6.003464011826099,0.00014156501720079582
1.1236548001387516e+18,35.348831493294746,1826748.1957974099,7382.536195589954,6.363827034917534,0.00015006257751963453
1.191103133283008e+18,35.348831493294746,1936400.3068065904,7825.679197077773,6.7458211543486435,0.00015907021110939915
1.2626001098748577e+18,35.348831493294746,2052634.3788525637,8295.42223337273,7.150744795037846,0.00016861853555113086
1.3383887531737592e+18,35.348831493294746,2175845.4997333763,8793.361994142411,7.579974320961389,0.00017874000627216097
1.418726674116599e+18,35.348831493294746,2306452.472727508,9321.191011706991,8.034968713511468,0.0001894690268643949
1.5038869469554132e+18,35.348831493294746,2444899.2401357093,9880.703414075786,8.517274530676739,0.00020084206602454422
1.5941590374560028e+18,35.348831493294746,2591656.3922721567,10473.801023314745,9.02853116390185,0.0002128977815137954
1.689849786812462e+18,35.348831493294746,2747222.7670340757,11102.499819973607,9.570476410494448,0.00022567715155826315
1.7912844546220096e+18,35.348831493294746,2912127.145486889,11768.936795545784,10.144952380520625,0.0002392236141368674
1.898807824465269e+18,35.348831493294746,3086930.0492283027,12475.37721625297,10.753911758266776,0.00025358321463008295
2.0127853758499466e+18,35.348831493294746,3272225.6456407034,13224.222322844596,11.399424439551055,0.0002688047623314316
2.133604526501402e+18,35.348831493294746,3468643.7675079065,14018.01749258415,12.083684567444928,0.0002849399963537057
2.2616759492228552e+18,35.348831493294746,3676852.053861271,14859.46089116624,12.809017990320434,0.0003020437614938668
2.3974349678010685e+18,35.348831493294746,3897558.2193316235,15751.412643971165,13.577890167572047,0.0003201741946543598
2.541343036702629e+18,35.348831493294746,4131512.4597212453,16696.904557832997,14.39291454988718,0.0003393929224545477
2.693889309590164e+18,35.348831493294746,4379510.001972224,17699.150426364424,15.256861462549086,0.0003597652707039303
2.8555923019901005e+18,35.348831493294746,4642393.807198838,18761.556953867646,16.17266752196761,0.0003813604864491716
3.0270016537634555e+18,35.348831493294746,4921057.435971763,19887.73533496222,17.143445617445217,0.0004042519733496887
3.208699997370444e+18,35.348831493294746,5216448.085593388,21081.513529289954,18.172495492106997,0.00042851754118186105
3.401304938279246e+18,35.348831493294746,5529569.809688168,22346.94927301936,19.26331495895996,0.0004542396703199404
3.6054711542504986e+18,35.348831493294746,5861486.931051611,23688.343871376692,20.41961179020585,0.00048150579209265326
3.821892620633115e+18,35.348831493294746,6213327.659358433,25110.25681908539,21.64531632021998,0.000510408585968445
4.051304969235378e+18,35.348831493294746,6586287.926026703,26617.5212984098,22.944594805034647,0.0005410462945795216
4.294487988789272e+18,35.348831493294746,6981635.449272977,28215.260607482112,24.32186358373684,0.0005735230576554759
4.5522682755073096e+18,35.348831493294746,7400714.043175809,29908.905574753626,25.78180408991585,0.0006079492660015645
4.825522042741279e+18,35.348831493294746,7844948.185394449,31704.213018763105,27.329378764185794,0.0006444419367248295
5.115178099293145e+18,35.348831493294746,8315847.859068764,33607.28531596858,28.969847921870837,0.0006831251109834886
5.422221006501592e+18,35.348831493294746,8815013.685358262,35624.59114315466,30.70878763318743,0.0007241302756115682
5.747694424835359e+18,35.348831493294746,9344142.36406618,37762.987464920676,32.5521086766998,0.0007675968100519144
6.092704661368687e+18,35.348831493294746,9905032.440841598,40029.7428409862,34.50607663047259,0.0008136724601167358
6.458424430196991e+18,35.348831493294746,10499590.420562822,42432.56213253762,36.57733316921204,0.0008625138401860272
6.846096838574672e+18,35.348831493294746,11129837.247681716,44979.61269159396,38.77291863978613,0.0009142869655508771
7.257039612324231e+18,35.348831493294746,11797915.17555627,47679.55212241171,41.10029599185948,0.0009691678167111375
7.692649574879161e+18,35.348831493294746,12506095.048120633,50541.55770929147,43.56737614498496,0.0010273429375455367
8.154407395185187e+18,35.348831493294746,13256784.018643621,53575.35761081372,46.1825448783764,0.0010890100693874633
8.643882620598297e+18,35.348831493294746,14052533.731812222,56791.26392653509,48.954691334762884,0.0011543788231616879
9.162739011886769e+18,35.348831493294746,14896048.996951599,60200.20774854104,51.89323823521096,0.0012236713918666582
9.712740198471207e+18,35.348831493294746,15790196.981862526,63813.77631699787,55.00817390761726,0.0012971233058241536
1.0295755673125085e+19,35.348831493294746,16738016.95852656,67644.25240599764,58.31008623773811,0.0013749842332634265
1.0913767146512693e+19,35.348831493294746,17742730.63380611,71704.65607357466,61.81019865816086,0.001457518828961144
1.1568875283162786e+19,35.348831493294746,18807753.100252196,76008.78891779656,65.52040829753899,0.00154500763382155
1.2263306841775593e+19,35.348831493294746,19936704.44424511,80571.28098937045,69.45332641977227,0.0016377480284548015
1.2999422244132422e+19,35.348831493294746,21133422.050922867,85407.64052021524,73.62232129058056,0.0017360552439945989
1.377972359833554e+19,35.348831493294746,22401973.6477236,90534.30663703424,78.04156361718069,0.0018402634335910144
1.460686320364986e+19,35.348831493294746,23746671.13087762,95968.7052390648,82.72607471551827,0.001950726808220583
1.548365256585496e+19,35.348831493294746,25172085.22184644,101729.30822993716,87.69177756877882,0.002067820840674364
1.6413071953751267e+19,35.348831493294746,26683061.00352696,107835.69630497613,92.95555095072912,0.0021919435418164043
1.7398280529303622e+19,35.348831493294746,28284734.38902948,114308.6255073635,98.53528679785802,0.0023235168134506977
1.8442627085855328e+19,35.348831493294746,29982549.579008196,121170.09777939104,104.44995102532904,0.0024629878823951385
1.9549661430912594e+19,35.348831493294746,31782277.5668826,128443.43574861193,110.71964799346172,0.0026108308206369726
2.0723146452190294e+19,35.348831493294746,33690035.754850656,136153.3620030946,117.3656888438685,0.002767548156736876
2.1967070907932353e+19,35.348831493294746,35712308.74736979,144326.08312524113,124.41066393752617,0.0029336725839589303
2.3285662984981967e+19,35.348831493294746,37855970.392784126,152989.3787698064,131.87851964100398,0.0031097687709325454
2.468340467068651e+19,35.348831493294746,40128307.1480192,162172.69608890166,139.79463972185036,0.003296435281000907
2.6165046987488236e+19,35.348831493294746,42537042.845762335,171907.24982493857,148.18593162980676,0.0034943066067799405
2.773562614198418e+19,35.348831493294746,45090364.948313944,182226.1284117373,157.08091795712454,0.0037040553268434034
2.9400480643347137e+19,35.348831493294746,47796952.37734859,193164.40644444377,166.5098333888652,0.003926394391864833
3.1165269449294365e+19,35.348831493294746,50666005.01418107,204759.26390054912,176.5047274727244,0.004162079547987102
3.303599120128346e+19,35.348831493294746,53707274.970811054,217050.11251725207,187.09957355770214,0.004411911905656794
3.50190046143172e+19,35.348831493294746,56931099.73803862,230078.72975472943,198.33038427190894,0.004676740662655033
3.712105009066372e+19,35.348831493294746,60348437.32332367,243889.4008006664,210.23533393202544,0.004957465990580563
3.934927263095861e+19,35.348831493294746,63970903.497825116,258529.06909872833,222.85488830049366,0.005255042094596414
4.171124612056533e+19,35.348831493294746,67810811.27922525,274047.4959126327,236.23194213149378,0.005570480456840461
4.421499907374468e+19,35.348831493294746,71881212.78454345,290497.4294681867,250.41196497323295,0.005904853274524412
4.6869041923142115e+19,35.348831493294746,76195943.59520441,307934.7842482346,265.4431557221527,0.006259297104407888
4.9682395947343675e+19,35.348831493294746,80769669.78514725,326418.8310498964,281.37660645435017,0.006635016726034381
5.266462393484259e+19,35.348831493294746,85617937.77185233,346012.3984502168,298.26647609117265,0.007033289236862457
5.582586268862678e+19,35.348831493294746,90757227.1597026,366782.0863648963,316.17017448918295,0.007455468393209435
5.917685748188806e+19,35.348831493294746,96205006.7553228,388798.4924261085,335.1485575803163,0.007902989211764716
6.272899858196231e+19,35.348831493294746,101979793.94528292,412136.4519488219,355.2661342254771,0.008377372847312528
6.649435996665032e+19,35.348831493294746,108101217.63799948,436875.29230130685,376.5912854847012,0.008880231763244192
7.048574036451889e+19,35.348831493294746,114590084.98377794,463099.10254444764,399.1964970491954,0.009413275212434763
7.471670675868067e+19,35.348831493294746,121468452.099782,490897.0192563836,423.1586056253075,0.009978315047113946
7.920164050192541e+19,35.348831493294746,128759699.04032956,520363.5295140166,448.5590601079034,0.01057727187747945
8.395578619995103e+19,35.348831493294746,136488609.26734406,551598.7920612406,475.48419843089766,0.01121218159998632
8.899530352885224e+19,35.348831493294746,144681453.89108726,584708.9777555675,504.02554103597237,0.011885202317502406
9.433732216299774e+19,35.348831493294746,153366080.96751365,619806.6304503501,534.2801019570048,0.012598621674852015
1e+20,35.348831493294746,162572010.15577373,657011.049539266,566.3507185776017,0.013354864634681793
1e+18,37.143344944444074,1751074.8070590135,6734.814654946457,5.951019937859033,0.00014032835679630222
1.0600258488068824e+18,37.143344944444074,1856184.5586770785,7139.077621166649,6.308234960895701,0.0001487516855246753
1.1236548001387516e+18,37.143344944444074,1967603.6123538986,7567.606815075396,6.686892118896717,0.0001576806317097484
1.191103133283008e+18,37.143344944444074,2085710.6893009297,8021.858837587045,7.088278494213545,0.00016714554546853145
1.2626001098748577e+18,37.143344944444074,2210907.2437918056,8503.377723322199,7.513758427408282,0.0001771785987095694
1.3383887531737592e+18,37.143344944444074,2343618.827733694,9013.80018889015,7.964778154743332,0.00018781389448752534
1.418726674116599e+18,37.143344944444074,2484296.5371481995,9554.861196203918,8.442870724040315,0.0001990875829218653
1.5038869469554132e+18,37.143344944444074,2633418.545478519,10128.399849738002,8.949661205617613,0.00021103798407366082
1.5941590374560028e+18,37.143344944444074,2791491.7289346526,10736.365647774026,9.486872216018837,0.00022370571819817567
1.689849786812462e+18,37.143344944444074,2959053.389401347,11380.825108882715,10.056329773307796,0.0002371338438159744
1.7912844546220096e+18,37.143344944444074,3136673.0807650457,12063.968796166082,10.65996950383252,0.00025136800407186694
1.898807824465269e+18,37.143344944444074,3324954.544867666,12788.118763135693,11.29984322155555,0.00026645658187917265
2.0127853758499466e+18,37.143344944444074,3524537.763667649,13555.736446536133,11.97812590231412,0.0002824508643766506
2.133604526501402e+18,37.143344944444074,3736101.1345836804,14369.431032941739,12.697123076716123,0.00029940521725709413
2.2616759492228552e+18,37.143344944444074,3960363.7764154226,15231.968327566025,13.459278666801463,0.0003173772695601603
2.3974349678010685e+18,37.143344944444074,4198087.973678789,16146.280155427725,14.267183293104585,0.00033642810955751963
2.541343036702629e+18,37.143344944444074,4450081.767664824,17115.474326830998,15.12358308035656,0.0003566224923962046
2.693889309590164e+18,37.143344944444074,4717201.703028935,18142.84520103143,16.03138899175637,0.00037802906020591273
2.8555923019901005e+18,37.143344944444074,5000355.739246519,19231.884883995215,16.993686723539856,0.00040072057541844073
3.0270016537634555e+18,37.143344944444074,5300506.336831157,20386.29509831328,18.013747193478586,0.000424774168092315
3.208699997370444e+18,37.143344944444074,5618673.728805706,21609.99976561712,19.095037658959736,0.00045027159808329364
3.401304938279246e+18,37.143344944444074,5955939.3885462005,22907.15834426482,20.241233502438178,0.0004772995329518747
3.6054711542504986e+18,37.143344944444074,6313449.70578603,24282.179967632976,21.456230724320335,0.0005059498425524395
3.821892620633115e+18,37.143344944444074,6692419.8832754,25739.738431071626,22.744159185743978,0.0005363199113053584
4.051304969235378e+18,37.143344944444074,7094138.067341062,27284.788078463833,24.10939664626711,0.0005685129692134944
4.294487988789272e+18,37.143344944444074,7519969.726386426,28922.580642389526,25.556583644181096,0.0006026384427482553
4.5522682755073096e+18,37.143344944444074,7971362.29221483,30658.683095134464,27.090639270027154,0.0006388123267978771
4.825522042741279e+18,37.143344944444074,8449850.079952203,32498.996571221127,28.71677788693159,0.0006771575789422192
5.115178099293145e+18,37.143344944444074,8957059.503292235,34449.776425780634,30.440526854593372,0.0007178045373942394
5.422221006501592e+18,37.143344944444074,9494714.602791104,36517.65349694545,32.267745317169044,0.0007608913640287603
5.747694424835359e+18,37.143344944444074,10064642.906002741,38709.65664453522,34.20464411891642,0.0008065645140044132
6.092704661368687e+18,37.143344944444074,10668781.639373725,41033.23664164642,36.25780691529172,0.0008549792335750386
6.458424430196991e+18,37.143344944444074,11309184.313012416,43496.29150035491,38.43421255125815,0.000906300087782638
6.846096838574672e+18,37.143344944444074,11988027.700714463,46107.19331761531,40.74125878287156,0.0009607015198255432
7.257039612324231e+18,37.143344944444074,12707619.23897027,48874.81673260819,43.18678742277428,0.0010183684440031333
7.692649574879161e+18,37.143344944444074,13470404.870104128,51808.56909226381,45.7791109950687,0.0010794968742525654
8.154407395185187e+18,37.143344944444074,14278977.356204491,54918.42242749696,48.52704099017218,0.0011442945904139522
8.643882620598297e+18,37.143344944444074,15136085.092104923,58214.94734884239,51.43991781569364,0.0012129818444886733
9.162739011886769e+18,37.143344944444074,16044641.44737172,61709.348976704634,54.52764254513693,0.001285792109291444
9.712740198471207e+18,37.143344944444074,17007734.669052295,65413.50502835144,57.80071057234704,0.0013629728720408545
1.0295755673125085e+19,37.143344944444074,18028638.37884425,69340.00619111094,61.27024728609261,0.0014447864755858493
1.0913767146512693e+19,37.143344944444074,19110822.700366713,73502.19891900686,64.94804588604791,0.001531511010127594
1.1568875283162786e+19,37.143344944444074,20257966.054354064,77914.23079829257,68.8466074687063,0.0016234412584675891
1.2263306841775593e+19,37.143344944444074,21473967.661867674,82591.09863609541,72.97918351948962,0.001720889697995219
1.2999422244132422e+19,37.143344944444074,22762960.79802283,87548.69943562,77.35982095548025,0.001824187562820402
1.377972359833554e+19,37.143344944444074,24129326.84128194,92803.88443118172,82.0034098718814,0.0019336859696616549
1.460686320364986e+19,37.143344944444074,25577710.16606858,98374.51636673922,86.92573415449975,0.002049757111316555
1.548365256585496e+19,37.143344944444074,27113033.92932327,104279.5302126193,92.14352513028503,0.002172795521771275
1.6413071953751267e+19,37.143344944444074,28740516.804660708,110538.99752681471,97.67451843828869,0.0023032194172493887
1.7398280529303622e+19,37.143344944444074,30465690.721008927,117174.19467962363,103.53751431435045,0.0024414721177582763
1.8442627085855328e+19,37.143344944444074,32294419.66602546,124207.67517353094,109.75244149442409,0.002588023553965054
1.9549661430912594e+19,37.143344944444074,34232919.61820431,131663.34630415167,116.34042495375459,0.0027433718645240106
2.0723146452190294e+19,37.143344944444074,36287779.6754248,139566.55042281287,123.3238577121571,0.0029080450892849836
2.1967070907932353e+19,37.143344944444074,38465984.451759316,147944.1510769908,130.72647694946855,0.0030826029641380015
2.3285662984981967e+19,37.143344944444074,40774937.81866851,156824.62432140083,138.57344468989376,0.003267638823594997
2.468340467068651e+19,37.143344944444074,43222488.07128193,166238.15551011334,146.89143332949817,0.0034637816175756087
2.6165046987488236e+19,37.143344944444074,45816954.605305985,176216.7418986984,155.70871629756087,0.003671698049252261
2.773562614198418e+19,37.143344944444074,48567156.19523587,186794.3014051511,165.05526415995206,0.0038920948412212034
2.9400480643347137e+19,37.143344944444074,51482440.96999134,198006.78789928393,174.96284649119735,0.0041257211377023935
3.1165269449294365e+19,37.143344944444074,54572718.187865295,209892.3134124628,185.46513986149975,0.004373371050933476
3.303599120128346e+19,37.143344944444074,57848491.9187907,222491.27768308605,196.59784230577344,0.004635886360413206
3.50190046143172e+19,37.143344944444074,61320896.74841419,235846.50547814107,208.39879466377909,0.004914159374169257
3.712105009066372e+19,37.143344944444074,65001735.62533696,250003.39215760355,220.90810920380366,0.005209135961776065
3.934927263095861e+19,37.143344944444074,68903519.98016837,265010.05797646363,234.16830596708547,0.00552181876943213
4.171124612056533e+19,37.143344944444074,73039512.25275996,280917.511648862,248.2244572964295,0.005853270628025068
4.421499907374468e+19,37.143344944444074,77423770.97217193,297779.8237302997,263.12434104027324,0.006204618165768615
4.6869041923142115e+19,37.143344944444074,82071198.54260689,315654.31040727743,278.9186029529696,0.006577055637691533
4.9682395947343675e+19,37.143344944444074,86997591.89772435,334601.72831902263,295.660928843249,0.006971848984994002
5.266462393484259e+19,37.143344944444074,92219696.19554,354686.48107362184,313.4082270560963,0.007390340138071669
5.582586268862678e+19,37.143344944444074,97755261.73639011,375976.83816039225,332.22082190819856,0.007833951577830992
5.917685748188806e+19,37.143344944444074,103623104.29745589,398545.16700269765,352.16265873455836,0.008304191170802316
6.272899858196231e+19,37.143344944444074,109843169.08891478,422468.1789399153,373.3015212431887,0.008802657294484343
6.649435996665032e+19,37.143344944444074,116436598.54911481,447827.18997468153,395.70926191671145,0.009331044270341858
7.048574036451889e+19,37.143344944444074,123425804.20921162,474708.39717171283,419.46204624400707,0.009891148122923727
7.471670675868067e+19,37.143344944444074,130834542.87154165,503203.17164769955,444.64061161207536,0.010484872684676825
7.920164050192541e+19,37.143344944444074,138687997.3606664,533408.3691481681,471.3305417381016,0.01111423606720665
8.395578619995103e+19,37.143344944444074,147012862.12156704,565426.6592669818,499.62255757453875,0.011781377520980792
8.899530352885224e+19,37.143344944444074,155837433.95594326,599366.8744275222,529.6128256760159,0.012488564706791987
9.433732216299774e+19,37.143344944444074,165191708.20503524,635344.3798117624,561.4032850762303,0.013238201403696855
1e+20,37.143344944444074,175107480.70590135,673481.4654946456,595.1019937859032,0.01403283567963022
1e+18,39.02895839495171,1886095.261403683,6903.647734431411,6.253128518974978,0.00014745224500449985
1.0600258488068824e+18,39.02895839495171,1999309.730400078,7318.045049554367,6.628477866024975,0.00015630319116937533
1.1236548001387516e+18,39.02895839495171,2119319.993995202,7757.316915260872,7.026357876230756,0.0001656854228905415
1.191103133283008e+18,39.02895839495171,2246533.9755281606,8222.956447563392,7.448120971772431,0.00017563083103447352
1.2626001098748577e+18,39.02895839495171,2381384.0842827386,8716.54638803041,7.895200755119413,0.00018617322074397595
1.3383887531737592e+18,39.02895839495171,2524328.685277011,9239.764483636502,8.369116881946196,0.00019734842634424422
1.418726674116599e+18,39.02895839495171,2675853.6572783245,9794.38918954247,8.871480226549025,0.00020919443314625997
1.5038869469554132e+18,39.02895839495171,2836474.0443394566,10382.30571418971,9.403998357321106,0.0002217515065615389
1.5941590374560028e+18,39.02895839495171,3006735.806469623,11005.512427256492,9.968481340897831,0.0002350623289671002
1.689849786812462e+18,39.02895839495171,3187217.675391009,11666.127652257255,10.566847894700794,0.00024917214478587305
1.7912844546220096e+18,39.02895839495171,3378533.121688653,12366.396866873441,11.201131908793426,0.0002641289142756764
1.898807824465269e+18,39.02895839495171,3581332.44004018,13108.700335490288,11.873489359216608,0.0002799834765495142
2.0127853758499466e+18,39.02895839495171,3796304.959613215,13895.56119988316,12.58620563630307,0.0002967897223813006
2.133604526501402e+18,39.02895839495171,4024181.3871437437,14729.654055554007,13.341703312880021,0.0003146047773843946
2.2616759492228552e+18,39.02895839495171,4265736.290659904,15613.814042870374,14.14255037876524,0.0003334891961855932
2.3974349678010685e+18,39.02895839495171,4521790.732293086,16551.046483906488,14.99146896954472,0.00035350716825455837
2.541343036702629e+18,39.02895839495171,4793215.0591260735,17544.537097745142,15.89134461930368,0.00037472673608835566
2.693889309590164e+18,39.02895839495171,5080931.861564047,18597.66282896113,16.845236068760066,0.00039722002649269177
2.8555923019901005e+18,39.02895839495171,5385919.109284363,19714.00332609373,17.856385662139704,0.000421063495746008
3.0270016537634555e+18,39.02895839495171,5709213.475424365,20897.35310912421,18.928230368132684,0.00044633818947975524
3.208699997370444e+18,39.02895839495171,6051913.860306404,22151.734467316535,20.064413462392057,0.0004731300181582047
3.401304938279246e+18,39.02895839495171,6415185.126677432,23481.411131261884,21.268796911284376,0.0005015300490941665
3.6054711542504986e+18,39.02895839495171,6800262.059159532,24890.902765599254,22.54547449898542,0.0005316348159932013
3.821892620633115e+18,39.02895839495171,7208453.561369822,26385.00033167393,23.89878574254095,0.0005635466470784842
4.051304969235378e+18,39.02895839495171,7641147.10497604,27968.782372352533,25.333330642190788,0.0005973740129116427
4.294487988789272e+18,39.02895839495171,8099813.445810478,29647.63227434796,26.85398531709369,0.0006332318950918375
4.5522682755073096e+18,39.02895839495171,8586011.62307265,31427.256566730022,28.4659185795998,0.0006712421770863158
4.825522042741279e+18,39.02895839495171,9101394.258613346,33313.70431781966,30.17460950440788,0.0007115340585209016
5.115178099293145e+18,39.02895839495171,9647713.174312698,35313.38769639829,31.985866052326184,0.0007542444943386247
5.422221006501592e+18,39.02895839495171,10226825.346646162,37433.103767121116,33.90584481194031,0.0007995186603192185
5.747694424835359e+18,39.02895839495171,10840699.218678337,39680.05759421868,35.941071926291464,0.0008475104465418212
6.092704661368687e+18,39.02895839495171,11491421.390939612,42061.88673201762,38.09846527569632,0.0008983829804681939
6.458424430196991e+18,39.02895839495171,12181203.713928325,44586.68718552592,40.38535799210952,0.0009523091814244539
6.846096838574672e+18,39.02895839495171,12912390.806346424,47263.040929324074,42.80952338495572,0.0010094723483660443
7.257039612324231e+18,39.02895839495171,13687468.02462355,50100.04507830118,45.37920136315576,0.001070066782923793
7.692649574879161e+18,39.02895839495171,14509069.910818642,53107.342809389265,48.10312644315761,0.0011342984498488435
8.154407395185187e+18,39.02895839495171,15379989.147613933,56295.156139400955,50.990557438172964,0.0012023856771013518
8.643882620598297e+18,39.02895839495171,16303186.050840097,59674.32067038448,54.05130892953538,0.0012745598979625984
9.162739011886769e+18,39.02895839495171,17281798.631798297,63256.32242059839,57.295784627153765,0.0013510664376930168
9.712740198471207e+18,39.02895839495171,18319153.263581607,67053.33686629664,60.735012732455,0.001432165347410031
1.0295755673125085e+19,39.02895839495171,19418775.98765131,71078.27032702934,64.3806834240169,0.0015181322880201094
1.0913767146512693e+19,39.02895839495171,20584404.499100782,75344.80383513431,68.24518859331069,0.0016092594672096508
1.1568875283162786e+19,39.02895839495171,21820000.851343524,79867.43963852631,72.34166396560994,0.0017058566326794216
1.2263306841775593e+19,39.02895839495171,23129764.92341231,84661.5504948613,76.68403374924793,0.0018082521249988541
1.2999422244132422e+19,39.02895839495171,24518148.69564379,89743.43192462207,81.28705796498215,0.0019167939936587592
1.377972359833554e+19,39.02895839495171,25989871.382273167,95130.35760074019,86.16638261634446,0.0020318511801160604
1.460686320364986e+19,39.02895839495171,27549935.472375818,100840.63806302688,91.33859287150915,0.0021538147718517925
1.548365256585496e+19,39.02895839495171,29203643.733680017,106893.68295698769,96.82126943744774,0.0022830993317049983
1.6413071953751267e+19,39.02895839495171,30956617.23704796,113310.06700857467,102.63304831799041,0.002420144307001017
1.7398280529303622e+19,39.02895839495171,32814814.462891523,120111.59995912906,108.79368415891555,0.002565415523263897
1.8442627085855328e+19,39.02895839495171,34784551.55446695,127321.4006982285,115.32411739538233,0.0027194067675901648
1.9549661430912594e+19,39.02895839495171,36872523.78689058,134963.97584642086,122.2465454299447,0.0028826414670659445
2.0723146452190294e+19,39.02895839495171,39085828.324850656,143065.30305495384,129.58449808308626,0.0030556744679324952
2.1967070907932353e+19,39.02895839495171,41431988.34636991,151652.91930564135,137.36291757273736,0.003239093921547662
2.3285662984981967e+19,39.02895839495171,43918978.61461762,160756.0145110041,145.60824329463074,0.003433523283553774
2.468340467068651e+19,39.02895839495171,46555252.58469136,170405.5307328386,154.34850169166998,0.003639623433047283
2.6165046987488236e+19,39.02895839495171,49349771.13750627,180634.26735646455,163.61340151778302,0.003858094918953366
2.773562614198418e+19,39.02895839495171,52312033.03846047,191476.99257814567,173.43443482006919,0.0040896803412410615
2.9400480643347137e+19,39.02895839495171,55452107.22440774,202970.561584638,183.84498398248581,0.004335166875072878
3.1165269449294365e+19,39.02895839495171,58780667.02868307,215154.0418265655,194.8804351949222,0.004595388946468607
3.303599120128346e+19,39.02895839495171,62309026.46051449,228068.8458114366,206.57829873335206,0.00487123106857815
3.50190046143172e+19,39.02895839495171,66049178.66213737,241758.87186767402,218.9783364599032,0.00516363084820401
3.712105009066372e+19,39.02895839495171,70013836.6743296,256270.6533581255,232.122696976228,0.005473582172792858
3.934927263095861e+19,39.02895839495171,74216476.64893267,271653.51685024134,246.05605888956885,0.005802138588728969
4.171124612056533e+19,39.02895839495171,78671383.65524103,287959.7497805518,260.8257826784915,0.006150416882412594
4.421499907374468e+19,39.02895839495171,83393700.23595807,305244.7781833444,276.4820716744851,0.006519600876295535
4.6869041923142115e+19,39.02895839495171,88399477.87776889,323567.35508767085,293.0781427066338,0.006910945452777326
4.9682395947343675e+19,39.02895839495171,93705731.57146645,342989.76022300345,310.6704069893416,0.00732578081963829
5.266462393484259e+19,39.02895839495171,99330497.64711359,363578.0117124583,329.3186618680564,0.007765517031510256
5.582586268862678e+19,39.02895839495171,105292895.08079164,385402.09047301725,349.0862940746332,0.00823164878275096
5.917685748188806e+19,39.02895839495171,111613190.48135014,408536.17808560695,370.04049518331203,0.00872576048801573
6.272899858196231e+19,39.02895839495171,118312866.97803746,433058.9089435153,392.25248999960945,0.00924953166779443
6.649435996665032e+19,39.02895839495171,125414697.24316993,459053.6375362322,415.7977786584492,0.00980474265721993
7.048574036451889e+19,39.02895839495171,132942820.8980494,486608.72177723143,440.75639325443876,0.010393280657552602
7.471670675868067e+19,39.02895839495171,140922826.56523615,515817.8233387419,467.2131698765966,0.011017146150910354
7.920164050192541e+19,39.02895839495171,149381838.84607953,546780.2260143685,495.2580369721935,0.011678459700048225
8.395578619995103e+19,39.02895839495171,158348610.51914835,579601.1731916998,524.9863210198797,0.012379469156300588
8.899530352885224e+19,39.02895839495171,167853620.27295065,614392.2255819965,556.4990705511004,0.01312255730018615
9.433732216299774e+19,39.02895839495171,177929176.30514267,651271.6404229054,589.9033996211714,0.013910249940646775
1e+20,39.02895839495171,188609526.14036828,690364.773443141,625.3128518974978,0.014745224500449985
1e+18,41.01029661365276,2031526.7633049435,7076.713240521813,6.570573898780378,0.00015493778344762867
1.0600258488068824e+18,41.01029661365276,2153470.8816462215,7501.498959547038,6.964978174203018,0.00016423805541132953
1.1236548001387516e+18,41.01029661365276,2282734.799197941,7951.782801917795,7.383056901030964,0.00017409658409378638
1.191103133283008e+18,41.01029661365276,2419757.8931208057,8429.095314130878,7.826231158304857,0.00018454687932839466
1.2626001098748577e+18,41.01029661365276,2565005.9145625355,8935.058915035701,8.296007326540977,0.00019562446240474284
1.3383887531737592e+18,41.01029661365276,2718972.571778826,9471.393410550221,8.793982208024715,0.00020736698680797762
1.418726674116599e+18,41.01029661365276,2882181.208282482,10039.921839402412,9.32184845445402,0.00021981436620565205
1.5038869469554132e+18,41.01029661365276,3055186.581724884,10642.576669767297,9.881400320381749,0.00023300891011709322
1.5941590374560028e+18,41.01029661365276,3238576.749556317,11281.406367862402,10.474539762013263,0.0002469954677264383
1.689849786812462e+18,41.01029661365276,3432975.0678746696,11958.582360828712,11.103282902089548,0.0002618215803281707
1.7912844546220096e+18,41.01029661365276,3639042.3102567117,12676.406417564469,11.76976688283042,0.0002775376429233285
1.898807824465269e+18,41.01029661365276,3857478.9137740294,13437.318472599787,12.476257130231449,0.00029419707551566274
2.0127853758499466e+18,41.01029661365276,4089027.359827966,14243.90491960599,13.22515505440651,0.00031185650468999287
2.133604526501402e+18,41.01029661365276,4334474.6978961695,15098.907402729745,14.019006212149778,0.0003305759560899545
2.2616759492228552e+18,41.01029661365276,4594655.220769342,16005.232135635117,14.860508959463026,0.0003504190584494007
2.3974349678010685e+18,41.01029661365276,4870453.300370996,16965.959779927805,15.752523623457076,0.00037145325987093455
2.541343036702629e+18,41.01029661365276,5162806.393800047,17984.355916541404,16.698082224805557,0.0003937500570867709
2.693889309590164e+18,41.01029661365276,5472708.229813495,19063.88214567688,17.700398783796622,0.00041738523848116265
2.8555923019901005e+18,41.01029661365276,5801212.186580461,20208.207853025506,18.76288024501433,0.00044243914170045767
3.0270016537634555e+18,41.01029661365276,6149434.872188784,21421.22268226927,19.8891380577832,0.0004689969267264161
3.208699997370444e+18,41.01029661365276,6518559.920074558,22707.049756253724,21.083000451738904,0.0004971488653409884
3.401304938279246e+18,41.01029661365276,6909842.012275556,24070.059691772964,22.348525449250417,0.0005269906479664598
3.6054711542504986e+18,41.01029661365276,7324611.144183854,25514.885455603966,23.69001465892389,0.0005586237089239356
3.821892620633115e+18,41.01029661365276,7764277.14529384,27046.43811228697,25.11202789707328,0.0005921555712157436
4.051304969235378e+18,41.01029661365276,8230334.471311981,28669.923517179814,26.619398686857213,0.0006277002120036928
4.294487988789272e+18,41.01029661365276,8724367.283917025,30390.86001152693,28.217250687764626,0.0006653784500254745
4.5522682755073096e+18,41.01029661365276,9248054.835437141,32215.09717968998,29.91101511129429,0.0007053183562660615
4.825522042741279e+18,41.01029661365276,9803177.176746849,34148.83573229707,31.706449182025217,0.0007476556892800069
5.115178099293145e+18,41.01029661365276,10391621.207785336,36198.648582894995,33.60965570682856,0.0007925343566443341
5.422221006501592e+18,41.01029661365276,11015387.091262253,38371.50318974532,35.62710381873803,0.0008401069041105268
5.747694424835359e+18,41.01029661365276,11676595.051351646,40674.78523870579,37.765650965988705,0.0008905350341182834
6.092704661368687e+18,41.01029661365276,12377492.580483269,43116.32374769675,40.032566220966636,0.0009439901554334994
6.458424430196991e+18,41.01029661365276,13120462.078727668,45704.41767808459,42.43555498829788,0.0010006539657787358
6.846096838574672e+18,41.01029661365276,13908028.951741809,48447.8641434359,44.9827851960616,0.0010607190694365777
7.257039612324231e+18,41.01029661365276,14742870.194800807,51355.98831152617,47.68291505915286,0.0011243896319251547
7.692649574879161e+18,41.01029661365276,15627823.492093412,54438.67510124185,50.54512250916499,0.0011918820739711203
8.154407395185187e+18,41.01029661365276,16565896.86221046,57706.402782116,53.57913639082548,0.0012634258071389443
8.643882620598297e+18,41.01029661365276,17560278.88261191,61170.27859070435,56.795269531024495,0.0013392640136169797
9.162739011886769e+18,41.01029661365276,18614349.527826265,64842.07648486484,60.20445379283991,0.001419654472810851
9.712740198471207e+18,41.01029661365276,19731691.658222023,68734.27716426965,63.81827723370986,0.0015048704375538098
1.0295755673125085e+19,41.01029661365276,20916103.198402315,72860.11049318186,67.64902349405568,0.0015952015629123488
1.0913767146512693e+19,41.01029661365276,22171610.04661876,77233.60046969833,71.7097135502431,0.0016909548907442277
1.1568875283162786e+19,41.01029661365276,23502479.759082254,81869.61289430362,76.01414997379484,0.0017924558933552993
1.2263306841775593e+19,41.01029661365276,24913236.055687737,86783.90589977507,80.57696384730555,0.00190004957980285
1.2999422244132422e+19,41.01029661365276,26408674.196456622,91993.18351418567,85.41366449652152,0.002014101668605676
1.377972359833554e+19,41.01029661365276,27993877.28096335,97515.15243907199,90.54069220763154,0.0021349998308470906
1.460686320364986e+19,41.01029661365276,29674233.526148878,103368.58223575982,95.9754741089573,0.0022631550078962377
1.548365256585496e+19,41.01029661365276,31455454.58124961,109573.36912442531,101.73648340699042,0.0023990028082267554
1.6413071953751267e+19,41.01029661365276,33343594.94209546,116150.60361274882,107.84330217812233,0.0025430049880806613
1.7398280529303622e+19,41.01029661365276,35345072.530767605,123122.64218403578,114.31668792950124,0.002695651021010339
1.8442627085855328e+19,41.01029661365276,37466690.510567755,130513.1832884786,121.17864415526103,0.0028574597616336235
1.9549661430912594e+19,41.01029661365276,39715660.410449356,138347.34789585776,128.45249512794774,0.0030289812092571936
2.0723146452190294e+19,41.01029661365276,42099626.637512475,146651.7648834877,136.16296517936473,0.0032107983773629538
2.1967070907932353e+19,41.01029661365276,44626692.46088199,155454.66154964638,144.3362627403181,0.0034035292753119262
2.3285662984981967e+19,41.01029661365276,47305447.55529014,164785.95956015054,153.00016942491888,0.003607829009001598
2.468340467068651e+19,41.01029661365276,50144997.197985895,174677.37665420517,162.18413446224645,0.0038243920076170123
2.6165046987488236e+19,41.01029661365276,53154993.21821374,185162.53445523334,171.91937479635237,0.004053954384044481
2.773562614198418e+19,41.01029661365276,56345666.8044611,196277.07275314236,182.23898119485196,0.004297296436971134
2.9400480643347137e+19,41.01029661365276,59727863.280988656,208058.77064647994,193.1780307267744,0.004555245303175116
3.1165269449294365e+19,41.01029661365276,63313078.97185142,220547.67495625137,204.7737059919911,0.004828677769021769
3.303599120128346e+19,41.01029661365276,67113500.27771397,233786.23634788475,217.0654215074913,0.005118523250722222
3.50190046143172e+19,41.01029661365276,71142045.0982847,247819.453624033,230.0949576801022,0.005425766953484587
3.712105009066372e+19,41.01029661365276,75412406.74116674,262695.0266786734,243.90660282103403,0.005751453220295832
3.934927263095861e+19,41.01029661365276,79939100.46637516,278463.51863240736,258.54730368496973,0.006096689081717167
4.171124612056533e+19,41.01029661365276,84737512.82472798,295178.5277000688,274.0668250453909,0.006462648018758893
4.421499907374468e+19,41.01029661365276,89823953.95781562,312896.8693748287,290.51791884854543,0.006850573951624956
4.6869041923142115e+19,41.01029661365276,95215713.03732459,331678.7695480717,307.9565035210409,0.007261785467885622
4.9682395947343675e+19,41.01029661365276,100931117.03214175,351588.0692214142,326.44185404048835,0.007697680304448878
5.266462393484259e+19,41.01029661365276,106989593.00302283,372692.44150680257,346.03680341536113,0.008159740098567445
5.582586268862678e+19,41.01029661365276,113411734.13653216,395063.62165215774,366.8079562587885,0.00864953542402751
5.917685748188806e+19,41.01029661365276,120219369.74273798,418777.6508745496,388.82591518234005,0.009168731129639958
6.272899858196231e+19,41.01029661365276,127435639.45457429,443915.1348296467,412.1655207792729,0.009719091998178683
6.649435996665032e+19,41.01029661365276,135085071.88108292,470561.51759601786,436.9061060129794,0.010302488745001535
7.048574036451889e+19,41.01029661365276,143193667.98188367,498807.3721055736,463.13176587531837,0.010920904376743607
7.471670675868067e+19,41.01029661365276,151788989.44626716,528748.7080073411,490.9316432314147,0.011576440931696439
7.920164050192541e+19,41.01029661365276,160900252.37731823,560487.2980110241,520.4002318225379,0.012271326624784253
8.395578619995103e+19,41.01029661365276,170558426.59950837,594131.023819612,551.6376974569841,0.013007923421423425
8.899530352885224e+19,41.01029661365276,180796340.9273102,629794.2428268862,584.7502184807138,0.013788735066009292
9.433732216299774e+19,41.01029661365276,191648794.7526505,667598.176826258,619.8503466850286,0.014616415592319725
1e+20,41.01029661365276,203152676.33049434,707671.3240521812,657.0573898780377,0.015493778344762866
1e+18,43.092219149699915,2188172.0793639873,7254.117274670208,6.904134662885655,0.00016280333160700056
1.0600258488068824e+18,43.092219149699915,2319518.9657633314,7689.551821426955,7.318561206302385,0.0001725757397752991
1.1236548001387516e+18,43.092219149699915,2458750.0605069376,8151.123696452618,7.7578640547558075,0.00018293474503878711
1.191103133283008e+18,43.092219149699915,2606338.6198928403,8640.40181506208,8.223536429570927,0.00019391555838601092
1.2626001098748577e+18,43.092219149699915,2762786.307830066,9159.049268043707,8.71716118395024,0.00020555550437499178
1.3383887531737592e+18,43.092219149699915,2928624.9010295984,9708.828974622087,9.240416183203264,0.00021789414800202754
1.418726674116599e+18,43.092219149699915,3104418.096550873,10291.609674744632,9.795080007928892,0.00023097342918590167
1.5038869469554132e+18,43.092219149699915,3290763.427847785,10909.372281060301,10.383037999536148,0.0002448378053246218
1.5941590374560028e+18,43.092219149699915,3488294.2958269943,11564.21661218122,11.00628866865242,0.00025953440240924645
1.689849786812462e+18,43.092219149699915,3697682.1218222156,12258.368530114049,11.666950488201854,0.00027511317520844845
1.7912844546220096e+18,43.092219149699915,3919638.6298026284,12994.187506121722,12.367269094244042,0.00029162707706829216
1.898807824465269e+18,43.092219149699915,4154918.265572777,13774.174640732463,13.109624919049162,0.00030913223990438644
2.0127853758499466e+18,43.092219149699915,4404320.761187002,14600.981165156663,13.896541282354944,0.00032768816499822
2.133604526501402e+18,43.092219149699915,4668693.853294988,15477.417453008371,14.730692968308066,0.0003473579252462052
2.2616759492228552e+18,43.092219149699915,4948936.164658494,16406.46257296365,15.61491531724433,0.0003682083795489062
2.3974349678010685e+18,43.092219149699915,5246000.258633198,17391.274414824144,16.55221386320951,0.000390310400069136
2.541343036702629e+18,43.092219149699915,5560895.876998781,18435.200423407383,17.54577454998171,0.00041373911313143986
2.693889309590164e+18,43.092219149699915,5894693.372142325,19541.788976747404,18.598974560318553,0.00043857415458176113
2.8555923019901005e+18,43.092219149699915,6248527.345261473,20714.80144728165,19.71539379523929,0.0004648999404752923
3.0270016537634555e+18,43.092219149699915,6623600.502953809,21958.22498702077,20.898827042360477,0.000492805954012591
3.208699997370444e+18,43.092219149699915,7021187.745301304,23276.286080159185,22.153296874646387,0.000522387049699282
3.401304938279246e+18,43.092219149699915,7442640.499345497,24673.464909192564,23.483067323417895,0.0005537437757632046
3.6054711542504986e+18,43.092219149699915,7889391.312683188,26154.51058337367,24.892658372095212,0.0005869827159249188
3.821892620633115e+18,43.092219149699915,8362958.722796641,27724.45728126927,26.38686131993998,0.0006222168516832814
4.051304969235378e+18,43.092219149699915,8864952.418669432,29388.64136228761,27.970755068018875,0.0006595659463475164
4.294487988789272e+18,43.092219149699915,9397078.712232688,31152.719505339974,29.64972338274611,0.0006991569521211406
4.5522682755073096e+18,43.092219149699915,9961146.338239541,33022.68793629073,31.429473195684718,0.000741124441621445
4.825522042741279e+18,43.092219149699915,10559072.60228194,35004.90280955138,33.31605400180885,0.000785611065301299
5.115178099293145e+18,43.092219149699915,11192889.89784741,37106.10181309712,35.31587842216336,0.0008327680363280885
5.422221006501592e+18,43.092219149699915,11864752.61456768,39333.42707034288,37.43574400081438,0.0008827556445679228
5.747694424835359e+18,43.092219149699915,12576944.461140784,41694.449416723815,39.682856310180426,0.0009357438014221792
6.092704661368687e+18,43.092219149699915,13331886.227817778,44197.194133498284,42.064853443280555,0.0009919126173683242
6.458424430196991e+18,43.092219149699915,14132144.014839323,46850.16822624408,44.58983197615057,0.001051453014168114
6.846096838574672e+18,43.092219149699915,14980437.95479116,49662.38934076962,47.26637448867529,0.0011145673738241105
7.257039612324231e+18,43.092219149699915,15879651.458526338,52643.41641472719,50.103578737381994,0.0011814702264903603
7.692649574879161e+18,43.092219149699915,16832841.016081825,55803.38216911535,53.111088579355815,0.001252388979675504
8.154407395185187e+18,43.092219149699915,17843246.585903447,59153.02755011136,56.29912675238917,0.0013275646912169117
8.643882620598297e+18,43.092219149699915,18914302.607692808,62703.73823830369,59.678529622787586,0.0014072528886532533
9.162739011886769e+18,43.092219149699915,20049649.676309798,66467.58334942244,63.2607840189421,0.0014917244377806022
9.712740198471207e+18,43.092219149699915,21253146.916410927,70457.35645811372,67.05806627586796,0.0015812664633443523
1.0295755673125085e+19,43.092219149699915,22528885.09988569,74686.61908420047,71.08328362342452,0.0016761833249964403
1.0913767146512693e+19,43.092219149699915,23881200.550679047,79169.7467892459,75.35011805890093,0.0017767976518352937
1.1568875283162786e+19,43.092219149699915,25314689.88426095,83921.97804009635,79.87307285308528,0.0018834514390447831
1.2263306841775593e+19,43.092219149699915,26834225.63184671,88959.46600550569,84.66752184790568,0.0019965072103599905
1.2999422244132422e+19,43.092219149699915,28444972.802473713,94299.33346189315,89.74976171320148,0.00211634925031091
1.377972359833554e+19,43.092219149699915,30152406.439230885,99959.73099486655,95.13706734025183,0.0022433849104326314
1.460686320364986e+19,43.092219149699915,31962330.229315825,105959.89869434106,100.84775056034799,0.002378045993881902
1.548365256585496e+19,43.092219149699915,33880896.23117638,112320.23155296013,106.9012223879976,0.0025207902231664694
1.6413071953751267e+19,43.092219149699915,35914625.78579065,119062.34879011216,113.3180590003305,0.002672102795976128
1.7398280529303622e+19,43.092219149699915,38070431.683164276,126209.16733717974,120.12007167697371,0.0028324980344038384
1.8442627085855328e+19,43.092219149699915,40355641.65939064,133784.9797338038,127.3303809381276,0.003002521133162755
1.9549661430912594e+19,43.092219149699915,42778023.30414195,141815.53669993693,134.9734951328424,0.003182750012741452
2.0723146452190294e+19,43.092219149699915,45345810.46325366,150328.13466435423,143.0753937446229,0.0033737972837963735
2.1967070907932353e+19,43.092219149699915,48067731.22614649,159351.70854713744,151.6636156975228,0.0035763123294586053
2.3285662984981967e+19,43.092219149699915,50953037.59321702,168916.9301115063,160.76735296288743,0.003790983512632877
2.468340467068651e+19,43.092219149699915,54011536.92403886,179056.3122193023,170.4175497849204,0.0040185405157915615
2.6165046987488236e+19,43.092219149699915,57253625.273268566,189804.3193444961,180.6470078623494,0.004259756821216798
2.773562614198418e+19,43.092219149699915,60690322.72756768,201197.48472036203,191.4904978437105,0.004515452340121243
2.9400480643347137e+19,43.092219149699915,64333310.863653556,213274.5345185115,202.98487751523166,0.004786496199584044
3.1165269449294365e+19,43.092219149699915,68194972.4548014,226076.5194818779,215.16921708304451,0.005073809696774993
3.303599120128346e+19,43.092219149699915,72288433.56076282,239646.95445908332,228.0849319755666,0.005378369430508503
3.50190046143172e+19,43.092219149699915,76627608.14416754,254031.96631447412,241.77592361746005,0.005701210620771765
3.712105009066372e+19,43.092219149699915,81227245.36506236,269280.4507165818,256.2887286536661,0.0060434306275104046
3.934927263095861e+19,43.092219149699915,86102979.71434514,285444.23833794444,271.67267713073915,0.006406192680632226
4.171124612056533e+19,43.092219149699915,91271384.15650049,302578.2710312137,287.9800601731499,0.006790729833907614
4.421499907374468e+19,43.092219149699915,96750026.46227269,320740.7885803785,305.2663077244978,0.007198349156206077
4.6869041923142115e+19,43.092219149699915,102557528.92275979,339993.5266619074,323.5901769578064,0.007630436174315717
4.9682395947343675e+19,43.092219149699915,108713631.64788395,360401.9266886309,343.01395199526524,0.008088459582445693
5.266462393484259e+19,43.092219149699915,115239259.66442692,382035.35824975173,363.60365561638423,0.008573976234422156
5.582586268862678e+19,43.092219149699915,122156594.04166089,404967.35490293446,385.42927367404303,0.009088636435543383
5.917685748188806e+19,43.092219149699915,129489147.28636934,429275.8641200611,408.56499298134764,0.009634189552084033
6.272899858196231e+19,43.092219149699915,137261843.2635131,455043.5122361757,433.08945347783106,0.010212489957514276
6.649435996665032e+19,43.092219149699915,145501101.9142027,482357.88530221715,459.08601553214663,0.010825503335645833
7.048574036451889e+19,43.092219149699915,154234929.05893946,511311.8267961756,486.6430432898334,0.01147531336212971
7.471670675868067e+19,43.092219149699915,163493011.59137157,542003.7532046137,515.8542050292701,0.012164128787016509
7.920164050192541e+19,43.092219149699915,173306818.3861371,574537.9885472367,546.8187915467516,0.012894290942453408
8.395578619995103e+19,43.092219149699915,183709707.26378518,609025.1189815834,579.642053652899,0.013668281701037068
8.899530352885224e+19,43.092219149699915,194737038.3763578,645582.3686931655,614.4355599275788,0.014488731911873397
9.433732216299774e+19,43.092219149699915,206426294.39903715,684333.9983487305,651.3175759493638,0.015358430343018963
1e+20,43.092219149699915,218817207.93639874,725411.7274670207,690.4134662885655,0.016280333160700055
1e+18,45.2798322513856,2356895.8752572415,7435.968598155115,7.254628922460962,0.00017106818099858808
1.0600258488068824e+18,45.2798322513856,2498370.550718998,7882.318924960699,7.6900941813106405,0.00018133669376687773
1.1236548001387516e+18,45.2798322513856,2648337.363660024,8355.46180899802,8.15169861194868,0.0001922215827300683
1.191103133283008e+18,45.2798322513856,2807306.061840698,8857.005496256614,8.641011240348783,0.00020375984639244297
1.2626001098748577e+18,45.2798322513856,2975816.9910633923,9388.654769056639,9.15969527460053,0.00021599070412490934
1.3383887531737592e+18,45.2798322513856,3154442.931845916,9952.21674072405,9.70951375827082,0.00022895572947440328
1.418726674116599e+18,45.2798322513856,3343791.046342837,10549.606998096075,10.292335563113127,0.00024269899147530324
1.5038869469554132e+18,45.2798322513856,3544504.94213242,11182.85611273582,10.910141741494256,0.00025726720444318264
1.5941590374560028e+18,45.2798322513856,3757266.8598841075,11854.11654298802,11.565032260130847,0.00027270988676005844
1.689849786812462e+18,45.2798322513856,3982799.992342622,12565.669950336585,12.25923313802418,0.0002890795291908598
1.7912844546220096e+18,45.2798322513856,4221870.942511031,13319.934954932673,12.99510401285554,0.00030643177330323505
1.898807824465269e+18,45.2798322513856,4475292.329388369,14119.47535665497,13.775146161560917,0.0003248256005971599
2.0127853758499466e+18,45.2798322513856,4743925.550118837,14967.008849646045,14.602011002347481,0.0003443235329872098
2.133604526501402e+18,45.2798322513856,5028683.707941335,15865.416259946038,15.478509107050696,0.00036499184531894863
2.2616759492228552e+18,45.2798322513856,5330534.715891853,16817.751337623813,16.407619754466474,0.00038690079064180883
2.3974349678010685e+18,45.2798322513856,5650504.586807816,17827.251136687766,17.3925010571289,0.0004101248390041374
2.541343036702629e+18,45.2798322513856,5989680.920818139,18897.34701806091,18.436500695957662,0.0004347429305821468
2.693889309590164e+18,45.2798322513856,6349216.6021726355,20031.676313018223,19.543167299261196,0.00046083874400313165
2.8555923019901005e+18,45.2798322513856,6730333.717976799,21234.094686731863,20.71626250477426,0.0004885009807750173
3.0270016537634555e+18,45.2798322513856,7134327.712151936,22508.689243948655,21.959773745729525,0.0005178236667890321
3.208699997370444e+18,45.2798322513856,7562571.788740322,23859.792421347018,23.27792780442403,0.0005489064719203361
3.401304938279246e+18,45.2798322513856,8016521.579522442,25291.996713794393,24.675205179349913,0.0005818550488129455
3.6054711542504986e+18,45.2798322513856,8497720.091811966,26810.170284560783,26.156355314724372,0.0006167813920005125
3.821892620633115e+18,45.2798322513856,9007802.953246279,28419.4735125486,27.726412744185115,0.0006538042185836337
4.051304969235378e+18,45.2798322513856,9548503.971400028,30125.376532784045,29.39071420352479,0.000693049371757637
4.294487988789272e+18,45.2798322513856,10121661.027119203,31933.677829791344,31.15491677063186,0.0007346502485624656
4.5522682755073096e+18,45.2798322513856,10729222.321607575,33850.52394705009,33.02501709429681,0.0007787482533086146
4.825522042741279e+18,45.2798322513856,11373252.998499818,35882.43037952947,35.00737177724378,0.0008254932782203416
5.115178099293145e+18,45.2798322513856,12055942.16343019,38036.303720314594,37.10871898267094,0.0008750442129298935
5.422221006501592e+18,45.2798322513856,12779610.324956771,40319.465136602856,39.33620133774184,0.0009275694845545608
5.747694424835359e+18,45.2798322513856,13546717.2821335,42739.67525486695,41.697390211878215,0.0009832476301923107
6.092704661368687e+18,45.2798322513856,14359870.485540427,45305.16053977084,44.200311452377996,0.0010422679037819598
6.458424430196991e+18,45.2798322513856,15221833.900191888,48024.64125650267,46.85347266483555,0.001104830919390642
6.846096838574672e+18,45.2798322513856,16135537.400448289,50907.361111570266,49.66589213109237,0.0011711493331151535
7.257039612324231e+18,45.2798322513856,17104086.728865393,53963.11867281075,52.647129463012256,0.001241448565915005
7.692649574879161e+18,45.2798322513856,18130774.05283207,57202.30067541274,55.807318096275395,0.00131596756983414
8.154407395185187e+18,45.2798322513856,19219089.154879116,60635.917327160896,59.15719973464002,0.0013949596402157648
8.643882620598297e+18,45.2798322513856,20372731.294695884,64275.63973290768,62.70816086175006,0.0014786932766710592
9.162739011886769e+18,45.2798322513856,21595621.78317454,68133.83956548084,66.47227144459512,0.0015674530957282696
9.712740198471207e+18,45.2798322513856,22891917.311221987,72223.63111787077,70.46232596017845,0.0016615407982643348
1.0295755673125085e+19,45.2798322513856,24266024.078644857,76558.9158796355,74.69188688484476,0.001761276195007402
1.0913767146512693e+19,45.2798322513856,25722612.771133766,81154.42978904535,79.17533079409523,0.0018669982935960777
1.1568875283162786e+19,45.2798322513856,27266634.436251827,86025.79332157134,83.9278972295765,0.0019790664508901835
1.2263306841775593e+19,45.2798322513856,28903337.312394805,91189.56458498408,88.96574049935862,0.0020978615944500906
1.2999422244132422e+19,45.2798322513856,30638284.66792294,96663.29560152779,94.30598458756546,0.0022237875173363175
1.377972359833554e+19,45.2798322513856,32477373.711101905,102465.59196848006,99.96678136000284,0.0023572722506305793
1.460686320364986e+19,45.2798322513856,34426855.63512913,108616.17609988777,105.96737226362904,0.00249876951834359
1.548365256585496e+19,45.2798322513856,36493356.86637976,115135.95426444135,112.32815372958827,0.0026487602796549286
1.6413071953751267e+19,45.2798322513856,38683901.58809668,122047.08764735484,119.07074650211679,0.002807754363727171
1.7398280529303622e+19,45.2798322513856,41005935.61608409,129373.06767779529,126.21806912897547,0.0029762922026511226
1.8442627085855328e+19,45.2798322513856,43467351.707559906,137138.79587790518,133.794415863208,0.0031549466684125623
1.9549661430912594e+19,45.2798322513856,46076516.38919348,145370.66850483025,141.82553924101805,0.003344325020124472
2.0723146452190294e+19,45.2798322513856,48842298.39551905,154096.6662734566,150.33873761645398,0.0035450709681435376
2.1967070907932353e+19,45.2798322513856,51774098.81438911,163346.44946483173,159.36294795043682,0.00375786686208699
2.3285662984981967e+19,45.2798322513856,54881883.04193424,173151.4587435488,168.92884416952884,0.003983436010187018
2.468340467068651e+19,45.2798322513856,58176214.65564638,183545.02202678018,179.06894142877036,0.004222545137866394
2.6165046987488236e+19,45.2798322513856,61668291.320722945,194562.4677682156,189.81770663298224,0.0044760069938922
2.773562614198418e+19,45.2798322513856,65369982.851719424,206241.24504196443,201.21167559220274,0.0047446831129661195
2.9400480643347137e+19,45.2798322513856,69293871.55888525,218621.0508345966,213.2895772094798,0.005029486744141593
3.1165269449294365e+19,45.2798322513856,73453295.0163224,231743.96497799584,226.0924651231399,0.005331385955021656
3.303599120128346e+19,45.2798322513856,77862391.39733951,245654.59318167248,239.66385725099687,0.005651406922288923
3.50190046143172e+19,45.2798322513856,82536147.53109853,260400.2186507118,254.04988371081947,0.0059906374197524065
3.712105009066372e+19,45.2798322513856,87490449.84390278,276030.9628047185,269.29944361985116,0.006350230515767316
3.934927263095861e+19,45.2798322513856,92742138.35827902,292599.9556440527,285.4643713063539,0.006731408492595616
4.171124612056533e+19,45.2798322513856,98309063.93340008,310163.5163424432,302.59961249814086,0.007135467001029525
4.421499907374468e+19,45.2798322513856,104210148.9414116,328781.3446798229,320.7634110869728,0.007563779464399759
4.6869041923142115e+19,45.2798322513856,110465451.58591239,348516.72396610037,340.0175071036621,0.008017801746938488
4.9682395947343675e+19,45.2798322513856,117096234.0811914,369436.7361455565,360.42734657675675,0.008499077102363707
5.266462393484259e+19,45.2798322513856,124125034.92400432,391612.4898131378,382.06230398823897,0.009009241419508228
5.582586268862678e+19,45.2798322513856,131575745.50350161,415119.361917548,404.9959180822461,0.00955002878282033
5.917685748188806e+19,45.2798322513856,139473691.30974764,440037.25397282024,429.30614182845557,0.01012327736663928
6.272899858196231e+19,45.2798322513856,147845718.0168443,466450.8636491884,455.0756073897164,0.010730935683279303
6.649435996665032e+19,45.2798322513856,156720282.7332684,494449.97266643436,482.39190699459175,0.011375069206160207
7.048574036451889e+19,45.2798322513856,166127550.72958744,524129.7519682769,511.3478906695128,0.012057867390497003
7.471670675868067e+19,45.2798322513856,176099497.97233936,555591.0852151135,542.0419818425593,0.012781651115412416
7.920164050192541e+19,45.2798322513856,186670019.81259492,588940.9116946877,574.5785118916236,0.013548880572768481
8.395578619995103e+19,45.2798322513856,197875046.19864345,624292.5898162604,609.0680747741137,0.014362163629531988
8.899530352885224e+19,45.2798322513856,209752663.8044181,661766.2824238284,645.6279029436037,0.01522426469209798
9.433732216299774e+19,45.2798322513856,222343245.4887829,701489.3652380937,684.3822658312009,0.01613811410270181
1e+20,45.2798322513856,235689587.52572417,743596.8598155114,725.4628922460962,0.017106818099858808
1e+18,47.57850139003336,2538629.4886000007,7622.378698759422,7.622916320784797,0.00017975260248855575
1.0600258488068824e+18,47.57850139003336,2691012.878459398,8079.918450079957,8.080488343323744,0.00019054240502817745
1.1236548001387516e+18,47.57850139003336,2852543.210639175,8564.922413336397,8.56552651490587,0.00020197987462369858
1.191103133283008e+18,47.57850139003336,3023769.5381161016,9079.039151162006,9.079679514440953,0.00021410388803989378
1.2626001098748577e+18,47.57850139003336,3205273.871237915,9624.016182561421,9.624694984189732,0.00022695565565234214
1.3383887531737592e+18,47.57850139003336,3397673.156017494,10201.705922850846,10.202425470123066,0.0002405788615243965
1.418726674116599e+18,47.57850139003336,3601621.371175803,10814.071980148166,10.81483471885616,0.00025501981189239185
1.5038869469554132e+18,47.57850139003336,3817811.7510616384,11463.195829815284,11.464004352561641,0.0002703275925638041
1.5941590374560028e+18,47.57850139003336,4046979.142004002,12151.28388953946,12.152140944549947,0.00028655423576336755
1.689849786812462e+18,47.57850139003336,4289902.500106541,12880.675019102462,12.881583519567428,0.00030375489699427117
1.7912844546220096e+18,47.57850139003336,4547407.538974204,13653.848470329696,13.654811504306213,0.0003219880425155995
1.898807824465269e+18,47.57850139003336,4820369.536371945,14473.432314241787,14.474453155150174,0.00034131564807326483
2.0127853758499466e+18,47.57850139003336,5109716.309355511,15342.21237405311,15.343294491803519,0.0003618034095599337
2.133604526501402e+18,47.57850139003336,5416431.367986902,16263.14169438097,16.26428876716786,0.0003835209663199898
2.2616759492228552e+18,47.57850139003336,5741557.258354538,17239.350578852787,17.240566505657352,0.00040654213785858286
2.3974349678010685e+18,47.57850139003336,6086199.106260587,18274.157230227847,18.275446144070944,0.000430945174759309
2.541343036702629e+18,47.57850139003336,6451528.373621568,19371.079029202705,19.37244531119327,0.00045681302466346683
2.693889309590164e+18,47.57850139003336,6838786.840349888,20533.844490235795,20.535292784462552,0.00048423361421493064
2.8555923019901005e+18,47.57850139003336,7249290.825251228,21766.405935030725,21.767941164347768,0.0005133001479290063
3.0270016537634555e+18,47.57850139003336,7684435.660284878,23072.95292675611,23.07458030951602,0.0005441114250011433
3.208699997370444e+18,47.57850139003336,8145700.433395354,24457.926510665882,24.459651578457294,0.0005767721751323593
3.401304938279246e+18,47.57850139003336,8634653.0160365,25926.034309524955,25.927862925974793,0.000611393414512871
3.6054711542504986e+18,47.57850139003336,9152955.392477,27482.266525150546,27.484204905854924,0.000648092823173944
3.821892620633115e+18,47.57850139003336,9702369.309001964,29131.912900459683,29.133967634111155,0.000686995144990609
4.051304969235378e+18,47.57850139003336,10284762.262212649,30880.580699677943,30.882758770460917,0.0007282326116948776
4.294487988789272e+18,47.57850139003336,10902113.846778955,32734.21376782554,32.73652257915602,0.0007719453923407153
4.5522682755073096e+18,47.57850139003336,11556522.484221129,34699.1127342652,34.70156013395554,0.0008182820697485287
4.825522042741279e+18,47.57850139003336,12250212.555592325,36781.95642898518,36.78455073591929,0.0008674001455486367
5.115178099293145e+18,47.57850139003336,12985541.962306483,38989.824584412774,38.99257461682267,0.0009194665755404068
5.422221006501592e+18,47.57850139003336,13765010.140811319,41330.221899923614,41.333137005363156,0.0009746583371867773
5.747694424835359e+18,47.57850139003336,14591266.558348864,43811.103550843334,43.814193637961246,0.0010331630311731183
6.092704661368687e+18,47.57850139003336,15467119.718681231,46440.90222864892,46.44417780086897,0.001095179519075176
6.458424430196991e+18,47.57850139003336,16395546.708392741,49228.55680428101,49.2320289955039,0.001160918599303577
6.846096838574672e+18,47.57850139003336,17379703.316216905,52183.54271199581,52.18722332444408,0.0012306037236224714
7.257039612324231e+18,47.57850139003336,18422934.759784613,55315.904157033554,55.31980570136816,0.0013044717566778202
7.692649574879161e+18,47.57850139003336,19528787.0562545,58636.288256579646,58.640423994424594,0.0013827737811170113
8.154407395185187e+18,47.57850139003336,20701019.075475037,62155.98123006588,62.16036521908541,0.0014657759510364624
8.643882620598297e+18,47.57850139003336,21943615.31664789,65886.94676182522,65.89159390350682,0.001553760396658141
9.162739011886769e+18,47.57850139003336,23260799.451921385,69841.86666649766,69.84679275680323,0.0016470261833100646
9.712740198471207e+18,47.57850139003336,24657048.682949636,74034.1839954113,74.03940577846873,0.0017458903279704108
1.0295755673125085e+19,47.57850139003336,26137108.959216096,78478.14873046013,78.48368395547789,0.0018506888768305464
1.0913767146512693e+19,47.57850139003336,27706011.10985101,83188.86622079877,83.19473370239655,0.001961778047539756
1.1568875283162786e+19,47.57850139003336,29369087.943772737,88182.34852698441,88.18856820914546,0.002079535440014038
1.2263306841775593e+19,47.57850139003336,31131992.376281668,93475.56884710096,93.48216187096304,0.002204361319924874
1.2999422244132422e+19,47.57850139003336,33000716.64371737,99086.51920985438,99.09350798556997,0.0023366799792304245
1.377972359833554e+19,47.57850139003336,34981612.67149192,105034.27163074537,105.0416799136554,0.002476941178373779
1.460686320364986e+19,47.57850139003336,37081413.664731815,111339.0429391935,111.34689591057344,0.0026256216750503852
1.548365256585496e+19,47.57850139003336,39307256.99491648,118022.26349696453,118.03058784961719,0.002783226844741033
1.6413071953751267e+19,47.57850139003336,41666708.4603066,125106.65004147936,125.11547407046575,0.0029502923985187143
1.7398280529303622e+19,47.57850139003336,44167788.00262541,132616.28290160475,132.62563660042096,0.0031273862039682934
1.8442627085855328e+19,47.57850139003336,46818996.96740544,140576.68784838723,140.58660301091436,0.003315110215408424
1.9549661430912594e+19,47.57850139003336,49629347.00066081,149014.9228589468,149.02543318752072,0.0035141025199766822
2.0723146452190294e+19,47.57850139003336,52608390.680106774,157959.6700884472,157.97081130841497,0.0037250395065326863
2.1967070907932353e+19,47.57850139003336,55766253.98504427,167441.3333627614,167.45314334391446,0.0039486381647514815
2.3285662984981967e+19,47.57850139003336,59113670.71527674,177492.1415232173,177.50466040851347,0.00418565852222194
2.468340467068651e+19,47.57850139003336,62662018.97605178,188146.25797469972,188.1595283167119,0.004436906227834073
2.6165046987488236e+19,47.57850139003336,66423359.85304226,199439.89680946973,199.4539637150252,0.004703235290236357
2.773562614198418e+19,47.57850139003336,70410478.40882613,211411.4459014152,211.42635718491672,0.004985550980671278
2.9400480643347137e+19,47.57850139003336,74636927.14021456,224101.59738913793,224.1174037350884,0.0052848129100560555
3.1165269449294365e+19,47.57850139003336,79117072.0441434,237553.48599139918,237.57024112668188,0.005602038290767742
3.303599120128346e+19,47.57850139003336,83866141.44870837,251812.83562506677,251.83059650156667,0.005938305394219731
3.50190046143172e+19,47.57850139003336,88900277.77532515,266928.1148239293,266.94694181211673,0.00629475721598226
3.712105009066372e+19,47.57850139003336,94236592.40795666,282950.7014866567,282.9706585807905,0.006672605360904842
3.934927263095861e+19,47.57850139003336,99893223.85591248,299935.0575138961,299.956212549545,0.007073134161446511
4.171124612056533e+19,47.57850139003336,105889399.40791956,317938.9139281088,317.9613388127291,0.007497705043212294
4.421499907374468e+19,47.57850139003336,112245500.48702998,337023.46710537904,337.047238062733,0.007947761152534687
4.6869041923142115e+19,47.57850139003336,118983131.92851828,357253.58678622084,357.2787846154669,0.00842483226183002
4.9682395947343675e+19,47.57850139003336,126125195.41622783,378698.03657236387,378.72474692269856,0.0089305399694019
5.266462393484259e+19,47.57850139003336,133695967.32702084,401429.70765911986,401.45802132090535,0.00946660321136904
5.582586268862678e+19,47.57850139003336,141721181.2478825,425525.8665976572,425.55587981102417,0.010034844104449426
5.917685748188806e+19,47.57850139003336,150228115.44620064,451068.41792946577,451.1002327114405,0.010637194139463742
6.272899858196231e+19,47.57850139003336,159245685.5905172,478144.1825856595,478.17790707692694,0.01127570074660865
6.649435996665032e+19,47.57850139003336,168804543.0369219,506845.19299743674,506.8809418299181,0.011952534254816231
7.048574036451889e+19,47.57850139003336,178937179.01517105,537269.0059207961,537.3069006072909,0.012669995268854914
7.471670675868067e+19,47.57850139003336,189678035.06866577,569519.0340388218,569.5592033860388,0.013430522489247117
7.920164050192541e+19,47.57850139003336,201063620.12368405,603704.8974686778,603.7474780150575,0.014236701001584097
8.395578619995103e+19,47.57850139003336,213132634.58579272,639942.7963681071,639.9879328479258,0.015091271063413972
8.899530352885224e+19,47.57850139003336,225926101.88525203,678355.9059079526,678.4037517432846,0.01599713741857014
9.433732216299774e+19,47.57850139003336,239487507.9185445,719074.7949532392,719.1255127754489,0.016957379170600154
1e+20,47.57850139003336,253862948.8600001,762237.8698759422,762.2916320784798,0.017975260248855575
1e+18,49.99386441967516,2734376.0698321504,7813.461859120319,8.00990014165675,0.00018887789601080407
1.0600258488068824e+18,49.99386441967516,2898509.3143810523,8282.47153933422,8.490701196518065,0.00020021545203971068
1.1236548001387516e+18,49.99386441967516,3072494.79625143,8779.633923701602,9.000362742804676,0.00021223355449264802
1.191103133283008e+18,49.99386441967516,3256923.904351151,9306.63890218549,9.540617156011365,0.0002249730537463709
1.2626001098748577e+18,49.99386441967516,3452423.5262092543,9865.277801828326,10.113300798942452,0.0002384772522561732
1.3383887531737592e+18,49.99386441967516,3659658.178810816,10457.449475598767,10.720360263638296,0.00025279205174398307
1.418726674116599e+18,49.99386441967516,3879332.2673369837,11085.16675672667,11.363858987978757,0.0002679661092215489
1.5038869469554132e+18,49.99386441967516,4112192.4794878135,11750.563300465024,12.045984269453903,0.0002840510023790502
1.5941590374560028e+18,49.99386441967516,4359030.323526348,12455.90083653444,12.769054699942227,0.0003011014049012985
1.689849786812462e+18,49.99386441967516,4620684.8186709555,13203.576856901775,13.535528046767768,0.0003191752723074436
1.7912844546220096e+18,49.99386441967516,4898045.346980756,13996.132765024215,14.34800960682437,0.0003383340389458658
1.898807824465269e+18,49.99386441967516,5192054.6764278775,14836.26251425861,15.209261062163304,0.0003586428268138522
2.0127853758499466e+18,49.99386441967516,5503712.165432204,15726.821764798715,16.122209867145123,0.0003801706669118534
2.133604526501402e+18,49.99386441967516,5834077.15975099,16670.837590265175,17.089959199063067,0.00040299073388471275
2.2616759492228552e+18,49.99386441967516,6184272.593269887,17671.518766942525,18.115798506061815,0.0004271805947474511
2.3974349678010685e+18,49.99386441967516,6555488.804934055,18732.266680635003,19.20321468820263,0.0004528224725409957
2.541343036702629e+18,49.99386441967516,6948987.584794236,19856.686888217002,20.355903949682784,0.0004800035258141002
2.693889309590164e+18,49.99386441967516,7366106.462919997,21048.60137317472,21.577784362493862,0.0005088161448813879
2.8555923019901005e+18,49.99386441967516,7808263.255758633,22312.061536797242,22.873009184224433,0.0005393582658645389
3.0270016537634555e+18,49.99386441967516,8276960.885393136,23651.36196917489,24.245980975275117,0.0005717337035840658
3.208699997370444e+18,49.99386441967516,8773792.488080224,25071.055046813435,25.70136656347153,0.000606052504433202
3.401304938279246e+18,49.99386441967516,9300446.829432689,26575.96640648248,27.24411290694074,0.0006424313204333419
3.6054711542504986e+18,49.99386441967516,9858714.044652663,28171.211347894783,28.879463909170394,0.0006809938057424794
3.821892620633115e+18,49.99386441967516,10450491.723327272,29862.212220970247,30.61297824340608,0.0007218710369644011
4.051304969235378e+18,49.99386441967516,11077791.35946929,31654.716856785246,32.450548246973156,0.0007652019586872937
4.294487988789272e+18,49.99386441967516,11742745.188726984,33554.81810485531,34.398419949746405,0.0008111338557661873
4.5522682755073096e+18,49.99386441967516,12447613.436003257,35568.97454315979,36.46321430484553,0.000859822853954552
4.825522042741279e+18,49.99386441967516,13194791.998119304,37704.03243130335,38.651949693721136,0.0009114344505867301
5.115178099293145e+18,49.99386441967516,13986820.587636678,39967.24898143456,40.97206578212767,0.0009661440771150332
5.422221006501592e+18,49.99386441967516,14826391.36551915,42366.31702602118,43.43144880807131,0.0010241376954136052
5.747694424835359e+18,49.99386441967516,15716358.091977468,44909.39116632958,46.03845838768846,0.0010856124298759314
6.092704661368687e+18,49.99386441967516,16659745.82660133,47605.11549048881,48.80195593016979,0.0011507772374545362
6.458424430196991e+18,49.99386441967516,17659761.21074999,50462.65295535507,51.7313347583143,0.0012198536179203838
6.846096838574672e+18,49.99386441967516,18719803.367152117,53491.716532047394,54.83655203709509,0.0012930763667562014
7.257039612324231e+18,49.99386441967516,19843475.453763362,56702.602221020694,58.12816261876451,0.0013706943732428622
7.692649574879161e+18,49.99386441967516,21034596.911154043,60106.224048896474,61.61735491954034,0.0014529714664515826
8.154407395185187e+18,49.99386441967516,22297216.445056695,63714.15116600814,65.31598894982069,0.0015401873120175198
8.643882620598297e+18,49.99386441967516,23635625.788202,67538.64717075779,69.23663662719463,0.001632638362742962
9.162739011886769e+18,49.99386441967516,25054374.28822066,71592.71179445107,73.39262450927566,0.001730638866261287
9.712740198471207e+18,49.99386441967516,26558284.371196438,75890.12508829951,77.79807909160974,0.0018345219331868013
1.0295755673125085e+19,49.99386441967516,28152467.933431834,80445.4942627845,82.4679748246279,0.0019446406693811658
1.0913767146512693e+19,49.99386441967516,29842343.71714462,85274.30333859734,87.41818501286082,0.0020613693761851546
1.1568875283162786e+19,49.99386441967516,31633655.72915296,90392.9657779122,92.66553576941487,0.002185104822695182
1.2263306841775593e+19,49.99386441967516,33532492.765160065,95818.88027490285,98.22786320911851,0.0023162675944094725
1.2999422244132422e+19,49.99386441967516,35545309.10599944,101570.48989512895,104.12407407473219,0.002455303522827777
1.377972359833554e+19,49.99386441967516,37678946.45619006,107667.34476481494,110.3742100022987,0.002602685200864043
1.460686320364986e+19,49.99386441967516,39940657.19937195,114130.16852310621,116.99951564407577,0.0027589135892230185
1.548365256585496e+19,49.99386441967516,42338129.04966897,120980.92876317819,124.02251088060554,0.0029245197192009726
1.6413071953751267e+19,49.99386441967516,44879511.18277068,128242.91170163295,131.4670673673747,0.003100066497698477
1.7398280529303622e+19,49.99386441967516,47573441.93555445,135940.80132998954,139.35848967625296,0.0032861506205806067
1.8442627085855328e+19,49.99386441967516,50429078.16840105,144100.76331730993,147.7236013075152,0.003483404600888221
1.9549661430912594e+19,49.99386441967516,53456126.390007935,152750.5339491511,156.5908358648083,0.0036924989187943364
2.0723146452190294e+19,49.99386441967516,56664875.75049616,161919.51440515343,165.99033370297263,0.0039141443006134626
2.1967070907932353e+19,49.99386441967516,60066233.014956236,171638.870695721,175.9540443772312,0.004149094134610406
2.3285662984981967e+19,49.99386441967516,63671759.63631096,181941.6395974864,186.51583524197838,0.004398147031820053
2.468340467068651e+19,49.99386441967516,67493711.05350831,192862.8409476414,197.71160656830276,0.004662149540582522
2.6165046987488236e+19,49.99386441967516,71545078.34862162,204439.59667883036,209.57941357153757,0.0049419990240206066
2.773562614198418e+19,49.99386441967516,75839632.40445255,216711.25699921386,222.15959576361774,0.005238646710240227
2.9400480643347137e+19,49.99386441967516,80391970.71273173,229719.53414659807,235.49491406992274,0.005553100925621778
3.1165269449294365e+19,49.99386441967516,85217566.99202152,243508.64417126926,249.63069617667375,0.005886430522192511
3.303599120128346e+19,49.99386441967516,90332823.78397496,258125.45722946277,264.6149906029315,0.006239768510729856
3.50190046143172e+19,49.99386441967516,95755128.20673059,273619.6568983259,280.4987300208977,0.006614315911944872
3.712105009066372e+19,49.99386441967516,101502911.05495144,290043.9090538959,297.3359043796547,0.007011345838836233
3.934927263095861e+19,49.99386441967516,107595709.4473944,307454.04088612215,315.18374442080545,0.007432207824090979
4.171124612056533e+19,49.99386441967516,114054233.23495294,325909.23065941763,334.1029162097958,0.007878332407241194
4.421499907374468e+19,49.99386441967516,120900435.39489813,345472.20886374434,354.1577273441406,0.008351235997168546
4.6869041923142115e+19,49.99386441967516,128157586.6505996,366209.4714399822,375.41634553949217,0.008852526026485253
4.9682395947343675e+19,49.99386441967516,135850354.57034233,388191.5058042838,397.9510303364749,0.009383906415309973
5.266462393484259e+19,49.99386441967516,144004887.41414306,411493.0304398077,421.83837871599513,0.009947183363013302
5.582586268862678e+19,49.99386441967516,152648903.01351655,436193.24887007347,447.1595854577419,0.010544271487615876
5.917685748188806e+19,49.99386441967516,161811782.98634234,462376.11887733126,474.00071912697655,0.011177200333710228
6.272899858196231e+19,49.99386441967516,171524672.6070526,490130.6378809751,502.453014627646,0.011848121271025754
6.649435996665032e+19,49.99386441967516,181820586.67161354,519551.1454460393,532.6131833162473,0.012559314807085952
7.048574036451889e+19,49.99386441967516,192734521.71714252,550737.643950026,564.5837417305409,0.013313198338814137
7.471670675868067e+19,49.99386441967516,204303574.97760248,583796.1384980289,598.4733600504823,0.014112334369435832
7.920164050192541e+19,49.99386441967516,216567070.47991365,618838.9972415534,634.3972314758194,0.014959439218607757
8.395578619995103e+19,49.99386441967516,229566692.70909035,655985.3333257774,672.4774637758917,0.015857392255379653
8.899530352885224e+19,49.99386441967516,243346628.29674226,695361.409763523,712.8434943425391,0.0168092456853725
9.433732216299774e+19,49.99386441967516,257953716.21454716,737101.0686121288,755.6325301569141,0.01781823492544041
1e+20,49.99386441967516,273437606.983215,781346.1859120319,800.990014165675,0.018887789601080406
1e+18,52.531845404790914,2945216.1195031325,8009.3352267926775,8.416529524845627,0.00019846644280846744
1.0600258488068824e+18,52.531845404790914,3122005.2169960197,8490.10237215977,8.921738853582672,0.00021037955949772827
1.1236548001387516e+18,52.531845404790914,3309406.2301257215,8999.72797350599,9.457273801102316,0.00022300777112819746
1.191103133283008e+18,52.531845404790914,3508056.1481358027,9539.944284146728,10.024954688412572,0.00023639400188069846
1.2626001098748577e+18,52.531845404790914,3718630.196089857,10112.587537373001,10.626711102835074,0.00025058375249644316
1.3383887531737592e+18,52.531845404790914,3941844.1300090547,10719.604187937719,11.264588456808271,0.00026562525493725595
1.418726674116599e+18,52.531845404790914,4178456.6697772746,11363.057528192492,11.940754940388397,0.0002815696363294092
1.5038869469554132e+18,52.531845404790914,4429272.078083434,12045.13470136368,12.657508891080186,0.0002984710927483272
1.5941590374560028e+18,52.531845404790914,4695142.894167017,12768.15413580627,13.417286606047933,0.00031638707343486323
1.689849786812462e+18,52.531845404790914,4976972.831658995,13534.573425505148,14.222670623261175,0.0003353784760693164
1.7912844546220096e+18,52.531845404790914,5275719.850368119,14346.99768361017,15.076398499723142,0.0003555098537669359
1.898807824465269e+18,52.531845404790914,5592399.412453785,15208.188397399243,15.981372116619827,0.00037684963449850675
2.0127853758499466e+18,52.531845404790914,5928087.934053433,16121.072814768117,16.940667543018577,0.00039947035368184306
2.133604526501402e+18,52.531845404790914,6283926.444096777,17088.75389415199,17.957545491643327,0.0004234489007347778
2.2616759492228552e+18,52.531845404790914,6661124.4627437005,18114.520851700378,19.03546240226742,0.0004488667804277241
2.3974349678010685e+18,52.531845404790914,7060964.1126281805,19201.860341553667,20.17808219039502,0.00047581038992411075
2.541343036702629e+18,52.531845404790914,7484804.476883622,20354.468307226638,21.38928870116852,0.0005043713124504393
2.693889309590164e+18,52.531845404790914,7934086.218762115,21576.262544380705,22.673198910831616,0.0005346466285941181
2.8555923019901005e+18,52.531845404790914,8410336.4785503,22871.396017687304,24.034176920621572,0.0005667392462872182
3.0270016537634555e+18,52.531845404790914,8915174.064426769,24244.270977047334,25.476848790656664,0.0006007582505977812
3.208699997370444e+18,52.531845404790914,9450314.954905089,25699.553921148665,27.006118264240424,0.0006368192745176507
3.401304938279246e+18,52.531845404790914,10017578.13156564,27242.191459223854,28.627183436030506,0.0006750448920071558
3.6054711542504986e+18,52.531845404790914,10618891.761902131,28877.42712492337,30.345554420728565,0.0007155650346326357
3.821892620633115e+18,52.531845404790914,11256299.75329872,30610.819199455786,32.16707208234824,0.0007585174332129859
4.051304969235378e+18,52.531845404790914,11931968.70041518,32448.25960457714,34.09792788772337,0.0008040480859764133
4.294487988789272e+18,52.531845404790914,12648195.249594752,34395.99392964795,36.144684951739826,0.0008523117548186964
4.5522682755073096e+18,52.531845404790914,13407413.905326854,36460.64266083144,38.31430034582536,0.0009034724913497722
4.825522042741279e+18,52.531845404790914,14212205.305299297,38649.22368459228,40.614148745525355,0.000957704194516711
5.115178099293145e+18,52.531845404790914,15065304.992167564,40969.176141986994,43.05204749754449,0.0010151912016984881
5.422221006501592e+18,52.531845404790914,15969612.71185699,43428.38571482845,45.63628319145883,0.001076128915281719
5.747694424835359e+18,52.531845404790914,16928202.270003382,46035.21142967371,48.375639826417405,0.001140724466847134
6.092704661368687e+18,52.531845404790914,17944331.980034925,48798.51407074417,51.27942866857412,0.0012091974212244112
6.458424430196991e+18,52.531845404790914,19021455.73840901,51727.686298355184,54.35751990073727,0.0012817805228085
6.846096838574672e+18,52.531845404790914,20163234.764649555,54832.6845752301,57.620376171816034,0.00135872048667421
7.257039612324231e+18,52.531845404790914,21373550.04609009,58124.063009218335,61.07908816010115,0.0014402788371781297
7.692649574879161e+18,52.531845404790914,22656515.529623024,61613.00922745137,64.74541227126163,0.0015267327968983364
8.154407395185187e+18,52.531845404790914,24016492.105294958,65311.38240387543,68.63181059919566,0.001618376228933465
8.643882620598297e+18,52.531845404790914,25458102.429279078,69231.75356941893,72.75149328556556,0.0017155206357640776
9.162739011886769e+18,52.531845404790914,26986246.636609115,73387.44834181223,77.11846342199985,0.001818496218071539
9.712740198471207e+18,52.531845404790914,28606118.997083448,77792.59222030074,81.7475646475879,0.0019276529971133886
1.0295755673125085e+19,52.531845404790914,30323225.570953824,82462.1585992113,86.65453160345415,0.002043362004470234
1.0913767146512693e+19,52.531845404790914,32143402.924412884,87412.0196635767,91.85604341591429,0.002166016543208292
1.1568875283162786e+19,52.531845404790914,34072837.9684924,92659.00033980681,97.36978038999641,0.0022960335247441195
1.2263306841775593e+19,52.531845404790914,36118088.98881053,98220.93548480091,103.21448410604567,0.0024338548859559436
1.2999422244132422e+19,52.531845404790914,38286107.93764639,104116.73050788211,109.4100211236755,0.0025799490913582263
1.377972359833554e+19,52.531845404790914,40584264.06411553,110366.42563161517,115.9774505096031,0.0027348127254455496
1.460686320364986e+19,52.531845404790914,43020368.96276672,116991.26400993454,122.93909541890022,0.002898972180618282
1.548365256585496e+19,52.531845404790914,45602703.12574206,124013.76393512095,130.31861897297003,0.0030729854464274335
1.6413071953751267e+19,52.531845404790914,48340044.08875299,131457.7953790629,138.14110469216322,0.0032574440062204365
1.7398280529303622e+19,52.531845404790914,51241696.26654251,139348.66112897263,146.43314175643076,0.0034529748476347104
1.8442627085855328e+19,52.531845404790914,54317522.579246186,147713.18279334184,155.22291538381904,0.003660242593772799
1.9549661430912594e+19,52.531845404790914,57577977.97715244,156579.79197047837,164.54030263401165,0.003879951762303116
2.0723146452190294e+19,52.531845404790914,61034144.977815,165978.62688951142,174.41697396255952,0.00411284916016512
2.1967070907932353e+19,52.531845404790914,64697771.33631068,175941.6348523552,184.8865008709901,0.004359726422018705
2.3285662984981967e+19,52.531845404790914,68581309.97668631,186502.68082483837,195.98447001870568,0.00462142270106617
2.468340467068651e+19,52.531845404790914,72697961.32032482,197697.6625461084,207.74860418454548,0.004898827521393063
2.6165046987488236e+19,52.531845404790914,77061718.15510722,209564.63254757514,220.21889048916788,0.005192883801523197
2.773562614198418e+19,52.531845404790914,81687413.19788428,222143.9274961457,233.43771631409004,0.005504591059465137
2.9400480643347137e+19,52.531845404790914,86590769.51192582,235478.30530139647,247.45001337938353,0.0058350088101443084
3.1165269449294365e+19,52.531845404790914,91788453.95072027,249613.09045271896,262.3034104697555,0.006185260166768858
3.303599120128346e+19,52.531845404790914,97298133.80978368,264596.3280804525,278.0483953281426,0.006556535658370557
3.50190046143172e+19,52.531845404790914,103138536.87904157,280478.947264666,294.73848626710594,0.006950097276496841
3.712105009066372e+19,52.531845404790914,109329515.099906,297314.93414668844,312.4304140813447,0.007367282764808967
3.934927263095861e+19,52.531845404790914,115892112.04342273,315161.51543180575,331.18431487966313,0.007809510166166941
4.171124612056533e+19,52.531845404790914,122848634.43885152,334079.3529068633,351.06393449184077,0.008278282642657089
4.421499907374468e+19,52.531845404790914,130222727.99580888,354132.74963394884,372.13684514519423,0.00877519358494579
4.6869041923142115e+19,52.531845404790914,138039457.77770624,375389.86852104496,394.4746751473531,0.009301932028326947
4.9682395947343675e+19,52.531845404790914,146325393.39965367,397922.96401252144,418.15335235588884,0.00986028839387112
5.266462393484259e+19,52.531845404790914,155108699.3404689,421808.62768712355,443.2533622624944,0.010452160574193884
5.582586268862678e+19,52.531845404790914,164419230.67571202,447128.0485981094,469.8600215688052,0.011079560384525703
5.917685748188806e+19,52.531845404790914,174288634.55719626,473967.28924057586,498.0637681838927,0.011744620401013964
6.272899858196231e+19,52.531845404790914,184750457.7838845,502417.57808393857,527.9604686290853,0.012449601209499459
6.649435996665032e+19,52.531845404790914,195840260.82982227,532575.6196639251,559.6517438950254,0.013196899089406851
7.048574036451889e+19,52.531845404790914,207595738.71669358,564543.9232881037,593.2453148585764,0.013989054158867273
7.471670675868067e+19,52.531845404790914,220056849.14185497,598431.1514722396,628.8553684336688,0.014828759008758732
7.920164050192541e+19,52.531845404790914,233265948.2973629,634352.4892918409,666.6029457006646,0.01571886785501218
8.395578619995103e+19,52.531845404790914,247267934.8416544,672430.0359043423,706.616353333515,0.016662406240292502
8.899530352885224e+19,52.531845404790914,262110402.5132496,712793.2195727429,749.0315997231831,0.017662581318031154
9.433732216299774e+19,52.531845404790914,277843801.90522105,755579.2376013873,793.9928572797442,0.018722792753766558
1e+20,52.531845404790914,294521611.9503132,800933.5226792677,841.6529524845628,0.019846644280846745
1e+18,55.198669150024934,3172313.452521387,8210.118886068816,8.84380179400666,0.0002085417603274953
1.0600258488068824e+18,55.198669150024934,3362734.260190475,8702.938241010514,9.37465850337174,0.0002210596565028346
1.1236548001387516e+18,55.198669150024934,3564585.238470392,9225.339496041046,9.937380337311284,0.00023432895002137508
1.191103133283008e+18,55.198669150024934,3778552.4930540607,9779.098329822567,10.53388002697522,0.00024839474414643374
1.2626001098748577e+18,55.198669150024934,4005363.3137109927,10366.097007636132,11.166185116824272,0.0002633048495029918
1.3383887531737592e+18,55.198669150024934,4245788.646396443,10988.330779333977,11.836444856396428,0.0002791099465893773
1.418726674116599e+18,55.198669150024934,4500645.713751013,11647.91466133429,12.54693750575748,0.0002958637580438483
1.5038869469554132e+18,55.198669150024934,4770800.792897975,12347.090625711011,13.30007807946748,0.00031362323125162437
1.5941590374560028e+18,55.198669150024934,5057172.1599802235,13088.235220814815,14.098426555385329,0.0003324487319130603
1.689849786812462e+18,55.198669150024934,5360733.211445571,13873.867649328358,14.944696576213822,0.0003524042492309134
1.7912844546220096e+18,55.198669150024934,5682515.772689836,14706.65833121364,15.841764673362368,0.0003735576134141512
1.898807824465269e+18,55.198669150024934,6023613.605304041,15589.437980657547,16.792680044479827,0.0003959807262376088
2.0127853758499466e+18,55.198669150024934,6385186.124847102,16525.20722786877,17.800674917892124,0.00041974980544118697
2.133604526501402e+18,55.198669150024934,6768462.341780921,17517.146818431076,18.869175539173828,0.0004449456437993144
2.2616759492228552e+18,55.198669150024934,7174745.038963742,18568.628424882183,20.0018138171988,0.00047165388374129303
2.3974349678010685e+18,55.198669150024934,7605415.199900508,19683.22610726534,21.202439669253387,0.0004999653084559267
2.541343036702629e+18,55.198669150024934,8061936.7028033035,20864.728461611732,22.47513410717704,0.0005299761504699886
2.693889309590164e+18,55.198669150024934,8545861.29641643,22117.15149764509,23.82422310900885,0.0005617884187493536
2.8555923019901005e+18,55.198669150024934,9058833.874519711,23444.75228948165,25.254292323291654,0.00059551024543466
3.0270016537634555e+18,55.198669150024934,9602598.067038296,24852.043445724885,26.77020265601437,0.0006312562533900703
3.208699997370444e+18,55.198669150024934,10179002.166763598,26343.80844814004,28.37710679317389,0.0006691479458144617
3.401304938279246e+18,55.198669150024934,10790005.411830679,27925.117911045567,30.080466715117705,0.0007093141192393566
3.6054711542504986e+18,55.198669150024934,11437684.64530667,29601.346816688354,31.88607226219982,0.0007518913013174052
3.821892620633115e+18,55.198669150024934,12124241.37452665,31378.19278518698,33.800060814855954,0.0007970242148894938
4.051304969235378e+18,55.198669150024934,12852009.254172133,33261.69544114382,35.82893815499193,0.0008448662699078748
4.294487988789272e+18,55.198669150024934,13623462.018527724,35258.25694275449,37.97960057959461,0.0008955800848873994
4.5522682755073096e+18,55.198669150024934,14441221.889878172,37374.663743194484,40.259358341731144,0.0009493380396573055
4.825522042741279e+18,55.198669150024934,15308068.491626643,39618.109658251546,42.675960498614,0.0010063228612923972
5.115178099293145e+18,55.198669150024934,16226948.296430424,41996.22031861224,45.237621251192294,0.001066728245215244
5.422221006501592e+18,55.198669150024934,17200984.641469058,44517.07908991779,47.95304786479937,0.001130759513580565
5.747694424835359e+18,55.198669150024934,18233488.344887387,47189.25454869322,50.83147026576102,0.0011986343131796962
6.092704661368687e+18,55.198669150024934,19327968.959499646,50021.82960754257,53.88267241456513,0.001270583355237362
6.458424430196991e+18,55.198669150024934,20488146.70200669,53024.432388608555,57.117025562232584,0.0013468511996153811
6.846096838574672e+18,55.198669150024934,21717965.098274566,56207.26895023793,60.545523502929996,0.001427697086088862
7.257039612324231e+18,55.198669150024934,23021604.38765675,59581.1579780927,64.17981994265043,0.001513395815520459
7.692649574879161e+18,55.198669150024934,24403495.731922094,63157.56755862465,68.0322681109809,0.0016042386839278584
8.154407395185187e+18,55.198669150024934,25868336.277085852,66948.65415990913,72.11596275059992,0.001700534472619464
8.643882620598297e+18,55.198669150024934,27421105.119339794,70967.3039523361,76.4447846272302,0.0018026104977638118
9.162739011886769e+18,55.198669150024934,29067080.229350917,75227.1766096111,81.03344771133902,0.0019108137229602816
9.712740198471207e+18,55.198669150024934,30811856.39245546,79742.75173894824,85.89754919196025,0.002025511938592811
1.0295755673125085e+19,55.198669150024934,32661364.2257281,84529.37809827442,91.05362249263787,0.0021470950119753013
1.0913767146512693e+19,55.198669150024934,34621890.33656818,89603.32576774125,96.5191934696999,0.002275976212538142
1.1568875283162786e+19,55.198669150024934,36700098.69131948,94981.84145286951,102.31283998387435,0.0024125936165600177
1.2263306841775593e+19,55.198669150024934,38903053.266562276,100683.20710731874,108.45425504774914,0.002557411596220099
1.2999422244132422e+19,55.198669150024934,41238242.06006704,106726.80207453467,114.96431376370839,0.0027109223980317744
1.377972359833554e+19,55.198669150024934,43713602.54302624,113133.16895950276,121.86514427987572,0.0028736478160232204
1.460686320364986e+19,55.198669150024934,46337548.64007809,119924.08345450937,129.18020300524847,0.0030461409653520584
1.548365256585496e+19,55.198669150024934,49118999.32882898,127122.62835625368,136.9343543396839,0.0032289881623827317
1.6413071953751267e+19,55.198669150024934,52067408.95608663,134753.2720258997,145.15395518974586,0.0034228109176171317
1.7398280529303622e+19,55.198669150024934,55192799.3738508,142841.95155875903,153.8669445576865,0.0036282680482525634
1.8442627085855328e+19,55.198669150024934,58505794.004294164,151416.1609463051,163.10293850808316,0.003846057917547814
1.9549661430912594e+19,55.198669150024934,62017653.949522525,160505.0445301866,172.89333083492758,0.004076920808609052
2.0723146452190294e+19,55.198669150024934,65740316.26885413,170139.49606589752,183.27139977134325,0.004321641440664252
2.1967070907932353e+19,55.198669150024934,69686434.553725,180352.2637328283,194.27242110464366,0.004581051636379123
2.3285662984981967e+19,55.198669150024934,73869421.9381376,191178.061447634,205.933788081218,0.004856033149280938
2.468340467068651e+19,55.198669150024934,78303496.69084804,202653.68685928255,218.29513850880969,0.005147520660900883
2.6165046987488236e+19,55.198669150024934,83003730.54426311,214818.14642685515,231.398489488217,0.005456504957822424
2.773562614198418e+19,55.198669150024934,87986099.92432027,227712.78800524827,245.28838023237765,0.005784036299434676
2.9400480643347137e+19,55.198669150024934,93267540.25548477,241381.441389445,260.0120234582915,0.006131227987838063
3.1165269449294365e+19,55.198669150024934,98866003.52545029,255870.56729507516,275.61946586637043,0.006499260152036556
3.303599120128346e+19,55.198669150024934,104800519.30520971,271229.4152816606,292.16375825269887,0.006889383759279297
3.50190046143172e+19,55.198669150024934,111091259.43190697,287510.1911553367,309.7011358324259,0.0073029248671863875
3.712105009066372e+19,55.198669150024934,117759606.57433277,304768.2344200648,328.29120938722286,0.0077412891311121395
3.934927263095861e+19,55.198669150024934,124828226.91412161,323062.20638050407,347.9971678865289,0.00820596658206664
4.171124612056533e+19,55.198669150024934,132321147.18969993,342454.2895359181,368.885993271309,0.008698536691436103
4.421499907374468e+19,55.198669150024934,140263836.36486092,363010.3989428665,391.028688130386,0.009220673739717288
4.6869041923142115e+19,55.198669150024934,148683292.1995726,384800.4062651402,414.50051704325756,0.00977415250751523
4.9682395947343675e+19,55.198669150024934,157608133.0172524,407898.3772724351,439.38126240966716,0.010360854308146667
5.266462393484259e+19,55.198669150024934,167068694.98048097,432382.823595163,465.755495635647,0.010982773382357614
5.582586268862678e+19,55.198669150024934,177097135.20574245,458336.96959097916,493.7128645976469,0.011642023676887265
5.917685748188806e+19,55.198669150024934,187727541.0677344,485849.03523025196,523.3483983619981,0.012340846029922246
6.272899858196231e+19,55.198669150024934,198996046.06475404,515012.5359619527,554.7628301953994,0.013081615787863371
6.649435996665032e+19,55.198669150024934,210940952.63900435,545926.600579254,588.0629399643866,0.013866850879295385
7.048574036451889e+19,55.198669150024934,223602862.36929303,578696.3081652797,623.3619170876199,0.01469922037360356
7.471670675868067e+19,55.198669150024934,237024813.97865835,613433.0452643099,660.7797452746896,0.01558155355332853
7.920164050192541e+19,55.198669150024934,251252429.62602076,650254.8844924908,700.4436103591985,0.016516849531096972
8.395578619995103e+19,55.198669150024934,266334069.97911406,689286.9858749737,742.4883326123665,0.017508287443816623
8.899530352885224e+19,55.198669150024934,282320998.595802,730662.0222736566,787.0568250066306,0.018559237258786596
9.433732216299774e+19,55.198669150024934,299267556.1725217,774520.6303515862,834.3005789869036,0.01967327122845358
1e+20,55.198669150024934,317231345.25213873,821011.8886068816,884.380179400666,0.020854176032749527
1e+18,58.00087646751577,3416921.622290292,8415.935931598719,9.292764902777424,0.0002191285598969531
1.0600258488068824e+18,58.00087646751577,3622025.242974856,8921.109629397271,9.850571003829444,0.00023228193770259744
1.1236548001387516e+18,58.00087646751577,3839440.3825843767,9456.606807201097,10.441859889566773,0.0002462248581757033
1.191103133283008e+18,58.00087646751577,4069906.0504924254,10024.247657636284,11.068641392560556,0.0002610047142850541
1.2626001098748577e+18,58.00087646751577,4314205.6157375,10625.961631936305,11.733045987287998,0.0002766717438026123
1.3383887531737592e+18,58.00087646751577,4573169.469749562,11263.793998282648,12.437332031765147,0.00029327920006524445
1.418726674116599e+18,58.00087646751577,4847677.848909,11939.91279381543,13.183893443864875,0.0003108835329865642
1.5038869469554132e+18,58.00087646751577,5138663.8265320845,12656.616193944357,13.975267838412355,0.0003295445809341651
1.5941590374560028e+18,58.00087646751577,5447116.484452895,13416.340324008801,14.81414515271658,0.0003493257741244467
1.689849786812462e+18,58.00087646751577,5774084.274982141,14221.667539839435,15.70337678985676,0.000370294350226388
1.7912844546220096e+18,58.00087646751577,6120678.584670418,15075.335205367584,16.645985310802207,0.0003925215829071199
1.898807824465269e+18,58.00087646751577,6488077.511989367,15980.24499711805,17.64517470831001,0.0004160830240961409
2.0127853758499466e+18,58.00087646751577,6877529.871771375,16939.472767212,18.70434129752205,0.00044105876079164624
2.133604526501402e+18,58.00087646751577,7290359.440019081,17956.278998404818,19.827085260279272,0.0004675336872818727
2.2616759492228552e+18,58.00087646751577,7727969.453513494,19034.119886697266,21.017222882393963,0.0004955977937067787
2.3974349678010685e+18,58.00087646751577,8191847.379514302,20176.65908918823,22.278799525473094,0.0005253464719408462
2.541343036702629e+18,58.00087646751577,8683569.971766083,21387.780177103854,23.616103377387986,0.0005568808398367966
2.693889309590164e+18,58.00087646751577,9204808.629995296,22671.599836329526,25.03368002812678,0.0005903080849322898
2.8555923019901005e+18,58.00087646751577,9757335.081115684,24032.481860315183,26.536347920574993,0.0006257418287879158
3.0270016537634555e+18,58.00087646751577,10343027.401452823,25475.051982916608,28.129214728742255,0.0006633025131948813
3.208699997370444e+18,58.00087646751577,10963876.40045787,27004.213601590633,29.817694719106075,0.0007031178095651425
3.401304938279246e+18,58.00087646751577,11621992.3876091,28625.164444388465,31.607527154084906,0.000745323052895526
3.6054711542504986e+18,58.00087646751577,12319612.345502464,30343.414237399476,33.50479580019544,0.0007900617017809169
3.821892620633115e+18,58.00087646751577,13059107.533512997,32164.803432698223,35.515949607203446,0.0008374858260401266
4.051304969235378e+18,58.00087646751577,13842991.54787247,34095.52306045246,37.64782462855829,0.0008877566236119181
4.294487988789272e+18,58.00087646751577,14673928.865560012,36142.13577267075,39.907667257620155,0.0009410449684781556
4.5522682755073096e+18,58.00087646751577,15554743.901047066,38311.5981501189,42.30315885866144,0.000997531991476503
4.825522042741279e+18,58.00087646751577,16488430.606681094,40611.28434822798,44.84244187636498,0.0010574096959768998
5.115178099293145e+18,58.00087646751577,17478162.649340503,43049.01116236801,47.534147512567074,0.0011208816105145406
5.422221006501592e+18,58.00087646751577,18527304.197951917,45633.06459768611,50.38742506432047,0.0011881634805977013
5.747694424835359e+18,58.00087646751577,19639421.358537298,48372.22803382152,53.4119730229995,0.0012594840020419182
6.092704661368687e+18,58.00087646751577,20818294.295659516,51275.81208023173,56.61807204015534,0.0013350855983231735
6.458424430196991e+18,58.00087646751577,22067930.081467953,54353.68622360983,60.01661987217488,0.0014152252445923663
6.846096838574672e+18,58.00087646751577,23392576.316019006,57616.31237496497,63.61916842252218,0.001500175341151951
7.257039612324231e+18,58.00087646751577,24796735.56516782,61074.78043039473,67.43796300747209,0.0015902246393637513
7.692649574879161e+18,58.00087646751577,26285180.665106826,64740.845966423134,71.48598397880274,0.0016856792231351788
8.154407395185187e+18,58.00087646751577,27862970.945572123,68626.97019803332,75.77699084492558,0.0017868635493199943
8.643882620598297e+18,58.00087646751577,29535469.426861588,72746.36233521489,80.32556904042359,0.0018941215505700055
9.162739011886769e+18,58.00087646751577,31308361.049118683,77113.0244819992,85.14717950297086,0.0020078178043863785
9.712740198471207e+18,58.00087646751577,33187671.995844368,81741.7992305971,90.25821122614866,0.002128338772344242
1.0295755673125085e+19,58.00087646751577,35179790.17731904,86648.42011241477,95.67603696678835,0.0022560941137027848
1.0913767146512693e+19,58.00087646751577,37291486.94356064,91849.5650774378,101.41907229619846,0.0023915180778660053
1.1568875283162786e+19,58.00087646751577,39529940.10061864,97362.91318375398,107.50683819598434,0.002535070980426916
1.2263306841775593e+19,58.00087646751577,41902758.308443494,103207.20468991961,113.96002741124248,0.0026872407678127375
1.2999422244132422e+19,58.00087646751577,44418006.943257466,109402.3047544177,120.80057478665789,0.002848544675849155
1.377972359833554e+19,58.00087646751577,47084235.512336485,115969.27095873083,128.0517318245863,0.0030195309878813265
1.460686320364986e+19,58.00087646751577,49910506.71438765,122930.42488354402,135.7381457185484,0.003200780898427588
1.548365256585496e+19,58.00087646751577,52906427.244300365,130309.42798136944,143.88594313077655,0.0033929104887005595
1.6413071953751267e+19,58.00087646751577,56082180.44697907,138131.36200349045,152.52281899858025,0.003596572820710585
1.7398280529303622e+19,58.00087646751577,59448560.93124973,146422.8142546007,161.6781306713885,0.0038124601570695004
1.8442627085855328e+19,58.00087646751577,63017011.26149567,155211.96796492563,171.3829976984487,0.0040413063140400185
1.9549661430912594e+19,58.00087646751577,66799660.8517398,164528.69808700692,181.67040760636604,0.0042838891558288844
2.0723146452190294e+19,58.00087646751577,70809367.19437738,174404.67284277081,192.57532802603046,0.004541033238602112
2.1967070907932353e+19,58.00087646751577,75059759.5636981,184873.46136604476,204.13482555005677,0.00481361261320947
2.3285662984981967e+19,58.00087646751577,79565285.34274958,195970.647806408,216.38819172474382,0.0051025537961448845
2.468340467068651e+19,58.00087646751577,84341259.13100992,207733.95228222222,229.37707660480794,0.00540883891884126
2.6165046987488236e+19,58.00087646751577,89403914.79979002,220203.35909397106,243.14563032485285,0.005733509066004408
2.773562614198418e+19,58.00087646751577,94770460.67230561,233421.25263371336,257.74065316878654,0.006077667814333276
2.9400480643347137e+19,58.00087646751577,100459138.01598,247432.56145261775,273.21175464728327,0.006442484983654902
3.1165269449294365e+19,58.00087646751577,106489283.04579696,262284.91097627225,289.6115221240041,0.0068292006132243815
3.303599120128346e+19,58.00087646751577,112881392.64945728,278028.78538686055,306.9956995637507,0.007239129176705657
3.50190046143172e+19,58.00087646751577,119657194.05774394,294717.6992224534,325.4233770101275,0.007673664050160083
3.712105009066372e+19,58.00087646751577,126839718.69690986,312408.3792766927,344.9571914367625,0.008134282248229801
3.934927263095861e+19,58.00087646751577,134453380.47411808,331160.9574171586,365.66353965479243,0.00862254944461455
4.171124612056533e+19,58.00087646751577,142524058.76203173,351039.17497782345,387.6128040003005,0.009140125293906853
4.421499907374468e+19,58.00087646751577,151079186.36462343,372110.59942033194,410.8795915688309,0.009688769072874788
4.6869041923142115e+19,58.00087646751577,160147842.76321447,394446.8540005784,435.5429878101787,0.010270345660368052
4.9682395947343675e+19,58.00087646751577,169760852.9596662,418123.86122116423,461.6868253453667,0.010886831876171638
5.266462393484259e+19,58.00087646751577,179950892.2527505,443222.1008973757,489.3999689196771,0.011540323200356663
5.582586268862678e+19,58.00087646751577,190752597.30377766,469826.8837137103,518.7766174601427,0.012233040895963831
5.917685748188806e+19,58.00087646751577,202202683.86905438,498028.6412009182,549.916624264351,0.012967339559233364
6.272899858196231e+19,58.00087646751577,214340071.59932408,527923.2331191417,582.9258364088341,0.013745715123043413
6.649435996665032e+19,58.00087646751577,227206016.33040142,559612.2732919918,617.9164545307361,0.01457081334076169
7.048574036451889e+19,58.00087646751577,240844250.3146642,593203.4749990928,655.0074142056832,0.015445438779347563
7.471670675868067e+19,58.00087646751577,255301130.87005922,628811.0171011055,694.3247902181805,0.016372564352272637
7.920164050192541e+19,58.00087646751577,270625797.9518915,666555.9321417185,736.0022250986874,0.017355341424663107
8.395578619995103e+19,58.00087646751577,286870341.1829936,706566.5177457877,780.1813833839901,0.018397110525011758
8.899530352885224e+19,58.00087646751577,304089976.91002274,748978.7727120018,827.012433144942,0.01950141269986962
9.433732216299774e+19,58.00087646751577,322343235.8877121,793936.8592823768,876.6545564183122,0.020672001550112607
1e+20,58.00087646751577,341692162.2290292,841593.5931598719,929.2764902777424,0.021912855989695307
1e+18,60.94534021928508,3680390.840191164,8626.912543855788,9.7645200050519,0.00023025280733751289
1.0600258488068824e+18,60.94534021928508,3901309.4243147136,9144.750291883473,10.350643606546923,0.00024407392753811463
1.1236548001387516e+18,60.94534021928508,4135488.8339674943,9693.671690280766,10.971949774727435,0.0002587246722102195
1.191103133283008e+18,60.94534021928508,4383725.061457777,10275.542561545115,11.63055037302193,0.0002742548402669203
1.2626001098748577e+18,60.94534021928508,4646861.879207783,10892.340725753107,12.328684031253774,0.00029071721984333816
1.3383887531737592e+18,60.94534021928508,4925793.707795575,11546.162723310212,13.06872375490164,0.00030816776772721164
1.418726674116599e+18,60.94534021928508,5221468.656153605,12239.23094123929,13.853184991112276,0.00032666579955995965
1.5038869469554132e+18,60.94534021928508,5534891.744257757,12973.901167230639,14.684734178882556,0.00034627419145472516
1.5941590374560028e+18,60.94534021928508,5867128.319261035,13752.67059713026,15.566197812473417,0.0003670595937167119
1.689849786812462e+18,60.94534021928508,6219307.676683578,14578.18632308446,16.500572048862974,0.00038909265739226704
1.7912844546220096e+18,60.94534021928508,6592626.898967669,15453.25433119249,17.49103289189509,0.00041244827441676334
1.898807824465269e+18,60.94534021928508,6988354.924445287,16380.849039250948,18.540946987740192,0.0004372058321775635
2.0127853758499466e+18,60.94534021928508,7407836.8605488725,17364.123407009392,19.65388306836271,0.0004634494833573412
2.133604526501402e+18,60.94534021928508,7852498.555926166,18406.419653302437,20.833624081892225,0.0004912684319749727
2.2616759492228552e+18,60.94534021928508,8323851.447000452,19511.2806164876,22.084180051131312,0.0005207572365962966
2.3974349678010685e+18,60.94534021928508,8823497.69544905,20682.461796801537,23.40980170390449,0.0005520161317453157
2.541343036702629e+18,60.94534021928508,9353135.634063954,21923.94412157047,24.814994921582162,0.0005851513686084203
2.693889309590164e+18,60.94534021928508,9914565.53950454,23239.947476662397,26.304536054888604,0.0006202755761896496
2.8555923019901005e+18,60.94534021928508,10509695.751564765,24634.945050176422,27.883488159054536,0.0006575081441446114
3.0270016537634555e+18,60.94534021928508,11140549.159754526,26113.67853712417,29.557218203498444,0.0006969756285943298
3.208699997370444e+18,60.94534021928508,11809270.079243593,27681.174256785118,31.331415314533675,0.0007388121822984149
3.401304938279246e+18,60.94534021928508,12518131.539539909,29342.760237519866,33.21211011310951,0.0007831600106497422
3.6054711542504986e+18,60.94534021928508,13269543.010676999,31104.084327113836,35.20569521331655,0.0008301698550406001
3.821892620633115e+18,60.94534021928508,14066058.593172321,32971.133390209696,37.31894695133228,0.0008800015052432987
4.051304969235378e+18,60.94534021928508,14910385.69959483,34950.25365808197,39.559048418665014,0.0009328243425468619
4.294487988789272e+18,60.94534021928508,15805394.257251011,37048.17229992419,41.933613877987945,0.0009888179154959593
4.5522682755073096e+18,60.94534021928508,16754126.46326993,39272.020288970765,44.45071464455423,0.0010481725501890564
4.825522042741279e+18,60.94534021928508,17759807.125245556,41629.35664117734,47.11890652116612,0.001111089997210229
5.115178099293145e+18,60.94534021928508,18825854.62258494,44128.194108848445,49.947258879951264,0.0011777841173936097
5.422221006501592e+18,60.94534021928508,19955892.525820572,46777.02641654694,52.94538548979744,0.001248481608751426
5.747694424835359e+18,60.94534021928508,21153761.913381875,49584.85713186214,56.123477194230134,0.0013234227770365127
6.092704661368687e+18,60.94534021928508,22423534.42769132,52561.230269170155,59.4923365508075,0.0014028623525584908
6.458424430196991e+18,60.94534021928508,23769526.114963844,55716.262730411094,63.06341454977443,0.001487070356030034
6.846096838574672e+18,60.94534021928508,25196312.095751908,59060.67869315129,66.84884953678495,0.00157633301638629
7.257039612324231e+18,60.94534021928508,26708742.11610253,62605.84606281826,70.86150847199403,0.0016709537436971902
7.692649574879161e+18,60.94534021928508,28311957.032185715,66363.81511301194,75.11503066576155,0.0017712541604796516
8.154407395185187e+18,60.94534021928508,30011406.28442665,70347.3594452335,79.62387413962891,0.0018775751949151652
8.643882620598297e+18,60.94534021928508,31812866.420537565,74570.01940725649,84.4033647701525,0.0019902782396886954
9.162739011886769e+18,60.94534021928508,33722460.7304103,79046.14811772275,89.46974838263782,0.002109746380387877
9.712740198471207e+18,60.94534021928508,35746680.05960994,83790.96025340361,94.84024597184386,0.0022363856976379075
1.0295755673125085e+19,60.94534021928508,37892404.87221577,88820.58376495719,100.53311223735648,0.0023706266473981752
1.0913767146512693e+19,60.94534021928508,40166928.63800457,94152.11469697155,106.56769763260137,0.0025129255241124644
1.1568875283162786e+19,60.94534021928508,42577982.62346627,99803.67529862022,112.96451413839347,0.0026637660116857953
1.2263306841775593e+19,60.94534021928508,45133762.17092452,105794.47562246637,119.7453049846076,0.002823660827560159
1.2999422244132422e+19,60.94534021928508,47842954.55508223,112144.87882078395,126.93311855694768,0.0029931534654772016
1.377972359833554e+19,60.94534021928508,50714768.51168014,118876.47036134648,134.55238674003309,0.003172820042851732
1.460686320364986e+19,60.94534021928508,53758965.5386383,126012.13139795251,142.62900796309552,0.003363271259035397
1.548365256585496e+19,60.94534021928508,56985893.076075,133576.116545079,151.19043523056393,0.003565154471126789
1.6413071953751267e+19,60.94534021928508,60406519.677984655,141594.13632102442,160.26576943676048,0.003779155894383826
1.7398280529303622e+19,60.94534021928508,64032472.29512531,150093.44453977133,169.88585828189014,0.0040060029347177475
1.8442627085855328e+19,60.94534021928508,67876075.79584341,159102.93094861985,180.08340112554635,0.004246466661197043
1.9549661430912594e+19,60.94534021928508,71950394.85916919,168653.21942647354,190.89306013413756,0.004501364426965524
2.0723146452190294e+19,60.94534021928508,76269278.38258117,178776.77207656103,202.3515781000324,0.004771562647483235
2.1967070907932353e+19,60.94534021928508,80847406.55538402,189507.99956741117,214.49790333289903,0.005057979745533631
2.3285662984981967e+19,60.94534021928508,85700340.75770608,200883.37809713936,227.37332204775294,0.005361589273007308
2.468340467068651e+19,60.94534021928508,90844576.45472643,212941.57337861403,241.02159869970995,0.005683423220073447
2.6165046987488236e+19,60.94534021928508,96297599.2659231,225723.57206693836,255.48912474245176,0.006024575522987099
2.773562614198418e+19,60.94534021928508,102077944.39992516,239272.82107597782,270.8250763160449,0.006386205782455567
2.9400480643347137e+19,60.94534021928508,108205259.6569924,253635.37525748071,287.0815814001042,0.006769543205202884
3.1165269449294365e+19,60.94534021928508,114700372.21327251,268860.05394476315,304.3138970004676,0.007175890782130051
3.303599120128346e+19,60.94534021928508,121585359.41383953,284998.6068930618,322.5805969716509,0.007606629717272891
3.50190046143172e+19,60.94534021928508,128883623.8151451,302105.89018059673,341.943771113505,0.008063224122611852
3.712105009066372e+19,60.94534021928508,136619972.73195612,320240.0526682459,362.46923621881956,0.00854722599469176
3.934927263095861e+19,60.94534021928508,144820702.55916494,339462.7336516181,384.22675978923655,0.009060280489967381
4.171124612056533e+19,60.94534021928508,153513688.15508786,359839.27237736114,407.2902971799036,0.00960413151680611
4.421499907374468e+19,60.94534021928508,162728477.59007075,381438.93013586005,431.7382429789311,0.010180627663155244
4.6869041923142115e+19,60.94534021928508,172496392.58246788,404335.12568525755,457.6536974761373,0.010791728480023055
4.9682395947343675e+19,60.94534021928508,182850634.96335426,428605.6848069491,485.1247491267467,0.011439511142129752
5.266462393484259e+19,60.94534021928508,193826399.53190705,454333.1048409414,514.2447739703056,0.012126177508371881
5.582586268862678e+19,60.94534021928508,205460993.68499163,481604.8351000852,545.1127530223765,0.012854061606094829
5.917685748188806e+19,60.94534021928508,217793964.22763872,510513.5741164664,577.8336087180011,0.013625637564616627
6.272899858196231e+19,60.94534021928508,230867231.7954186,541157.5847302426,612.5185615504431,0.014443528024967683
6.649435996665032e+19,60.94534021928508,244725233.34563386,573641.0280919578,649.2855081174791,0.015310513054432364
7.048574036451889e+19,60.94534021928508,259415073.20166796,608074.3177136303,688.2594218602388,0.016229539596193523
7.471670675868067e+19,60.94534021928508,274986683.1638976,644574.4947720569,729.5727778567339,0.017203731486199945
7.920164050192541e+19,60.94534021928508,291492992.2313998,683265.6259400169,773.3660031139793,0.018236400071304785
8.395578619995103e+19,60.94534021928508,308990106.5113475,724279.2250976323,819.787953889282,0.019331055464766746
8.899530352885224e+19,60.94534021928508,327537499.9276202,767754.7003573087,868.9964216631436,0.020491418477372295
9.433732216299774e+19,60.94534021928508,347198216.3768598,813839.8279217299,921.1586694836175,0.021721433264733605
1e+20,60.94534021928508,368039084.0191164,862691.2543855789,976.45200050519,0.023025280733751288
1e+18,64.03928217403187,3964175.4286081353,8843.178066494454,10.260224155736658,0.0002419417866467848
1.0600258488068824e+18,64.03928217403187,4202128.4235297255,9373.99733608619,10.87610281963363,0.0002564645477521117
1.1236548001387516e+18,64.03928217403187,4454364.748947624,9936.679482898218,11.528950123093066,0.00027185904991980543
1.191103133283008e+18,64.03928217403187,4721741.773898661,10533.137103181116,12.220985140083938,0.00028817762014707435
1.2626001098748577e+18,64.03928217403187,5005168.331723843,11165.39759839883,12.954560146373774,0.00030547572640354987
1.3383887531737592e+18,64.03928217403187,5305607.8092568945,11835.610066509047,13.732168615079672,0.00032381216617082193
1.418726674116599e+18,64.03928217403187,5624081.4214439625,12546.052606898533,14.556453692159058,0.00034324926629922075
1.5038869469554132e+18,64.03928217403187,5961671.682525154,13299.140063803417,15.430217180648985,0.0003638530948611711
1.5941590374560028e+18,64.03928217403187,6319526.085576681,14097.432234534834,16.35642906419198,0.000385693685721224
1.689849786812462e+18,64.03928217403187,6698861.002920657,14943.642570410295,17.338237602219667,0.00040884527658609546
1.7912844546220096e+18,64.03928217403187,7100965.820660295,15840.647399965836,18.37898003110831,0.00043338656134386046
1.898807824465269e+18,64.03928217403187,7527207.321394088,16791.495705799316,19.482193907680323,0.0004594009575500216
2.0127853758499466e+18,64.03928217403187,7979034.330006148,17799.419488277043,20.65162913360911,0.00048697688996965626
2.133604526501402e+18,64.03928217403187,8457982.638323953,18867.844751330485,21.891260701598764,0.0005162080911394165
2.2616759492228552e+18,64.03928217403187,8965680.225383224,20000.403147685578,23.205302206664975,0.0005471939199710405
2.3974349678010685e+18,64.03928217403187,9503852.791042931,21200.944323105246,24.59822016844026,0.0005800396994792674
2.541343036702629e+18,64.03928217403187,10074329.621760942,22473.549001607094,26.074749213189463,0.0006148570747821995
2.693889309590164e+18,64.03928217403187,10679049.808467463,23822.542856131622,27.639908167137747,0.0006517643925909178
2.8555923019901005e+18,64.03928217403187,11320068.837671699,25252.511211809262,29.29901711581448,0.0006908871034782899
3.0270016537634555e+18,64.03928217403187,11999565.57820528,26768.314631803427,31.057715487398614,0.0007323581882943025
3.208699997370444e+18,64.03928217403187,12719849.6873509,28375.10543870712,32.92198122153238,0.0007763186101773387
3.401304938279246e+18,64.03928217403187,13483369.461530095,30078.3452276503,34.8981510887591,0.0008229177936978127
3.6054711542504986e+18,64.03928217403187,14292720.158235239,31883.82343064645,36.9929422296527,0.000872314132762811
3.821892620633115e+18,64.03928217403187,15150652.817492547,33797.67699527977,39.21347498685157,0.0009246755290081384
4.051304969235378e+18,64.03928217403187,16060083.61284092,35826.41124462228,41.56729710760478,0.0009801799625078047
4.294487988789272e+18,64.03928217403187,17024103.7636112,37976.92198928517,44.06240939909663,0.001039016096740834
4.5522682755073096e+18,64.03928217403187,18045990.042198405,40256.51896676477,46.707292923753755,0.0011013839198717162
4.825522042741279e+18,64.03928217403187,19129215.91204191,42672.95068775519,49.510937826973766,0.0011674954245242675
5.115178099293145e+18,64.03928217403187,20277463.33417235,45234.430773881926,52.48287389526266,0.0012375753283594883
5.422221006501592e+18,64.03928217403187,21494635.282456484,47949.665876380364,55.63320294865038,0.001311861837906723
5.747694424835359e+18,64.03928217403187,22784869.010080297,50827.8852706165,58.97263317748867,0.0013906074582444308
6.092704661368687e+18,64.03928217403187,24152550.112363994,53878.872227044085,62.51251554034433,0.0014740798512827339
6.458424430196991e+18,64.03928217403187,25602327.43370941,57112.99726522997,66.26488234670694,0.0015625627455651031
6.846096838574672e+18,64.03928217403187,27139128.869349547,60541.253403980554,70.24248815565622,0.001656356900681661
7.257039612324231e+18,64.03928217403187,28768178.11561162,64175.29352738705,74.45885312950686,0.0017557811295722146
7.692649574879161e+18,64.03928217403187,30495012.42562879,68027.46999379928,78.9283089897925,0.0018611733821938935
8.154407395185187e+18,64.03928217403187,32325501.430853587,72110.87662236181,83.66604773179671,0.0019728918942368587
8.643882620598297e+18,64.03928217403187,34265867.09234867,76439.39319982746,88.68817326321494,0.002091316404792644
9.162739011886769e+18,64.03928217403187,36322704.849670716,81027.73265893014,94.01175614247127,0.0022168494471140805
9.712740198471207e+18,64.03928217403187,38503006.03923406,85891.49108867957,99.65489160274875,0.002349917716854171
1.0295755673125085e+19,64.03928217403187,40814181.65835527,91047.20074656559,105.63676105896073,0.0024909735224346533
1.0913767146512693e+19,64.03928217403187,43264087.55575634,96512.38625286882,111.97769730673467,0.002640496322474263
1.1568875283162786e+19,64.03928217403187,45861051.1341459,102305.62415807496,118.6992536350116,0.0027989943555022326
1.2263306841775593e+19,64.03928217403187,48613899.655648835,108446.60608588129,125.82427708719656,0.0029670063674969265
1.2999422244132422e+19,64.03928217403187,51531990.24629176,114956.20566641193,133.37698611986792,0.003145103443121355
1.377972359833554e+19,64.03928217403187,54625241.70153342,121856.54948715688,141.38305292301675,0.003333890946880162
1.460686320364986e+19,64.03928217403187,57904168.20094907,129171.09230280133,149.86969068162924,0.0035340105807962255
1.548365256585496e+19,64.03928217403187,61379915.04666754,136924.69675958913,158.86574607521894,0.0037461425656010222
1.6413071953751267e+19,64.03928217403187,65064296.5470381,145143.7179052085,168.40179732972263,0.003971007952852816
1.7398280529303622e+19,64.03928217403187,68969836.17429675,153856.0927714553,178.5102581550438,0.004209371075841687
1.8442627085855328e+19,64.03928217403187,73109809.13273054,163091.43533417236,189.225487921536,0.004462042147612224
1.9549661430912594e+19,64.03928217403187,77498287.48203187,172881.13717323882,200.5839084499227,0.004729880014934732
2.0723146452190294e+19,64.03928217403187,82150187.96922062,183258.47417476156,212.6241278116313,0.005013795077585899
2.1967070907932353e+19,64.03928217403187,87081322.73171803,194258.71963815577,225.38707156034752,0.005314752382861762
2.3285662984981967e+19,64.03928217403187,92308453.04391548,205919.2641725743,238.916121840855,0.005633774905841441
2.468340467068651e+19,64.03928217403187,97849346.28992675,218279.74279022173,253.2572648480008,0.005971947026551487
2.6165046987488236e+19,64.03928217403187,103722836.35617818,231382.16962855277,268.4592471370115,0.0063304182158499785
2.773562614198418e+19,64.03928217403187,109948887.64911512,245271.08075928467,284.5737413164672,0.006710406942558922
2.9400480643347137e+19,64.03928217403187,116548662.95562582,259993.68556964214,301.65552168713833,0.007113204815125619
3.1165269449294365e+19,64.03928217403187,123544595.37684451,275600.02723038965,319.76265042369175,0.007540180971890737
3.303599120128346e+19,64.03928217403187,130960464.57984243,292143.15279609367,338.9566749321123,0.007992786734885984
3.50190046143172e+19,64.03928217403187,138821477.62639114,309679.2935157979,359.3028370536708,0.008472560542979903
3.712105009066372e+19,64.03928217403187,147154354.6535409,328268.0559669994,380.8702948265384,0.008981133181139973
3.934927263095861e+19,64.03928217403187,155987419.69724873,347972.6246626037,403.73235755882894,0.009520233323585557
4.171124612056533e+19,64.03928217403187,165350696.9677715,368859.97681953525,427.9667350121014,0.010091693409673348
4.421499907374468e+19,64.03928217403187,175276012.9040701,391001.1100190116,453.6558015423092,0.010697455872487723
4.6869041923142115e+19,64.03928217403187,185797104.35412455,414471.2835323394,480.88687609605677,0.011339579741308059
4.9682395947343675e+19,64.03928217403187,196949733.24884015,439350.2741324425,509.7525190138086,0.012020247640393307
5.266462393484259e+19,64.03928217403187,208771808.15939093,465722.6472607789,540.350846649059,0.012741773207876842
5.582586268862678e+19,64.03928217403187,221303513.15110594,493678.04447119543,572.7858648726864,0.013506608959984444
5.917685748188806e+19,64.03928217403187,234587444.37194613,523311.4881279007,607.1678225962535,0.014317354627310151
6.272899858196231e+19,64.03928217403187,248668754.83980957,554723.7043931708,643.6135865158203,0.015176765991483591
6.649435996665032e+19,64.03928217403187,263595307.92081964,588021.4656026689,682.2470383500741,0.016087764252265817
7.048574036451889e+19,64.03928217403187,279417840.0202784,623317.9531921363,723.1994959230192,0.017053445956913098
7.471670675868067e+19,64.03928217403187,296190133.03928137,660733.1424090628,766.610159522508,0.018077093525559102
7.920164050192541e+19,64.03928217403187,313969197.1831876,700394.2101170056,812.6265850518259,0.019162186408392186
8.395578619995103e+19,64.03928217403187,332815464.7433238,742435.9670787047,861.4051855826,0.02031241291255163
8.899530352885224e+19,64.03928217403187,352792995.51059884,787001.3161873625,913.1117630138455,0.021531682738943417
9.433732216299774e+19,64.03928217403187,373969694.5192453,834241.7382036428,967.9220716443007,0.022824140271589
1e+20,64.03928217403187,396417542.86081356,884317.8066494454,1026.022415573666,0.024194178664678483
1e+18,67.29029071967635,4269841.8486348195,9064.865085647012,10.781093148613246,0.0002542241669176888
1.0600258488068824e+18,67.29029071967635,4526142.729870271,9608.991306732847,11.428237415924823,0.0002694841883241457
1.1236548001387516e+18,67.29029071967635,4797828.289051835,10185.77916609744,12.114227067182282,0.0002856602054683363
1.191103133283008e+18,67.29029071967635,5085822.0045318445,10797.189206301899,12.84139382952921,0.00030280720177192164
1.2626001098748577e+18,67.29029071967635,5391102.787234588,11445.29965313868,13.612209394010161,0.0003209834610831181
1.3383887531737592e+18,67.29029071967635,5714708.308043496,12132.313479667448,14.429293817022645,0.0003402507657876033
1.418726674116599e+18,67.29029071967635,6057738.524917548,12860.565894275665,15.295424426073325,0.0003606746068111958
1.5038869469554132e+18,67.29029071967635,6421359.421725877,13632.532278216406,16.2135452601099,0.00038232440622812646
1.5941590374560028e+18,67.29029071967635,6806806.971509043,14450.836599603566,17.186777076516798,0.000405273753231557
1.689849786812462e+18,67.29029071967635,7215391.337638478,15318.260332464335,18.21842795878939,0.00042960065426843227
1.7912844546220096e+18,67.29029071967635,7648501.327154055,16237.751911165304,19.312004560942764,0.00045538779818888697
1.898807824465269e+18,67.29029071967635,8107609.111417044,17212.436752348578,20.47122402687574,0.0004827228373114722
2.0127853758499466e+18,67.29029071967635,8594275.230124265,18245.62787844308,21.7000266252048,0.0005116986853595599
2.133604526501402e+18,67.29029071967635,9110153.895692365,19340.837178860984,23.002589142514477,0.0005424138332816289
2.2616759492228552e+18,67.29029071967635,9656998.616042627,20501.787347157824,24.383339080549888,0.0005749726840289536
2.3974349678010685e+18,67.29029071967635,10236668.154897472,21732.424534729176,25.84696970560592,0.0006094859074285628
2.541343036702629e+18,67.29029071967635,10851132.849849578,23036.931764057812,27.398456001270695,0.0006460708163577954
2.693889309590164e+18,67.29029071967635,11502481.30967804,24419.74314710161,29.04307157874499,0.0006848517654990274
2.8555923019901005e+18,67.29029071967635,12192927.51367677,25885.558957152443,30.786406602218207,0.0007259605740299988
3.0270016537634555e+18,67.29029071967635,12924818.337126007,27439.361605396116,32.63438679023017,0.0007695369736864811
3.208699997370444e+18,67.29029071967635,13700641.528486755,29086.432576478994,34.59329355760583,0.0008157290837202914
3.401304938279246e+18,67.29029071967635,14523034.165432993,30832.370380646298,36.66978536642678,0.0008646939143670624
3.6054711542504986e+18,67.29029071967635,15394791.618464464,32683.10958347278,38.87092035861275,0.0009165979005350912
3.821892620633115e+18,67.29029071967635,16318877.052567873,34644.94097786908,41.204180347043206,0.0009716174675293163
4.051304969235378e+18,67.29029071967635,17298431.499223415,36724.53296693002,43.67749624676634,0.0010299396307333572
4.294487988789272e+18,67.29029071967635,18336784.532992013,38928.95423030633,46.2992750327379,0.0010917626312879737
4.5522682755073096e+18,67.29029071967635,19437465.588973768,41265.69775114474,49.0784283157213,0.0011572966099266699
4.825522042741279e+18,67.29029071967635,20604215.95960649,43742.70628526546,52.02440263348021,0.001226764321258846
5.115178099293145e+18,67.29029071967635,21841001.511582185,46368.39935914867,55.14721156022586,0.001300401890928407
5.422221006501592e+18,67.29029071967635,23152026.166107304,49151.70188849808,58.45746974346114,0.0013784596182214595
5.747694424835359e+18,67.29029071967635,24541746.18832705,52102.07451465803,61.96642898391505,0.001461202826851214
6.092704661368687e+18,67.29029071967635,26014885.33448445,55229.54576199981,65.68601648120594,0.0015489127668119739
6.458424430196991e+18,67.29029071967635,27576450.9083006,58544.7461255824,69.6288753752332,0.0016418875703676796
6.846096838574672e+18,67.29029071967635,29231750.781152666,62058.944204953936,73.80840772110021,0.0017404432654244695
7.257039612324231e+18,67.29029071967635,30986411.43390261,65784.08500691525,78.2388200436437,0.0018449148497317951
7.692649574879161e+18,67.29029071967635,32846397.08170189,69732.83054743943,82.93517162641233,0.001955657429563368
8.154407395185187e+18,67.29029071967635,34818029.94677896,73918.602890756,87.9134256992322,0.002073047426748395
8.643882620598297e+18,67.29029071967635,36908011.74811781,78355.62977189249,93.19050369834942,0.002197483858155891
9.162739011886769e+18,67.29029071967635,39123446.48107298,83058.99295774817,98.78434278358375,0.002329389691981121
9.712740198471207e+18,67.29029071967635,41471864.56435002,88044.67951108186,104.71395680799839,0.00246921328544429
1.0295755673125085e+19,67.29029071967635,43961248.436428845,93329.63613166373,110.99950094732483,0.002617429908788294
1.0913767146512693e+19,67.29029071967635,46600059.6884357,98931.82675930433,117.66234020882835,0.002774543360755832
1.1568875283162786e+19,67.29029071967635,49397267.82568545,104870.29363454702,124.72512205246744,0.0029410876810367008
1.2263306841775593e+19,67.29029071967635,52362380.75566312,111165.22202458771,132.2118533712088,0.003117628965506394
1.2999422244132422e+19,67.29029071967635,55505477.10607097,117838.00883441912,140.1479820921467,0.003304767290425838
1.377972359833554e+19,67.29029071967635,58837240.48279385,124911.33533641804,148.56048367579956,0.00350313875214287
1.460686320364986e+19,67.29029071967635,62368995.784228235,132409.24426558768,157.47795280760045,0.003713417629228529
1.548365256585496e+19,67.29029071967635,66112747.69540941,140357.2215425074,166.93070059324683,0.003936318674397412
1.6413071953751267e+19,67.29029071967635,70081221.49278162,148782.28290177207,176.95085758828404,0.0041725995440025
1.7398280529303622e+19,67.29029071967635,74287906.29830895,157713.06572037662,187.57248301212655,0.00442306337336246
1.8442627085855328e+19,67.29029071967635,78747100.9299511,167179.92635817785,198.831680517744,0.004688561506675175
1.9549661430912594e+19,67.29029071967635,83473962.50435266,177215.04334129958,210.76672091052043,0.004969996390796628
2.0723146452190294e+19,67.29029071967635,88484557.95695029,187852.52673920954,223.41817223341772,0.0052683246427213375
2.1967070907932353e+19,67.29029071967635,93795918.65461802,199128.5341072482,236.8290376606109,0.005584560301190902
2.3285662984981967e+19,67.29029071967635,99426098.28648278,211081.393388706,251.04490166830618,0.005919778273483105
2.468340467068651e+19,67.29029071967635,105394234.22968541,223751.73319420256,266.1140849795866,0.006275117989097469
2.6165046987488236e+19,67.29029071967635,111720612.59867367,237182.62090119562,282.08780880995306,0.00665178727275638
2.773562614198418e+19,67.29029071967635,118426737.19913393,251419.7090430309,299.0203689718441,0.007051066449886401
2.9400480643347137e+19,67.29029071967635,125535402.62094155,266511.39048511826,316.9693204299262,0.007474312698534562
3.1165269449294365e+19,67.29029071967635,133070771.7185773,282508.96291569,335.9956729344732,0.007922964662512159
3.303599120128346e+19,67.29029071967635,141058457.7423718,299466.80321025633,356.16409839780465,0.008398547341446388
3.50190046143172e+19,67.29029071967635,149525611.3997474,317442.55226243555,377.54315071867086,0.008902677274361491
3.712105009066372e+19,67.29029071967635,158501013.14238533,336497.31090941146,400.20549880178385,0.009437068034408783
3.934927263095861e+19,67.29029071967635,168015170.9930078,356695.84761798225,424.2281735645427,0.010003536053422468
4.171124612056533e+19,67.29029071967635,178100424.2442966,378106.8186371421,449.6928297705478,0.010604006796099403
4.421499907374468e+19,67.29029071967635,188791053.3824248,400803.0013655031,476.6860235798899,0.011240521304789126
4.6869041923142115e+19,67.29029071967635,200123396.60885197,424861.541726817,505.29950675965455,0.011915243137141039
4.9682395947343675e+19,67.29029071967635,212135973.356413,450364.21639436635,535.6305385545976,0.01263046572018821
5.266462393484259e+19,67.29029071967635,224869615.2196058,477397.7107556846,567.7822162782247,0.013388620145868734
5.582586268862678e+19,67.29029071967635,238367604.7440397,506053.91356225713,601.863825747778,0.014192283434477431
5.917685748188806e+19,67.29029071967635,252675822.54686418,536430.2292658762,637.991212754446,0.015044187294139796
6.272899858196231e+19,67.29029071967635,267842903.2682169,568629.909103231,676.287176831364,0.015947227406080254
6.649435996665032e+19,67.29029071967635,283920400.8837913,602762.4020541329,716.8818886578767,0.0169044732672466
7.048574036451889e+19,67.29029071967635,300962963.9404312,638943.7268663076,759.9133325188468,0.01791917862374633
7.471670675868067e+19,67.29029071967635,319028521.3103908,677296.8664112906,805.5277753229574,0.018994792530558847
7.920164050192541e+19,67.29029071967635,338178479.09565157,717952.18571187,853.8802637742376,0.020134971075116272
8.395578619995103e+19,67.29029071967635,358477929.35158855,761047.8750619814,905.1351513867307,0.021343589804602152
8.899530352885224e+19,67.29029071967635,379995871.3394513,806730.4197452511,959.4666571336653,0.022624756899209317
9.433732216299774e+19,67.29029071967635,402805446.0597128,855155.0979487923,1017.0594576300156,0.023982827136133724
1e+20,67.29029071967635,426984184.8634819,906486.5085647012,1078.1093148613247,0.025422416691768885
1e+18,70.70633947509599,4599077.346774863,9292.109511208353,11.32840449826706,0.0002671300726539948
1.0600258488068824e+18,70.70633947509599,4875140.8682435285,9849.87627182514,12.008401593903246,0.00028316478200689503
1.1236548001387516e+18,70.70633947509599,5167775.336912969,10441.123455684217,12.72921609239121,0.0003001619883990748
1.191103133283008e+18,70.70633947509599,5477975.437954443,11067.860753609111,13.49329809298322,0.00031817946653229086
1.2626001098748577e+18,70.70633947509599,5806795.563360912,11732.218489820878,14.303244764218825,0.0003372784590838126
1.3383887531737592e+18,70.70633947509599,6155353.39589969,12436.454863060178,15.161809171883657,0.00035752388487459585
1.418726674116599e+18,70.70633947509599,6524833.708194893,13182.963622363844,16.071909636873947,0.00037898455953292755
1.5038869469554132e+18,70.70633947509599,6916492.389853051,13974.282203586488,17.03663965477482,0.000401733429403594
1.5941590374560028e+18,70.70633947509599,7331660.716320322,14813.100354323678,18.05927841086967,0.00042584781949764447
1.689849786812462e+18,70.70633947509599,7771749.873981526,15702.269276553488,19.143301926321932,0.0004514096963255507
1.7912844546220096e+18,70.70633947509599,8238255.756882049,16644.811318072843,20.292394873415834,0.0004785059465071489
1.898807824465269e+18,70.70633947509599,8732764.05137708,17643.93024567057,21.51046310001705,0.0005072286721053812
2.0127853758499466e+18,70.70633947509599,9256955.625991218,18703.022134956373,22.801646905824693,0.0005376755036876946
2.133604526501402e+18,70.70633947509599,9812612.244808905,19825.686913860874,24.170335115541448,0.0005699499321792118
2.2616759492228552e+18,70.70633947509599,10401622.62381637,21015.740599044875,25.62117999679862,0.000604161660635694
2.3974349678010685e+18,70.70633947509599,11025988.850779818,22277.228266807804,27.15911307354037,0.0006404269771319272
2.541343036702629e+18,70.70633947509599,11687833.190483099,23614.43780258762,28.789361888621738,0.0006788691500330972
2.693889309590164e+18,70.70633947509599,12389405.2984551,25031.91447578527,30.517467772594763,0.0007196188469926405
2.8555923019901005e+18,70.70633947509599,13133089.867707355,26534.476389455573,32.34930467908145,0.0007628145791008039
3.0270016537634555e+18,70.70633947509599,13921414.734473554,28127.23085737882,34.29109915075576,0.0008086031716935943
3.208699997370444e+18,70.70633947509599,14757059.47050297,29815.59176418012,36.34945148380085,0.0008571402634224398
3.401304938279246e+18,70.70633947509599,15642864.491113555,31605.297967504524,38.531358162780585,0.0009085908352809265
3.6054711542504986e+18,70.70633947509599,16581840.709963685,33502.43280479842,40.844235642183484,0.0009631297713868183
3.821892620633115e+18,70.70633947509599,17577179.77335977,35513.444771001996,43.29594555547387,0.0010209424534254909
4.051304969235378e+18,70.70633947509599,18632264.90888686,37645.169437437726,45.89482143733776,0.001082225390775337
4.294487988789272e+18,70.70633947509599,19750682.42523748,39904.85268639883,48.64969704995426,0.0011471868884569865
4.5522682755073096e+18,70.70633947509599,20936233.902327538,42300.17534041352,51.56993640957545,0.0012160477551767435
4.825522042741279e+18,70.70633947509599,22192949.113134176,44839.2792699018,54.66546561547716,0.0012890420538709314
5.115178099293145e+18,70.70633947509599,23525099.721178003,47530.7950679665,57.94680658946962,0.001366417897302301
5.422221006501592e+18,70.70633947509599,24937213.80020827,50383.87138638718,61.42511284065079,0.0014484382914127874
5.747694424835359e+18,70.70633947509599,26434091.225444473,53408.20603253187,65.11220737696938,0.0015353820292992302
6.092704661368687e+18,70.70633947509599,28020819.98869034,56614.07893288745,69.02062289246173,0.0016275446388507504
6.458424430196991e+18,70.70633947509599,29702793.492776334,60012.38707525385,73.16364436676147,0.0017252393872688573
6.846096838574672e+18,70.70633947509599,31485728.884115778,63614.68154837315,77.55535422168121,0.0018287983458847362
7.257039612324231e+18,70.70633947509599,33375686.485688202,67433.20680489377,82.21068018835606,0.0019385735188930902
7.692649574879161e+18,70.70633947509599,35379090.39650404,71480.94228112756,87.1454460476533,0.002054938039839193
8.154407395185187e+18,70.70633947509599,37502750.32756961,75771.64651506802,92.37642541631807,0.0021782874399260918
8.643882620598297e+18,70.70633947509599,39753884.748574555,80319.90391263002,97.92139876167822,0.002309040992453026
9.162739011886769e+18,70.70633947509599,42140145.42397872,85141.17432107287,103.79921383870516,0.002447643137954905
9.712740198471207e+18,70.70633947509599,44669643.42189851,90251.84557811002,110.02984975486054,0.00259456499488699
1.0295755673125085e+19,70.70633947509599,47350976.68419836,95669.28921532298,116.63448488048884,0.002750305960989684
1.0913767146512693e+19,70.70633947509599,50193259.25150227,101411.91950522385,123.63556883559366,0.0029153954107767176
1.1568875283162786e+19,70.70633947509599,53206152.24245759,107499.25605266016,131.05689879767195,0.0030903944949162805
1.2263306841775593e+19,70.70633947509599,56399896.692559324,113951.99014332947,138.92370038999988,0.0032758980476217466
1.2999422244132422e+19,70.70633947509599,59785348.36415068,120792.05507491632,147.26271342530262,0.00347253660853505
1.377972359833554e+19,70.70633947509599,63374014.64592398,128042.70070991588,156.1022827962611,0.00368097856597534
1.460686320364986e+19,70.70633947509599,67178093.66734537,135728.5725035542,165.47245482179872,0.0039019324288379516
1.548365256585496e+19,70.70633947509599,71210515.76095602,143875.7952754265,175.40507937663565,0.004136149234866049
1.6413071953751267e+19,70.70633947509599,75484987.41348329,152512.06200959923,185.9339181512568,0.00438442510348082
1.7398280529303622e+19,70.70633947509599,80016037.85515444,161666.7279850133,197.0947594102754,0.00464760394184746
1.8442627085855328e+19,70.70633947509599,84819068.44557373,171370.9105561451,208.92553963926545,0.004926580313375067
1.9549661430912594e+19,70.70633947509599,89910405.02402838,181657.59492308603,221.46647249354834,0.005222302478400683
2.0723146452190294e+19,70.70633947509599,95307353.40216626,192561.7462505611,234.76018548723965,0.005535775617392969
2.1967070907932353e+19,70.70633947509599,101028258.1876688,204120.42851698655,248.85186488717238,0.005868065247631426
2.3285662984981967e+19,70.70633947509599,107092565.1388645,216372.93049754325,263.78940930420055,0.006220300844974672
2.468340467068651e+19,70.70633947509599,113520887.26223117,229360.89930949084,279.6235925039513,0.0065936796830284436
2.6165046987488236e+19,70.70633947509599,120335074.87745701,243128.48197365293,296.4082359904308,0.006989470902762922
2.773562614198418e+19,70.70633947509599,127558289.88821612,257722.47547325023,314.20039194910703,0.007409019826412271
2.9400480643347137e+19,70.70633947509599,135215084.51111066,273192.4858201431,333.0605371713074,0.00785375253031969
3.1165269449294365e+19,70.70633947509599,143331484.7303844,289591.0966691593,353.0527786190913,0.00832518069227133
3.303599120128346e+19,70.70633947509599,151935078.7620765,306974.04805364157,374.24507132933064,0.008824906729795585
3.50190046143172e+19,70.70633947509599,161055110.82831064,325400.4258497461,396.70944939766594,0.009354629246893134
3.712105009066372e+19,70.70633947509599,170722580.5604665,344932.8626134981,420.52227082747186,0.009916148807711583
3.934927263095861e+19,70.70633947509599,180970348.36910987,365637.75047326105,445.7644770760885,0.010511374056789825
4.171124612056533e+19,70.70633947509599,191833247.13884294,387585.46680125775,472.52186818053684,0.011142328206675278
4.421499907374468e+19,70.70633947509599,203348200.62773073,410850.61343121156,500.88539439788326,0.011811155914965732
4.6869041923142115e+19,70.70633947509599,215554348.97376427,435512.270235252,530.9514653515907,0.012520130574152086
4.9682395947343675e+19,70.70633947509599,228493181.73492756,461654.2639219315,562.8222777345733,0.013271662039038453
5.266462393484259e+19,70.70633947509599,242208678.9151518,489365.45296916197,596.6061626830141,0.01406830481800982
5.582586268862678e+19,70.70633947509599,256747460.45542747,518740.02966040047,632.417954001479,0.014912766755984812
5.917685748188806e+19,70.70633947509599,272158944.698276,549877.8402508734,670.3793784911295,0.015807918238571854
6.272899858196231e+19,70.70633947509599,288495516.3641754,582884.7243520274,710.6194697076901,0.016756801948711934
6.649435996665032e+19,70.70633947509599,305812704.6109148,617872.8746878235,753.2750065555907,0.017762643208972185
7.048574036451889e+19,70.70633947509599,324169371.7811134,654961.2184457085,798.4909782091,0.01882886094464455
7.471670675868067e+19,70.70633947509599,343627913.4794686,694275.8215185022,846.4210769407391,0.019959079304913595
7.920164050192541e+19,70.70633947509599,364254470.6598116,735950.317011246,897.2282205321426,0.02115713998159492
8.395578619995103e+19,70.70633947509599,386119154.4428684,780126.35946954,951.085106043073,0.022427115267316177
8.899530352885224e+19,70.70633947509599,409296284.4288974,826954.1063733223,1008.1747968208923,0.023773321897526623
9.433732216299774e+19,70.70633947509599,433864641.3152451,876592.7285327179,1068.6913447457725,0.0252003357233849
1e+20,70.70633947509599,459907734.67748624,929210.9511208354,1132.8404498267062,0.026713007265399484
1e+18,74.29580684670228,4953699.268365268,9525.050660158382,11.90350057339636,0.00028069115765548975
1.0600258488068824e+18,74.29580684670228,5251049.271682926,10096.799910962945,12.618018299087687,0.00029753988264634695
1.1236548001387516e+18,74.29580684670228,5566247.961342456,10702.868895851752,13.375425557751202,0.0003153999666560941
1.191103133283008e+18,74.29580684670228,5900366.719891615,11345.317685994034,14.178296830008486,0.0003343321173682886
1.2626001098748577e+18,74.29580684670228,6254541.24052499,12026.33001007956,15.029361131865675,0.0003544006864967223
1.3383887531737592e+18,74.29580684670228,6629975.387385156,12748.22067696627,15.931511290831082,0.00037567388852142997
1.418726674116599e+18,74.29580684670228,7027945.287581687,13513.443443878617,16.887813778839647,0.0003982240325545109
1.5038869469554132e+18,74.29580684670228,7449803.668837108,14324.599356901235,17.901519135407067,0.0004221277681238951
1.5941590374560028e+18,74.29580684670228,7896984.457503682,15184.445592117752,18.97607301644252,0.00044746634571048665
1.689849786812462e+18,74.29580684670228,8371007.652580098,16095.904827446544,20.11512790627586,0.0004743258929242725
1.7912844546220096e+18,74.29580684670228,8873484.492295127,17062.07517702882,21.322555532709075,0.0005027977072581344
1.898807824465269e+18,74.29580684670228,9406122.93081985,18086.240721936814,22.602460027291826,0.0005329785664144583
2.0127853758499466e+18,74.29580684670228,9970733.443724193,19171.88267299667,23.959191875553646,0.0005649710572593615
2.133604526501402e+18,74.29580684670228,10569235.18191082,20322.691203669092,25.397362704610508,0.0005988839245226716
2.2616759492228552e+18,74.29580684670228,11203662.494944582,21542.577993209496,26.921860958411017,0.0006348324404289419
2.3974349678010685e+18,74.29580684670228,11876171.845949464,22835.68952274036,28.537868513900502,0.0006729387965158336
2.541343036702629e+18,74.29580684670228,12589049.141578984,24206.421169433284,30.25087829458659,0.0007133325189717786
2.693889309590164e+18,74.29580684670228,13344717.501973815,25659.432146705403,32.06671294137285,0.0007561509089046113
2.8555923019901005e+18,74.29580684670228,14145745.497117855,27199.661341214003,33.991544604125394,0.0008015395090377062
3.0270016537634555e+18,74.29580684670228,14994855.87758849,28832.344100480117,36.03191592124502,0.0008496525984199462
3.208699997370444e+18,74.29580684670228,15894934.829377605,30563.030028203542,38.19476225855597,0.0009006537168310766
3.401304938279246e+18,74.29580684670228,16849041.784241073,32397.601847756698,40.487435283102876,0.0009547162206649356
3.6054711542504986e+18,74.29580684670228,17860419.818922773,34342.295397975715,42.917727951984844,0.0010120238721800473
3.821892620633115e+18,74.29580684670228,18932506.67860088,36403.720829215905,45.493901001165604,0.0010727714641204826
4.051304969235378e+18,74.29580684670228,20068946.46202587,38588.885071718374,48.22471102429685,0.0011371654818301167
4.294487988789272e+18,74.29580684670228,21273602.008068852,40905.2156526595,51.11944023699688,0.0012054248051108565
4.5522682755073096e+18,74.29580684670228,22550568.02578298,43360.58594283896,54.18792802775531,0.0012777814522105064
4.825522042741279e+18,74.29580684670228,23904185.01260795,45963.34191882164,57.440604402707585,0.001354481368469133
5.115178099293145e+18,74.29580684670228,25339054.00802649,48722.330531499865,60.88852543796045,0.0014357852623046005
5.422221006501592e+18,74.29580684670228,26860052.23282173,51646.92977750264,64.54341085997349,0.0015219694913788467
5.747694424835359e+18,74.29580684670228,28472349.667094048,54747.08057566669,68.41768388173475,0.0016133270019570408
6.092704661368687e+18,74.29580684670228,30181426.623387724,58033.32055691986,72.52451343013684,0.0017101683246525752
6.458424430196991e+18,74.29580684670228,31993092.37465921,61516.81988243088,76.87785890808694,0.0018128226299424898
6.846096838574672e+18,74.29580684670228,33913504.90040513,65209.41921177389,81.4925176435006,0.0019216388470411128
7.257039612324231e+18,74.29580684670228,35949191.81806831,69123.66995016445,86.38417518646158,0.002036986849935035
7.692649574879161e+18,74.29580684670228,38107072.5708693,73272.87691156987,91.56945862551136,0.0021592587146108426
8.154407395185187e+18,74.29580684670228,40394481.94748119,77671.14354270906,97.06599310429439,0.0022888700517490167
8.643882620598297e+18,74.29580684670228,42819195.01349304,82333.41986166137,102.89246173066265,0.002426261419413904
9.162739011886769e+18,74.29580684670228,45389453.5394054,87275.55327403104,109.06866908187536,0.0025718998205416154
9.712740198471207e+18,74.29580684670228,48113994.01498875,92514.34243939503,115.6156085217519,0.0027262802903158944
1.0295755673125085e+19,74.29580684670228,51002077.3452273,98067.5943711295,122.55553355859328,0.0028899275788275562
1.0913767146512693e+19,74.29580684670228,54063520.32878883,103954.1849637056,129.91203348642821,0.003063397934737099
1.1568875283162786e+19,74.29580684670228,57308729.02601252,110194.12315317968,137.71011356667918,0.0032472809960029437
1.2263306841775593e+19,74.29580684670228,60748734.12984256,116808.61892897944,145.9762800228113,0.0034422017941024793
1.2999422244132422e+19,74.29580684670228,64395228.45992997,123820.15542815108,154.73863013685167,0.0036488228785580535
1.377972359833554e+19,74.29580684670228,68260606.70735039,131252.56535712598,164.02694775403043,0.0038678465689894726
1.460686320364986e+19,74.29580684670228,72358007.56503187,139131.11200076828,173.8728045201683,0.004100017342347855
1.548365256585496e+19,74.29580684670228,76701358.38709773,147482.57509405984,184.30966719592453,0.0043461243634452225
1.6413071953751267e+19,74.29580684670228,81305422.52892415,156335.34184830554,195.37301141267392,0.004607004167381293
1.7398280529303622e+19,74.29580684670228,86185849.52882506,165719.50344126418,207.1004422566764,0.0048835435029852
1.8442627085855328e+19,74.29580684670228,91359228.30193502,175666.95729918114,219.53182209141414,0.005176682346937223
1.9549661430912594e+19,74.29580684670228,96843143.52710043,186211.51551838688,232.70940605257277,0.005487417098815734
2.0723146452190294e+19,74.29580684670228,102656235.41844139,197389.019794994,246.6779856762239,0.005816803967929548
2.1967070907932353e+19,74.29580684670228,108818263.08475246,209237.46325334706,261.48504114841126,0.006165962563447762
2.3285662984981967e+19,74.29580684670228,115350171.69210541,221797.1195873281,277.1809026936472,0.006536079700030175
2.468340467068651e+19,74.29580684670228,122274163.65794364,235110.67995347906,293.8189216508913,0.0069284134318939195
2.6165046987488236e+19,74.29580684670228,129613774.11866334,249223.3980812499,311.4556518185089,0.007344297329028356
2.773562614198418e+19,74.29580684670228,137393950.92719963,264183.2440936125,330.1510416846157,0.007785145010093402
2.9400480643347137e+19,74.29580684670228,145641139.45253596,280041.0675608874,349.96863819621126,0.008252454947408927
3.1165269449294365e+19,74.29580684670228,154383372.46937594,296850.77034201514,370.9758027597275,0.008747815560367701
3.303599120128346e+19,74.29580684670228,163650365.4435193,314669.4898007715,393.2439402071948,0.009272910614584828
3.50190046143172e+19,74.29580684670228,173473617.53682306,333557.7930196915,416.8487415062946,0.009829524945135632
3.712105009066372e+19,74.29580684670228,183886518.67507136,353579.88267184887,441.8704410392906,0.010419550523335822
3.934927263095861e+19,74.29580684670228,194924463.04268518,374803.81525026454,468.3940893253456,0.011044992887685252
4.171124612056533e+19,74.29580684670228,206624969.39004812,397301.73239671957,496.50984211322617,0.011707977960834538
4.421499907374468e+19,74.29580684670228,219027808.56238005,421150.106116274,526.3132668270393,0.012410759275745802
4.6869041923142115e+19,74.29580684670228,232175138.68365017,446429.99871101574,557.9056674066602,0.013155725635610441
4.9682395947343675e+19,74.29580684670228,246111648.45498994,473227.33831649605,591.3944286469103,0.013945409233558305
5.266462393484259e+19,74.29580684670228,260884709.05476174,501633.2109775654,626.8933812061024,0.014782494259761978
5.582586268862678e+19,74.29580684670228,276544535.1565104,531744.1702562157,664.5231885244153,0.015669826025187062
5.917685748188806e+19,74.29580684670228,293144355.61218464,563662.5654239564,704.4117569674492,0.016610420633005087
6.272899858196231e+19,74.29580684670228,310740594.3807527,597496.8893541944,746.6946705889678,0.017607475230540574
6.649435996665032e+19,74.29580684670228,329393062.3172125,633362.1472971517,791.515651990646,0.01866437887659993
7.048574036451889e+19,74.29580684670228,349165160.4739015,671380.2477908131,839.0270508453176,0.019784724061121087
7.471670675868067e+19,74.29580684670228,370124095.6051387,711680.4170366316,889.3903617442431,0.020972318916299835
7.920164050192541e+19,74.29580684670228,392341108.6077169,754399.6381484916,942.7767731286016,0.022231200160699367
8.395578619995103e+19,74.29580684670228,415891716.6737283,799683.1167679596,999.3677491710592,0.023565646820341044
8.899530352885224e+19,74.29580684670228,440855969.9788203,847684.7746284896,1059.3556465852755,0.02498019477341522
9.433732216299774e+19,74.29580684670228,467318723.7783805,898567.7727462356,1122.9443684599207,0.026479652168050725
1e+20,74.29580684670228,495369926.8365268,952505.0660158382,1190.350057339636,0.02806911576554897
1e+18,78.06749657782365,5335665.089131595,9763.831341973228,12.507791889186402,0.00029494068265398937
1.0600258488068824e+18,78.06749657782365,5655942.915055969,10349.913605882412,13.258582714034654,0.0003126447474779764
1.1236548001387516e+18,78.06749657782365,5995445.689335477,10971.175955153405,14.054440395420844,0.00033141151382035534
1.191103133283008e+18,78.06749657782365,6355327.4058134025,11629.730104271146,14.898070109661715,0.000351304771241796
1.2626001098748577e+18,78.06749657782365,6736811.327792994,12327.814525174976,15.792339413578603,0.0003723921383254924
1.3383887531737592e+18,78.06749657782365,7141194.145995589,13067.802055982418,16.740287991525044,0.0003947452925174901
1.418726674116599e+18,78.06749657782365,7569850.386103713,13852.207966433085,17.745137987487993,0.0004184402137633735
1.5038869469554132e+18,78.06749657782365,8024237.080870698,14683.69850746769,18.810304957382215,0.0004435574427694534
1.5941590374560028e+18,78.06749657782365,8505898.72267762,15565.099974002791,19.93940947876539,0.0004701823547663
1.689849786812462e+18,78.06749657782365,9016472.513371723,16499.40831170629,21.13628945743628,0.0004984054497051658
1.7912844546220096e+18,78.06749657782365,9557693.929230785,17489.799300427796,22.405013172746855,0.0005283226598736944
1.898807824465269e+18,78.06749657782365,10131402.61996925,18539.63934889799,23.749893105970365,0.0005600356759765228
2.0127853758499466e+18,78.06749657782365,10739548.661837175,19652.49693738907,25.175500598728966,0.0005936522927891498
2.133604526501402e+18,78.06749657782365,11384199.18606668,20832.154747230335,26.68668139130563,0.0006292867755599653
2.2616759492228552e+18,78.06749657782365,12067545.40519695,22082.62251840916,28.28857209365758,0.0006670602484058982
2.3974349678010685e+18,78.06749657782365,12791910.061159492,23408.15067895865,29.986617645114066,0.0007071011060217921
2.541343036702629e+18,78.06749657782365,13559755.32044189,24813.244792462545,31.78658982210948,0.0007495454501030357
2.693889309590164e+18,78.06749657782365,14373691.143165056,26302.68087278306,33.69460685685781,0.0007945375519648071
2.8555923019901005e+18,78.06749657782365,15236484.154521508,27881.521618068422,35.7171542336549,0.0008422303429304371
3.0270016537634555e+18,78.06749657782365,16151067.048729273,29555.133619220418,37.86110673349637,0.0008927859341557482
3.208699997370444e+18,78.06749657782365,17120548.55746612,31329.205601314952,40.133751801942466,0.0009463761676562926
3.401304938279246e+18,78.06749657782365,18148224.016667467,33209.767759979215,42.5428143196588,0.0010031832004104657
3.6054711542504986e+18,78.06749657782365,19237586.567605384,35203.21225845141,45.09648285982992,0.001063400123523909
3.821892620633115e+18,78.06749657782365,20392339.030321777,37316.3149549938,47.80343752169624,0.0011272316185597753
4.051304969235378e+18,78.06749657782365,21616406.489774555,39556.25843451227,50.672879434822825,0.0011948946532657817
4.294487988789272e+18,78.06749657782365,22913949.637477875,41930.65642266826,53.71456203438688,0.0012666192190628656
4.5522682755073096e+18,78.06749657782365,24289378.91398564,44447.57966546868,56.93882421379089,0.0013426491128022246
4.825522042741279e+18,78.06749657782365,25747369.500289623,47115.58336229996,60.35662546728956,0.001423242765447986
5.115178099293145e+18,78.06749657782365,27292877.20908894,49943.73624565345,63.97958314208271,0.0015086741205022557
5.422221006501592e+18,78.06749657782365,28931155.329946525,52941.65140638586,67.82001192649673,0.0015992335651583806
5.747694424835359e+18,78.06749657782365,30667772.485590328,56119.51896929225,71.8909657084776,0.0016952289173474693
6.092704661368687e+18,78.06749657782365,32508631.560054235,59488.14073005796,76.20628194667543,0.0017969864720332233
6.458424430196991e+18,78.06749657782365,34459989.762996696,63058.966871322955,80.78062870494124,0.0019048521103115028
6.846096838574672e+18,78.06749657782365,36528479.89839705,66844.1348826592,85.62955451010893,0.0020191924750845316
7.257039612324231e+18,78.06749657782365,38721132.90992349,70856.51081675256,90.76954120253345,0.0021403962173059507
7.692649574879161e+18,78.06749657782365,41045401.779605746,75109.73302202218,96.21805995902679,0.0022688753170327807
8.154407395185187e+18,78.06749657782365,43509186.861046106,79618.25850032739,101.99363067861889,0.002405066483774658
8.643882620598297e+18,78.06749657782365,46120862.73327766,84397.41204733533,108.11588493299867,0.002549432640900216
9.162739011886769e+18,78.06749657782365,48889306.66654836,89463.43834258082,114.60563269560915,0.0027024644991462234
9.712740198471207e+18,78.06749657782365,51823928.7967879,94833.55716627643,121.48493307621287,0.0028646822245779412
1.0295755673125085e+19,78.06749657782365,54934704.11132208,100526.02193055736,128.77716930135878,0.0030366372066701953
1.0913767146512693e+19,78.06749657782365,58232206.354559116,106560.18172411835,136.50712819562048,0.003218913932519135
1.1568875283162786e+19,78.06749657782365,61727643.96888909,112956.54708112421,144.70108443375253,0.003412131973554896
1.2263306841775593e+19,78.06749657782365,65432898.19297067,119736.85969796324,153.38688985016483,0.0036169480915086306
1.2999422244132422e+19,78.06749657782365,69360563.44689804,126924.16633480407,162.59406810926876,0.00383405847079187
1.377972359833554e+19,78.06749657782365,73523990.14152174,134542.89715315663,172.35391505849174,0.004064201084876371
1.460686320364986e+19,78.06749657782365,77937330.05743544,142618.94875571196,182.699605105067,0.004308158204717927
1.548365256585496e+19,78.06749657782365,82615584.44787516,151179.77221071883,193.66630397818088,0.0045667590577504556
1.6413071953751267e+19,78.06749657782365,87574655.02903552,160254.46636009836,205.2912882597629,0.004840882646488445
1.7398280529303622e+19,78.06749657782365,92831398.0311233,169873.87672845725,217.61407209021354,0.005131460736318421
1.8442627085855328e+19,78.06749657782365,98403681.49387103,180070.7003691986,230.6765414797507,0.005439481022635124
1.9549661430912594e+19,78.06749657782365,104310446.00126274,190879.59700410956,244.52309668190878,0.005765990488087727
2.0723146452190294e+19,78.06749657782365,110571769.06191303,202337.30683419688,259.2008031131277,0.006112098961347602
2.1967070907932353e+19,78.06749657782365,117208933.35393295,214482.7754222182,274.75955133141883,0.0064789828894941575
2.3285662984981967e+19,78.06749657782365,124244499.0662521,227357.28607139274,291.2522266178854,0.006867889336841311
2.468340467068651e+19,78.06749657782365,131702380.58228977,241004.60015025732,308.73488873751853,0.00728014022379695
2.6165046987488236e+19,78.06749657782365,139607927.7666288,255471.10584063982,327.26696249028646,0.007717136820163488
2.773562614198418e+19,78.06749657782365,147988012.13099062,270805.9758143571,346.911439700216,0.008180364508152646
2.9400480643347137e+19,78.06749657782365,156871118.17239654,287061.33437458996,367.73509332903905,0.008671397831304203
3.1165269449294365e+19,78.06749657782365,166287440.1939794,304292.43463006103,389.8087044421928,0.009191905846470397
3.303599120128346e+19,78.06749657782365,176268984.93754667,322557.8463042432,413.2073027986466,0.00974365779705773
3.50190046143172e+19,78.06749657782365,186849680.37675053,341919.6548179753,438.01042188233777,0.010328529126809916
3.712105009066372e+19,78.06749657782365,198065491.04065964,362443.67232218053,464.30236924208583,0.01094850785457329
3.934927263095861e+19,78.06749657782365,209954540.25972718,384199.661398003,492.17251305888857,0.011605701331712872
4.171124612056533e+19,78.06749657782365,222557239.74967614,407261.572184735,521.7155859146649,0.012302343405148105
4.421499907374468e+19,78.06749657782365,235916426.9737653,431707.79374154547,553.032006794968,0.013040802010355762
4.6869041923142115e+19,78.06749657782365,250077510.75035456,457621.4204974321,586.2282224202144,0.013823587220149982
4.9682395947343675e+19,78.06749657782365,265088625.60065472,485090.5346949978,621.4170690655326,0.014653359776595338
5.266462393484259e+19,78.06749657782365,281000795.36138386,514208.5057882495,658.7181560992761,0.015532940135058099
5.582586268862678e+19,78.06749657782365,297868106.61836,545074.307811908,698.2582725436398,0.016465318051131456
5.917685748188806e+19,78.06749657782365,315747892.550626,577792.8558011416,740.171818039499,0.0174536627430259
6.272899858196231e+19,78.06749657782365,334700927.8099616,612475.3624051578,784.6012596802534,0.018501333663965093
6.649435996665032e+19,78.06749657782365,354791635.0982057,649239.7159068302,831.6976162675097,0.019611891921203942
7.048574036451889e+19,78.06749657782365,376088304.14455724,688210.880933277,881.620971634628,0.020789112380483053
7.471670675868067e+19,78.06749657782365,398663323.82717514,729521.3232194292,934.5410187829449,0.022036996497063217
7.920164050192541e+19,78.06749657782365,422593428.2280744,773311.4598683955,990.6376366802398,0.02335978591695373
8.395578619995103e+19,78.06749657782365,447959957.45767486,819730.1366390852,1050.1015016820152,0.024761976894565937
8.899530352885224e+19,78.06749657782365,474849134.1355667,868935.1338834281,1113.13473565386,0.026248335575798667
9.433732216299774e+19,78.06749657782365,503352356.4672674,921093.7028529028,1179.9515929979077,0.02782391419850387
1e+20,78.06749657782365,533566508.9131595,976383.1341973227,1250.77918891864,0.029494068265398934
1e+18,82.03065934129528,5747083.220248171,10008.597946177591,13.14276056682371,0.0003099135968906069
1.0600258488068824e+18,82.03065934129528,6092056.768707359,10609.37253326372,13.931665925512926,0.00032851642360075956
1.1236548001387516e+18,82.03065934129528,6457737.647228731,11246.209124881301,14.767925997985762,0.00034823590077439655
1.191103133283008e+18,82.03065934129528,6845368.830875796,11921.272373462007,15.654383291132085,0.000369139056303409
1.2626001098748577e+18,82.03065934129528,7256267.905345291,12636.856866537102,16.594050935730564,0.00039129694148579266
1.3383887531737592e+18,82.03065934129528,7691831.545533783,13395.394926202074,17.590122928292434,0.0004147848725340144
1.418726674116599e+18,82.03065934129528,8153540.262934001,14199.464876750759,18.64598498768059,0.00043968268658012305
1.5038869469554132e+18,82.03065934129528,8642963.437997706,15051.799808581238,19.76522606340651,0.00046607501304778555
1.5941590374560028e+18,82.03065934129528,9161764.65457037,15955.296868162595,20.951650534722397,0.0004940515613136576
1.689849786812462e+18,82.03065934129528,9711707.35452985,16913.02710563985,22.20929114197428,0.0005237074256358754
1.7912844546220096e+18,82.03065934129528,10294660.831849547,17928.24591354969,23.54242269417046,0.0005551434083861361
1.898807824465269e+18,82.03065934129528,10912606.58646028,19004.404092129033,24.955576599358455,0.0005884663626840597
2.0127853758499466e+18,82.03065934129528,11567645.059508136,20145.15957882807,26.45355626720012,0.0006237895555984691
2.133604526501402e+18,82.03065934129528,12262002.772901751,21354.389881897143,28.0414534360992,0.0006612330531501297
2.2616759492228552e+18,82.03065934129528,12998039.897417527,22636.205260311122,29.724665480379723,0.0007009241284246326
2.3974349678010685e+18,82.03065934129528,13778258.275085736,23994.962694828115,31.50891375634016,0.0007429976941825457
2.541343036702629e+18,82.03065934129528,14605309.923128212,25435.280697674654,33.400263049547334,0.0007875967614374094
2.693889309590164e+18,82.03065934129528,15482006.04835156,26962.055011193883,35.40514218946955,0.0008348729255602413
2.8555923019901005e+18,82.03065934129528,16411326.602637153,28580.47524881866,37.53036590152084,0.0008849868815628802
3.0270016537634555e+18,82.03065934129528,17396430.412007418,30296.04253493309,39.783157970792494,0.0009381089703116479
3.208699997370444e+18,82.03065934129528,18440665.91369803,32114.58820358187,42.17117579620761,0.0009944197575279552
3.401304938279246e+18,82.03065934129528,19547582.537731893,34042.293619585354,44.70253641855923,0.0010541106475439048
3.6054711542504986e+18,82.03065934129528,20720942.771681845,36085.71118943409,47.38584411090382,0.0011173845338991002
3.821892620633115e+18,82.03065934129528,21964734.949630886,38251.78663337989,50.230219625091436,0.0011844564889900765
4.051304969235378e+18,82.03065934129528,23283186.808800675,40547.88259442827,53.24533119384367,0.0012555544951165256
4.294487988789272e+18,82.03065934129528,24680779.859928142,42981.80366448064,56.44142739375771,0.0013309202194091915
4.5522682755073096e+18,82.03065934129528,26162264.62023614,45561.82291269186,59.829371980940046,0.0014108098352734707
4.825522042741279e+18,82.03065934129528,27732676.760776076,48296.71000621506,63.42068081767868,0.0014954948931408588
5.115178099293145e+18,82.03065934129528,29397354.223028563,51195.76101891796,67.22756101567019,0.0015852632434879962
5.422221006501592e+18,82.03065934129528,31161955.36294245,54268.830029392826,71.2629524288523,0.0016804200152607154
5.747694424835359e+18,82.03065934129528,33032478.184085254,57526.362615663566,75.54057163687865,0.0017812886530288144
6.092704661368687e+18,82.03065934129528,35015280.72527979,60979.431360441275,80.07495856873938,0.0018882120163969365
6.458424430196991e+18,82.03065934129528,37117102.67202598,64639.77348761278,84.8815259250039,0.002001553545408518
6.846096838574672e+18,82.03065934129528,39345088.26516654,68519.83075789137,89.97661156667566,0.002121698495904089
7.257039612324231e+18,82.03065934129528,41706810.584664874,72632.79175923772,95.37753404873253,0.002249055249033018
7.692649574879161e+18,82.03065934129528,44210297.29103725,76992.6367357995,101.10265148711503,0.002384056699369799
8.154407395185187e+18,82.03065934129528,46864057.91193639,81614.18510774583,107.17142395925552,0.002527161726353206
8.643882620598297e+18,82.03065934129528,49677112.766635254,86513.1458435203,113.60447965025209,0.0026788567540498233
9.162739011886769e+18,82.03065934129528,52659023.62672775,91706.17085573121,120.42368496952268,0.0028396574045437143
9.712740198471207e+18,82.03065934129528,55819926.21726376,97210.91160217545,127.65221887627085,0.0030101102505721983
1.0295755673125085e+19,82.03065934129528,59170564.66879209,103046.07908438602,135.31465166639987,0.0031907946733650667
1.0913767146512693e+19,82.03065934129528,62722328.03741886,109231.50744764741,143.43702848868315,0.0033823248320022843
1.1568875283162786e+19,82.03065934129528,66487289.017008655,115788.22139864774,152.04695787405333,0.0035853517509838173
1.2263306841775593e+19,82.03065934129528,70478244.9751231,122738.5076699408,161.17370557894768,0.0038005655331078626
1.2999422244132422e+19,82.03065934129528,74708761.45217426,130105.99077411905,170.84829406167458,0.004028697705178844
1.377972359833554e+19,82.03065934129528,79193218.27165192,137915.71330519597,181.10360792993444,0.004270523704518543
1.460686320364986e+19,82.03065934129528,83946858.41815655,146194.221060147,191.97450571791762,0.004526865514732181
1.548365256585496e+19,82.03065934129528,88985839.84937757,154969.65326994334,203.49793837291733,0.004798594459688586
1.6413071953751267e+19,82.03065934129528,94327290.41812976,164271.83824677995,215.71307485420235,0.005086634165211396
1.7398280529303622e+19,82.03065934129528,99989366.09113133,174132.3947726098,228.6614352710684,0.005391963698548298
1.8442627085855328e+19,82.03065934129528,105991312.66241357,184584.83957361084,242.38703201261427,0.005715620896289556
1.9549661430912594e+19,82.03065934129528,112353531.17113061,195664.70124589905,256.93651934895246,0.006058705892047692
2.0723146452190294e+19,82.03065934129528,119097647.24612825,207409.6410197292,272.35935201235924,0.006422384855889113
2.1967070907932353e+19,82.03065934129528,126246584.61297977,219859.58077266926,288.70795329739366,0.0068078939582283254
2.3285662984981967e+19,82.03065934129528,133824643.0133438,233056.83872687406,306.0378932513675,0.007216543571658228
2.468340467068651e+19,82.03065934129528,141857580.8014978,247046.27329170337,324.4080775608508,0.007649722724998862
2.6165046987488236e+19,82.03065934129528,150372702.49879858,261875.4355406149,343.88094777624985,0.008108903824704217
2.773562614198418e+19,82.03065934129528,159398951.6036738,277594.7308406124,364.5226935550345,0.008595647659675463
2.9400480643347137e+19,82.03065934129528,168967008.97261146,294257.59018363815,386.4034776450465,0.009111608706492375
3.1165269449294365e+19,82.03065934129528,179109397.10655257,311920.65180227876,409.59767437262167,0.00965854075309576
3.303599120128346e+19,82.03065934129528,189860590.69716236,330643.9536871066,434.18412244616337,0.0102383028600362
3.50190046143172e+19,82.03065934129528,201257133.80873564,350491.1376600387,460.24639293446563,0.010852865679551803
3.712105009066372e+19,82.03065934129528,213337764.09404534,371529.6656973724,487.8730733306629,0.011504318153953984
3.934927263095861e+19,82.03065934129528,226143544.46635285,393831.0492377945,517.1580686673583,0.012194874616089499
4.171124612056533e+19,82.03065934129528,239718002.67514262,417471.09225479816,548.2009207064444,0.012926882316013773
4.421499907374468e+19,82.03065934129528,254107279.26000652,442530.14891972515,581.1071462885586,0.01370282939945907
4.6869041923142115e+19,82.03065934129528,269360284.3855982,469093.39673127164,615.9885959922796,0.014525353365217621
4.9682395947343675e+19,82.03065934129528,285528864.0907045,497251.1260397657,652.9638343220705,0.015397250030184589
5.266462393484259e+19,82.03065934129528,302667976.516614,527099.0469504808,692.1585427174492,0.016321483032538213
5.582586268862678e+19,82.03065934129528,320835878.7136854,558738.6146489822,733.7059467529991,0.01730119390535345
5.917685748188806e+19,82.03065934129528,340094324.6611763,592277.3742544688,777.747268981505,0.018339712754894752
6.272899858196231e+19,82.03065934129528,360508775.1733669,627829.326373205,824.4322089593547,0.01944056957988172
6.649435996665032e+19,82.03065934129528,382148620.40547776,665515.3145946098,873.919452085873,0.020607506270203378
7.048574036451889e+19,82.03065934129528,405087415.71569574,705463.4362471307,926.3772089861732,0.021844489325865486
7.471670675868067e+19,82.03065934129528,429403131.68501675,747809.4778100847,981.983787270919,0.02315572333940345
7.920164050192541e+19,82.03065934129528,455178419.14474344,792697.3764614667,1040.928197616453,0.02454566528758848
8.395578619995103e+19,82.03065934129528,482500890.11248153,840279.7093305549,1103.4107962253988,0.026019039681005607
8.899530352885224e+19,82.03065934129528,511463415.5915595,890718.2121183218,1169.6439658515062,0.02758085462299792
9.433732216299774e+19,82.03065934129528,542164441.2461102,944184.3288484729,1239.8528377035911,0.0292364188325626
1e+20,82.03065934129528,574708322.024817,1000859.7946177591,1314.276056682371,0.03099135968906069
1e+18,86.19501542821503,6190224.646546117,10259.500532091943,13.80996396863556,0.000325646623834362
1.0600258488068824e+18,86.19501542821503,6561798.135260331,10875.335759865424,14.638918777845376,0.0003451938388411152
1.1236548001387516e+18,86.19501542821503,6955675.638028752,11528.137019911188,15.517632303100553,0.0003659143920204593
1.191103133283008e+18,86.19501542821503,7373195.97222678,12220.1232296934,16.449091353567262,0.0003878787139921417
1.2626001098748577e+18,86.19501542821503,7815778.3188791815,12953.646499080449,17.43646202416709,0.000411161463033642
1.3383887531737592e+18,86.19501542821503,8284927.046556332,13731.200125332056,18.48310045735669,0.00043584177884891604
1.418726674116599e+18,86.19501542821503,8782236.824828973,14555.427067992281,19.5925642508924,0.00046200355156982367
1.5038869469554132e+18,86.19501542821503,9309398.044662392,15429.12893249519,20.7686245503556,0.0004897357069045966
1.5941590374560028e+18,86.19501542821503,9868202.564174384,16355.27549301904,22.015278867542147,0.0005191325084025835
1.689849786812462e+18,86.19501542821503,10460549.799287204,17337.01478695791,23.336764668286587,0.0005502938778626947
1.7912844546220096e+18,86.19501542821503,11088453.179976083,18377.683815322533,24.737573775906956,0.0005833257349746339
1.898807824465269e+18,86.19501542821503,11754046.994059522,19480.81988544177,26.222467639228643,0.0006183403573473847
2.0127853758499466e+18,86.19501542821503,12459593.641793929,20650.172634519407,27.796493517084347,0.0006554567621487125
2.133604526501402e+18,86.19501542821503,13207491.325931337,21889.716774914912,29.4650016343021,0.0006948011106528942
2.2616759492228552e+18,86.19501542821503,14000282.203379903,23203.665604471433,31.233663367497265,0.0007365071370717989
2.3974349678010685e+18,86.19501542821503,14840661.02617367,24596.48532781089,33.10849052247971,0.0007807166031268604
2.541343036702629e+18,86.19501542821503,15731484.301124968,26072.910237278775,35.09585576880619,0.0008275797799071763
2.693889309590164e+18,86.19501542821503,16675779.999292137,27637.958805137085,37.2025143009327,0.0008772559586515174
2.8555923019901005e+18,86.19501542821503,17676757.848266482,29296.95074170509,39.43562679959637,0.0009299139921904703
3.0270016537634555e+18,86.19501542821503,18737820.242262397,31055.52507742936,41.80278377147358,0.0009857328688890998
3.208699997370444e+18,86.19501542821503,19862573.80709498,32919.65933034548,44.31203134984685,0.0010449023210410112
3.401304938279246e+18,86.19501542821503,21054841.659355205,34895.689824082874,46.971898643978584,0.0011076234697817793
3.6054711542504986e+18,86.19501542821503,22318676.401452515,36990.33322547514,49.79142673015426,0.0011741095087138551
3.821892620633115e+18,86.19501542821503,23658373.896695837,39210.709374983715,52.78019938293746,0.0012445864285666362
4.051304969235378e+18,86.19501542821503,25078487.871235594,41564.36548753709,55.94837565109477,0.0013192937853548747
4.294487988789272e+18,86.19501542821503,26583845.392499615,44059.301806045994,59.30672438891805,0.001398485514646446
4.5522682755073096e+18,86.19501542821503,28179563.276735336,46703.99879479251,62.86666086031869,0.0014824307947072287
4.825522042741279e+18,86.19501542821503,29871065.481428627,49507.445965125546,66.64028554011374,0.0015714149614569916
5.115178099293145e+18,86.19501542821503,31664101.541717347,52479.17243144307,70.64042524439206,0.0016657404783462816
5.422221006501592e+18,86.19501542821503,33564766.11346625,55629.27930132319,74.88067672976585,0.001765727964451
5.747694424835359e+18,86.19501542821503,35579519.68943155,58968.47400990026,79.37545290970381,0.0018717172842792201
6.092704661368687e+18,86.19501542821503,37715210.55893086,62508.106715191105,84.1400318450395,0.001984068702994593
6.458424430196991e+18,86.19501542821503,39979098.08566098,66260.20887808163,89.19060867517611,0.0021031641109830134
6.846096838574672e+18,86.19501542821503,42378877.382786386,70237.5341581098,94.54435066650605,0.002229408321924941
7.257039612324231e+18,86.19501542821503,44922705.469170935,74453.60176405276,100.21945556515863,0.0023632304487856133
7.692649574879161e+18,86.19501542821503,47619228.99565949,78922.74240666961,106.2352134524209,0.0025050853624002394
8.154407395185187e+18,86.19501542821503,50477613.63565327,83660.1470097969,112.6120723130828,0.0026554552376120105
8.643882620598297e+18,86.19501542821503,53507575.23987921,88681.91834536853,119.37170753957761,0.002814851192218353
9.162739011886769e+18,86.19501542821503,56719412.86125109,94005.12576787191,126.53709560816769,0.002983815024296325
9.712740198471207e+18,86.19501542821503,60124043.76207569,99647.86323428614,134.13259217760557,0.0031629210538124397
1.0295755673125085e+19,86.19501542821503,63733040.52259592,105629.31080671545,142.18401487573263,0.003352778074776664
1.0913767146512693e+19,86.19501542821503,67558670.37700815,111969.79984677453,150.71873105541886,0.003554031424576238
1.1568875283162786e+19,86.19501542821503,71613936.91065247,118690.88212331392,159.7657508181166,0.00376736517752276
1.2263306841775593e+19,86.19501542821503,75912624.2601169,125815.40306840345,169.3558256212429,0.003993504470069055
1.2999422244132422e+19,86.19501542821503,80469343.96648835,133367.57943056442,179.52155280454838,0.004233217965599029
1.377972359833554e+19,86.19501542821503,85299584.64100981,141373.08158920336,190.29748639077098,0.004487320467168656
1.460686320364986e+19,86.19501542821503,90419764.61196093,149859.12081003995,201.7202545371932,0.00475667568707895
1.548365256585496e+19,86.19501542821503,95847287.7317124,158854.54173811575,213.82868403732857,0.005042199182694925
1.6413071953751267e+19,86.19501542821503,101600602.53364593,168389.92044277448,226.66393229592788,0.005344861468489556
1.7398280529303622e+19,86.19501542821503,107699264.9400187,178497.66834787538,240.2696272258967,0.005665691314890842
1.8442627085855328e+19,86.19501542821503,114164004.73392065,189212.142400506,254.69201554264436,0.006005779245144946
1.9549661430912594e+19,86.19501542821503,121016796.02126716,200569.7618526651,269.98011995992726,0.006366281242081529
2.0723146452190294e+19,86.19501542821503,128280931.92233309,212609.1320528656,286.18590582150586,0.006748422677380807
2.1967070907932353e+19,86.19501542821503,135981103.74670905,225371.1756684334,303.3644577350083,0.007153502476698204
2.3285662984981967e+19,86.19501542821503,144143484.920802,238899.27178453613,321.57416680839174,0.00758289753480415
2.468340467068651e+19,86.19501542821503,152795819.95315516,253239.40335274898,340.87692912543145,0.008038067395746385
2.6165046987488236e+19,86.19501542821503,161967518.73998693,268440.31349034625,361.338356134869,0.008520559213942989
2.773562614198418e+19,86.19501542821503,171689756.53149924,284553.67116158985,383.02799766834806,0.00903201301306922
2.9400480643347137e+19,86.19501542821503,181995579.8987495,301634.2468041788,406.0195783451913,0.009574167260613508
3.1165269449294365e+19,86.19501542821503,192920019.06127274,319740.0984978243,430.39124816757385,0.010148864777050898
3.303599120128346e+19,86.19501542821503,204500206.95726556,338932.7693077524,456.22584815788605,0.010758058999719648
3.50190046143172e+19,86.19501542821503,216775505.46105856,359277.4964739175,483.611191941203,0.01140382062269234
3.712105009066372e+19,86.19501542821503,229787639.17689952,380843.4331569761,512.640364229982,0.012088344635210881
3.934927263095861e+19,86.19501542821503,243580837.2638226,403703.88349475083,543.4120372255559,0.012813957782609535
4.171124612056533e+19,86.19501542821503,258201983.77367464,427936.551768158,576.0308060118971,0.01358312647508623
4.421499907374468e+19,86.19501542821503,273700777.0133081,453623.80652352836,610.6075440816688,0.0143984651712044
4.6869041923142115e+19,86.19501542821503,290129898.47263753,480852.9605491161,647.2597802030622,0.015262745264622403
4.9682395947343675e+19,86.19501542821503,307545191.89270973,509716.56765737495,686.1120979083016,0.01617890450425446
5.266462393484259e+19,86.19501542821503,326005853.08254516,540312.7372819396,727.2965589619182,0.017150056979887824
5.582586268862678e+19,86.19501542821503,345574631.12983674,572745.4679584581,770.9531522479322,0.01817950370719199
5.917685748188806e+19,86.19501542821503,366318041.68953043,607125.0008229596,817.2302696019559,0.019270743848104056
6.272899858196231e+19,86.19501542821503,388306593.0752195,643568.1943292371,866.2852102054908,0.02042748660472651
6.649435996665032e+19,86.19501542821503,411615025.92186826,682198.9214589621,918.2847152569238,0.021653663827166436
7.048574036451889e+19,86.19501542821503,436322567.23449534,723148.4907746761,973.4055347366071,0.02295344337817099
7.471670675868067e+19,86.19501542821503,462513199.6863439,766556.092746842,1031.8350281924893,0.02433124329998642
7.920164050192541e+19,86.19501542821503,490275947.0819039,812569.2728720584,1093.771801588417,0.02579174683159488
8.395578619995103e+19,86.19501542821503,519705176.95509326,861344.433190595,1159.4263823797944,0.027339918327373574
8.899530352885224e+19,86.19501542821503,550900921.3311539,913047.3639079436,1229.021935111235,0.028981020131285024
9.433732216299774e+19,86.19501542821503,583969216.7425498,967853.8069274043,1302.7950199685638,0.03072063046395475
1e+20,86.19501542821503,619022464.6546116,1025950.0532091942,1380.9963968635561,0.0325646623834362
1e+18,90.57077858851346,6667535.462110869,10516.692920829531,14.511038517770379,0.0003421783512523668
1.0600258488068824e+18,90.57077858851346,7067759.937674064,11147.966340043657,15.38207592186891,0.0003627178972296297
1.1236548001387516e+18,90.57077858851346,7492008.227096228,11817.13248207533,16.305398085491,0.00038449034688828576
1.191103133283008e+18,90.57077858851346,7941722.3801958235,12526.465889775283,17.28414344570671,0.0004075697063183077
1.2626001098748577e+18,90.57077858851346,8418431.007055694,13278.377637359505,18.32163882693517,0.000432034423888036
1.3383887531737592e+18,90.57077858851346,8923754.47387639,14075.423525820335,19.42141074905509,0.00045796765689570785
1.418726674116599e+18,90.57077858851346,9459410.410715034,14920.312770274064,20.587197414294234,0.0004854575542269718
1.5038869469554132e+18,90.57077858851346,10027219.549830865,15815.91720877393,21.822961413642094,0.0005145975559791588
1.5941590374560028e+18,90.57077858851346,10629111.914482426,16765.281063889965,23.132903195975807,0.0005454867110707551
1.689849786812462e+18,90.57077858851346,11267133.379212582,17771.631290235913,24.521475345681697,0.0005782300139156517
1.7912844546220096e+18,90.57077858851346,11943452.623920176,18838.388543115274,25.993397717303285,0.0006129387613065543
1.898807824465269e+18,90.57077858851346,12660368.505355772,19969.178805569616,27.553673478659295,0.0006497309307206193
2.0127853758499466e+18,90.57077858851346,13420317.871097673,21167.84571335034,29.207606116963504,0.0006887315813332101
2.133604526501402e+18,90.57077858851346,14225883.842568368,22438.463619707138,30.96081746575107,0.0007300732791028364
2.2616759492228552e+18,90.57077858851346,15079804.595246647,23785.35144440241,32.81926681388773,0.0007738965473722082
2.3974349678010685e+18,90.57077858851346,15984982.665918253,25213.08735402267,34.78927116161089,0.0008203503445169407
2.541343036702629e+18,90.57077858851346,16944494.8186033,26726.524323489957,36.877526692459384,0.0008695925702655885
2.693889309590164e+18,90.57077858851346,17961602.502693787,28330.806631665233,39.09113153407272,0.000921790602411939
2.8555923019901005e+18,90.57077858851346,19039762.938849807,30031.387347114596,41.437609885226934,0.0009771218657439234
3.0270016537634555e+18,90.57077858851346,20182640.87033609,31834.046863473417,43.924937591116134,0.001035774435122967
3.208699997370444e+18,90.57077858851346,21394121.019742485,33744.912547411484,46.56156925381222,0.0010979476747636921
3.401304938279246e+18,90.57077858851346,22678321.29342969,35770.47956598387,49.35646697005273,0.0011638529158869255
3.6054711542504986e+18,90.57077858851346,24039606.77858301,37917.6329641613,52.31913079403901,0.0012337141750494035
3.821892620633115e+18,90.57077858851346,25482604.58045114,40193.67106758291,55.45963102878951,0.001307768915591827
4.051304969235378e+18,90.57077858851346,27012219.550202865,42606.330290079204,58.788642455809104,0.001386268854793482
4.294487988789272e+18,90.57077858851346,28633650.956861656,45163.811430287584,62.317480619423364,0.0014694808194770056
4.5522682755073096e+18,90.57077858851346,30352410.15998728,47874.80754674458,66.0581402891107,0.001557687652971546
4.825522042741279e+18,90.57077858851346,32174339.343175158,50748.53350620407,70.02333623056869,0.0016511891765171637
5.115178099293145e+18,90.57077858851346,34105631.37204991,53794.75730561848,74.2265464240983,0.0017503032083783438
5.422221006501592e+18,90.57077858851346,36152850.844251856,57023.83327424846,78.68205787720827,0.0018553666441306635
5.747694424835359e+18,90.57077858851346,38322956.40296669,60446.73726875738,83.40501518715995,0.001966736601792584
6.092704661368687e+18,90.57077858851346,40623324.38984392,64075.10398092116,88.41147201852014,0.002084791635694747
6.458424430196991e+18,90.57077858851346,43061773.91770162,67921.26648476519,93.71844567069775,0.002209933023212813
6.846096838574672e+18,90.57077858851346,45646593.44824173,71998.29815755169,99.34397492094307,0.0023425861287375217
7.257039612324231e+18,90.57077858851346,48386568.965115115,76320.05711710973,105.30718133942233,0.0024832018495182205
7.692649574879161e+18,90.57077858851346,51291013.83809891,80901.23332655398,111.62833428478143,0.0026322581482943717
8.154407395185187e+18,90.57077858851346,54369800.47989635,85757.39852650404,118.32891980112387,0.0027902616779245746
8.643882620598297e+18,90.57077858851346,57633393.90316297,90905.05916452751,125.43171365058784,0.002957749503535313
9.162739011886769e+18,90.57077858851346,61092887.29182174,96361.71250171817,132.9608587297662,0.0031352909280431547
9.712740198471207e+18,90.57077858851346,64760039.707576536,102145.90608711856,140.9419471331124,0.0033234894272554634
1.0295755673125085e+19,90.57077858851346,68647316.05979067,108277.30080214507,149.40210714227098,0.003522984701127143
1.0913767146512693e+19,90.57077858851346,72767929.47459392,114776.73768931195,158.37009543702257,0.0037344548481459605
1.1568875283162786e+19,90.57077858851346,77135886.2072258,121666.3087923978,167.87639484125688,0.0039586186702369
1.2263306841775593e+19,90.57077858851346,81766033.25028561,128969.43224886173,177.95331793624263,0.004196238116020642
1.2999422244132422e+19,90.57077858851346,86674108.79970577,136710.93188974136,188.63511689336661,0.004448120870730574
1.377972359833554e+19,90.57077858851346,91876795.7499882,144917.121617603,199.95809989967645,0.004715123101591786
1.460686320364986e+19,90.57077858851346,97391778.40053782,153615.89484934986,211.96075457196594,0.004998152367993773
1.548365256585496e+19,90.57077858851346,103237802.56584188,162836.81932791087,224.68387877889546,0.005298170706348729
1.6413071953751267e+19,90.57077858851346,109434739.29381391,172611.23762508167,238.17071931582137,0.005616197900121072
1.7398280529303622e+19,90.57077858851346,116003652.40888494,182972.37367713367,252.46711890369926,0.005953314946143269
1.8442627085855328e+19,90.57077858851346,122966870.10942684,193955.44571531372,267.62167201172196,0.0063106677290002185
1.9549661430912594e+19,90.57077858851346,130348060.86287083,205597.78597509259,283.6858900333426,0.006689470915971657
2.0723146452190294e+19,90.57077858851346,138172313.8564958,217938.96759106326,300.7143763771299,0.007091012085771809
2.1967070907932353e+19,90.57077858851346,146466224.27734298,231020.93910881254,318.7650120675995,0.007516656105120125
2.3285662984981967e+19,90.57077858851346,155257983.71112967,244888.1670709821,337.8991524868933,0.007967849768019395
2.468340467068651e+19,90.57077858851346,164577475.96743536,259587.78716217942,358.1818359260452,0.00844612671351048
2.6165046987488236e+19,90.57077858851346,174456378.65687498,275169.7644264896,379.6820046547136,0.00895311263861943
2.773562614198418e+19,90.57077858851346,184928270.8655288,291687.0631021795,402.4727392608114,0.009490530824216189
2.9400480643347137e+19,90.57077858851346,196028747.2926212,309195.8266508745,426.63150705657273,0.010060207992567648
3.1165269449294365e+19,90.57077858851346,207795539.23941064,327755.5685931389,452.24042539540295,0.010664080516495303
3.303599120128346e+19,90.57077858851346,220268642.8605401,347429.37479912443,479.3865407945476,0.011304201001242872
3.50190046143172e+19,90.57077858851346,233490455.11378407,368284.1179218864,508.1621248123355,0.011982745261426085
3.712105009066372e+19,90.57077858851346,247505917.87029424,390390.6847022416,538.6649876857049,0.012702019716779834
3.934927263095861e+19,90.57077858851346,262362670.6751852,413824.2169177937,570.9988107940882,0.0134644692318413
4.171124612056533e+19,90.57077858851346,278111212.67770374,438664.3667951277,605.2734990797239,0.014272685426216729
4.421499907374468e+19,90.57077858851346,294805074.28139186,464995.56775333494,641.6055546222907,0.01512941548367888
4.6869041923142115e+19,90.57077858851346,312500999.0977111,492907.32139917125,680.1184726377098,0.016037571490038826
4.9682395947343675e+19,90.57077858851346,331259136.82154727,522494.50174927904,720.943161247023,0.017000240331529328
5.266462393484259e+19,90.57077858851346,351143247.68429583,553857.6777137086,764.2183864423927,0.01802069418735037
5.582586268862678e+19,90.57077858851346,372220919.17935103,587103.4549366827,810.0912437624233,0.01910240165203533
5.917685748188806e+19,90.57077858851346,394563795.79676956,622344.8381567103,858.7176582802858,0.020249039525448743
6.272899858196231e+19,90.57077858851346,418247822.5479361,659701.6153176487,910.2629146040184,0.021464505310487915
6.649435996665032e+19,90.57077858851346,443353503.10800624,699300.764736362,964.9022186905514,0.02275293046096979
7.048574036451889e+19,90.57077858851346,469966173.4535692,741276.8867109641,1022.8212933830958,0.02411869442473347
7.471670675868067e+19,90.57077858851346,498176291.92564225,785772.661036713,1084.2170096961697,0.025566439529691926
7.920164050192541e+19,90.57077858851346,528079746.7039442,832939.3319846846,1149.2980559940422,0.027101086763431516
8.395578619995103e+19,90.57077858851346,559778181.7375718,882937.2223917027,1218.2856473371842,0.028727852499995453
8.899530352885224e+19,90.57077858851346,593379342.2399429,935936.2786089558,1291.414277407841,0.030452266230706602
9.433732216299774e+19,90.57077858851346,628997440.9223651,992116.6481616131,1368.9325155705733,0.032280189359297926
1e+20,90.57077858851346,666753546.211087,1051669.2920829533,1451.103851777038,0.034217835125236684
1e+18,95.16868108181045,7181650.37246436,10780.332789599663,15.247703711787453,0.00035954932585250163
1.0600258488068824e+18,95.16868108181045,7612735.031905797,11427.43141571605,16.162960069443347,0.0003811315793247404
1.1236548001387516e+18,95.16868108181045,8069695.913937831,12113.372686126839,17.13315546684343,0.0004040093258808156
1.191103133283008e+18,95.16868108181045,8554086.26078538,12840.488163525708,18.161587666480987,0.0004282603285927079
1.2626001098748577e+18,95.16868108181045,9067552.549356313,13611.249364636065,19.251752381842113,0.00045396701832679955
1.3383887531737592e+18,95.16868108181045,9611840.087732438,14428.276161070486,20.40735515958211,0.00048121677393219537
1.418726674116599e+18,95.16868108181045,10188798.947594596,15294.345684458849,21.63232397493954,0.0005101022192475851
1.5038869469554132e+18,95.16868108181045,10800390.252746634,16212.40176611437,22.930822583200758,0.0005407215379361958
1.5941590374560028e+18,95.16868108181045,11448692.84511333,17185.564943323585,24.307264672597412,0.0005731788072189789
1.689849786812462e+18,95.16868108181045,12135910.350870537,18217.143066272387,25.766328866743617,0.0006075843516404144
1.7912844546220096e+18,95.16868108181045,12864378.670725774,19310.6425416618,27.312974627607183,0.0006440551180694096
1.898807824465269e+18,95.16868108181045,13636573.919809239,20469.780251231343,28.952459113070145,0.0006827150732099429
2.0127853758499466e+18,95.16868108181045,14455120.844163587,21698.49618570186,30.690355046378738,0.0007236956249726225
2.133604526501402e+18,95.16868108181045,15322801.74244044,23000.966837081327,32.532569658221945,0.0007671360691394252
2.2616759492228552e+18,95.16868108181045,16242565.923130004,24381.61939485609,34.48536476582574,0.0008131840628398944
2.3974349678010685e+18,95.16868108181045,17217539.729467623,25845.146794318673,36.55537805730938,0.0008619961264480881
2.541343036702629e+18,95.16868108181045,18251037.16609514,27396.523668186128,38.749645653655875,0.0009137381756063796
2.693889309590164e+18,95.16868108181045,19346571.16359596,29041.023255726843,41.07562602498248,0.0009685860851844046
2.8555923019901005e+18,95.16868108181045,20507865.519193564,30784.23532687226,43.541225342406136,0.001026726287090134
3.0270016537634555e+18,95.16868108181045,21738867.554200556,32632.08518223859,46.1548243516758,0.001088356403965058
3.208699997370444e+18,95.16868108181045,23043761.53124184,34590.85379364095,48.92530685991771,0.001153685920917467
3.401304938279246e+18,95.16868108181045,24426982.876858015,36667.19915355901,51.86208993232145,0.0012229368975770875
3.6054711542504986e+18,95.16868108181045,25893233.2578326,38868.1789061224,54.97515590140793,0.001296344722891408
3.821892620633115e+18,95.16868108181045,27447496.5624886,41201.27433654016,58.27508629768063,0.0013741589152292874
4.051304969235378e+18,95.16868108181045,29095055.84127596,43674.4158005162,61.77309781699323,0.00145664397051147
4.294487988789272e+18,95.16868108181045,30841511.2642322,46296.0096800869,65.48108044688883,0.0015440802612508486
4.5522682755073096e+18,95.16868108181045,32692799.15635476,49074.96695750576,69.41163788150507,0.0016367649895583833
4.825522042741279e+18,95.16868108181045,34655212.175587885,52020.73350429976,73.57813036241838,0.0017350131973540137
5.115178099293145e+18,95.16868108181045,36735420.702010155,55143.32218845198,77.99472009104599,0.0018391588372163312
5.422221006501592e+18,95.16868108181045,38940495.51092624,58453.3469088452,82.67641936696623,0.0019495559075109205
5.747694424835359e+18,95.16868108181045,41277931.806930184,61962.0586726518,87.63914161578215,0.0020665796556557352
6.092704661368687e+18,95.16868108181045,43755674.70063377,65681.38383829956,92.89975547997604,0.0021906278536135055
6.458424430196991e+18,95.16868108181045,46382146.21465715,69623.96465400414,98.47614215661343,0.002322122149946655
6.846096838574672e+18,95.16868108181045,49166273.91067687,73803.20222966112,104.38725617679138,0.0024615095030304664
7.257039612324231e+18,95.16868108181045,52117521.234836936,78233.30208816254,110.65318983342478,0.0026092637002960778
7.692649574879161e+18,95.16868108181045,55245919.684668735,82929.32245096973,117.29524147636516,0.002765886968667336
8.154407395185187e+18,95.16868108181045,58562102.90685782,87907.22542206885,124.33598790699223,0.0029319116816654877
8.643882620598297e+18,95.16868108181045,62077342.84175796,93183.93124428649,131.79936111835173,0.0031079021689842732
9.162739011886769e+18,95.16868108181045,65803588.03751034,98777.37581238696,139.71072964168562,0.0032944566346863055
9.712740198471207e+18,95.16868108181045,69753504.2640003,104706.57163844188,148.09698477585664,0.003492209190540816
1.0295755673125085e+19,95.16868108181045,73940517.56470081,110991.6724766971,156.9866319927661,0.0037018320114141938
1.0913767146512693e+19,95.16868108181045,78378859.89274219,117654.04182760634,166.4098878294656,0.00392403762003982
1.1568875283162786e+19,95.16868108181045,83083617.48631977,124716.32555386887,176.39878259628736,0.00415958130893285
1.2263306841775593e+19,95.16868108181045,88070782.14788243,132202.52885531532,186.98726925013023,0.004409263707682787
1.2999422244132422e+19,95.16868108181045,93357305.60139509,140138.097864272,198.2113388029503,0.0046739335043498266
1.377972359833554e+19,95.16868108181045,98961157.11244236,148550.00613875687,210.109142657746,0.004954490330215352
1.460686320364986e+19,95.16868108181045,104901384.56702796,157466.84634750336,222.72112228786355,0.00525188781769202
1.548365256585496e+19,95.16868108181045,111198179.21668102,166918.92745845517,236.090146700414,0.005567136841787508
1.6413071953751267e+19,95.16868108181045,117872944.30994213,176938.3777610834,250.26165815104778,0.005901308956139871
1.7398280529303622e+19,95.16868108181045,124948367.84351279,187559.25407270523,265.2838266053823,0.0062555400353038245
1.8442627085855328e+19,95.16868108181045,132448499.68035422,198817.6575000051,281.2077134721082,0.006631034135668372
1.9549661430912594e+19,95.16868108181045,140398833.29686555,210751.8561492389,298.08744516431403,0.007029067588129277
2.0723146452190294e+19,95.16868108181045,148826392.4370059,223402.41520222294,315.980397078977,0.007450993336427682
2.1967070907932353e+19,95.16868108181045,157759822.9679034,236812.334800244,334.94738861997837,0.00789824553590118
2.3285662984981967e+19,95.16868108181045,167229490.24917534,251027.19620456826,355.05288992754123,0.008372344428278817
2.468340467068651e+19,95.16868108181045,177267582.3469243,266095.3167303593,376.3652410167785,0.008874901509089825
2.6165046987488236e+19,95.16868108181045,187908219.44324237,282067.91398063535,398.95688407021754,0.009407625005250424
2.773562614198418e+19,95.16868108181045,199187569.8131129,298999.27993850963,422.9046096738813,0.009972325681447432
2.9400480643347137e+19,95.16868108181045,211143972.7629252,316946.9655094653,448.28981783389935,0.010570922995054988
3.1165269449294365e+19,95.16868108181045,223818068.948477,335971.97614093666,475.1987946608619,0.011205451620505355
3.303599120128346e+19,95.16868108181045,237252938.51542673,356138.97918412206,503.7230056623875,0.011878068365290645
3.50190046143172e+19,95.16868108181045,251494247.53174224,377516.5237028656,533.9594066408263,0.012591059501103393
3.712105009066372e+19,95.16868108181045,266590403.20988333,400177.2734767537,566.0107732528613,0.013346848535035089
3.934927263095861e+19,95.16868108181045,282592718.4463256,424198.25399041973,599.9860503512041,0.014148004447247464
4.171124612056533e+19,95.16868108181045,299555586.2377106,449661.1142485922,636.0007222958241,0.01499725042311704
4.421499907374468e+19,95.16868108181045,317536664.5664698,476652.4043068085,674.1772054934156,0.015897473109533884
4.6869041923142115e+19,95.16868108181045,336597072.38438123,505263.86946117016,714.6452644994157,0.016851732426818384
4.9682395947343675e+19,95.16868108181045,356801597.3601625,535592.7620970225,757.5424530968062,0.01786327196960448
5.266462393484259e+19,95.16868108181045,378218916.09735775,567742.1722567189,803.0145818511899,0.01893553003204818
5.582586268862678e+19,95.16868108181045,400921827.57092065,601821.3780498917,851.2162137311112,0.020072151294830084
5.917685748188806e+19,95.16868108181045,424987500.57607174,637946.217097464,902.3111894785018,0.02127699921368242
6.272899858196231e+19,95.16868108181045,450497736.03046584,676239.480271879,956.4731845148966,0.02255416915154708
6.649435996665032e+19,95.16868108181045,477539245.0212735,716831.3290719235,1013.8862992764251,0.023908002299002695
7.048574036451889e+19,95.16868108181045,506203943.5422733,759859.7380508315,1074.7456849841615,0.02534310043027723
7.471670675868067e+19,95.16868108181045,536589264.9227895,805470.9638015081,1139.25820697687,0.02686434154500269
7.920164050192541e+19,95.16868108181045,568798491.010441,853820.0420929913,1207.6431478608638,0.028476896448879477
8.395578619995103e+19,95.16868108181045,602941103.2334166,905071.314847951,1280.1329528670274,0.03018624632960916
8.899530352885224e+19,95.16868108181045,639133154.7355604,959398.9887524603,1356.9740199485313,0.031998201387837585
9.433732216299774e+19,95.16868108181045,677497664.8491831,1016987.7273967916,1438.4275373048295,0.0339189205864361
1e+20,95.16868108181045,718165037.2464361,1078033.2789599663,1524.7703711787453,0.03595493258525016
1e+18,100.0,7735407.237862527,11050.58176837504,16.02176634,0.0003778021527307077
1.0600258488068824e+18,100.0,8199731.623182127,11713.902318831611,16.98348646394404,0.0004004800476294359
1.1236548001387516e+18,100.0,8691927.47385227,12417.039248360386,18.002934654642477,0.0004245192024186135
1.191103133283008e+18,100.0,9213667.798238115,13162.382568911593,19.083576088302234,0.0004500013278786116
1.2626001098748577e+18,100.0,9766726.028451998,13952.465754931425,20.229083941273295,0.0004770130395487493
1.3383887531737592e+18,100.0,10352982.048374102,14789.974354820144,21.443351875433905,0.0005056461521396141
1.418726674116599e+18,100.0,10974428.58351017,15677.755119300244,22.730507273021473,0.0005359979916177283
1.5038869469554132e+18,100.0,11633177.974405881,16618.82567772269,24.094925265895608,0.0005681717260233669
1.5941590374560028e+18,100.0,12331469.356641123,17616.384795201604,25.541243606919384,0.0006022767161459908
1.689849786812462e+18,100.0,13071676.271809567,18673.82324544224,27.074378434008082,0.0006384288872492757
1.7912844546220096e+18,100.0,13856314.735353727,19794.735336219605,28.69954098042817,0.000676751123109247
1.898807824465269e+18,100.0,14688051.788678642,20982.931126683772,30.422255288146278,0.0007173736837048905
2.0127853758499466e+18,100.0,15569714.564613527,22242.449378019322,32.24837698443692,0.0007604346479809965
2.133604526501402e+18,100.0,16504299.897035196,23577.571281478853,34.1841131855718,0.0008060803831882121
2.2616759492228552e+18,100.0,17494984.507318076,24992.835010454393,36.23604359524629,0.0008544660423956614
2.3974349678010685e+18,100.0,18545135.802233107,26493.05114604729,38.411142869454146,0.0009057560918671187
2.541343036702629e+18,100.0,19658323.32000105,28083.319028572932,40.716804323835575,0.0009601248700934474
2.693889309590164e+18,100.0,20838330.86340424,29769.04409057749,43.16086506407753,0.0010177571803814038
2.8555923019901005e+18,100.0,22089169.361198742,31555.956230283915,45.751632624788115,0.0010788489190130975
3.0270016537634555e+18,100.0,23415090.501543675,33450.12928791953,48.49791320739166,0.0011436077411112458
3.208699997370444e+18,100.0,24820601.183788806,35458.00169112686,51.40904161302787,0.0012122537664735699
3.401304938279246e+18,100.0,26310478.83774283,37586.39833963262,54.49491297219819,0.001285020327775486
3.6054711542504986e+18,100.0,27889787.66249387,39842.55380356267,57.76601637901159,0.001362154763684308
3.821892620633115e+18,100.0,29563895.839978784,42234.1369142554,61.233470544354034,0.001443919259580797
4.051304969235378e+18,100.0,31338493.781811774,44769.276831159674,64.90906158917012,0.0015305917387457397
4.294487988789272e+18,100.0,33219613.471394226,47456.59067342032,68.80528310631826,0.0016224668070407545
4.5522682755073096e+18,100.0,35213648.967051215,50305.212810073164,72.93537862717287,0.0017198567542943684
4.825522042741279e+18,100.0,37327378.13588606,53324.82590840865,77.31338663732028,0.0018230926157971378
5.115178099293145e+18,100.0,39567985.69222808,56525.693846040114,81.9541882943601,0.0019325252975139202
5.422221006501592e+18,100.0,41943087.61898265,59918.69659854665,86.87355801000814,0.0020485267688379665
5.747694424835359e+18,100.0,44460757.05489352,63515.36722127647,92.08821706843281,0.0021714913269410855
6.092704661368687e+18,100.0,47129551.7357101,67327.93105101443,97.61589046307793,0.0023018369370175077
6.458424430196991e+18,100.0,49958543.08253398,71369.34726076282,103.47536714516383,0.0024400066529770177
6.846096838574672e+18,100.0,52957347.036218286,75653.35290888326,109.6865638886561,0.002586470123416404
7.257039612324231e+18,100.0,56136156.74262793,80194.50963232561,116.27059298878302,0.0027417251879881155
7.692649574879161e+18,100.0,59505777.19986036,85008.25314265766,123.24983402421427,0.002906299569592311
8.154407395185187e+18,100.0,63077661.98519522,90110.94569313602,130.6480099268251,0.0030807526681441663
8.643882620598297e+18,100.0,66863952.18661018,95519.9316951574,138.49026761761277,0.003265677462013588
9.162739011886769e+18,100.0,70877517.67119427,101253.59667313466,146.80326348285232,0.0034617025236004595
9.712740198471207e+18,100.0,75132000.8307325,107331.42975818929,155.61525398103092,0.0036694941558965037
1.0295755673125085e+19,100.0,79641862.95315595,113774.08993307994,164.95619168853952,0.0038897586572960536
1.0913767146512693e+19,100.0,84422433.37748055,120603.47625354365,174.8578271105949,0.0041232447223541685
1.1568875283162786e+19,100.0,89489961.59930632,127842.80228472331,185.35381660343552,0.004370745986651977
1.2263306841775593e+19,100.0,94861672.504,135516.67500571426,196.47983677465191,0.004633103724420036
1.2999422244132422e+19,100.0,100555824.91529308,143651.17845041867,208.2737057504881,0.004911209708088677
1.377972359833554e+19,100.0,106591773.6583098,152273.962369014,220.77551172231605,0.0052060092394853015
1.460686320364986e+19,100.0,112990035.34798096,161414.33621140136,234.0277492092219,0.005518504362981879
1.548365256585496e+19,100.0,119772358.12646316,171103.3687520902,248.0754634998696,0.00584975727151435
1.6413071953751267e+19,100.0,126961795.586606,181373.99369515144,262.9664037646101,0.0062008939170512326
1.7398280529303622e+19,100.0,134582785.13273793,192261.12161819704,278.7511853582742,0.006573107837783667
1.8442627085855328e+19,100.0,142661231.0451248,203801.75863589256,295.48346186532916,0.006967664215045802
1.9549661430912594e+19,100.0,151224592.5304432,216035.13218634741,313.22010747219167,0.007385904173755267
2.0723146452190294e+19,100.0,160301977.05755794,229002.82436793996,332.02141028659287,0.007829249340991221
2.1967070907932353e+19,100.0,169924239.29585928,242748.913279799,351.9512772611038,0.008299206678204945
2.3285662984981967e+19,100.0,180124085.99245706,257320.12284636722,373.077451417368,0.008797373603487946
2.468340467068651e+19,100.0,190936187.14471817,272765.9816353117,395.471742109404,0.00932544342130857
2.6165046987488236e+19,100.0,202397293.84602964,289138.99120861373,419.2102691086574,0.009885211078173174
2.773562614198418e+19,100.0,214546363.20535356,306494.8045790765,444.37372134046615,0.010478579263775717
2.9400480643347137e+19,100.0,227424690.76518458,324892.4153788351,471.0476311514007,0.011107564878374051
3.1165269449294365e+19,100.0,241076050.86800754,344394.35838286794,499.32266503973483,0.01177430588837597
3.303599120128346e+19,100.0,255546845.44837087,365066.92206910125,529.2949318372596,0.012481068593437613
3.50190046143172e+19,100.0,270886261.7563305,386980.373937615,561.0663093899719,0.013230255329775625
3.712105009066372e+19,100.0,287146439.5483776,410209.1993548252,594.74479084805,0.014024412635877188
3.934927263095861e+19,100.0,304382648.3141431,434832.35473449016,630.444851742176,0.014866239908363684
4.171124612056533e+19,100.0,322653475.1412863,460933.53591612336,668.2878390939293,0.015758598577429967
4.421499907374468e+19,100.0,342021023.8571296,488601.4626530423,708.4023838828538,0.01670452183304699
4.6869041923142115e+19,100.0,362551126.1239557,517930.1801770797,750.9248382722473,0.017707224934988882
4.9682395947343675e+19,100.0,384313565.20543414,549019.3788649059,795.9997390797034,0.018770116141725832
5.266462393484259e+19,100.0,407382313.1648896,581974.7330926993,843.7802990680195,0.01989680829533669
5.582586268862678e+19,100.0,431835782.30152327,616908.2604307474,894.4289277261024,0.021091131101812093
5.917685748188806e+19,100.0,457757091.67935616,653938.7023990803,948.1177833102914,0.0223571441484956
6.272899858196231e+19,100.0,485234349.6547795,693191.9280782564,1005.0293580223914,0.023699150702906874
6.649435996665032e+19,100.0,514360953.3630633,734801.3619472332,1065.3570983135216,0.025121712339851082
7.048574036451889e+19,100.0,545235906.1817983,778908.4374025691,1129.306062422228,0.026629664446532975
7.471670675868067e+19,100.0,577964154.2503506,825663.0775005008,1197.0936173818807,0.028228132658378584
7.920164050192541e+19,100.0,612656943.1891798,875224.2045559712,1268.9501778665294,0.029922550281431037
8.395578619995103e+19,100.0,649432196.2315402,927760.2803307717,1345.1199893866121,0.03171867676054055
8.899530352885224e+19,100.0,688414915.0528561,983449.8786469373,1425.8619584966482,0.03362261725612313
9.433732216299774e+19,100.0,729737604.6602218,1042482.2923717455,1511.4505328368532,0.03564084339603085
1e+20,100.0,773540723.7862529,1105058.176837504,1602.1766340000001,0.03778021527307078
