material,electron_density,electron_temperature_ev,heat_flux,retained_heat_flux,semi_infinite_delta_t,lumped_delta_t,thermal_regime
Li,1e+18,2.0,21879.03565252838,21879.03565252838,0.24092872689957784,0.052092942029829475,transient-slab
Li,1.0600258488068824e+18,2.0,23192.343338647435,23192.343338647435,0.2553906782336865,0.055219865092017706,transient-slab
Li,1.1236548001387516e+18,2.0,24584.483433370395,24584.483433370395,0.27072072047202894,0.0585344843651676,transient-slab
Li,1.191103133283008e+18,2.0,26060.18791893719,26060.18791893719,0.28697096150797324,0.06204806647365998,transient-slab
Li,1.2626001098748577e+18,2.0,27624.472818838258,27624.472818838258,0.3041966370554165,0.06577255433056728,transient-slab
Li,1.3383887531737592e+18,2.0,29282.655247631683,29282.655247631683,0.3224562983988671,0.06972060773245639,transient-slab
Li,1.418726674116599e+18,2.0,31040.371484190076,31040.371484190076,0.34181201141338435,0.07390564639092875,transient-slab
Li,1.5038869469554132e+18,2.0,32903.59612980954,32903.59612980954,0.36232956753086065,0.07834189554716559,transient-slab
Li,1.5941590374560028e+18,2.0,34878.662416300205,34878.662416300205,0.3840787073697311,0.0830444343245243,transient-slab
Li,1.689849786812462e+18,2.0,36972.28373308734,36972.28373308734,0.4071333577882495,0.08802924698354128,transient-slab
Li,1.7912844546220096e+18,2.0,39191.5764464948,39191.5764464948,0.43157188316708534,0.09331327725355906,transient-slab
Li,1.898807824465269e+18,2.0,41544.08408877547,41544.08408877547,0.4574773517753743,0.09891448592565588,transient-slab
Li,2.0127853758499466e+18,2.0,44037.80299910872,44037.80299910872,0.4849378181256159,0.10485191190263982,transient-slab
Li,2.133604526501402e+18,2.0,46681.20950372011,46681.20950372011,0.5140466222771594,0.1111457369136193,transient-slab
Li,2.2616759492228552e+18,2.0,49483.2887275128,49483.2887275128,0.5449027071056566,0.11781735411312572,transient-slab
Li,2.3974349678010685e+18,2.0,52453.565135137804,52453.565135137804,0.5776109546168418,0.12488944079794716,transient-slab
Li,2.541343036702629e+18,2.0,55602.134905321545,55602.134905321545,0.6122825424478714,0.13238603548886083,transient-slab
Li,2.693889309590164e+18,2.0,58939.700248488254,58939.700248488254,0.6490353217679409,0.14033261963925775,transient-slab
Li,2.8555923019901005e+18,2.0,62477.60578432699,62477.60578432699,0.6879942178627095,0.14875620424839758,transient-slab
Li,3.0270016537634555e+18,2.0,66227.877102953,66227.877102953,0.7292916547641459,0.15768542167369762,transient-slab
Li,3.208699997370444e+18,2.0,70203.26164073565,70203.26164073565,0.7730680053691397,0.16715062295413252,transient-slab
Li,3.401304938279246e+18,2.0,74417.27200973245,74417.27200973245,0.8194720685768657,0.17718398097555346,transient-slab
Li,3.6054711542504986e+18,2.0,78884.2319280093,78884.2319280093,0.8686615750667239,0.1878195998285936,transient-slab
Li,3.821892620633115e+18,2.0,83619.32490696704,83619.32490696704,0.9208037234360275,0.1990936307308739,transient-slab
Li,4.051304969235378e+18,2.0,88638.64586116622,88638.64586116622,0.9760757485198129,0.21104439490753865,transient-slab
Li,4.294487988789272e+18,2.0,93959.25581607537,93959.25581607537,1.0346655238245277,0.2237125138477985,transient-slab
Li,4.5522682755073096e+18,2.0,99599.23989969831,99599.23989969831,1.0967722001233127,0.23714104738023406,transient-slab
Li,4.825522042741279e+18,2.0,105577.768815198,105577.768815198,1.1626068823835063,0.2513756400361857,transient-slab
Li,5.115178099293145e+18,2.0,111915.16400346707,111915.16400346707,1.2323933473272997,0.2664646761987311,transient-slab
Li,5.422221006501592e+18,2.0,118632.96671713663,118632.96671713663,1.3063688040645758,0.28245944456461103,transient-slab
Li,5.747694424835359e+18,2.0,125754.01124081141,125754.01124081141,1.384784700383384,0.2994143124781224,transient-slab
Li,6.092704661368687e+18,2.0,133302.50250641134,133302.50250641134,1.4679075774386812,0.31738691072955083,transient-slab
Li,6.458424430196991e+18,2.0,141304.09836744022,141304.09836744022,1.556019975744492,0.33643832944628627,transient-slab
Li,6.846096838574672e+18,2.0,149785.99681183707,149785.99681183707,1.6494213955490202,0.3566333257424692,transient-slab
Li,7.257039612324231e+18,2.0,158777.0284098526,158777.0284098526,1.7484293148570829,0.37804054383298236,transient-slab
Li,7.692649574879161e+18,2.0,168307.75431118844,168307.75431118844,1.8533802685602148,0.4007327483599725,transient-slab
Li,8.154407395185187e+18,2.0,178410.57012449775,178410.57012449775,1.9646309923424692,0.42478707172499464,transient-slab
Li,8.643882620598297e+18,2.0,189119.81603234058,189119.81603234058,2.082559635250134,0.45028527626747755,transient-slab
Li,9.162739011886769e+18,2.0,200471.89351588325,200471.89351588325,2.2075670450469747,0.47731403218067436,transient-slab
Li,9.712740198471207e+18,2.0,212505.38908609707,212505.38908609707,2.34007813072402,0.5059652121097549,transient-slab
Li,1.0295755673125085e+19,2.0,225261.20544202506,225261.20544202506,2.480543306795133,0.536336203433393,transient-slab
Li,1.0913767146512693e+19,2.0,238782.7005019441,238782.7005019441,2.6294400242877414,0.5685302392903431,transient-slab
Li,1.1568875283162786e+19,2.0,253115.8347799729,253115.8347799729,2.7872743936324027,0.602656749476126,transient-slab
Li,1.2263306841775593e+19,2.0,268309.32760910335,268309.32760910335,2.954582904967875,0.638831732402627,transient-slab
Li,1.2999422244132422e+19,2.0,284414.8227416437,284414.8227416437,3.1319342517088766,0.6771781493848659,transient-slab
Li,1.377972359833554e+19,2.0,301487.0638899699,301487.0638899699,3.3199312635750506,0.7178263425951664,transient-slab
Li,1.460686320364986e+19,2.0,319584.08080426016,319584.08080426016,3.5192129556516494,0.7609144781053814,transient-slab
Li,1.548365256585496e+19,2.0,338767.38651970314,338767.38651970314,3.7304567004468163,0.8065890155231027,transient-slab
Li,1.6413071953751267e+19,2.0,359102.1864436376,359102.1864436376,3.954380530328459,0.8550052058181847,transient-slab
Li,1.7398280529303622e+19,2.0,380657.5999933242,380657.5999933242,4.191745578166834,0.9063276190317243,transient-slab
Li,1.8442627085855328e+19,2.0,403506.89553771424,403506.89553771424,4.443358664478795,0.9607307036612245,transient-slab
Li,1.9549661430912594e+19,2.0,427727.73944179557,427727.73944179557,4.71007503986755,1.0183993796233226,transient-slab
Li,2.0723146452190294e+19,2.0,453402.4600600384,453402.4600600384,4.99280129207971,1.079529666809615,transient-slab
Li,2.1967070907932353e+19,2.0,480618.3275762709,480618.3275762709,5.292498427560895,1.1443293513720736,transient-slab
Li,2.3285662984981967e+19,2.0,509467.8506411809,509467.8506411809,5.610185137984328,1.2130186920028116,transient-slab
Li,2.468340467068651e+19,2.0,540049.0908157356,540049.0908157356,5.946941262855594,1.2858311686088943,transient-slab
Li,2.6165046987488236e+19,2.0,572465.9958893353,572465.9958893353,6.303911459963174,1.3630142759269888,transient-slab
Li,2.773562614198418e+19,2.0,606828.7532056699,606828.7532056699,6.682309096150897,1.4448303647754046,transient-slab
Li,2.9400480643347137e+19,2.0,643254.1641972625,643254.1641972625,7.083420371637306,1.531557533803006,transient-slab
Li,3.1165269449294365e+19,2.0,681866.0414017648,681866.0414017648,7.508608691900797,1.6234905747661068,transient-slab
Li,3.303599120128346e+19,2.0,722795.6293094946,722795.6293094946,7.9593193019908774,1.7209419745464158,transient-slab
Li,3.50190046143172e+19,2.0,766182.0504727019,766182.0504727019,8.437084199017885,1.824242977315957,transient-slab
Li,3.712105009066372e+19,2.0,812172.7783929234,812172.7783929234,8.943527339519068,1.9337447104593415,transient-slab
Li,3.934927263095861e+19,2.0,860924.1387938025,860924.1387938025,9.480370159401257,2.0498193780804823,transient-slab
Li,4.171124612056533e+19,2.0,912601.8409832348,912601.8409832348,10.049437425222758,2.172861526150559,transient-slab
Li,4.421499907374468e+19,2.0,967381.5411109691,967381.5411109691,10.65266343670332,2.3032893835975456,transient-slab
Li,4.6869041923142115e+19,2.0,1025449.4392362734,1025449.4392362734,11.292098601545568,2.4415462838958892,transient-slab
Li,4.9682395947343675e+19,2.0,1087002.9122349636,1087002.9122349636,11.969916404914255,2.588102171988009,transient-slab
Li,5.266462393484259e+19,2.0,1152251.1846974203,1152251.1846974203,12.688420797266659,2.7434552016605247,transient-slab
Li,5.582586268862678e+19,2.0,1221416.040097619,1221416.040097619,13.45005402564149,2.908133428803855,transient-slab
Li,5.917685748188806e+19,2.0,1294732.5746508196,1294732.5746508196,14.257404935029047,3.0826966063114756,transient-slab
Li,6.272899858196231e+19,2.0,1372449.9964221553,1372449.9964221553,15.1132177680376,3.2677380867194175,transient-slab
Li,6.649435996665032e+19,2.0,1454832.4724023978,1454832.4724023978,16.020401492767313,3.463886839053328,transient-slab
Li,7.048574036451889e+19,2.0,1542160.0264301673,1542160.0264301673,16.98203969059772,3.6718095867384934,transient-slab
Li,7.471670675868067e+19,2.0,1634729.4910126824,1634729.4910126824,18.001401037498013,3.89221307383972,transient-slab
Li,7.920164050192541e+19,2.0,1732855.5162803617,1732855.5162803617,19.08195041448693,4.125846467334195,transient-slab
Li,8.395578619995103e+19,2.0,1836871.6395047787,1836871.6395047787,20.227360685007344,4.373503903582806,transient-slab
Li,8.899530352885224e+19,2.0,1947131.4188153427,1947131.4188153427,21.441525179247876,4.6360271876555785,transient-slab
Li,9.433732216299774e+19,2.0,2064009.634968283,2064009.634968283,22.728570927846366,4.914308654686388,transient-slab
Li,1e+20,2.0,2187903.5652528377,2187903.5652528377,24.09287268995778,5.209294202982948,transient-slab
Li,1e+18,2.101531698522466,23566.066567780435,23566.066567780435,0.25950606353849576,0.056109682304239135,transient-slab
Li,1.0600258488068824e+18,2.101531698522466,24980.639716550955,24980.639716550955,0.27508313527292677,0.05947771361083561,transient-slab
Li,1.1236548001387516e+18,2.101531698522466,26480.12381927585,26480.12381927585,0.2915952339601427,0.06304791385541869,transient-slab
Li,1.191103133283008e+18,2.101531698522466,28069.615728039225,28069.615728039225,0.30909848538664175,0.0668324184000934,transient-slab
Li,1.2626001098748577e+18,2.101531698522466,29754.518237797794,29754.518237797794,0.3276523843368966,0.0708440910423757,transient-slab
Li,1.3383887531737592e+18,2.101531698522466,31540.558450861477,31540.558450861477,0.3473199968203178,0.07509656774014638,transient-slab
Li,1.418726674116599e+18,2.101531698522466,33433.807243717514,33433.807243717514,0.3681681744370609,0.07960430296123218,transient-slab
Li,1.5038869469554132e+18,2.101531698522466,35440.69990236736,35440.69990236736,0.39026778161132597,0.08438261881516039,transient-slab
Li,1.5941590374560028e+18,2.101531698522466,37568.05799631696,37568.05799631696,0.41369393646452485,0.089447757134088,transient-slab
Li,1.689849786812462e+18,2.101531698522466,39823.11256557207,39823.11256557207,0.4385262661470684,0.0948169346799335,transient-slab
Li,1.7912844546220096e+18,2.101531698522466,42213.52869945257,42213.52869945257,0.4648491774966591,0.10050840166536326,transient-slab
Li,1.898807824465269e+18,2.101531698522466,44747.43159077089,44747.43159077089,0.4927521439430771,0.10654150378754974,transient-slab
Li,2.0127853758499466e+18,2.101531698522466,47433.434153934824,47433.434153934824,0.5223300096346716,0.11293674798555911,transient-slab
Li,2.133604526501402e+18,2.101531698522466,50280.66630084971,50280.66630084971,0.5536833118202952,0.11971587214488028,transient-slab
Li,2.2616759492228552e+18,2.101531698522466,53298.80597413382,53298.80597413382,0.5869186225825141,0.12690191898603292,transient-slab
Li,2.3974349678010685e+18,2.101531698522466,56498.11204312454,56498.11204312454,0.6221489110835958,0.1345193143883918,transient-slab
Li,2.541343036702629e+18,2.101531698522466,59889.45917449945,59889.45917449945,0.6594939275556664,0.14259395041547487,transient-slab
Li,2.693889309590164e+18,2.101531698522466,63484.3747960339,63484.3747960339,0.6990806103401798,0.15115327332389022,transient-slab
Li,2.8555923019901005e+18,2.101531698522466,67295.0782791401,67295.0782791401,0.7410435173602826,0.16022637685509547,transient-slab
Li,3.0270016537634555e+18,2.101531698522466,71334.52247337108,71334.52247337108,0.7855252834926713,0.169844101127074,transient-slab
Li,3.208699997370444e+18,2.101531698522466,75616.43773406881,75616.43773406881,0.8326771053935857,0.1800391374620686,transient-slab
Li,3.401304938279246e+18,2.101531698522466,80155.37859280905,80155.37859280905,0.8826592554268936,0.19084613950668822,transient-slab
Li,3.6054711542504986e+18,2.101531698522466,84966.77322927944,84966.77322927944,0.9356416264411439,0.20230184102209392,transient-slab
Li,3.821892620633115e+18,2.101531698522466,90066.97591274884,90066.97591274884,0.9918043092473257,0.2144451807446401,transient-slab
Li,4.051304969235378e+18,2.101531698522466,95473.32259138064,95473.32259138064,1.0513382047602202,0.2273174347413825,transient-slab
Li,4.294487988789272e+18,2.101531698522466,101204.18981834153,101204.18981834153,1.1144456728840562,0.240962356710337,transient-slab
Li,4.5522682755073096e+18,2.101531698522466,107279.05721500034,107279.05721500034,1.1813412203480789,0.2554263267023818,transient-slab
Li,4.825522042741279e+18,2.101531698522466,113718.57368353283,113718.57368353283,1.2522522298300305,0.27075850877031626,transient-slab
Li,5.115178099293145e+18,2.101531698522466,120544.62759399488,120544.62759399488,1.327419732845889,0.2870110180809402,transient-slab
Li,5.422221006501592e+18,2.101531698522466,127780.42118443397,127780.42118443397,1.407099229032969,0.3042390980581761,transient-slab
Li,5.747694424835359e+18,2.101531698522466,135450.5494269306,135450.5494269306,1.4915615546111831,0.3225013081593586,transient-slab
Li,6.092704661368687e+18,2.101531698522466,143581.08362764068,143581.08362764068,1.5810938029744324,0.34185972292295397,transient-slab
Li,6.458424430196991e+18,2.101531698522466,152199.66004500174,152199.66004500174,1.6760003005412738,0.3623801429642899,transient-slab
Li,6.846096838574672e+18,2.101531698522466,161335.57382732196,161335.57382732196,1.7766036411818544,0.3841323186364809,transient-slab
Li,7.257039612324231e+18,2.101531698522466,171019.8785890524,171019.8785890524,1.883245782737193,0.4071901871167914,transient-slab
Li,7.692649574879161e+18,2.101531698522466,181285.4919642102,181285.4919642102,1.9962892093579743,0.43163212372431,transient-slab
Li,8.154407395185187e+18,2.101531698522466,192167.3074957352,192167.3074957352,2.116118163613707,0.45754120832317907,transient-slab
Li,8.643882620598297e+18,2.101531698522466,203702.3132410999,203702.3132410999,2.2431399525602815,0.48500550771690454,transient-slab
Li,9.162739011886769e+18,2.101531698522466,215929.7174973224,215929.7174973224,2.3777863322053423,0.5141183749936247,transient-slab
Li,9.712740198471207e+18,2.101531698522466,228891.08207272948,228891.08207272948,2.5205149750773717,0.544978766839832,transient-slab
Li,1.0295755673125085e+19,2.101531698522466,242630.46355846888,242630.46355846888,2.6718110258868273,0.5776915799011163,transient-slab
Li,1.0913767146512693e+19,2.101531698522466,257194.56307997336,257194.56307997336,2.832188750567272,0.61236800733327,transient-slab
Li,1.1568875283162786e+19,2.101531698522466,272632.88503736403,272632.88503736403,3.002193284301376,0.6491259167556287,transient-slab
Li,1.2263306841775593e+19,2.101531698522466,288997.90537440096,288997.90537440096,3.1824024844738874,0.6880902508914308,transient-slab
Li,1.2999422244132422e+19,2.101531698522466,306345.2499479104,306345.2499479104,3.3734288948495634,0.7293934522569294,transient-slab
Li,1.377972359833554e+19,2.101531698522466,324733.88360399037,324733.88360399037,3.575921827652573,0.7731759133428343,transient-slab
Li,1.460686320364986e+19,2.101531698522466,344226.31060367526,344226.31060367526,3.7905695706244775,0.8195864538182744,transient-slab
Li,1.548365256585496e+19,2.101531698522466,364888.78707932244,364888.78707932244,4.018101726562751,0.8687828263793391,transient-slab
Li,1.6413071953751267e+19,2.101531698522466,386791.54624387255,386791.54624387255,4.259291693292081,0.9209322529616013,transient-slab
Li,1.7398280529303622e+19,2.101531698522466,410009.0371184874,410009.0371184874,4.514959292498039,0.9762119931392558,transient-slab
Li,1.8442627085855328e+19,2.101531698522466,434620.17759001727,434620.17759001727,4.7859735563587575,1.0348099466428984,transient-slab
Li,1.9549661430912594e+19,2.101531698522466,460708.62265845604,460708.62265845604,5.0732556814464855,1.096925292043943,transient-slab
Li,2.0723146452190294e+19,2.101531698522466,488363.0487861795,488363.0487861795,5.377782159939649,1.1627691637766178,transient-slab
Li,2.1967070907932353e+19,2.101531698522466,517677.455315487,517677.455315487,5.700588098788537,1.2325653697987786,transient-slab
Li,2.3285662984981967e+19,2.101531698522466,548751.483978986,548751.483978986,6.04277073811673,1.306551152330919,transient-slab
Li,2.468340467068651e+19,2.101531698522466,581690.7575888609,581690.7575888609,6.405493180817578,1.3849779942591927,transient-slab
Li,2.6165046987488236e+19,2.101531698522466,616607.2390562509,616607.2390562509,6.789988346022851,1.4681124739434546,transient-slab
Li,2.773562614198418e+19,2.101531698522466,653619.6119610706,653619.6119610706,7.197563159881712,1.5562371713358822,transient-slab
Li,2.9400480643347137e+19,2.101531698522466,692853.6839658589,692853.6839658589,7.629602997894758,1.6496516284901404,transient-slab
Li,3.1165269449294365e+19,2.101531698522466,734442.8144448852,734442.8144448852,8.087576393902928,1.7486733677259172,transient-slab
Li,3.303599120128346e+19,2.101531698522466,778528.3677820549,778528.3677820549,8.573040031737454,1.8536389709096546,transient-slab
Li,3.50190046143172e+19,2.101531698522466,825260.1938784096,825260.1938784096,9.087644036497878,1.9649052235200226,transient-slab
Li,3.712105009066372e+19,2.101531698522466,874797.1375024935,874797.1375024935,9.633137583443466,2.082850327386889,transient-slab
Li,3.934927263095861e+19,2.101531698522466,927307.5782149116,927307.5782149116,10.21137484356314,2.2078751862259804,transient-slab
Li,4.171124612056533e+19,2.101531698522466,982970.0027023163,982970.0027023163,10.824321286033264,2.3404047683388485,transient-slab
Li,4.421499907374468e+19,2.101531698522466,1041973.6114662178,1041973.6114662178,11.474060358985723,2.4808895511100424,transient-slab
Li,4.6869041923142115e+19,2.101531698522466,1104518.9619288594,1104518.9619288594,12.162800571295342,2.62980705221157,transient-slab
Li,4.9682395947343675e+19,2.101531698522466,1170818.6501419262,1170818.6501419262,12.892882999456075,2.787663452718872,transient-slab
Li,5.266462393484259e+19,2.101531698522466,1241098.033415624,1241098.033415624,13.666789245066255,2.954995317656248,transient-slab
Li,5.582586268862678e+19,2.101531698522466,1315595.9963239492,1315595.9963239492,14.487149869966126,3.1323714198189267,transient-slab
Li,5.917685748188806e+19,2.101531698522466,1394565.76269023,1394565.76269023,15.356753337703356,3.320394673071976,transient-slab
Li,6.272899858196231e+19,2.101531698522466,1478275.7563127286,1478275.7563127286,16.278555491716926,3.519704181696973,transient-slab
Li,6.649435996665032e+19,2.101531698522466,1567010.513356036,1567010.513356036,17.255689602457167,3.7309774127524666,transient-slab
Li,7.048574036451889e+19,2.101531698522466,1661071.649509541,1661071.649509541,18.291477017592758,3.9549324988322407,transient-slab
Li,7.471670675868067e+19,2.101531698522466,1760778.8852003997,1760778.8852003997,19.38943845150535,4.19233067904857,transient-slab
Li,7.920164050192541e+19,2.101531698522466,1866471.1323457896,1866471.1323457896,20.553305952445758,4.443978886537595,transient-slab
Li,8.395578619995103e+19,2.101531698522466,1978507.6463383886,1978507.6463383886,21.787035588028868,4.7107324912818775,transient-slab
Li,8.899530352885224e+19,2.101531698522466,2097269.2471807576,2097269.2471807576,23.094820892186053,4.993498207573232,transient-slab
Li,9.433732216299774e+19,2.101531698522466,2223159.6139193536,2223159.6139193536,24.481107119282438,5.2932371759984616,transient-slab
Li,1e+20,2.101531698522466,2356606.656778044,2356606.656778044,25.950606353849583,5.610968230423915,transient-slab
Li,1e+18,2.2082177399473606,25383.179692971553,25383.179692971553,0.279515846366114,0.06043614212612274,transient-slab
Li,1.0600258488068824e+18,2.2082177399473606,26906.826599459793,26906.826599459793,0.29629402229921414,0.06406387285585666,transient-slab
Li,1.1236548001387516e+18,2.2082177399473606,28521.931704791965,28521.931704791965,0.3140793224841298,0.06790936120188563,transient-slab
Li,1.191103133283008e+18,2.2082177399473606,30233.984864984042,30233.984864984042,0.33293220040893035,0.071985678249962,transient-slab
Li,1.2626001098748577e+18,2.2082177399473606,32048.805469319137,32048.805469319137,0.35291673833361936,0.07630667968885509,transient-slab
Li,1.3383887531737592e+18,2.2082177399473606,33972.56222086168,33972.56222086168,0.37410086511025126,0.08088705290681351,transient-slab
Li,1.418726674116599e+18,2.2082177399473606,36011.79410431352,36011.79410431352,0.3965565870778831,0.08574236691503219,transient-slab
Li,1.5038869469554132e+18,2.2082177399473606,38173.43261248364,38173.43261248364,0.42036023281719354,0.09088912526781819,transient-slab
Li,1.5941590374560028e+18,2.2082177399473606,40464.825306920284,40464.825306920284,0.4455927125967042,0.09634482215933401,transient-slab
Li,1.689849786812462e+18,2.2082177399473606,42893.760792790395,42893.760792790395,0.47233979339248267,0.10212800188759619,transient-slab
Li,1.7912844546220096e+18,2.2082177399473606,45468.49519289702,45468.49519289702,0.5006923904161339,0.10825832188785005,transient-slab
Li,1.898807824465269e+18,2.2082177399473606,48197.78021082231,48197.78021082231,0.5307468761420092,0.11475661954957693,transient-slab
Li,2.0127853758499466e+18,2.2082177399473606,51090.89287858448,51090.89287858448,0.5626054078840346,0.12164498304424876,transient-slab
Li,2.133604526501402e+18,2.2082177399473606,54157.66708992257,54157.66708992257,0.5963762750356113,0.12894682640457755,transient-slab
Li,2.2616759492228552e+18,2.2082177399473606,57408.52702639574,57408.52702639574,0.6321742671529106,0.13668696911046607,transient-slab
Li,2.3974349678010685e+18,2.2082177399473606,60854.52258990799,60854.52258990799,0.6701210641326328,0.1448917204521619,transient-slab
Li,2.541343036702629e+18,2.2082177399473606,64507.366962104825,64507.366962104825,0.7103456498105655,0.15358896895739244,transient-slab
Li,2.693889309590164e+18,2.2082177399473606,68379.4764183022,68379.4764183022,0.7529847503867211,0.16280827718643381,transient-slab
Li,2.8555923019901005e+18,2.2082177399473606,72484.01253128101,72484.01253128101,0.7981832991673227,0.17258098221733575,transient-slab
Li,3.0270016537634555e+18,2.2082177399473606,76834.92690839984,76834.92690839984,0.8460949292033189,0.18294030216285675,transient-slab
Li,3.208699997370444e+18,2.2082177399473606,81447.00861409133,81447.00861409133,0.8968824954999474,0.19392144908116984,transient-slab
Li,3.401304938279246e+18,2.2082177399473606,86335.93443893362,86335.93443893362,0.9507186285723666,0.20556174866412769,transient-slab
Li,3.6054711542504986e+18,2.2082177399473606,91518.32218616594,91518.32218616594,1.0077863212289377,0.2179007671099189,transient-slab
Li,3.821892620633115e+18,2.2082177399473606,97011.7871567723,97011.7871567723,1.0682795505766705,0.23098044561136263,transient-slab
Li,4.051304969235378e+18,2.2082177399473606,102835.00202513018,102835.00202513018,1.1324039373630699,0.24484524291697665,transient-slab
Li,4.294487988789272e+18,2.2082177399473606,109007.7603087461,109007.7603087461,1.2003774448955442,0.2595422864493955,transient-slab
Li,4.5522682755073096e+18,2.2082177399473606,115551.04364781578,115551.04364781578,1.272431119914036,0.2751215324947995,transient-slab
Li,4.825522042741279e+18,2.2082177399473606,122487.09312329705,122487.09312329705,1.348809877935168,0.2916359360078501,transient-slab
Li,5.115178099293145e+18,2.2082177399473606,129839.48485591059,129839.48485591059,1.4297733357373337,0.30914163060931094,transient-slab
Li,5.422221006501592e+18,2.2082177399473606,137633.210143035,137633.210143035,1.515596693816415,0.32769811938817855,transient-slab
Li,5.747694424835359e+18,2.2082177399473606,145894.7604058867,145894.7604058867,1.6065716718116498,0.347368477156873,transient-slab
Li,6.092704661368687e+18,2.2082177399473606,154652.21723572677,154652.21723572677,1.7030075000812364,0.3682195648469685,transient-slab
Li,6.458424430196991e+18,2.2082177399473606,163935.34784516765,163935.34784516765,1.8052319707980997,0.3903222567742087,transient-slab
Li,6.846096838574672e+18,2.2082177399473606,173775.70624902536,173775.70624902536,1.9135925521385766,0.4137516815452985,transient-slab
Li,7.257039612324231e+18,2.2082177399473606,184206.74051863857,184206.74051863857,2.0284575693512235,0.43858747742532994,transient-slab
Li,7.692649574879161e+18,2.2082177399473606,195263.906474219,195263.906474219,2.150217456720276,0.46491406303385474,transient-slab
Li,8.154407395185187e+18,2.2082177399473606,206984.78820168166,206984.78820168166,2.279286084679286,0.49282092428971824,transient-slab
Li,8.643882620598297e+18,2.2082177399473606,219409.22580360045,219409.22580360045,2.4161021665858766,0.5224029185800011,transient-slab
Li,9.162739011886769e+18,2.2082177399473606,232579.45081852248,232579.45081852248,2.5611307499393416,0.5537605971869584,transient-slab
Li,9.712740198471207e+18,2.2082177399473606,246540.22976894284,246540.22976894284,2.7148647971098576,0.5870005470689116,transient-slab
Li,1.0295755673125085e+19,2.2082177399473606,261339.01632586532,261339.01632586532,2.8778268609522772,0.6222357531568221,transient-slab
Li,1.0913767146512693e+19,2.2082177399473606,277026.1126071811,277026.1126071811,3.050570861000184,0.6595859823980502,transient-slab
Li,1.1568875283162786e+19,2.2082177399473606,293654.84015809814,293654.84015809814,3.2336839662772627,0.6991781908526147,transient-slab
Li,1.2263306841775593e+19,2.2082177399473606,311281.7211948373,311281.7211948373,3.427788591126261,0.7411469552258031,transient-slab
Li,1.2999422244132422e+19,2.2082177399473606,329966.6707276248,329966.6707276248,3.6335445108391626,0.7856349303038686,transient-slab
Li,1.377972359833554e+19,2.2082177399473606,349773.2002160315,349773.2002160315,3.8516511042798713,0.8327933338476942,transient-slab
Li,1.460686320364986e+19,2.2082177399473606,370768.63344889856,370768.63344889856,4.082849731122239,0.8827824605926157,transient-slab
Li,1.548365256585496e+19,2.2082177399473606,393024.3353826364,393024.3353826364,4.327926251783801,0.9357722271015152,transient-slab
Li,1.6413071953751267e+19,2.2082177399473606,416615.95471574005,416615.95471574005,4.587713698620713,0.9919427493231907,transient-slab
Li,1.7398280529303622e+19,2.2082177399473606,441623.6810240421,441623.6810240421,4.8630951074633835,1.0514849548191478,transient-slab
Li,1.8442627085855328e+19,2.2082177399473606,468132.51733073016,468132.51733073016,5.155006519117471,1.1146012317398337,transient-slab
Li,1.9549661430912594e+19,2.2082177399473606,496232.5690376098,496232.5690376098,5.464440161032509,1.181506116756214,transient-slab
Li,2.0723146452190294e+19,2.2082177399473606,526019.3501997121,526019.3501997121,5.792447819952901,1.2524270242850286,transient-slab
Li,2.1967070907932353e+19,2.2082177399473606,557594.1081842947,557594.1081842947,6.140144417015152,1.327605019486416,transient-slab
Li,2.3285662984981967e+19,2.2082177399473606,591064.1678177736,591064.1678177736,6.508711797443327,1.4072956376613657,transient-slab
Li,2.468340467068651e+19,2.2082177399473606,626543.2961903691,626543.2961903691,6.899402747724231,1.491769752834212,transient-slab
Li,2.6165046987488236e+19,2.2082177399473606,664152.0893584578,664152.0893584578,7.313545253916915,1.5813144984725187,transient-slab
Li,2.773562614198418e+19,2.2082177399473606,704018.3822590638,704018.3822590638,7.752547015570825,1.6762342434739614,transient-slab
Li,2.9400480643347137e+19,2.2082177399473606,746277.6832298122,746277.6832298122,8.217900230595726,1.7768516267376482,transient-slab
Li,3.1165269449294365e+19,2.2082177399473606,791073.6346113154,791073.6346113154,8.71118666734751,1.8835086538364654,transient-slab
Li,3.303599120128346e+19,2.2082177399473606,838558.5009976052,838558.5009976052,9.23408304117024,1.9965678595181076,transient-slab
Li,3.50190046143172e+19,2.2082177399473606,888893.6867942134,888893.6867942134,9.788366713669722,2.116413539986222,transient-slab
Li,3.712105009066372e+19,2.2082177399473606,942250.2848431151,942250.2848431151,10.375921734090783,2.243453059150274,transient-slab
Li,3.934927263095861e+19,2.2082177399473606,998809.65797935,998809.65797935,10.99874524333336,2.378118233284167,transient-slab
Li,4.171124612056533e+19,2.2082177399473606,1058764.0554960724,1058764.0554960724,11.658954262375108,2.5208667988001725,transient-slab
Li,4.421499907374468e+19,2.2082177399473606,1122317.2666134322,1122317.2666134322,12.358792888174692,2.6721839681272197,transient-slab
Li,4.6869041923142115e+19,2.2082177399473606,1189685.3131725334,1189685.3131725334,13.100639921515949,2.8325840789822223,transient-slab
Li,4.9682395947343675e+19,2.2082177399473606,1261097.1839087862,1261097.1839087862,13.88701695271816,3.002612342639967,transient-slab
Li,5.266462393484259e+19,2.2082177399473606,1336795.6128008803,1336795.6128008803,14.720596932700635,3.1828466971449534,transient-slab
Li,5.582586268862678e+19,2.2082177399473606,1417037.9041405695,1417037.9041405695,15.604213258529976,3.3738997717632606,transient-slab
Li,5.917685748188806e+19,2.2082177399473606,1502096.807128133,1502096.807128133,16.54086940433685,3.5764209693526974,transient-slab
Li,6.272899858196231e+19,2.2082177399473606,1592261.442966107,1592261.442966107,17.53374913033596,3.7910986737288264,transient-slab
Li,6.649435996665032e+19,2.2082177399473606,1687838.287602619,1687838.287602619,18.58622730465131,4.018662589530045,transient-slab
Li,7.048574036451889e+19,2.2082177399473606,1789152.2134647213,1789152.2134647213,19.70188137473066,4.259886222535051,transient-slab
Li,7.471670675868067e+19,2.2082177399473606,1896547.5937226533,1896547.5937226533,20.884503527341376,4.51558950886346,transient-slab
Li,7.920164050192541e+19,2.2082177399473606,2010389.4728385063,2010389.4728385063,22.138113578480375,4.786641601996444,transient-slab
Li,8.395578619995103e+19,2.2082177399473606,2131064.8073780583,2131064.8073780583,23.46697263701182,5.073963827090615,transient-slab
Li,8.899530352885224e+19,2.2082177399473606,2258983.7813034016,2258983.7813034016,24.875597588476342,5.378532812627147,transient-slab
Li,9.433732216299774e+19,2.2082177399473606,2394581.2002171194,2394581.2002171194,26.368776448303073,5.701383810040761,transient-slab
Li,1e+20,2.2082177399473606,2538317.9692971553,2538317.9692971553,27.951584636611397,6.043614212612274,transient-slab
Li,1e+18,2.3203197888695093,27340.40530151855,27340.40530151855,0.30106852727999994,0.0650962030988537,transient-slab
Li,1.0600258488068824e+18,2.3203197888695093,28981.53633646639,28981.53633646639,0.31914042117902003,0.0690036579439676,transient-slab
Li,1.1236548001387516e+18,2.3203197888695093,30721.177654790295,30721.177654790295,0.33829709584887674,0.07314566108283403,transient-slab
Li,1.191103133283008e+18,2.3203197888695093,32565.242419866114,32565.242419866114,0.3586036661761088,0.0775362914758717,transient-slab
Li,1.2626001098748577e+18,2.3203197888695093,34519.99873772046,34519.99873772046,0.38012915562358957,0.08219047318504871,transient-slab
Li,1.3383887531737592e+18,2.3203197888695093,36592.090962764654,36592.090962764654,0.40294673084613913,0.0871240261018206,transient-slab
Li,1.418726674116599e+18,2.3203197888695093,38788.56228242325,38788.56228242325,0.42713395038913693,0.09235371972005535,transient-slab
Li,1.5038869469554132e+18,2.3203197888695093,41116.87865742433,41116.87865742433,0.4527730283154817,0.0978973301367246,transient-slab
Li,1.5941590374560028e+18,2.3203197888695093,43584.954199125816,43584.954199125816,0.4799511136569812,0.10377370047410908,transient-slab
Li,1.689849786812462e+18,2.3203197888695093,46201.17807013743,46201.17807013743,0.5087605866400499,0.11000280492889865,transient-slab
Li,1.7912844546220096e+18,2.3203197888695093,48974.44299967536,48974.44299967536,0.5392993726926064,0.11660581666589373,transient-slab
Li,1.898807824465269e+18,2.3203197888695093,51914.17551057515,51914.17551057515,0.5716712752994993,0.12360517978708369,transient-slab
Li,2.0127853758499466e+18,2.3203197888695093,55030.36796070689,55030.36796070689,0.6059863288378647,0.1310246856207307,transient-slab
Li,2.133604526501402e+18,2.3203197888695093,58333.612507702914,58333.612507702914,0.6423611725917189,0.13888955358976884,transient-slab
Li,2.2616759492228552e+18,2.3203197888695093,61835.13711244955,61835.13711244955,0.6809194472171209,0.1472265169344037,transient-slab
Li,2.3974349678010685e+18,2.3203197888695093,65546.84370371429,65546.84370371429,0.7217922150054419,0.1560639135802721,transient-slab
Li,2.541343036702629e+18,2.3203197888695093,69481.3486336418,69481.3486336418,0.7651184053733434,0.16543178246105192,transient-slab
Li,2.693889309590164e+18,2.3203197888695093,73652.02556162306,73652.02556162306,0.8110452870936464,0.17536196562291204,transient-slab
Li,2.8555923019901005e+18,2.3203197888695093,78073.0509123057,78073.0509123057,0.8597289688722644,0.1858882164578707,transient-slab
Li,3.0270016537634555e+18,2.3203197888695093,82759.4520622598,82759.4520622598,0.9113349299726881,0.19704631443395193,transient-slab
Li,3.208699997370444e+18,2.3203197888695093,87727.15841908945,87727.15841908945,0.9660385826916594,0.20887418671211774,transient-slab
Li,3.401304938279246e+18,2.3203197888695093,92993.05556661112,92993.05556661112,1.0240258685979238,0.22141203706335982,transient-slab
Li,3.6054711542504986e+18,2.3203197888695093,98575.04266014254,98575.04266014254,1.0854938905607192,0.23470248252414894,transient-slab
Li,3.821892620633115e+18,2.3203197888695093,104492.09326699225,104492.09326699225,1.1506515827163115,0.24879069825474343,transient-slab
Li,4.051304969235378e+18,2.3203197888695093,110764.31985895139,110764.31985895139,1.219720420649841,0.26372457109274144,transient-slab
Li,4.294487988789272e+18,2.3203197888695093,117413.04217600198,117413.04217600198,1.2929351742064354,0.2795548623238142,transient-slab
Li,4.5522682755073096e+18,2.3203197888695093,124460.85969361475,124460.85969361475,1.3705447054904507,0.29633538022289224,transient-slab
Li,4.825522042741279e+18,2.3203197888695093,131931.7284399583,131931.7284399583,1.4528128147652941,0.31412316295228165,transient-slab
Li,5.115178099293145e+18,2.3203197888695093,139851.0424241259,139851.0424241259,1.5400191371290968,0.332978672438395,transient-slab
Li,5.422221006501592e+18,2.3203197888695093,148245.7199521614,148245.7199521614,1.6324600930141135,0.35296599988609856,transient-slab
Li,5.747694424835359e+18,2.3203197888695093,157144.29512427727,157144.29512427727,1.730449895740648,0.3741530836292316,transient-slab
Li,6.092704661368687e+18,2.3203197888695093,166577.01482427126,166577.01482427126,1.8343216195502619,0.3966119400577887,transient-slab
Li,6.458424430196991e+18,2.3203197888695093,176575.94153081474,176575.94153081474,1.9444283317485813,0.42041890840670176,transient-slab
Li,6.846096838574672e+18,2.3203197888695093,187175.06230007633,187175.06230007633,2.06114429280594,0.445654910238277,transient-slab
Li,7.257039612324231e+18,2.3203197888695093,198410.40429011954,198410.40429011954,2.1848662284950784,0.4724057245002846,transient-slab
Li,7.692649574879161e+18,2.3203197888695093,210320.15721975066,210320.15721975066,2.3160146783899873,0.5007622790946444,transient-slab
Li,8.154407395185187e+18,2.3203197888695093,222944.8031780632,222944.8031780632,2.455035425309545,0.5308209599477695,transient-slab
Li,8.643882620598297e+18,2.3203197888695093,236327.25422590974,236327.25422590974,2.6024010105647157,0.5626839386331185,transient-slab
Li,9.162739011886769e+18,2.3203197888695093,250512.99825701988,250512.99825701988,2.7586123401597518,0.5964595196595712,transient-slab
Li,9.712740198471207e+18,2.3203197888695093,265550.25361455453,265550.25361455453,2.924200387406981,0.6322625086060822,transient-slab
Li,1.0295755673125085e+19,2.3203197888695093,281490.1329886488,281490.1329886488,3.0997279977424745,0.6702146023539257,transient-slab
Li,1.0913767146512693e+19,2.3203197888695093,298386.81715205463,298386.81715205463,3.2857918018774246,0.7104448027429872,transient-slab
Li,1.1568875283162786e+19,2.3203197888695093,316297.73912439076,316297.73912439076,3.4830242437878125,0.7530898550580732,transient-slab
Li,1.2263306841775593e+19,2.3203197888695093,335283.7793910302,335283.7793910302,3.6920957304361264,0.7982947128357862,transient-slab
Li,1.2999422244132422e+19,2.3203197888695093,355409.4728401563,355409.4728401563,3.9137169105318215,0.8462130305718006,transient-slab
Li,1.377972359833554e+19,2.3203197888695093,376743.2281213933,376743.2281213933,4.148641090076343,0.8970076860033174,transient-slab
Li,1.460686320364986e+19,2.3203197888695093,399357.56017162494,399357.56017162494,4.397666792903286,0.9508513337419642,transient-slab
Li,1.548365256585496e+19,2.3203197888695093,423329.3366983723,423329.3366983723,4.661640474917147,1.0079269921389817,transient-slab
Li,1.6413071953751267e+19,2.3203197888695093,448740.0394585466,448740.0394585466,4.941459401256567,1.068428665377492,transient-slab
Li,1.7398280529303622e+19,2.3203197888695093,475676.0412206797,475676.0412206797,5.23807469616174,1.1325620029063803,transient-slab
Li,1.8442627085855328e+19,2.3203197888695093,504228.89935204864,504228.89935204864,5.552494575912701,1.2005449984572587,transient-slab
Li,1.9549661430912594e+19,2.3203197888695093,534495.6670286155,534495.6670286155,5.885787775827472,1.272608731020513,transient-slab
Li,2.0723146452190294e+19,2.3203197888695093,566579.2231256089,566579.2231256089,6.239087182968689,1.3489981502990687,transient-slab
Li,2.1967070907932353e+19,2.3203197888695093,600588.6219100677,600588.6219100677,6.613593686906527,1.4299729093096851,transient-slab
Li,2.3285662984981967e+19,2.3203197888695093,636639.4637239752,636639.4637239752,7.010580261626928,1.5158082469618457,transient-slab
Li,2.468340467068651e+19,2.3203197888695093,674854.2879179652,674854.2879179652,7.43139629245986,1.6067959236142029,transient-slab
Li,2.6165046987488236e+19,2.3203197888695093,715362.9893712054,715362.9893712054,7.877472162735085,1.7032452127885844,transient-slab
Li,2.773562614198418e+19,2.3203197888695093,758303.2600132407,758303.2600132407,8.350324115755845,1.805483952412478,transient-slab
Li,2.9400480643347137e+19,2.3203197888695093,803821.0568485617,803821.0568485617,8.851559408616671,1.9138596591632424,transient-slab
Li,3.1165269449294365e+19,2.3203197888695093,852071.0980747418,852071.0980747418,9.38288177538343,2.028740709701766,transient-slab
Li,3.303599120128346e+19,2.3203197888695093,903217.3889804905,903217.3889804905,9.946097218205448,2.150517592810692,transient-slab
Li,3.50190046143172e+19,2.3203197888695093,957433.7794111805,957433.7794111805,10.543120146044002,2.279604236693287,transient-slab
Li,3.712105009066372e+19,2.3203197888695093,1014904.5546967181,1014904.5546967181,11.175979881883237,2.4164394159445672,transient-slab
Li,3.934927263095861e+19,2.3203197888695093,1075825.0620503598,1075825.0620503598,11.846827560541922,2.561488242977047,transient-slab
Li,4.171124612056533e+19,2.3203197888695093,1140402.3745676496,1140402.3745676496,12.557943440532217,2.715243748970594,transient-slab
Li,4.421499907374468e+19,2.3203197888695093,1208855.995082447,1208855.995082447,13.311744654818876,2.878228559720112,transient-slab
Li,4.6869041923142115e+19,2.3203197888695093,1281418.60227257,1281418.60227257,14.110793426824976,3.0509966720775474,transient-slab
Li,4.9682395947343675e+19,2.3203197888695093,1358336.8415508987,1358336.8415508987,14.9578057796086,3.234135337025949,transient-slab
Li,5.266462393484259e+19,2.3203197888695093,1439872.1634306514,1439872.1634306514,15.8556607678181,3.428267055787265,transient-slab
Li,5.582586268862678e+19,2.3203197888695093,1526301.7122139784,1526301.7122139784,16.807410263800367,3.634051695747568,transient-slab
Li,5.917685748188806e+19,2.3203197888695093,1617919.2680250201,1617919.2680250201,17.816289331130488,3.8521887333929055,transient-slab
Li,6.272899858196231e+19,2.3203197888695093,1715036.245389232,1715036.245389232,18.8857272208206,4.083419631879124,transient-slab
Li,6.649435996665032e+19,2.3203197888695093,1817982.7517532893,1817982.7517532893,20.019359027585597,4.328530361317355,transient-slab
Li,7.048574036451889e+19,2.3203197888695093,1927108.7095435522,1927108.7095435522,21.22103804578615,4.588354070341791,transient-slab
Li,7.471670675868067e+19,2.3203197888695093,2042785.0455770402,2042785.0455770402,22.49484886704761,4.863773918040573,transient-slab
Li,7.920164050192541e+19,2.3203197888695093,2165404.951867808,2165404.951867808,23.84512126407468,5.155726075875734,transient-slab
Li,8.395578619995103e+19,2.3203197888695093,2295385.2221142994,2295385.2221142994,25.276444907853808,5.465202909795951,transient-slab
Li,8.899530352885224e+19,2.3203197888695093,2433167.6684104847,2433167.6684104847,26.79368496826813,5.793256353358297,transient-slab
Li,9.433732216299774e+19,2.3203197888695093,2579220.622996287,2579220.622996287,28.40199865115263,6.141001483324493,transient-slab
Li,1e+20,2.3203197888695093,2734040.530151855,2734040.530151855,30.106852728,6.50962030988537,transient-slab
Li,1e+18,2.4381127935091147,29448.547073016278,29448.547073016278,0.3242830748129519,0.07011558826908637,transient-slab
Li,1.0600258488068824e+18,2.4381127935091147,31216.221107203513,31216.221107203513,0.343748441632305,0.07432433596953217,transient-slab
Li,1.1236548001387516e+18,2.4381127935091147,33090.00127570672,33090.00127570672,0.3643822336173272,0.07878571732311125,transient-slab
Li,1.191103133283008e+18,2.4381127935091147,35076.256689301845,35076.256689301845,0.38625458648035504,0.0835148968792901,transient-slab
Li,1.2626001098748577e+18,2.4381127935091147,37181.738770045275,37181.738770045275,0.4094398458893897,0.08852794945248875,transient-slab
Li,1.3383887531737592e+18,2.4381127935091147,39413.60419983302,39413.60419983302,0.4340168201742596,0.09384191476150719,transient-slab
Li,1.418726674116599e+18,2.4381127935091147,41779.43924646649,41779.43924646649,0.46006904820168343,0.09947485534872975,transient-slab
Li,1.5038869469554132e+18,2.4381127935091147,44287.285549911234,44287.285549911234,0.4876850833297641,0.10544591797597913,transient-slab
Li,1.5941590374560028e+18,2.4381127935091147,46945.66745639743,46945.66745639743,0.5169587944070884,0.11177539870570817,transient-slab
Li,1.689849786812462e+18,2.4381127935091147,49763.62099327332,49763.62099327332,0.5479896848395565,0.118484811888746,transient-slab
Li,1.7912844546220096e+18,2.4381127935091147,52750.72458309855,52750.72458309855,0.5808832308094669,0.1255969632930918,transient-slab
Li,1.898807824465269e+18,2.4381127935091147,55917.13160137711,55917.13160137711,0.6157512397964892,0.13313602762232643,transient-slab
Li,2.0127853758499466e+18,2.4381127935091147,59273.60488859592,59273.60488859592,0.6527122306191636,0.14112763068713316,transient-slab
Li,2.133604526501402e+18,2.4381127935091147,62831.55333387716,62831.55333387716,0.691891836288707,0.14959893650923134,transient-slab
Li,2.2616759492228552e+18,2.4381127935091147,66603.07065459804,66603.07065459804,0.733423231044489,0.15857873965380484,transient-slab
Li,2.3974349678010685e+18,2.4381127935091147,70600.97650378503,70600.97650378503,0.7774475830226207,0.1680975631042501,transient-slab
Li,2.541343036702629e+18,2.4381127935091147,74838.86004501951,74838.86004501951,0.8241145340964128,0.17818776201195122,transient-slab
Li,2.693889309590164e+18,2.4381127935091147,79331.12614296128,79331.12614296128,0.8735827085196384,0.18888363367371735,transient-slab
Li,2.8555923019901005e+18,2.4381127935091147,84093.04432649839,84093.04432649839,0.926020252101545,0.20022153411071048,transient-slab
Li,3.0270016537634555e+18,2.4381127935091147,89140.80069095125,89140.80069095125,0.9816054037463036,0.21224000164512202,transient-slab
Li,3.208699997370444e+18,2.4381127935091147,94491.55291575073,94491.55291575073,1.040527101299598,0.2249798878946446,transient-slab
Li,3.401304938279246e+18,2.4381127935091147,100163.48858459911,100163.48858459911,1.1029856237616713,0.23848449662999788,transient-slab
Li,3.6054711542504986e+18,2.4381127935091147,106175.88700634816,106175.88700634816,1.1691932720497544,0.25279973096749564,transient-slab
Li,3.821892620633115e+18,2.4381127935091147,112549.18474672784,112549.18474672784,1.2393750906238372,0.26797424939697106,transient-slab
Li,4.051304969235378e+18,2.4381127935091147,119305.04509367282,119305.04509367282,1.3137696324286399,0.28405963117541144,transient-slab
Li,4.294487988789272e+18,2.4381127935091147,126466.4316923639,126466.4316923639,1.3926297697518748,0.3011105516484855,transient-slab
Li,4.5522682755073096e+18,2.4381127935091147,134057.68660027566,134057.68660027566,1.4762235537549642,0.3191849680958944,transient-slab
Li,4.825522042741279e+18,2.4381127935091147,142104.61302754423,142104.61302754423,1.5648351255978183,0.33834431673224813,transient-slab
Li,5.115178099293145e+18,2.4381127935091147,150634.56304389614,150634.56304389614,1.6587656822546522,0.35865372153308606,transient-slab
Li,5.422221006501592e+18,2.4381127935091147,159676.53055025986,159676.53055025986,1.758334500303715,0.38018221559585685,transient-slab
Li,5.747694424835359e+18,2.4381127935091147,169261.2498310773,169261.2498310773,1.863880021170871,0.40300297578827926,transient-slab
Li,6.092704661368687e+18,2.4381127935091147,179421.30002230147,179421.30002230147,1.975761001515842,0.42719357148167014,transient-slab
Li,6.458424430196991e+18,2.4381127935091147,190191.21585017443,190191.21585017443,2.0943577326713667,0.452836228214701,transient-slab
Li,6.846096838574672e+18,2.4381127935091147,201607.60501719418,201607.60501719418,2.2200733332802236,0.4800181071837956,transient-slab
Li,7.257039612324231e+18,2.4381127935091147,213709.27263427395,213709.27263427395,2.353335119523894,0.508831601510176,transient-slab
Li,7.692649574879161e+18,2.4381127935091147,226537.35312204767,226537.35312204767,2.4945960576003614,0.5393746502905897,transient-slab
Li,8.154407395185187e+18,2.4381127935091147,240135.45002966304,240135.45002966304,2.6443363033881258,0.5717510714991978,transient-slab
Li,8.643882620598297e+18,2.4381127935091147,254549.78424631624,254549.78424631624,2.8030648345298514,0.6060709148721815,transient-slab
Li,9.162739011886769e+18,2.4381127935091147,269829.35110931017,269829.35110931017,2.9713211804832294,0.642450835974548,transient-slab
Li,9.712740198471207e+18,2.4381127935091147,286026.08694265684,286026.08694265684,3.1496772564196034,0.6810144927206115,transient-slab
Li,1.0295755673125085e+19,2.4381127935091147,303195.0455922985,303195.0455922985,3.338739307203895,0.7218929656959487,transient-slab
Li,1.0913767146512693e+19,2.4381127935091147,321394.58555801766,321394.58555801766,3.5391499680637124,0.7652252037095658,transient-slab
Li,1.1568875283162786e+19,2.4381127935091147,340686.5683580739,340686.5683580739,3.7515904489515877,0.811158496090652,transient-slab
Li,1.2263306841775593e+19,2.4381127935091147,361136.5688008712,361136.5688008712,3.976782850025699,0.8598489733354076,transient-slab
Li,1.2999422244132422e+19,2.4381127935091147,382814.09787834855,382814.09787834855,4.215492616119144,0.9114621378055918,transient-slab
Li,1.377972359833554e+19,2.4381127935091147,405792.83903873735,405792.83903873735,4.468531138540841,0.966173426282708,transient-slab
Li,1.460686320364986e+19,2.4381127935091147,430150.89864179236,430150.89864179236,4.7367585130517424,1.0241688062899819,transient-slab
Li,1.548365256585496e+19,2.4381127935091147,455971.0714478091,455971.0714478091,5.021086463390898,1.0856454082090694,transient-slab
Li,1.6413071953751267e+19,2.4381127935091147,483341.1220428475,483341.1220428475,5.322481440288684,1.1508121953401131,transient-slab
Li,1.7398280529303622e+19,2.4381127935091147,512354.0831567403,512354.0831567403,5.64196790650089,1.219890674182715,transient-slab
Li,1.8442627085855328e+19,2.4381127935091147,543108.5718878957,543108.5718878957,5.980631819029795,1.2931156473521326,transient-slab
Li,1.9549661430912594e+19,2.4381127935091147,575709.1249097603,575709.1249097603,6.339624320368508,1.3707360116899057,transient-slab
Li,2.0723146452190294e+19,2.4381127935091147,610266.5537983362,610266.5537983362,6.720165651315383,1.4530156042817528,transient-slab
Li,2.1967070907932353e+19,2.4381127935091147,646898.3216885325,646898.3216885325,7.123549298658446,1.5402340992584107,transient-slab
Li,2.3285662984981967e+19,2.4381127935091147,685728.9425396343,685728.9425396343,7.551146391828091,1.6326879584277008,transient-slab
Li,2.468340467068651e+19,2.4381127935091147,726890.4043670218,726890.4043670218,8.0044103634626,1.7306914389690995,transient-slab
Li,2.6165046987488236e+19,2.4381127935091147,770522.6178787302,770522.6178787302,8.48488188972805,1.8345776616160243,transient-slab
Li,2.773562614198418e+19,2.4381127935091147,816773.8920418019,816773.8920418019,8.994194127185118,1.9446997429566715,transient-slab
Li,2.9400480643347137e+19,2.4381127935091147,865801.438194912,865801.438194912,9.53407826400328,2.0614319957021716,transient-slab
Li,3.1165269449294365e+19,2.4381127935091147,917771.9044207813,917771.9044207813,10.106369404391328,2.1851712010018605,transient-slab
Li,3.303599120128346e+19,2.4381127935091147,972861.9419947478,972861.9419947478,10.713012806245827,2.316337957130352,transient-slab
Li,3.50190046143172e+19,2.4381127935091147,1031258.8058348945,1031258.8058348945,11.35607049321973,2.4553781091307014,transient-slab
Li,3.712105009066372e+19,2.4381127935091147,1093160.9909947058,1093160.9909947058,12.037728263686036,2.602764264273109,transient-slab
Li,3.934927263095861e+19,2.4381127935091147,1158778.9073617358,1158778.9073617358,12.76030312042039,2.7589973984803233,transient-slab
Li,4.171124612056533e+19,2.4381127935091147,1228335.5948556361,1228335.5948556361,13.526251146256739,2.9246085591800863,transient-slab
Li,4.421499907374468e+19,2.4381127935091147,1302067.4815565415,1302067.4815565415,14.338175852485744,3.100160670372718,transient-slab
Li,4.6869041923142115e+19,2.4381127935091147,1380225.1873408242,1380225.1873408242,15.198837028373672,3.2862504460495816,transient-slab
Li,4.9682395947343675e+19,2.4381127935091147,1463074.3757555834,1463074.3757555834,16.11116012187914,3.483510418465675,transient-slab
Li,5.266462393484259e+19,2.4381127935091147,1550896.657027912,1550896.657027912,17.078246183458536,3.6926110881616956,transient-slab
Li,5.582586268862678e+19,2.4381127935091147,1643990.5452777687,1643990.5452777687,18.103382406753532,3.914263203042306,transient-slab
Li,5.917685748188806e+19,2.4381127935091147,1742672.4731885563,1742672.4731885563,19.190053301994496,4.149220174258467,transient-slab
Li,6.272899858196231e+19,2.4381127935091147,1847277.8675840888,1847277.8675840888,20.341952540096038,4.398280637104973,transient-slab
Li,6.649435996665032e+19,2.4381127935091147,1958162.2895679912,1958162.2895679912,21.562995507704613,4.6622911656380746,transient-slab
Li,7.048574036451889e+19,2.4381127935091147,2075702.6431009385,2075702.6431009385,22.857332615873585,4.942149150240329,transient-slab
Li,7.471670675868067e+19,2.4381127935091147,2200298.4561237614,2200298.4561237614,24.229363407602627,5.238805847913718,transient-slab
Li,7.920164050192541e+19,2.4381127935091147,2332373.2385810628,2332373.2385810628,25.68375151219439,5.553269615669198,transient-slab
Li,8.395578619995103e+19,2.4381127935091147,2472375.9219613485,2472375.9219613485,27.22544049725891,5.886609338003211,transient-slab
Li,8.899530352885224e+19,2.4381127935091147,2620782.3852467774,2620782.3852467774,28.859670672248154,6.239958060111375,transient-slab
Li,9.433732216299774e+19,2.4381127935091147,2778097.072459341,2778097.072459341,30.591996900636936,6.614516839188908,transient-slab
Li,1e+20,2.4381127935091147,2944854.7073016283,2944854.7073016283,32.428307481295185,7.011558826908639,transient-slab
Li,1e+18,2.5618856600662827,31719.24172841318,31719.24172841318,0.349287630826792,0.07552200411526948,transient-slab
Li,1.0600258488068824e+18,2.5618856600662827,33623.216136671865,33623.216136671865,0.37025391734491514,0.08005527651588538,transient-slab
Li,1.1236548001387516e+18,2.5618856600662827,35641.47822489286,35641.47822489286,0.39247872300761694,0.0848606624402211,transient-slab
Li,1.191103133283008e+18,2.5618856600662827,37780.88820807407,37780.88820807407,0.41603759149479047,0.08995449573350969,transient-slab
Li,1.2626001098748577e+18,2.5618856600662827,40048.71809144165,40048.71809144165,0.44101060105983625,0.0953540906939087,transient-slab
Li,1.3383887531737592e+18,2.5618856600662827,42452.67638850799,42452.67638850799,0.4674826367212864,0.10107780092501904,transient-slab
Li,1.418726674116599e+18,2.5618856600662827,45000.934322852074,45000.934322852074,0.495543678792961,0.10714508172107637,transient-slab
Li,1.5038869469554132e+18,2.5618856600662827,47702.15360268404,47702.15360268404,0.5252891087333936,0.11357655619686677,transient-slab
Li,1.5941590374560028e+18,2.5618856600662827,50565.51586260142,50565.51586260142,0.5568200333541262,0.12039408538714626,transient-slab
Li,1.689849786812462e+18,2.5618856600662827,53600.75387261195,53600.75387261195,0.5902436284888842,0.127620842553838,transient-slab
Li,1.7912844546220096e+18,2.5618856600662827,56818.18462050428,56818.18462050428,0.6256735032917837,0.13528139195358163,transient-slab
Li,1.898807824465269e+18,2.5618856600662827,60228.7443800162,60228.7443800162,0.6632300864028489,0.1434017723333719,transient-slab
Li,2.0127853758499466e+18,2.5618856600662827,63844.025883999435,63844.025883999435,0.7030410352934419,0.1520095854380939,transient-slab
Li,2.133604526501402e+18,2.5618856600662827,67676.31772893452,67676.31772893452,0.7452416701829939,0.16113408983079647,transient-slab
Li,2.2616759492228552e+18,2.5618856600662827,71738.64614473809,71738.64614473809,0.7899754340019871,0.1708063003446145,transient-slab
Li,2.3974349678010685e+18,2.5618856600662827,76044.81927183254,76044.81927183254,0.8373943799645412,0.1810590935043632,transient-slab
Li,2.541343036702629e+18,2.5618856600662827,80609.47409599028,80609.47409599028,0.8876596884080261,0.19192731927616735,transient-slab
Li,2.693889309590164e+18,2.5618856600662827,85448.1262004785,85448.1262004785,0.9409422146563706,0.2034479195249488,transient-slab
Li,2.8555923019901005e+18,2.5618856600662827,90577.22250461983,90577.22250461983,0.997423069769347,0.21566005358242815,transient-slab
Li,3.0270016537634555e+18,2.5618856600662827,96014.1971680295,96014.1971680295,1.0572942361518185,0.2286052313524512,transient-slab
Li,3.208699997370444e+18,2.5618856600662827,101777.53085055183,101777.53085055183,1.120759220115456,0.2423274544060758,transient-slab
Li,3.401304938279246e+18,2.5618856600662827,107886.81352932486,107886.81352932486,1.1880337436110255,0.25687336554601153,transient-slab
Li,3.6054711542504986e+18,2.5618856600662827,114362.81108649244,114362.81108649244,1.2593464774824954,0.2722924073487915,transient-slab
Li,3.821892620633115e+18,2.5618856600662827,121227.53589390029,121227.53589390029,1.3349398187353398,0.28863699022357214,transient-slab
Li,4.051304969235378e+18,2.5618856600662827,128504.32163469846,128504.32163469846,1.4150707144610342,0.3059626705588058,transient-slab
Li,4.294487988789272e+18,2.5618856600662827,136217.90261617384,136217.90261617384,1.5000115352183192,0.32432833956231866,transient-slab
Li,4.5522682755073096e+18,2.5618856600662827,144394.49784340293,144394.49784340293,1.5900510008399138,0.34379642343667366,transient-slab
Li,4.825522042741279e+18,2.5618856600662827,153061.90013949678,153061.90013949678,1.6854951618115626,0.36443309557023046,transient-slab
Li,5.115178099293145e+18,2.5618856600662827,162249.57061536433,162249.57061536433,1.7866684395591952,0.38630850146515316,transient-slab
Li,5.422221006501592e+18,2.5618856600662827,171988.7388101038,171988.7388101038,1.893914729180204,0.4094969971669138,transient-slab
Li,5.747694424835359e+18,2.5618856600662827,182312.50884240548,182312.50884240548,2.007598568367103,0.43407740200572736,transient-slab
Li,6.092704661368687e+18,2.5618856600662827,193255.9719337831,193255.9719337831,2.1281063764968198,0.4601332665090074,transient-slab
Li,6.458424430196991e+18,2.5618856600662827,204856.32568610748,204856.32568610748,2.2558477680973805,0.48775315639549405,transient-slab
Li,6.846096838574672e+18,2.5618856600662827,217153.00051887525,217153.00051887525,2.3912569451565373,0.5170309536163696,transient-slab
Li,7.257039612324231e+18,2.5618856600662827,230187.79369598217,230187.79369598217,2.5347941730049115,0.5480661754666243,transient-slab
Li,7.692649574879161e+18,2.5618856600662827,244005.011397567,244005.011397567,2.6869473447902705,0.5809643128513501,transient-slab
Li,8.154407395185187e+18,2.5618856600662827,258651.61931983897,258651.61931983897,2.8482336398607053,0.6158371888567595,transient-slab
Li,8.643882620598297e+18,2.5618856600662827,274177.4023147869,274177.4023147869,3.01920128169366,0.6528033388447307,transient-slab
Li,9.162739011886769e+18,2.5618856600662827,290635.1336123981,290635.1336123981,3.2004314013461497,0.6919884133628527,transient-slab
Li,9.712740198471207e+18,2.5618856600662827,308080.754200584,308080.754200584,3.392540012760153,0.7335256052394858,transient-slab
Li,1.0295755673125085e+19,2.5618856600662827,326573.5629725359,326573.5629725359,3.5961801066373638,0.7775561023155617,transient-slab
Li,1.0913767146512693e+19,2.5618856600662827,346176.4182878502,346176.4182878502,3.8120438700006956,0.8242295673520244,transient-slab
Li,1.1568875283162786e+19,2.5618856600662827,366955.9516325048,366955.9516325048,4.040865038986561,0.8737046467440591,transient-slab
Li,1.2263306841775593e+19,2.5618856600662827,388982.7941039832,388982.7941039832,4.283421392865785,0.9261495097713887,transient-slab
Li,1.2999422244132422e+19,2.5618856600662827,412331.81649134756,412331.81649134756,4.5405373977701124,0.9817424202174942,transient-slab
Li,1.377972359833554e+19,2.5618856600662827,437082.3837663244,437082.3837663244,4.813087009110657,1.0406723423007722,transient-slab
Li,1.460686320364986e+19,2.5618856600662827,463318.6248504336,463318.6248504336,5.101996642213903,1.103139582977223,transient-slab
Li,1.548365256585496e+19,2.5618856600662827,491129.71857511834,491129.71857511834,5.408248321272656,1.169356472797901,transient-slab
Li,1.6413071953751267e+19,2.5618856600662827,520610.1968068752,520610.1968068752,5.732883017315445,1.2395480876354172,transient-slab
Li,1.7398280529303622e+19,2.5618856600662827,551860.2657677259,551860.2657677259,6.077004186540365,1.3139530137326807,transient-slab
Li,1.8442627085855328e+19,2.5618856600662827,584986.1466432253,584986.1466432253,6.441781521040428,1.392824158674346,transient-slab
Li,1.9549661430912594e+19,2.5618856600662827,620100.4366357523,620100.4366357523,6.82845492466937,1.4764296110375055,transient-slab
Li,2.0723146452190294e+19,2.5618856600662827,657322.4916903318,657322.4916903318,7.238338727562186,1.5650535516436472,transient-slab
Li,2.1967070907932353e+19,2.5618856600662827,696778.832193899,696778.832193899,7.672826153635835,1.6589972195092832,transient-slab
Li,2.3285662984981967e+19,2.5618856600662827,738603.5730270061,738603.5730270061,8.133394056255474,1.758579935778586,transient-slab
Li,2.468340467068651e+19,2.5618856600662827,782938.8794297483,782938.8794297483,8.621607938163061,1.8641401891184484,transient-slab
Li,2.6165046987488236e+19,2.5618856600662827,829935.4502314283,829935.4502314283,9.139127272731454,1.9760367862653057,transient-slab
Li,2.773562614198418e+19,2.5618856600662827,879753.0300864921,879753.0300864921,9.68771114463129,2.094650071634505,transient-slab
Li,2.9400480643347137e+19,2.5618856600662827,932560.9524578605,932560.9524578605,10.269224229083678,2.220383220137763,transient-slab
Li,3.1165269449294365e+19,2.5618856600662827,988538.7151932982,988538.7151932982,10.885643130022627,2.353663607603091,transient-slab
Li,3.303599120128346e+19,2.5618856600662827,1047876.590651241,1047876.590651241,11.539063098711045,2.4949442634553356,transient-slab
Li,3.50190046143172e+19,2.5618856600662827,1110776.2724499437,1110776.2724499437,12.231705155647349,2.644705410595104,transient-slab
Li,3.712105009066372e+19,2.5618856600662827,1177451.5610382967,1177451.5610382967,12.965923639970605,2.8034560977102303,transient-slab
Li,3.934927263095861e+19,2.5618856600662827,1248129.090418609,1248129.090418609,13.74421421202506,2.971735929568117,transient-slab
Li,4.171124612056533e+19,2.5618856600662827,1323049.098491548,1323049.098491548,14.56922233628548,3.1501169011703527,transient-slab
Li,4.421499907374468e+19,2.5618856600662827,1402466.2436416722,1402466.2436416722,15.443752273477077,3.3392053420039813,transient-slab
Li,4.6869041923142115e+19,2.5618856600662827,1486650.4703392761,1486650.4703392761,16.3707766124559,3.539643976998277,transient-slab
Li,4.9682395947343675e+19,2.5618856600662827,1575887.9267005294,1575887.9267005294,17.353446374246282,3.752114111191737,transient-slab
Li,5.266462393484259e+19,2.5618856600662827,1670481.9371252465,1670481.9371252465,18.395101722585128,3.9773379455363016,transient-slab
Li,5.582586268862678e+19,2.5618856600662827,1770754.0333177547,1770754.0333177547,19.49928331737225,4.21608103170894,transient-slab
Li,5.917685748188806e+19,2.5618856600662827,1877045.0471958632,1877045.0471958632,20.669744349623397,4.469154874275865,transient-slab
Li,6.272899858196231e+19,2.5618856600662827,1989716.26940255,1989716.26940255,21.910463298830805,4.737419689053691,transient-slab
Li,6.649435996665032e+19,2.5618856600662827,2109150.677358302,2109150.677358302,23.225657456095174,5.021787327043576,transient-slab
Li,7.048574036451889e+19,2.5618856600662827,2235754.2370283445,2235754.2370283445,24.61979725899518,5.323224373877011,transient-slab
Li,7.471670675868067e+19,2.5618856600662827,2369957.2828295548,2369957.2828295548,26.097621486919724,5.642755435308464,transient-slab
Li,7.920164050192541e+19,2.5618856600662827,2512215.9803674514,2512215.9803674514,27.66415336851281,5.981466619922504,transient-slab
Li,8.395578619995103e+19,2.5618856600662827,2663013.8769752216,2663013.8769752216,29.324717655981562,6.340509230893384,transient-slab
Li,8.899530352885224e+19,2.5618856600662827,2822863.545325166,2822863.545325166,31.08495872430403,6.721103679345633,transient-slab
Li,9.433732216299774e+19,2.5618856600662827,2992308.3256993154,2992308.3256993154,32.95085975685729,7.124543632617418,transient-slab
Li,1e+20,2.5618856600662827,3171924.172841318,3171924.172841318,34.9287630826792,7.552200411526948,transient-slab
Li,1e+18,2.6919419613097215,34165.02326348747,34165.02326348747,0.37622021784197185,0.08134529348449399,transient-slab
Li,1.0600258488068824e+18,2.6919419613097215,36215.807784385186,36215.807784385186,0.39880315575624636,0.08622811377234568,transient-slab
Li,1.1236548001387516e+18,2.6919419613097215,38389.69238686981,38389.69238686981,0.4227416536873784,0.09140402949254717,transient-slab
Li,1.191103133283008e+18,2.6919419613097215,40694.06625782678,40694.06625782678,0.44811708027598846,0.09689063394720662,transient-slab
Li,1.2626001098748577e+18,2.6919419613097215,43136.76212635634,43136.76212635634,0.4750156883844165,0.10270657649132463,transient-slab
Li,1.3383887531737592e+18,2.6919419613097215,45726.082887771474,45726.082887771474,0.5035289082762768,0.10887162592326541,transient-slab
Li,1.418726674116599e+18,2.6919419613097215,48470.829825723806,48470.829825723806,0.533753658394363,0.11540673768029479,transient-slab
Li,1.5038869469554132e+18,2.6919419613097215,51380.33252838683,51380.33252838683,0.5657926747932635,0.12233412506758772,transient-slab
Li,1.5941590374560028e+18,2.6919419613097215,54464.48060038312,54464.48060038312,0.5997548603464454,0.12967733476281695,transient-slab
Li,1.689849786812462e+18,2.6919419613097215,57733.757278247096,57733.757278247096,0.635755654914794,0.13746132685296927,transient-slab
Li,1.7912844546220096e+18,2.6919419613097215,61199.275063684414,61199.275063684414,0.67391742773483,0.14571255967543909,transient-slab
Li,1.898807824465269e+18,2.6919419613097215,64872.81349574794,64872.81349574794,0.714369893360364,0.15445907975178083,transient-slab
Li,2.0127853758499466e+18,2.6919419613097215,68766.85919032079,68766.85919032079,0.757250552571402,0.16373061711981138,transient-slab
Li,2.133604526501402e+18,2.6919419613097215,72894.64828300256,72894.64828300256,0.8027051597489746,0.17355868638810135,transient-slab
Li,2.2616759492228552e+18,2.6919419613097215,77270.21141966894,77270.21141966894,0.850888218304571,0.18397669385635462,transient-slab
Li,2.3974349678010685e+18,2.6919419613097215,81908.42144762183,81908.42144762183,0.9019635058480787,0.19502005106576628,transient-slab
Li,2.541343036702629e+18,2.6919419613097215,86825.0439694472,86825.0439694472,0.9561046308794413,0.2067262951653505,transient-slab
Li,2.693889309590164e+18,2.6919419613097215,92036.79093140815,92036.79093140815,1.0134956228961705,0.21913521650335274,transient-slab
Li,2.8555923019901005e+18,2.6919419613097215,97561.37742852751,97561.37742852751,1.0743315579225734,0.23228899387744648,transient-slab
Li,3.0270016537634555e+18,2.6919419613097215,103417.5819194435,103417.5819194435,1.1388192215868964,0.2462323379034369,transient-slab
Li,3.208699997370444e+18,2.6919419613097215,109625.31005571339,109625.31005571339,1.2071778120002428,0.26101264298979376,transient-slab
Li,3.401304938279246e+18,2.6919419613097215,116205.66234252523,116205.66234252523,1.2796396848263922,0.2766801484345839,transient-slab
Li,3.6054711542504986e+18,2.6919419613097215,123181.00586080129,123181.00586080129,1.356451143075068,0.293288109192384,transient-slab
Li,3.821892620633115e+18,2.6919419613097215,130575.05029448147,130575.05029448147,1.4378732743032152,0.31089297689162254,transient-slab
Li,4.051304969235378e+18,2.6919419613097215,138412.92852140908,138412.92852140908,1.524182838069997,0.3295545917176406,transient-slab
Li,4.294487988789272e+18,2.6919419613097215,146721.28204175297,146721.28204175297,1.6156732066620314,0.3493363858136975,transient-slab
Li,4.5522682755073096e+18,2.6919419613097215,155528.35153434318,155528.35153434318,1.712655362286457,0.37030559889129333,transient-slab
Li,4.825522042741279e+18,2.6919419613097215,164864.07284872734,164864.07284872734,1.8154589541213608,0.39253350678268417,transient-slab
Li,5.115178099293145e+18,2.6919419613097215,174760.17875923187,174760.17875923187,1.9244334188165502,0.4160956637124568,transient-slab
Li,5.422221006501592e+18,2.6919419613097215,185250.30682689734,185250.30682689734,2.039949168253345,0.44107215911166037,transient-slab
Li,5.747694424835359e+18,2.6919419613097215,196370.11373591723,196370.11373591723,2.1623988486006454,0.46754788984742196,transient-slab
Li,6.092704661368687e+18,2.6919419613097215,208157.3964932197,208157.3964932197,2.2921986749469245,0.4956128487933803,transient-slab
Li,6.458424430196991e+18,2.6919419613097215,220652.22090315598,220652.22090315598,2.4297898460446246,0.5253624307217999,transient-slab
Li,6.846096838574672e+18,2.6919419613097215,233897.05775399168,233897.05775399168,2.5756400439757976,0.5568977565571231,transient-slab
Li,7.257039612324231e+18,2.6919419613097215,247936.92717910744,247936.92717910744,2.7302450238364413,0.5903260170931129,transient-slab
Li,7.692649574879161e+18,2.6919419613097215,262819.5516836035,262819.5516836035,2.8941302988429896,0.6257608373419131,transient-slab
Li,8.154407395185187e+18,2.6919419613097215,278595.51835645613,278595.51835645613,3.0678529265887566,0.663322662753467,transient-slab
Li,8.643882620598297e+18,2.6919419613097215,295318.45081959583,295318.45081959583,3.2520034025219258,0.7031391686180852,transient-slab
Li,9.162739011886769e+18,2.6919419613097215,313045.1914983756,313045.1914983756,3.4472076670811735,0.7453456940437514,transient-slab
Li,9.712740198471207e+18,2.6919419613097215,331835.99483297864,331835.99483297864,3.6541292333113136,0.7900857019832825,transient-slab
Li,1.0295755673125085e+19,2.6919419613097215,351754.7320875016,351754.7320875016,3.873471442190837,0.8375112668750039,transient-slab
Li,1.0913767146512693e+19,2.6919419613097215,372869.1084528914,372869.1084528914,4.105979853337561,0.8877835915545034,transient-slab
Li,1.1568875283162786e+19,2.6919419613097215,395250.89318164164,395250.89318164164,4.352444779218106,0.9410735551943848,transient-slab
Li,1.2263306841775593e+19,2.6919419613097215,418976.1635365481,418976.1635365481,4.613703971475757,0.9975622941346384,transient-slab
Li,1.2999422244132422e+19,2.6919419613097215,444125.5633826806,444125.5633826806,4.890645468507273,1.0574418175778109,transient-slab
Li,1.377972359833554e+19,2.6919419613097215,470784.57730156096,470784.57730156096,5.184210613967958,1.1209156602418118,transient-slab
Li,1.460686320364986e+19,2.6919419613097215,499043.82115927653,499043.82115927653,5.495397256465033,1.1881995741887537,transient-slab
Li,1.548365256585496e+19,2.6919419613097215,528999.3501161921,528999.3501161921,5.825263141315358,1.25952226218141,transient-slab
Li,1.6413071953751267e+19,2.6919419613097215,560752.9851252057,560752.9851252057,6.17492950589626,1.3351261550600138,transient-slab
Li,1.7398280529303622e+19,2.6919419613097215,594412.6590283393,594412.6590283393,6.545584890810346,1.4152682357817603,transient-slab
Li,1.8442627085855328e+19,2.6919419613097215,630092.7834280713,630092.7834280713,6.938489179818742,1.5002209129239792,transient-slab
Li,1.9549661430912594e+19,2.6919419613097215,667914.6375804325,667914.6375804325,7.3549778822747305,1.5902729466200773,transient-slab
Li,2.0723146452190294e+19,2.6919419613097215,708006.7806317391,708006.7806317391,7.796466672614117,1.6857304300755693,transient-slab
Li,2.1967070907932353e+19,2.6919419613097215,750505.4886001875,750505.4886001875,8.26445620233235,1.7869178300004465,transient-slab
Li,2.3285662984981967e+19,2.6919419613097215,795555.217587638,795555.217587638,8.760537200804656,1.8941790894943762,transient-slab
Li,2.468340467068651e+19,2.6919419613097215,843309.0947960798,843309.0947960798,9.286395882287223,2.0078787971335235,transient-slab
Li,2.6165046987488236e+19,2.6919419613097215,893929.4390177781,893929.4390177781,9.843819677478251,2.128403426232805,transient-slab
Li,2.773562614198418e+19,2.6919419613097215,947588.3123682805,947588.3123682805,10.434703309120776,2.2561626484959056,transient-slab
Li,2.9400480643347137e+19,2.6919419613097215,1004468.1051376677,1004468.1051376677,11.061055232298735,2.3915907265182565,transient-slab
Li,3.1165269449294365e+19,2.6919419613097215,1064762.155747997,1064762.155747997,11.725004461317274,2.535147989876184,transient-slab
Li,3.303599120128346e+19,2.6919419613097215,1128675.4079242167,1128675.4079242167,12.428807806372328,2.6873223998195637,transient-slab
Li,3.50190046143172e+19,2.6919419613097215,1196425.1073123221,1196425.1073123221,13.174857544607434,2.8486312078864815,transient-slab
Li,3.712105009066372e+19,2.6919419613097215,1268241.5399126096,1268241.5399126096,13.965689551632254,3.0196227140776424,transient-slab
Li,3.934927263095861e+19,2.6919419613097215,1344368.8148380115,1344368.8148380115,14.803991921142387,3.2008781305666942,transient-slab
Li,4.171124612056533e+19,2.6919419613097215,1425065.694058166,1425065.694058166,15.692614101939192,3.3930135572813476,transient-slab
Li,4.421499907374468e+19,2.6919419613097215,1510606.4719495638,1510606.4719495638,16.634576583406805,3.59668207607039,transient-slab
Li,4.6869041923142115e+19,2.6919419613097215,1601281.9076415196,1601281.9076415196,17.633081162369034,3.812575970575047,transient-slab
Li,4.9682395947343675e+19,2.6919419613097215,1697400.2133267922,1697400.2133267922,18.691521826220736,4.041429079349506,transient-slab
Li,5.266462393484259e+19,2.6919419613097215,1799288.101896716,1799288.101896716,19.813496289332004,4.284019290230276,transient-slab
Li,5.582586268862678e+19,2.6919419613097215,1907291.8974611908,1907291.8974611908,21.002818221931175,4.541171184431406,transient-slab
Li,5.917685748188806e+19,2.6919419613097215,2021778.712528788,2021778.712528788,22.26353021303925,4.813758839354257,transient-slab
Li,6.272899858196231e+19,2.6919419613097215,2143137.695848014,2143137.695848014,23.599917511514594,5.102708799638129,transient-slab
Li,6.649435996665032e+19,2.6919419613097215,2271781.3551513175,2271781.3551513175,25.016522591915667,5.409003226550756,transient-slab
Li,7.048574036451889e+19,2.6919419613097215,2408146.9592979252,2408146.9592979252,26.518160594691963,5.733683236423632,transient-slab
Li,7.471670675868067e+19,2.6919419613097215,2552698.0245814966,2552698.0245814966,28.10993569318557,6.077852439479754,transient-slab
Li,7.920164050192541e+19,2.6919419613097215,2705925.8902546526,2705925.8902546526,29.79725844307591,6.442680691082507,transient-slab
Li,8.395578619995103e+19,2.6919419613097215,2868351.388625707,2868351.388625707,31.58586417323959,6.829408068156446,transient-slab
Li,8.899530352885224e+19,2.6919419613097215,3040526.615404365,3040526.615404365,33.48183248053719,7.239349084296108,transient-slab
Li,9.433732216299774e+19,2.6919419613097215,3223036.8063139296,3223036.8063139296,35.49160789479129,7.673897157890309,transient-slab
Li,1e+20,2.6919419613097215,3416502.326348746,3416502.326348746,37.62202178419718,8.134529348449396,transient-slab
Li,1e+18,2.828600681137559,36799.392135186295,36799.392135186295,0.40522950090737647,0.08761760032187214,transient-slab
Li,1.0600258488068824e+18,2.828600681137559,39008.30688367815,39008.30688367815,0.4295537456609309,0.09287692115161465,transient-slab
Li,1.1236548001387516e+18,2.828600681137559,41349.81361489029,41349.81361489029,0.455338073852404,0.09845193717831022,transient-slab
Li,1.191103133283008e+18,2.828600681137559,43831.87127513046,43831.87127513046,0.48267012822948546,0.10436159827412016,transient-slab
Li,1.2626001098748577e+18,2.828600681137559,46462.91655321418,46462.91655321418,0.5116428123701872,0.11062599179336709,transient-slab
Li,1.3383887531737592e+18,2.828600681137559,49251.89255736421,49251.89255736421,0.5423546064686482,0.11726641085086718,transient-slab
Li,1.418726674116599e+18,2.828600681137559,52208.27921346537,52208.27921346537,0.5749099020762515,0.12430542669872707,transient-slab
Li,1.5038869469554132e+18,2.828600681137559,55342.12548800035,55342.12548800035,0.60941935693586,0.13176696544761987,transient-slab
Li,1.5941590374560028e+18,2.828600681137559,58664.08354519457,58664.08354519457,0.6460002711152795,0.13967638939332042,transient-slab
Li,1.689849786812462e+18,2.828600681137559,62185.44495447275,62185.44495447275,0.6847769857184504,0.14806058322493512,transient-slab
Li,1.7912844546220096e+18,2.828600681137559,65918.17907129865,65918.17907129865,0.725881305529619,0.15694804540785393,transient-slab
Li,1.898807824465269e+18,2.828600681137559,69874.97372185742,69874.97372185742,0.7694529470270822,0.16636898505204148,transient-slab
Li,2.0127853758499466e+18,2.828600681137559,74069.2783298705,74069.2783298705,0.8156400132893399,0.17635542459492978,transient-slab
Li,2.133604526501402e+18,2.828600681137559,78515.34963213357,78515.34963213357,0.8645994974078823,0.1869413086479371,transient-slab
Li,2.2616759492228552e+18,2.828600681137559,83228.30013817151,83228.30013817151,0.9164978161177944,0.19816261937659885,transient-slab
Li,2.3974349678010685e+18,2.828600681137559,88224.14949871924,88224.14949871924,0.9715113754599191,0.2100574988064744,transient-slab
Li,2.541343036702629e+18,2.828600681137559,93519.87895764517,93519.87895764517,1.0298271703974426,0.22266637847058374,transient-slab
Li,2.693889309590164e+18,2.828600681137559,99133.48907239469,99133.48907239469,1.0916434204249388,0.236032116839035,transient-slab
Li,2.8555923019901005e+18,2.828600681137559,105084.06089915303,105084.06089915303,1.1571702433303945,0.25020014499798343,transient-slab
Li,3.0270016537634555e+18,2.828600681137559,111391.82085069879,111391.82085069879,1.226630369400368,0.26521862107309235,transient-slab
Li,3.208699997370444e+18,2.828600681137559,118078.20944740617,118078.20944740617,1.3002598984959248,0.28113859392239565,transient-slab
Li,3.401304938279246e+18,2.828600681137559,125165.95419508356,125165.95419508356,1.3783091025726932,0.2980141766549608,transient-slab
Li,3.6054711542504986e+18,2.828600681137559,132679.14683736683,132679.14683736683,1.4610432763728718,0.3159027305651591,transient-slab
Li,3.821892620633115e+18,2.828600681137559,140643.32524525278,140643.32524525278,1.548743639180742,0.3348650601077447,transient-slab
Li,4.051304969235378e+18,2.828600681137559,149085.5602221215,149085.5602221215,1.6417082907068263,0.3549656195764798,transient-slab
Li,4.294487988789272e+18,2.828600681137559,158034.5475193039,158034.5475193039,1.740253224349799,0.3762727321888188,transient-slab
Li,4.5522682755073096e+18,2.828600681137559,167520.70537496172,167520.70537496172,1.84471340128031,0.39885882232133746,transient-slab
Li,4.825522042741279e+18,2.828600681137559,177576.27790782147,177576.27790782147,1.9554438889975916,0.4228006616852892,transient-slab
Li,5.115178099293145e+18,2.828600681137559,188235.44471720528,188235.44471720528,2.0728210682289028,0.44817963027906016,transient-slab
Li,5.422221006501592e+18,2.828600681137559,199534.43706189655,199534.43706189655,2.197243912274132,0.4750819930045156,transient-slab
Li,5.747694424835359e+18,2.828600681137559,211511.66101274037,211511.66101274037,2.3291353431441424,0.5035991928874771,transient-slab
Li,6.092704661368687e+18,2.828600681137559,224207.82799758366,224207.82799758366,2.468943669102478,0.5338281618990087,transient-slab
Li,6.458424430196991e+18,2.828600681137559,237666.09318228613,237666.09318228613,2.6171441084967335,0.5658716504340147,transient-slab
Li,6.846096838574672e+18,2.828600681137559,251932.20215816848,251932.20215816848,2.774240405059181,0.5998385765670678,transient-slab
Li,7.257039612324231e+18,2.828600681137559,267054.64643449965,267054.64643449965,2.9407665401672087,0.6358443962726181,transient-slab
Li,7.692649574879161e+18,2.828600681137559,283084.8282645523,283084.8282645523,3.117288547883623,0.6740114958679816,transient-slab
Li,8.154407395185187e+18,2.828600681137559,300077.2353654827,300077.2353654827,3.3044064389463124,0.714469608013054,transient-slab
Li,8.643882620598297e+18,2.828600681137559,318089.6261259184,318089.6261259184,3.5027562402469927,0.7573562526807581,transient-slab
Li,9.162739011886769e+18,2.828600681137559,337183.2259307906,337183.2259307906,3.713012156731423,0.8028172045971205,transient-slab
Li,9.712740198471207e+18,2.828600681137559,357422.935270729,357422.935270729,3.935888863069499,0.851006988739831,transient-slab
Li,1.0295755673125085e+19,2.828600681137559,378877.5503433989,378877.5503433989,4.172143932884768,0.9020894055795211,transient-slab
Li,1.0913767146512693e+19,2.828600681137559,401619.99689663376,401619.99689663376,4.42258041380066,0.956238087849128,transient-slab
Li,1.1568875283162786e+19,2.828600681137559,425727.5781081717,425727.5781081717,4.688049557055739,1.0136370907337422,transient-slab
Li,1.2263306841775593e+19,2.828600681137559,451282.2373446129,451282.2373446129,4.969453710966737,1.0744815174871736,transient-slab
Li,1.2999422244132422e+19,2.828600681137559,478370.83669269236,478370.83669269236,5.267749388074028,1.1389781826016485,transient-slab
Li,1.377972359833554e+19,2.828600681137559,507085.45220962976,507085.45220962976,5.583950516395107,1.207346314784833,transient-slab
Li,1.460686320364986e+19,2.828600681137559,537523.6868961345,537523.6868961345,5.919131885837352,1.2798183021336536,transient-slab
Li,1.548365256585496e+19,2.828600681137559,569789.0024558799,569789.0024558799,6.274432801484623,1.3566404820378093,transient-slab
Li,1.6413071953751267e+19,2.828600681137559,603991.0709691211,603991.0709691211,6.651060956175484,1.4380739784979075,transient-slab
Li,1.7398280529303622e+19,2.828600681137559,640246.1476758204,640246.1476758204,7.05029653553623,1.5243955897043344,transient-slab
Li,1.8442627085855328e+19,2.828600681137559,678677.4661353981,678677.4661353981,7.473496569422016,1.6158987288938051,transient-slab
Li,1.9549661430912594e+19,2.828600681137559,719415.6571062796,719415.6571062796,7.922099544556897,1.7128944216816182,transient-slab
Li,2.0723146452190294e+19,2.828600681137559,762599.1925690451,762599.1925690451,8.39763029405154,1.8157123632596313,transient-slab
Li,2.1967070907932353e+19,2.828600681137559,808374.8564024454,808374.8564024454,8.901705180418375,1.9247020390534415,transient-slab
Li,2.3285662984981967e+19,2.828600681137559,856898.2433121437,856898.2433121437,9.436037589701609,2.040233912647961,transient-slab
Li,2.468340467068651e+19,2.828600681137559,908334.2877080817,908334.2877080817,10.002443755397097,2.1627006850192423,transient-slab
Li,2.6165046987488236e+19,2.828600681137559,962857.8243281543,962857.8243281543,10.60284893195791,2.2925186293527484,transient-slab
Li,2.773562614198418e+19,2.828600681137559,1020654.1825137996,1020654.1825137996,11.239293938869828,2.430129005985237,transient-slab
Li,2.9400480643347137e+19,2.828600681137559,1081919.8161574854,1081919.8161574854,11.913942097540541,2.575999562279727,transient-slab
Li,3.1165269449294365e+19,2.828600681137559,1146862.9714633243,1146862.9714633243,12.629086584581458,2.7306261225317248,transient-slab
Li,3.303599120128346e+19,2.828600681137559,1215704.394790594,1215704.394790594,13.387158226476574,2.894534273310938,transient-slab
Li,3.50190046143172e+19,2.828600681137559,1288678.0829861567,1288678.0829861567,14.19073376213287,3.06828114996704,transient-slab
Li,3.712105009066372e+19,2.828600681137559,1366032.078756227,1366032.078756227,15.042544601397381,3.252457330371969,transient-slab
Li,3.934927263095861e+19,2.828600681137559,1448029.3137809993,1448029.3137809993,15.945486109311641,3.4476888423357126,transient-slab
Li,4.171124612056533e+19,2.828600681137559,1534948.5024379515,1534948.5024379515,16.90262744766143,3.654639291518932,transient-slab
Li,4.421499907374468e+19,2.828600681137559,1627085.089171629,1627085.089171629,17.917222007273665,3.874012117075307,transient-slab
Li,4.6869041923142115e+19,2.828600681137559,1724752.2527301924,1724752.2527301924,18.99271846652178,4.106552982690935,transient-slab
Li,4.9682395947343675e+19,2.828600681137559,1828281.9706818897,1828281.9706818897,20.132772513624733,4.353052311147357,transient-slab
Li,5.266462393484259e+19,2.828600681137559,1938026.1478303904,1938026.1478303904,21.341259272590936,4.614347971024738,transient-slab
Li,5.582586268862678e+19,2.828600681137559,2054357.8123638416,2054357.8123638416,22.62228647503595,4.891328124675813,transient-slab
Li,5.917685748188806e+19,2.828600681137559,2177672.3838040316,2177672.3838040316,23.980208422652446,5.184934247152457,transient-slab
Li,6.272899858196231e+19,2.828600681137559,2308389.017065176,2308389.017065176,25.419640787788108,5.4961643263456565,transient-slab
Li,6.649435996665032e+19,2.828600681137559,2446952.0271909973,2446952.0271909973,26.945476302441133,5.82607625521666,transient-slab
Li,7.048574036451889e+19,2.828600681137559,2593832.399612859,2593832.399612859,28.5629013890009,6.175791427649664,transient-slab
Li,7.471670675868067e+19,2.828600681137559,2749529.391062414,2749529.391062414,30.277413789262965,6.546498550148605,transient-slab
Li,7.920164050192541e+19,2.828600681137559,2914572.226580406,2914572.226580406,32.09484125164069,6.939457682334301,transient-slab
Li,8.395578619995103e+19,2.828600681137559,3089521.89838986,3089521.89838986,34.02136134009256,7.3560045199758575,transient-slab
Li,8.899530352885224e+19,2.828600681137559,3274973.0727481614,3274973.0727481614,36.06352243209726,7.79755493511467,transient-slab
Li,9.433732216299774e+19,2.828600681137559,3471556.111259554,3471556.111259554,38.22826597704995,8.265609788713224,transient-slab
Li,1e+20,2.828600681137559,3679939.2135186293,3679939.2135186293,40.522950090737645,8.761760032187214,transient-slab
Li,1e+18,2.9721969969364097,39636.88978272856,39636.88978272856,0.4364756082157625,0.09437354710173468,transient-slab
Li,1.0600258488068824e+18,2.9721969969364097,42016.12773600168,42016.12773600168,0.46267542708241377,0.10003839937143258,transient-slab
Li,1.1236548001387516e+18,2.9721969969364097,44538.18146693358,44538.18146693358,0.4904479123151226,0.10604328920698472,transient-slab
Li,1.191103133283008e+18,2.9721969969364097,47211.623613801225,47211.623613801225,0.5198874645474012,0.11240862765190768,transient-slab
Li,1.2626001098748577e+18,2.9721969969364097,50045.5413947707,50045.5413947707,0.551094150890917,0.11915605093993023,transient-slab
Li,1.3383887531737592e+18,2.9721969969364097,53049.567495991796,53049.567495991796,0.5841740450706525,0.1263084940380757,transient-slab
Li,1.418726674116599e+18,2.9721969969364097,56233.91281377669,56233.91281377669,0.6192395879769683,0.13389026860423023,transient-slab
Li,1.5038869469554132e+18,2.9721969969364097,59609.40116215586,59609.40116215586,0.65640996986011,0.14192714562418063,transient-slab
Li,1.5941590374560028e+18,2.9721969969364097,63187.506063784225,63187.506063784225,0.6958115354662633,0.15044644300901006,transient-slab
Li,1.689849786812462e+18,2.9721969969364097,66980.38974925289,66980.38974925289,0.7375782134922457,0.1594771184506021,transient-slab
Li,1.7912844546220096e+18,2.9721969969364097,71000.94449736763,71000.94449736763,0.781851971818582,0.1690498678508753,transient-slab
Li,1.898807824465269e+18,2.9721969969364097,75262.83645691245,75262.83645691245,0.8287833000683268,0.17919722965931537,transient-slab
Li,2.0127853758499466e+18,2.9721969969364097,79780.55209885222,79780.55209885222,0.8785317211318976,0.18995369547345767,transient-slab
Li,2.133604526501402e+18,2.9721969969364097,84569.44745686682,84569.44745686682,0.9312663333966033,0.20135582727825435,transient-slab
Li,2.2616759492228552e+18,2.9721969969364097,89645.8003235943,89645.8003235943,0.9871663855240075,0.21344238172284358,transient-slab
Li,2.3974349678010685e+18,2.9721969969364097,95026.86557999034,95026.86557999034,1.0464218857287082,0.22625444185711985,transient-slab
Li,2.541343036702629e+18,2.9721969969364097,100730.93384588679,100730.93384588679,1.1092342476296724,0.23983555677592092,transient-slab
Li,2.693889309590164e+18,2.9721969969364097,106777.39365109605,106777.39365109605,1.175816974869307,0.2542318896454668,transient-slab
Li,2.8555923019901005e+18,2.9721969969364097,113186.79733838972,113186.79733838972,1.2463963868273782,0.2694923746152136,transient-slab
Li,3.0270016537634555e+18,2.9721969969364097,119980.93092235914,119980.93092235914,1.3212123878965227,0.28566888314847416,transient-slab
Li,3.208699997370444e+18,2.9721969969364097,127182.88814161367,127182.88814161367,1.4005192829341795,0.3028164003371754,transient-slab
Li,3.401304938279246e+18,2.9721969969364097,134817.14895602482,134817.14895602482,1.48458664166271,0.3209932118000591,transient-slab
Li,3.6054711542504986e+18,2.9721969969364097,142909.6627558341,142909.6627558341,1.5737002149558734,0.34026110179960506,transient-slab
Li,3.821892620633115e+18,2.9721969969364097,151487.93656545837,151487.93656545837,1.668162906126173,0.36068556325109136,transient-slab
Li,4.051304969235378e+18,2.9721969969364097,160581.1285418032,160581.1285418032,1.7682958005145522,0.38233602033762665,transient-slab
Li,4.294487988789272e+18,2.9721969969364097,170220.147084892,170220.147084892,1.8744392568820836,0.4052860644878381,transient-slab
Li,4.5522682755073096e+18,2.9721969969364097,180437.75589769502,180437.75589769502,1.986954064313373,0.4296137045183215,transient-slab
Li,4.825522042741279e+18,2.9721969969364097,191268.68535226324,191268.68535226324,2.106222668564068,0.45540163179110293,transient-slab
Li,5.115178099293145e+18,2.9721969969364097,202749.75054070933,202749.75054070933,2.232650472020923,0.48273750128740317,transient-slab
Li,5.422221006501592e+18,2.9721969969364097,214919.9764122991,214919.9764122991,2.366667211693066,0.5117142295530931,transient-slab
Li,5.747694424835359e+18,2.9721969969364097,227820.73042200253,227820.73042200253,2.50872841991836,0.5424303105285775,transient-slab
Li,6.092704661368687e+18,2.9721969969364097,241495.86314138712,241495.86314138712,2.659316972749908,0.574990150336636,transient-slab
Li,6.458424430196991e+18,2.9721969969364097,255991.8573097996,255991.8573097996,2.8189447312857703,0.6095044221661896,transient-slab
Li,6.846096838574672e+18,2.9721969969364097,271357.98583247064,271357.98583247064,2.9881542815208877,0.6460904424582634,transient-slab
Li,7.257039612324231e+18,2.9721969969364097,287646.4792625907,287646.4792625907,3.1675207786350996,0.684872569672835,transient-slab
Li,7.692649574879161e+18,2.9721969969364097,304912.70333663904,304912.70333663904,3.357653901986109,0.7259826269919978,transient-slab
Li,8.154407395185187e+18,2.9721969969364097,323215.34716642194,323215.34716642194,3.559199927452566,0.7695603503962427,transient-slab
Li,8.643882620598297e+18,2.9721969969364097,342616.6227274976,342616.6227274976,3.7728439241713003,0.8157538636368991,transient-slab
Li,9.162739011886769e+18,2.9721969969364097,363182.476322063,363182.476322063,3.9993120831355715,0.8647201817191977,transient-slab
Li,9.712740198471207e+18,2.9721969969364097,384982.81273508025,384982.81273508025,4.239374185569404,0.916625744607334,transient-slab
Li,1.0295755673125085e+19,2.9721969969364097,408091.73284556123,408091.73284556123,4.493846219468157,0.971646982965622,transient-slab
Li,1.0913767146512693e+19,2.9721969969364097,432587.78550068755,432587.78550068755,4.763593153199333,1.02997091785878,transient-slab
Li,1.1568875283162786e+19,2.9721969969364097,458554.23450885597,458554.23450885597,5.049531875590778,1.0917957964496572,transient-slab
Li,1.2263306841775593e+19,2.9721969969364097,486079.34165924025,486079.34165924025,5.352634312500523,1.157331765855334,transient-slab
Li,1.2999422244132422e+19,2.9721969969364097,515256.6667298268,515256.6667298268,5.673930730461211,1.2268015874519687,transient-slab
Li,1.377972359833554e+19,2.9721969969364097,546185.3855036895,546185.3855036895,6.014513238628599,1.3004413940564037,transient-slab
Li,1.460686320364986e+19,2.9721969969364097,578970.6268744629,578970.6268744629,6.3755395009375135,1.378501492558245,transient-slab
Li,1.548365256585496e+19,2.9721969969364097,613723.8301868553,613723.8301868553,6.758236671083094,1.461247214730608,transient-slab
Li,1.6413071953751267e+19,2.9721969969364097,650563.1240268322,650563.1240268322,7.163905563702656,1.548959819111505,transient-slab
Li,1.7398280529303622e+19,2.9721969969364097,689613.727749,689613.727749,7.593925075936256,1.6419374470214285,transient-slab
Li,1.8442627085855328e+19,2.9721969969364097,731008.3771060121,731008.3771060121,8.049756874395198,1.7404961359666955,transient-slab
Li,1.9549661430912594e+19,2.9721969969364097,774887.7754267419,774887.7754267419,8.532950363469807,1.8449708938731952,transient-slab
Li,2.0723146452190294e+19,2.9721969969364097,821401.071876809,821401.071876809,9.045147951864077,1.955716837801926,transient-slab
Li,2.1967070907932353e+19,2.9721969969364097,870706.3684270976,870706.3684270976,9.588090635258554,2.073110401016899,transient-slab
Li,2.3285662984981967e+19,2.9721969969364097,922971.2572534923,922971.2572534923,10.16362391407727,2.1975506125083153,transient-slab
Li,2.468340467068651e+19,2.9721969969364097,978373.3903944887,978373.3903944887,10.773704066473687,2.3294604533202112,transient-slab
Li,2.6165046987488236e+19,2.9721969969364097,1037101.0836029851,1037101.0836029851,11.420404797857932,2.469288294292822,transient-slab
Li,2.773562614198418e+19,2.9721969969364097,1099353.9564447918,1099353.9564447918,12.105924289567545,2.617509420106647,transient-slab
Li,2.9400480643347137e+19,2.9721969969364097,1165343.6108195947,1165343.6108195947,12.83259267064069,2.7746276448085587,transient-slab
Li,3.1165269449294365e+19,2.9721969969364097,1235294.3502107183,1235294.3502107183,13.60287993808888,2.9411770243112345,transient-slab
Li,3.303599120128346e+19,2.9721969969364097,1309443.9421084628,1309443.9421084628,14.419404352590773,3.117723671686816,transient-slab
Li,3.50190046143172e+19,2.9721969969364097,1388044.4261985535,1388044.4261985535,15.28494133814469,3.3048676814251277,transient-slab
Li,3.712105009066372e+19,2.9721969969364097,1471362.9710627839,1471362.9710627839,16.20243291593023,3.5032451691971045,transient-slab
Li,3.934927263095861e+19,2.9721969969364097,1559682.7823038436,1559682.7823038436,17.174997704445513,3.7135304340567705,transient-slab
Li,4.171124612056533e+19,2.9721969969364097,1653304.0651811124,1653304.0651811124,18.205941519911118,3.9364382504312196,transient-slab
Li,4.421499907374468e+19,2.9721969969364097,1752545.0450294632,1752545.0450294632,19.298768612972083,4.172726297689199,transient-slab
Li,4.6869041923142115e+19,2.9721969969364097,1857743.0489296678,1857743.0489296678,20.45719357989352,4.423197735546829,transient-slab
Li,4.9682395947343675e+19,2.9721969969364097,1969255.6523067413,1969255.6523067413,21.685153988733163,4.68870393406367,transient-slab
Li,5.266462393484259e+19,2.9721969969364097,2087461.8943542042,2087461.8943542042,22.98682376341482,4.97014736751001,transient-slab
Li,5.582586268862678e+19,2.9721969969364097,2212763.5664148377,2212763.5664148377,24.366627371188006,5.268484681940089,transient-slab
Li,5.917685748188806e+19,2.9721969969364097,2345586.577697833,2345586.577697833,25.829254861704584,5.584729946899603,transient-slab
Li,6.272899858196231e+19,2.9721969969364097,2486382.402974176,2486382.402974176,27.3796778088277,5.919958102319467,transient-slab
Li,6.649435996665032e+19,2.9721969969364097,2635629.6171711967,2635629.6171711967,29.023166209361545,6.275308612312373,transient-slab
Li,7.048574036451889e+19,2.9721969969364097,2793835.522082457,2793835.522082457,30.7653063961417,6.651989338291564,transient-slab
Li,7.471670675868067e+19,2.9721969969364097,2961537.8707222757,2961537.8707222757,32.61202002637392,7.051280644576847,transient-slab
Li,7.920164050192541e+19,2.9721969969364097,3139306.695186108,3139306.695186108,34.56958420976406,7.474539750443115,transient-slab
Li,8.395578619995103e+19,2.9721969969364097,3327746.244229782,3327746.244229782,36.64465284485614,7.923205343404244,transient-slab
Li,8.899530352885224e+19,2.9721969969364097,3527497.03715359,3527497.03715359,38.84427923610217,8.39880246941331,transient-slab
Li,9.433732216299774e+19,2.9721969969364097,3739238.0409724973,3739238.0409724973,41.17594006854077,8.902947716601185,transient-slab
Li,1e+20,2.9721969969364097,3963688.9782728557,3963688.9782728557,43.64756082157624,9.437354710173468,transient-slab
Li,1e+18,3.123083101657573,42693.178894820856,42693.178894820856,0.47013101499454996,0.10165042594004967,transient-slab
Li,1.0600258488068824e+18,3.123083101657573,45255.87319624655,45255.87319624655,0.498351028220039,0.10775207903868228,transient-slab
Li,1.1236548001387516e+18,3.123083101657573,47972.39539834789,47972.39539834789,0.5282649716927295,0.11421998904368547,transient-slab
Li,1.191103133283008e+18,3.123083101657573,50851.9791514331,50851.9791514331,0.5599745250135293,0.12107614083674548,transient-slab
Li,1.2626001098748577e+18,3.123083101657573,53904.41236350777,53904.41236350777,0.5935874711876972,0.12834383896073281,transient-slab
Li,1.3383887531737592e+18,3.123083101657573,57140.07047006354,57140.07047006354,0.6292180629868698,0.13604778683348462,transient-slab
Li,1.418726674116599e+18,3.123083101657573,60569.95170091417,60569.95170091417,0.6669874113022789,0.1442141707164623,transient-slab
Li,1.5038869469554132e+18,3.123083101657573,64205.71446395342,64205.71446395342,0.7070238968092035,0.15287074872369863,transient-slab
Li,1.5941590374560028e+18,3.123083101657573,68059.71697290456,68059.71697290456,0.7494636063419255,0.16204694517358229,transient-slab
Li,1.689849786812462e+18,3.123083101657573,72145.05925375932,72145.05925375932,0.7944507954624666,0.17177395060418887,transient-slab
Li,1.7912844546220096e+18,3.123083101657573,76475.62767268906,76475.62767268906,0.8421383787954043,0.18208482779211682,transient-slab
Li,1.898807824465269e+18,3.123083101657573,81066.14213678133,81066.14213678133,0.8926884497954504,0.19301462413519366,transient-slab
Li,2.0127853758499466e+18,3.123083101657573,85932.206128041,85932.206128041,0.9462728317145221,0.20460049078105,transient-slab
Li,2.133604526501402e+18,3.123083101657573,91090.35974072391,91090.35974072391,1.0030736616410705,0.21688180890648553,transient-slab
Li,2.2616759492228552e+18,3.123083101657573,96558.13590228512,96558.13590228512,1.0632840095969032,0.22990032357686935,transient-slab
Li,2.3974349678010685e+18,3.123083101657573,102354.11996903009,102354.11996903009,1.1271085347957426,0.24370028564054783,transient-slab
Li,2.541343036702629e+18,3.123083101657573,108498.01289905261,108498.01289905261,1.1947641812943388,0.25832860214060144,transient-slab
Li,2.693889309590164e+18,3.123083101657573,115010.69821717832,115010.69821717832,1.2664809154005914,0.27383499575518644,transient-slab
Li,2.8555923019901005e+18,3.123083101657573,121914.31299953666,121914.31299953666,1.3425025073452295,0.29027217380842063,transient-slab
Li,3.0270016537634555e+18,3.123083101657573,129232.32311904176,129232.32311904176,1.4230873598739944,0.3076960074262899,transient-slab
Li,3.208699997370444e+18,3.123083101657573,136989.60300754756,136989.60300754756,1.5085093865767767,0.3261657214465418,transient-slab
Li,3.401304938279246e+18,3.123083101657573,145212.52020579347,145212.52020579347,1.5990589429391973,0.3457440957280797,transient-slab
Li,3.6054711542504986e+18,3.123083101657573,153929.0249885328,153929.0249885328,1.6950438132813588,0.3664976785441257,transient-slab
Li,3.821892620633115e+18,3.123083101657573,163168.74536948526,163168.74536948526,1.7967902569384266,0.3884970127844887,transient-slab
Li,4.051304969235378e+18,3.123083101657573,172963.08780904268,172963.08780904268,1.9046441172390922,0.41181687573581593,transient-slab
Li,4.294487988789272e+18,3.123083101657573,183345.3439670398,183345.3439670398,2.0189719970514037,0.4365365332548567,transient-slab
Li,4.5522682755073096e+18,3.123083101657573,194350.80386345118,194350.80386345118,2.140162504891741,0.4627400091986933,transient-slab
Li,4.825522042741279e+18,3.123083101657573,206016.87583165476,206016.87583165476,2.2686275758325314,0.4905163710277494,transient-slab
Li,5.115178099293145e+18,3.123083101657573,218383.21367199195,218383.21367199195,2.4048038716985793,0.5199600325523618,transient-slab
Li,5.422221006501592e+18,3.123083101657573,231491.85143782807,231491.85143782807,2.549154265311364,0.5511710748519716,transient-slab
Li,5.747694424835359e+18,3.123083101657573,245387.34631226037,245387.34631226037,2.7021694138263626,0.5842555864577629,transient-slab
Li,6.092704661368687e+18,3.123083101657573,260116.93006112226,260116.93006112226,2.8643694265112867,0.619326023955053,transient-slab
Li,6.458424430196991e+18,3.123083101657573,275730.6695770816,275730.6695770816,3.036305632634109,0.6565015942311466,transient-slab
Li,6.846096838574672e+18,3.123083101657573,292281.63706053596,292281.63706053596,3.2185624554700905,0.6959086596679428,transient-slab
Li,7.257039612324231e+18,3.123083101657573,309826.0904157598,309826.0904157598,3.4117593987976473,0.737681167656571,transient-slab
Li,7.692649574879161e+18,3.123083101657573,328423.6644754836,328423.6644754836,3.6165531526353334,0.7819611058940086,transient-slab
Li,8.154407395185187e+18,3.123083101657573,348137.5737038913,348137.5737038913,3.8336398253774764,0.828898985009265,transient-slab
Li,8.643882620598297e+18,3.123083101657573,369034.827067036,369034.827067036,4.063757309915628,0.8786543501596096,transient-slab
Li,9.162739011886769e+18,3.123083101657573,391186.4558010359,391186.4558010359,4.307687791788487,0.9313963233357998,transient-slab
Li,9.712740198471207e+18,3.123083101657573,414667.75485224905,414667.75485224905,4.566260407885635,0.9873041782196407,transient-slab
Li,1.0295755673125085e+19,3.123083101657573,439558.5388100959,439558.5388100959,4.840354064742192,1.0465679495478475,transient-slab
Li,1.0913767146512693e+19,3.123083101657573,465943.4132024849,465943.4132024849,5.130900426004185,1.1093890790535355,transient-slab
Li,1.1568875283162786e+19,3.123083101657573,493912.0620759401,493912.0620759401,5.4388870792186825,1.1759811001808096,transient-slab
Li,1.2263306841775593e+19,3.123083101657573,523559.5528380059,523559.5528380059,5.765360892713568,1.2465703639000139,transient-slab
Li,1.2999422244132422e+19,3.123083101657573,554986.659398059,554986.659398059,6.111431573976706,1.3213968080906169,transient-slab
Li,1.377972359833554e+19,3.123083101657573,588300.2047049238,588300.2047049238,6.47827544162984,1.4007147731069616,transient-slab
Li,1.460686320364986e+19,3.123083101657573,623613.4238455994,623613.4238455994,6.867139423818452,1.484793866299046,transient-slab
Li,1.548365256585496e+19,3.123083101657573,661046.3489392977,661046.3489392977,7.27934529660836,1.5739198784268993,transient-slab
Li,1.6413071953751267e+19,3.123083101657573,700726.2171350697,700726.2171350697,7.716294176795665,1.6683957550834994,transient-slab
Li,1.7398280529303622e+19,3.123083101657573,742787.9030998381,742787.9030998381,8.17947128440143,1.7685426264281858,transient-slab
Li,1.8442627085855328e+19,3.123083101657573,787374.3774668901,787374.3774668901,8.670450991039145,1.874700898730691,transient-slab
Li,1.9549661430912594e+19,3.123083101657573,834637.1928031307,834637.1928031307,9.190902171314743,1.9872314114360254,transient-slab
Li,2.0723146452190294e+19,3.123083101657573,884736.9987469323,884736.9987469323,9.74259387544893,2.106516663683172,transient-slab
Li,2.1967070907932353e+19,3.123083101657573,937844.0880675707,937844.0880675707,10.327401342403489,2.232962114446597,transient-slab
Li,2.3285662984981967e+19,3.123083101657573,994138.9755023434,994138.9755023434,10.947312373950597,2.3669975607198652,transient-slab
Li,2.468340467068651e+19,3.123083101657573,1053813.0113388759,1053813.0113388759,11.604434091351065,2.509078598425895,transient-slab
Li,2.6165046987488236e+19,3.123083101657573,1117069.0318282286,1117069.0318282286,12.301000097607934,2.659688171019592,transient-slab
Li,2.773562614198418e+19,3.123083101657573,1184122.0486396004,1184122.0486396004,13.039378069640396,2.819338211046668,transient-slab
Li,2.9400480643347137e+19,3.123083101657573,1255199.9797001372,1255199.9797001372,13.822077806184412,2.988571380238422,transient-slab
Li,3.1165269449294365e+19,3.123083101657573,1330544.4239040192,1330544.4239040192,14.651759758775396,3.1679629140571888,transient-slab
Li,3.303599120128346e+19,3.123083101657573,1410411.4823241225,1410411.4823241225,15.531244074810415,3.3581225769621965,transient-slab
Li,3.50190046143172e+19,3.123083101657573,1495072.6287176008,1495072.6287176008,16.46352018342777,3.5596967350419066,transient-slab
Li,3.712105009066372e+19,3.123083101657573,1584815.6322843123,1584815.6322843123,17.451756956787268,3.7733705530578865,transient-slab
Li,3.934927263095861e+19,3.123083101657573,1679945.5358145942,1679945.5358145942,18.499313481289843,3.999870323368082,transient-slab
Li,4.171124612056533e+19,3.123083101657573,1780785.6925511982,1780785.6925511982,19.609750475348868,4.239965934645711,transient-slab
Li,4.421499907374468e+19,3.123083101657573,1887678.8652897198,1887678.8652897198,20.786842392522672,4.494473488785047,transient-slab
Li,4.6869041923142115e+19,3.123083101657573,2000988.3914535646,2000988.3914535646,22.034590251148916,4.764258074889439,transient-slab
Li,4.9682395947343675e+19,3.123083101657573,2121099.4181032656,2121099.4181032656,23.357235234085792,5.05023670976968,transient-slab
Li,5.266462393484259e+19,3.123083101657573,2248420.2110786987,2248420.2110786987,24.759273104793817,5.353381454949282,transient-slab
Li,5.582586268862678e+19,3.123083101657573,2383383.542723248,2383383.542723248,26.245469488750487,5.674722720769638,transient-slab
Li,5.917685748188806e+19,3.123083101657573,2526448.162907565,2526448.162907565,27.82087607214787,6.015352768827536,transient-slab
Li,6.272899858196231e+19,3.123083101657573,2678100.3583526807,2678100.3583526807,29.490847772929627,6.376429424649239,transient-slab
Li,6.649435996665032e+19,3.123083101657573,2838855.6055528163,2838855.6055528163,31.261060942534286,6.759180013220991,transient-slab
Li,7.048574036451889e+19,3.123083101657573,3009260.3229163,3009260.3229163,33.13753266021358,7.164905530753095,transient-slab
Li,7.471670675868067e+19,3.123083101657573,3189893.7280802247,3189893.7280802247,35.1266411855087,7.594985066857678,transient-slab
Li,7.920164050192541e+19,3.123083101657573,3381369.806711991,3381369.806711991,37.23514763840365,8.050880492171407,transient-slab
Li,8.395578619995103e+19,3.123083101657573,3584339.399489841,3584339.399489841,39.47021898084841,8.534141427356765,transient-slab
Li,8.899530352885224e+19,3.123083101657573,3799492.4143561698,3799492.4143561698,41.83945237776736,9.046410510371834,transient-slab
Li,9.433732216299774e+19,3.123083101657573,4027560.1715632104,4027560.1715632104,44.35090102035798,9.589428979912405,transient-slab
Li,1e+20,3.123083101657573,4269317.889482086,4269317.889482086,47.013101499455,10.165042594004966,transient-slab
Li,1e+18,3.2816290676266258,45985.129866052375,45985.129866052375,0.5063814955509444,0.10948840444298184,transient-slab
Li,1.0600258488068824e+18,3.2816290676266258,48745.426318756894,48745.426318756894,0.5367774746414884,0.11606053885418308,transient-slab
Li,1.1236548001387516e+18,3.2816290676266258,51671.41190899362,51671.41190899362,0.5689979981772586,0.1230271712118896,transient-slab
Li,1.191103133283008e+18,3.2816290676266258,54773.03226788101,54773.03226788101,0.6031525859872654,0.13041198159019288,transient-slab
Li,1.2626001098748577e+18,3.2816290676266258,58060.83002148733,58060.83002148733,0.6393573319212171,0.13824007147973175,transient-slab
Li,1.3383887531737592e+18,3.2816290676266258,61545.98062595924,61545.98062595924,0.6777352984606919,0.14653804910942675,transient-slab
Li,1.418726674116599e+18,3.2816290676266258,65240.33035368438,65240.33035368438,0.7184169350171807,0.15533411988972473,transient-slab
Li,1.5038869469554132e+18,3.2816290676266258,69156.43655960569,69156.43655960569,0.7615405213388258,0.16465818228477544,transient-slab
Li,1.5941590374560028e+18,3.2816290676266258,73307.61036455534,73307.61036455534,0.8072526375330246,0.1745419294394175,transient-slab
Li,1.689849786812462e+18,3.2816290676266258,77707.961900692,77707.961900692,0.8557086623025392,0.18501895690640952,transient-slab
Li,1.7912844546220096e+18,3.2816290676266258,82372.44827283392,82372.44827283392,0.9070733010886509,0.19612487684008076,transient-slab
Li,1.898807824465269e+18,3.2816290676266258,87316.92439871178,87316.92439871178,0.961521145916558,0.20789743904455188,transient-slab
Li,2.0127853758499466e+18,3.2816290676266258,92558.19690095083,92558.19690095083,1.0192372688459657,0.2203766592879782,transient-slab
Li,2.133604526501402e+18,3.2816290676266258,98114.08123396417,98114.08123396417,1.0804178510440445,0.2336049553189623,transient-slab
Li,2.2616759492228552e+18,3.2816290676266258,104003.46223994027,104003.46223994027,1.145270849619071,0.24762729104747683,transient-slab
Li,2.3974349678010685e+18,3.2816290676266258,110246.35833974722,110246.35833974722,1.214016704481235,0.2624913293803506,transient-slab
Li,2.541343036702629e+18,3.2816290676266258,116863.98957695828,116863.98957695828,1.2868890876334556,0.27824759423085305,transient-slab
Li,2.693889309590164e+18,3.2816290676266258,123878.84974627386,123878.84974627386,1.364135697438968,0.294949642253033,transient-slab
Li,2.8555923019901005e+18,3.2816290676266258,131314.78285151423,131314.78285151423,1.446019100565511,0.3126542448845577,transient-slab
Li,3.0270016537634555e+18,3.2816290676266258,139197.06415306783,139197.06415306783,1.5328176244679208,0.33142158131682814,transient-slab
Li,3.208699997370444e+18,3.2816290676266258,147552.48608028176,147552.48608028176,1.6248263034427564,0.3513154430482899,transient-slab
Li,3.401304938279246e+18,3.2816290676266258,156409.44930081637,156409.44930081637,1.7223578814706568,0.37240345071622943,transient-slab
Li,3.6054711542504986e+18,3.2816290676266258,165798.0592565149,165798.0592565149,1.8257438752551567,0.39475728394408316,transient-slab
Li,3.821892620633115e+18,3.2816290676266258,175750.22849392102,175750.22849392102,1.9353357010713146,0.4184529249855263,transient-slab
Li,4.051304969235378e+18,3.2816290676266258,186299.78513727218,186299.78513727218,2.0515058692543833,0.4435709169935052,transient-slab
Li,4.294487988789272e+18,3.2816290676266258,197482.58787267676,197482.58787267676,2.1746492503886787,0.47019663779208754,transient-slab
Li,4.5522682755073096e+18,3.2816290676266258,209336.64783431392,209336.64783431392,2.30518441750051,0.49842059008169975,transient-slab
Li,4.825522042741279e+18,3.2816290676266258,221902.257806956,221902.257806956,2.443555068817376,0.528338709064181,transient-slab
Li,5.115178099293145e+18,3.2816290676266258,235222.12918398227,235222.12918398227,2.5902315359295,0.5600526885332912,transient-slab
Li,5.422221006501592e+18,3.2816290676266258,249341.53714641294,249341.53714641294,2.7457123824800234,0.5936703265390784,transient-slab
Li,5.747694424835359e+18,3.2816290676266258,264308.4745564392,264308.4745564392,2.910526098817954,0.6293058918010457,transient-slab
Li,6.092704661368687e+18,3.2816290676266258,280173.8150885417,280173.8150885417,3.0852328983740853,0.6670805121155755,transient-slab
Li,6.458424430196991e+18,3.2816290676266258,296991.486152694,296991.486152694,3.270426621865908,0.7071225860778428,transient-slab
Li,6.846096838574672e+18,3.2816290676266258,314818.65219742694,314818.65219742694,3.466736755804035,0.7495682195176832,transient-slab
Li,7.257039612324231e+18,3.2816290676266258,333715.90901581617,333715.90901581617,3.67483057216119,0.7945616881328956,transient-slab
Li,7.692649574879161e+18,3.2816290676266258,353747.4897148508,353747.4897148508,3.895415396476645,0.8422559278925018,transient-slab
Li,8.154407395185187e+18,3.2816290676266258,374981.48304828873,374981.48304828873,4.129241012105556,0.8928130548768779,transient-slab
Li,8.643882620598297e+18,3.2816290676266258,397490.0648551258,397490.0648551258,4.377102208785382,0.9464049163217282,transient-slab
Li,9.162739011886769e+18,3.2816290676266258,421349.74339035753,421349.74339035753,4.639841484182204,1.0032136747389464,transient-slab
Li,9.712740198471207e+18,3.2816290676266258,446641.61938192585,446641.61938192585,4.918351907599626,1.0634324270998234,transient-slab
Li,1.0295755673125085e+19,3.2816290676266258,473451.66169780254,473451.66169780254,5.213580155584201,1.1272658611852442,transient-slab
Li,1.0913767146512693e+19,3.2816290676266258,501870.99956024205,501870.99956024205,5.526529729745859,1.1949309513339097,transient-slab
Li,1.1568875283162786e+19,3.2816290676266258,531996.2323004041,531996.2323004041,5.858264367730325,1.2666576959533433,transient-slab
Li,1.2263306841775593e+19,3.2816290676266258,563929.7577062992,563929.7577062992,6.209911658938451,1.3426898993007124,transient-slab
Li,1.2999422244132422e+19,3.2816290676266258,597780.1200800794,597780.1200800794,6.582666877281989,1.4232860001906653,transient-slab
Li,1.377972359833554e+19,3.2816290676266258,633662.3791877663,633662.3791877663,6.9777970440037915,1.5087199504470628,transient-slab
Li,1.460686320364986e+19,3.2816290676266258,671698.5013555007,671698.5013555007,7.396645234372275,1.5992821460845255,transient-slab
Li,1.548365256585496e+19,3.2816290676266258,712017.7740416755,712017.7740416755,7.8406351428888525,1.6952804143849416,transient-slab
Li,1.6413071953751267e+19,3.2816290676266258,754757.245294114,754757.245294114,8.311275922525827,1.797041060224081,transient-slab
Li,1.7398280529303622e+19,3.2816290676266258,800062.1895860375,800062.1895860375,8.810167314443644,1.9049099752048515,transient-slab
Li,1.8442627085855328e+19,3.2816290676266258,848086.6016142323,848086.6016142323,9.339005085623775,2.0192538133672198,transient-slab
Li,1.9549661430912594e+19,3.2816290676266258,898993.7197378711,898993.7197378711,9.899586792900136,2.1404612374711216,transient-slab
Li,2.0723146452190294e+19,3.2816290676266258,952956.5808371931,952956.5808371931,10.493817892981365,2.2689442400885547,transient-slab
Li,2.1967070907932353e+19,3.2816290676266258,1010158.6084780502,1010158.6084780502,11.123718219232426,2.4051395439953573,transient-slab
Li,2.3285662984981967e+19,3.2816290676266258,1070794.2363815245,1070794.2363815245,11.791428847230433,2.5495100866226776,transient-slab
Li,2.468340467068651e+19,3.2816290676266258,1135069.569317843,1135069.569317843,12.499219372431401,2.702546593613912,transient-slab
Li,2.6165046987488236e+19,3.2816290676266258,1203203.0836710087,1203203.0836710087,13.249495624685022,2.8647692468357353,transient-slab
Li,2.773562614198418e+19,3.2816290676266258,1275426.3700554196,1275426.3700554196,14.044807845819816,3.036729452512904,transient-slab
Li,2.9400480643347137e+19,3.2816290676266258,1351984.9205086771,1351984.9205086771,14.887859358094714,3.2190117154968503,transient-slab
Li,3.1165269449294365e+19,3.2816290676266258,1433138.9629363162,1433138.9629363162,15.78151575298184,3.4122356260388482,transient-slab
Li,3.303599120128346e+19,3.2816290676266258,1519164.3456447835,1519164.3456447835,16.728814631513757,3.617057965820913,transient-slab
Li,3.50190046143172e+19,3.2816290676266258,1610353.4749692637,1610353.4749692637,17.732975929303365,3.8341749404030088,transient-slab
Li,3.712105009066372e+19,3.2816290676266258,1707016.3091834066,1707016.3091834066,18.797412861331814,4.064324545674778,transient-slab
Li,3.934927263095861e+19,3.2816290676266258,1809481.412069332,1809481.412069332,19.92574352370666,4.308289076355552,transient-slab
Li,4.171124612056533e+19,3.2816290676266258,1918097.0697290702,1918097.0697290702,21.121803191825396,4.566897785069214,transient-slab
Li,4.421499907374468e+19,3.2816290676266258,2033232.4744335348,2033232.4744335348,22.38965735674645,4.841029701032225,transient-slab
Li,4.6869041923142115e+19,3.2816290676266258,2155278.9795331433,2155278.9795331433,23.733615544080614,5.131616617936056,transient-slab
Li,4.9682395947343675e+19,3.2816290676266258,2284651.4296952332,2284651.4296952332,25.15824596237007,5.439646261179127,transient-slab
Li,5.266462393484259e+19,3.2816290676266258,2421789.570990547,2421789.570990547,26.668391030753654,5.7661656452155885,transient-slab
Li,5.582586268862678e+19,3.2816290676266258,2567159.5456209104,2567159.5456209104,28.26918383868849,6.112284632430739,transient-slab
Li,5.917685748188806e+19,3.2816290676266258,2721255.476369496,2721255.476369496,29.96606559368357,6.479179705641657,transient-slab
Li,6.272899858196231e+19,3.2816290676266258,2884601.1461589523,2884601.1461589523,31.764804116347147,6.8680979670451245,transient-slab
Li,6.649435996665032e+19,3.2816290676266258,3057751.778426449,3057751.778426449,33.671513445615226,7.28036137720583,transient-slab
Li,7.048574036451889e+19,3.2816290676266258,3241295.924367251,3241295.924367251,35.69267462080064,7.717371248493455,transient-slab
Li,7.471670675868067e+19,3.2816290676266258,3435857.463461684,3435857.463461684,37.83515771110207,8.180613008242105,transient-slab
Li,7.920164050192541e+19,3.2816290676266258,3642097.7240854343,3642097.7240854343,40.106245167453245,8.671661247822463,transient-slab
Li,8.395578619995103e+19,3.2816290676266258,3860717.731411276,3860717.731411276,42.51365657608654,9.192185074788753,transient-slab
Li,8.899530352885224e+19,3.2816290676266258,4092460.5902430196,4092460.5902430196,45.065574897950434,9.743953786292904,transient-slab
Li,9.433732216299774e+19,3.2816290676266258,4338114.010881072,4338114.010881072,47.770674283170045,10.328842883050172,transient-slab
Li,1e+20,3.2816290676266258,4598512.986605237,4598512.986605237,50.63814955509443,10.948840444298185,transient-slab
Li,1e+18,3.44822375420504,49530.91391969946,49530.91391969946,0.5454271487265812,0.11793074742785585,transient-slab
Li,1.0600258488068824e+18,3.44822375420504,52504.049069910056,52504.049069910056,0.578166876291212,0.125009640642643,transient-slab
Li,1.1236548001387516e+18,3.44822375420504,55655.6491811296,55655.6491811296,0.6128718337926157,0.13251345043126095,transient-slab
Li,1.191103133283008e+18,3.44822375420504,58996.42676412498,58996.42676412498,0.649659985825848,0.14046768277172617,transient-slab
Li,1.2626001098748577e+18,3.44822375420504,62537.73735721466,62537.73735721466,0.6886563779109117,0.14889937466003492,transient-slab
Li,1.3383887531737592e+18,3.44822375420504,66291.61812454335,66291.61812454335,0.7299935615312876,0.1578371860108175,transient-slab
Li,1.418726674116599e+18,3.44822375420504,70270.82877125077,70270.82877125077,0.7738120446857621,0.1673114970744066,transient-slab
Li,1.5038869469554132e+18,3.44822375420504,74488.8949146082,74488.8949146082,0.8202607694850143,0.17735451170144811,transient-slab
Li,1.5941590374560028e+18,3.44822375420504,78960.15405854423,78960.15405854423,0.8694976184163389,0.1880003668060577,transient-slab
Li,1.689849786812462e+18,3.44822375420504,83699.80432783054,83699.80432783054,0.9216899509973423,0.19928524839959652,transient-slab
Li,1.7912844546220096e+18,3.44822375420504,88723.95612757854,88723.95612757854,0.9770151726427316,0.21124751458947272,transient-slab
Li,1.898807824465269e+18,3.44822375420504,94049.68690364104,94049.68690364104,1.0356613376778143,0.22392782596105007,transient-slab
Li,2.0127853758499466e+18,3.44822375420504,99695.09919005363,99695.09919005363,1.0978277885483965,0.237369283785842,transient-slab
Li,2.133604526501402e+18,3.44822375420504,105679.38214082207,105679.38214082207,1.163725833399787,0.25161757652576683,transient-slab
Li,2.2616759492228552e+18,3.44822375420504,112022.87675521181,112022.87675521181,1.233579464328106,0.2667211351314567,transient-slab
Li,2.3974349678010685e+18,3.44822375420504,118747.14501823216,118747.14501823216,1.3076261187451397,0.2827312976624575,transient-slab
Li,2.541343036702629e+18,3.44822375420504,125875.04319134555,125875.04319134555,1.3861174864448664,0.29970248378891795,transient-slab
Li,2.693889309590164e+18,3.44822375420504,133430.799502509,133430.799502509,1.4693203651147815,0.3176923797678786,transient-slab
Li,2.8555923019901005e+18,3.44822375420504,141440.0964996281,141440.0964996281,1.557517567200035,0.33676213452292403,transient-slab
Li,3.0270016537634555e+18,3.44822375420504,149930.15834734563,149930.15834734563,1.6510088812028476,0.35697656749368006,transient-slab
Li,3.208699997370444e+18,3.44822375420504,158929.84336389534,158929.84336389534,1.7501120906847498,0.37840438896165557,transient-slab
Li,3.401304938279246e+18,3.44822375420504,168469.742112558,168469.742112558,1.855164054435289,0.40111843360132854,transient-slab
Li,3.6054711542504986e+18,3.44822375420504,178582.28138114087,178582.28138114087,1.9665218514787848,0.4251959080503354,transient-slab
Li,3.821892620633115e+18,3.44822375420504,189301.83440291343,189301.83440291343,2.0845639948110817,0.4507186533402701,transient-slab
Li,4.051304969235378e+18,3.44822375420504,200664.83769364818,200664.83769364818,2.209691717991882,0.4777734230801147,transient-slab
Li,4.294487988789272e+18,3.44822375420504,212709.91490190467,212709.91490190467,2.3423303389658825,0.5064521783378683,transient-slab
Li,4.5522682755073096e+18,3.44822375420504,225478.00809353124,225478.00809353124,2.4829307057484225,0.5368524002226934,transient-slab
Li,4.825522042741279e+18,3.44822375420504,239012.51691663056,239012.51691663056,2.6319707288896432,0.5690774212300728,transient-slab
Li,5.115178099293145e+18,3.44822375420504,253359.44612002064,253359.44612002064,2.7899570059261127,0.6032367764762396,transient-slab
Li,5.422221006501592e+18,3.44822375420504,268567.56192661653,268567.56192661653,2.9574265433415365,0.6394465760157537,transient-slab
Li,5.747694424835359e+18,3.44822375420504,284688.5577932567,284688.5577932567,3.1349485818896174,0.6778298995077541,transient-slab
Li,6.092704661368687e+18,3.44822375420504,301777.23012040404,301777.23012040404,3.323126531483473,0.7185172145723906,transient-slab
Li,6.458424430196991e+18,3.44822375420504,319891.66450897115,319891.66450897115,3.5226000222284393,0.7616468202594551,transient-slab
Li,6.846096838574672e+18,3.44822375420504,339093.43319736875,339093.43319736875,3.7340470785698456,0.8073653171365923,transient-slab
Li,7.257039612324231e+18,3.44822375420504,359447.8043498806,359447.8043498806,3.9581864239458593,0.8558281055949538,transient-slab
Li,7.692649574879161e+18,3.44822375420504,381023.9639077524,381023.9639077524,4.195779923779089,0.9071999140660773,transient-slab
Li,8.154407395185187e+18,3.44822375420504,403895.2507570782,403895.2507570782,4.447635175110804,0.9616553589454243,transient-slab
Li,8.643882620598297e+18,3.44822375420504,428139.40601284045,428139.40601284045,4.714608251680178,1.0193795381258106,transient-slab
Li,9.162739011886769e+18,3.44822375420504,453838.8372664357,453838.8372664357,4.997606613779213,1.0805686601581803,transient-slab
Li,9.712740198471207e+18,3.44822375420504,481080.89869488194,481080.89869488194,5.297592192774198,1.1454307111782904,transient-slab
Li,1.0295755673125085e+19,3.44822375420504,509958.1879838159,509958.1879838159,5.615584660778137,1.2141861618662282,transient-slab
Li,1.0913767146512693e+19,3.44822375420504,540568.8610735643,540568.8610735643,5.952664896588256,1.2870687168418198,transient-slab
Li,1.1568875283162786e+19,3.44822375420504,573016.9657980747,573016.9657980747,6.309978659668899,1.3643261090430352,transient-slab
Li,1.2263306841775593e+19,3.44822375420504,607412.7955508484,607412.7955508484,6.688740484668838,1.4462209417877343,transient-slab
Li,1.2999422244132422e+19,3.44822375420504,643873.2641799493,643873.2641799493,7.090237809710041,1.5330315813808315,transient-slab
Li,1.377972359833554e+19,3.44822375420504,682522.303386409,682522.303386409,7.51583535248054,1.6250531033009736,transient-slab
Li,1.460686320364986e+19,3.44822375420504,723491.2839768067,723491.2839768067,7.966979749005958,1.722598295182873,transient-slab
Li,1.548365256585496e+19,3.44822375420504,766919.4624018957,766919.4624018957,8.445204470867283,1.8259987200045136,transient-slab
Li,1.6413071953751267e+19,3.44822375420504,812954.4540990874,812954.4540990874,8.95213503757877,1.9356058430930654,transient-slab
Li,1.7398280529303622e+19,3.44822375420504,861752.7352477208,861752.7352477208,9.489494541843268,2.0517922267802877,transient-slab
Li,1.8442627085855328e+19,3.44822375420504,913480.1746426178,913480.1746426178,10.059109506465687,2.1749527967681375,transient-slab
Li,1.9549661430912594e+19,3.44822375420504,968312.5974938001,968312.5974938001,10.66291609283267,2.305506184509048,transient-slab
Li,2.0723146452190294e+19,3.44822375420504,1026436.3830687628,1026436.3830687628,11.30296668206152,2.443896150163721,transient-slab
Li,2.1967070907932353e+19,3.44822375420504,1088049.0982087317,1088049.0982087317,11.981436851188175,2.590593090973171,transient-slab
Li,2.3285662984981967e+19,3.44822375420504,1153360.1688722738,1153360.1688722738,12.700632768106805,2.7460956401720806,transient-slab
Li,2.468340467068651e+19,3.44822375420504,1222591.5919888814,1222591.5919888814,13.462999030396922,2.910932361878289,transient-slab
Li,2.6165046987488236e+19,3.44822375420504,1295978.6900421714,1295978.6900421714,14.27112697468273,3.085663547719456,transient-slab
Li,2.773562614198418e+19,3.44822375420504,1373770.9109475845,1373770.9109475845,15.12776348476886,3.270883121303773,transient-slab
Li,2.9400480643347137e+19,3.44822375420504,1456232.6759434172,1456232.6759434172,16.03582032849187,3.467220657008136,transient-slab
Li,3.1165269449294365e+19,3.44822375420504,1543644.2783772384,1543644.2783772384,16.998384055024253,3.6753435199458058,transient-slab
Li,3.303599120128346e+19,3.44822375420504,1636302.8364427201,1636302.8364427201,18.018726486272463,3.895959134387429,transient-slab
Li,3.50190046143172e+19,3.44822375420504,1734523.3031053033,1734523.3031053033,19.10031583803002,4.129817388345961,transient-slab
Li,3.712105009066372e+19,3.44822375420504,1838639.5366495168,1838639.5366495168,20.24682850868731,4.37771318249885,transient-slab
Li,3.934927263095861e+19,3.44822375420504,1949005.4354867968,1949005.4354867968,21.462161575568654,4.640489132111421,transient-slab
Li,4.171124612056533e+19,3.44822375420504,2065996.1410811194,2065996.1410811194,22.75044604137262,4.919038431145523,transient-slab
Li,4.421499907374468e+19,3.44822375420504,2190009.313081239,2190009.313081239,24.116060875740985,5.214307888288665,transient-slab
Li,4.6869041923142115e+19,3.44822375420504,2321466.4809939377,2321466.4809939377,25.563647899686007,5.527301145223662,transient-slab
Li,4.9682395947343675e+19,3.44822375420504,2460814.4769923044,2460814.4769923044,27.098127563464708,5.859082088076915,transient-slab
Li,5.266462393484259e+19,3.44822375420504,2608526.9547300325,2608526.9547300325,28.72471567153886,6.210778463642935,transient-slab
Li,5.582586268862678e+19,3.44822375420504,2765105.9993233345,2765105.9993233345,30.448941111459334,6.583585712674606,transient-slab
Li,5.917685748188806e+19,3.44822375420504,2931083.833973721,2931083.833973721,32.27666464694546,6.978771033270765,transient-slab
Li,6.272899858196231e+19,3.44822375420504,3107024.629032125,3107024.629032125,34.21409883903346,7.397677688171727,transient-slab
Li,6.649435996665032e+19,3.44822375420504,3293526.419653667,3293526.419653667,36.26782916300901,7.841729570603969,transient-slab
Li,7.048574036451889e+19,3.44822375420504,3491223.138561271,3491223.138561271,38.444836392901635,8.312436044193504,transient-slab
Li,7.471670675868067e+19,3.44822375420504,3700786.770827639,3700786.770827639,40.752520329627274,8.81139707339914,transient-slab
Li,7.920164050192541e+19,3.44822375420504,3922929.6379998494,3922929.6379998494,43.19872495343289,9.340308661904404,transient-slab
Li,8.395578619995103e+19,3.44822375420504,4158406.8193304664,4158406.8193304664,45.79176508613775,9.900968617453492,transient-slab
Li,8.899530352885224e+19,3.44822375420504,4408018.718345106,4408018.718345106,48.54045465379853,10.495282662726442,transient-slab
Li,9.433732216299774e+19,3.44822375420504,4672613.783470396,4672613.783470396,51.454136645864764,11.125270913024751,transient-slab
Li,1e+20,3.44822375420504,4953091.391969946,4953091.391969946,54.542714872658124,11.793074742785587,transient-slab
Li,1e+18,3.623275761530016,53350.10341096779,53350.10341096779,0.5874835024220966,0.1270240557403995,transient-slab
Li,1.0600258488068824e+18,3.623275761530016,56552.488652146094,56552.488652146094,0.6227476983150232,0.13464878250510975,transient-slab
Li,1.1236548001387516e+18,3.623275761530016,59947.09978563275,59947.09978563275,0.6601286574989149,0.1427311899657923,transient-slab
Li,1.191103133283008e+18,3.623275761530016,63545.475333776245,63545.475333776245,0.699753440487035,0.15129875079470534,transient-slab
Li,1.2626001098748577e+18,3.623275761530016,67359.84642852297,67359.84642852297,0.7417567347078057,0.1603805867345785,transient-slab
Li,1.3383887531737592e+18,3.623275761530016,71403.17838589632,71403.17838589632,0.7862813123168633,0.17000756758546742,transient-slab
Li,1.418726674116599e+18,3.623275761530016,75689.21477601897,75689.21477601897,0.8334785154896721,0.1802124161333785,transient-slab
Li,1.5038869469554132e+18,3.623275761530016,80232.52413847594,80232.52413847594,0.8835087708442402,0.1910298193773237,transient-slab
Li,1.5941590374560028e+18,3.623275761530016,85048.54950180666,85048.54950180666,0.9365421347424912,0.202496546432873,transient-slab
Li,1.689849786812462e+18,3.623275761530016,90153.66087544675,90153.66087544675,0.9927588713238187,0.21465157351296846,transient-slab
Li,1.7912844546220096e+18,3.623275761530016,95565.21089254327,95565.21089254327,1.0523500652355935,0.2275362164108173,transient-slab
Li,1.898807824465269e+18,3.623275761530016,101301.59379277688,101301.59379277688,1.1155182711433378,0.24119427093518306,transient-slab
Li,2.0127853758499466e+18,3.623275761530016,107382.30794567833,107382.30794567833,1.182478202228303,0.25567216177542457,transient-slab
Li,2.133604526501402e+18,3.623275761530016,113828.02212695878,113828.02212695878,1.2534574600126829,0.2710191003022828,transient-slab
Li,2.2616759492228552e+18,3.623275761530016,120660.64577313808,120660.64577313808,1.3286973079932631,0.28728725184080495,transient-slab
Li,2.3974349678010685e+18,3.623275761530016,127903.40345325726,127903.40345325726,1.4084534917129785,0.3045319129839459,transient-slab
Li,2.541343036702629e+18,3.623275761530016,135580.9138108282,135580.9138108282,1.4929971080580677,0.32281169954959094,transient-slab
Li,2.693889309590164e+18,3.623275761530016,143719.2732443359,143719.2732443359,1.5826155267354736,0.34218874581984743,transient-slab
Li,2.8555923019901005e+18,3.623275761530016,152346.14461073544,152346.14461073544,1.6776133670627218,0.36272891573984634,transient-slab
Li,3.0270016537634555e+18,3.623275761530016,161490.8512534509,161490.8512534509,1.7783135333904339,0.38450202679393075,transient-slab
Li,3.208699997370444e+18,3.623275761530016,171184.47667448528,171184.47667448528,1.8850583126769607,0.40758208732020307,transient-slab
Li,3.401304938279246e+18,3.623275761530016,181459.9701894332,181459.9701894332,1.9982105379458646,0.43204754807007906,transient-slab
Li,3.6054711542504986e+18,3.623275761530016,192352.2589245255,192352.2589245255,2.118154821580922,0.45798156886791785,transient-slab
Li,3.821892620633115e+18,3.623275761530016,203898.3665363914,203898.3665363914,2.245298862650708,0.4854723012771224,transient-slab
Li,4.051304969235378e+18,3.623275761530016,216137.53905807517,216137.53905807517,2.3800748327064447,0.5146131882335123,transient-slab
Li,4.294487988789272e+18,3.623275761530016,229111.37829906677,229111.37829906677,2.5229408447635473,0.5455032816644447,transient-slab
Li,4.5522682755073096e+18,3.623275761530016,242863.983252783,242863.983252783,2.674382510460032,0.5782475791732928,transient-slab
Li,4.825522042741279e+18,3.623275761530016,257442.09999215178,257442.09999215178,2.834914590684677,0.6129573809336947,transient-slab
Li,5.115178099293145e+18,3.623275761530016,272895.280562807,272895.280562807,3.00508274528554,0.6497506680066834,transient-slab
Li,5.422221006501592e+18,3.623275761530016,289276.0514139818,289276.0514139818,3.1854653878062216,0.6887525033666234,transient-slab
Li,5.747694424835359e+18,3.623275761530016,306640.0919396095,306640.0919396095,3.376675651554235,0.7300954569990703,transient-slab
Li,6.092704661368687e+18,3.623275761530016,325046.423736505,325046.423736505,3.5793634736843107,0.7739200565154881,transient-slab
Li,6.458424430196991e+18,3.623275761530016,344557.61122293025,344557.61122293025,3.7942178043805628,0.8203752648165006,transient-slab
Li,6.846096838574672e+18,3.623275761530016,365239.97429945844,365239.97429945844,4.021968948646691,0.869618986427282,transient-slab
Li,7.257039612324231e+18,3.623275761530016,387163.81377498736,387163.81377498736,4.2633910486641335,0.9218186042261605,transient-slab
Li,7.692649574879161e+18,3.623275761530016,410403.65032414073,410403.65032414073,4.519304715155863,0.9771515483908113,transient-slab
Li,8.154407395185187e+18,3.623275761530016,435038.47778829036,435038.47778829036,4.790579816700041,1.0358058994959296,transient-slab
Li,8.643882620598297e+18,3.623275761530016,461152.03168118646,461152.03168118646,5.078138436474578,1.0979810278123487,transient-slab
Li,9.162739011886769e+18,3.623275761530016,488833.07381186815,488833.07381186815,5.382958006482821,1.1638882709806384,transient-slab
Li,9.712740198471207e+18,3.623275761530016,518175.69399230287,518175.69399230287,5.706074629913757,1.233751652362626,transient-slab
Li,1.0295755673125085e+19,3.623275761530016,549279.6298552817,549279.6298552817,6.0485866029296975,1.3078086425125754,transient-slab
Li,1.0913767146512693e+19,3.623275761530016,582250.6058696752,582250.6058696752,6.411658147852489,1.3863109663563695,transient-slab
Li,1.1568875283162786e+19,3.623275761530016,617200.692705324,617200.692705324,6.7965233704368995,1.4695254588222,transient-slab
Li,1.2263306841775593e+19,3.623275761530016,654248.6881691568,654248.6881691568,7.204490454683187,1.5577349718313256,transient-slab
Li,1.2999422244132422e+19,3.623275761530016,693520.5210072999,693520.5210072999,7.636946109446629,1.6512393357316664,transient-slab
Li,1.377972359833554e+19,3.623275761530016,735149.6789457543,735149.6789457543,8.09536028195858,1.7503563784422722,transient-slab
Li,1.460686320364986e+19,3.623275761530016,779277.6624245803,779277.6624245803,8.581291154280667,1.8554230057728103,transient-slab
Li,1.548365256585496e+19,3.623275761530016,826054.465567859,826054.465567859,9.096390439675355,1.9667963465901406,transient-slab
Li,1.6413071953751267e+19,3.623275761530016,875639.0860242853,875639.0860242853,9.642408996895679,2.084854966724489,transient-slab
Li,1.7398280529303622e+19,3.623275761530016,928200.0654113757,928200.0654113757,10.221202781477462,2.210000155741371,transient-slab
Li,1.8442627085855328e+19,3.623275761530016,983916.0622002976,983916.0622002976,10.834739154262916,2.3426572909530896,transient-slab
Li,1.9549661430912594e+19,3.623275761530016,1042976.4589885956,1042976.4589885956,11.485103568598708,2.4832772833061805,transient-slab
Li,2.0723146452190294e+19,3.623275761530016,1105582.0062249827,1105582.0062249827,12.174506658938801,2.6323381100594823,transient-slab
Li,2.1967070907932353e+19,3.623275761530016,1171945.5045742535,1171945.5045742535,12.905291754946647,2.790346439462508,transient-slab
Li,2.3285662984981967e+19,3.623275761530016,1242292.528241733,1242292.528241733,13.679942846637783,2.9578393529565075,transient-slab
Li,2.468340467068651e+19,3.623275761530016,1316862.191715891,1316862.191715891,14.501093027636852,3.135386170752122,transient-slab
Li,2.6165046987488236e+19,3.623275761530016,1395907.962535329,1395907.962535329,15.37153344524832,3.3235903869888785,transient-slab
Li,2.773562614198418e+19,3.623275761530016,1479698.522842798,1479698.522842798,16.294222787762735,3.5230917210542807,transient-slab
Li,2.9400480643347137e+19,3.623275761530016,1568518.682654727,1568518.682654727,17.272297341246638,3.7345682920350645,transient-slab
Li,3.1165269449294365e+19,3.623275761530016,1662670.34795053,1662670.34795053,18.309081649999822,3.958738923691738,transient-slab
Li,3.303599120128346e+19,3.623275761530016,1762473.5468722952,1762473.5468722952,19.40809981691558,4.196365587791179,transient-slab
Li,3.50190046143172e+19,3.623275761530016,1868267.517522981,1868267.517522981,20.573087482154634,4.448255994102336,transient-slab
Li,3.712105009066372e+19,3.623275761530016,1980411.8610606252,1980411.8610606252,21.808004520849213,4.715266335858631,transient-slab
Li,3.934927263095861e+19,3.623275761530016,2099287.764008007,2099287.764008007,23.11704850299752,4.9983042000190645,transient-slab
Li,4.171124612056533e+19,3.623275761530016,2225299.29393249,2225299.29393249,24.504668961299817,5.298331652220214,transient-slab
Li,4.421499907374468e+19,3.623275761530016,2358874.7729001245,2358874.7729001245,25.975582515433288,5.616368506905059,transient-slab
Li,4.6869041923142115e+19,3.623275761530016,2500468.2333726166,2500468.2333726166,27.534788904175606,5.953495793744326,transient-slab
Li,4.9682395947343675e+19,3.623275761530016,2650560.961495433,2650560.961495433,29.187587979866848,6.310859432131983,transient-slab
Li,5.266462393484259e+19,3.623275761530016,2809663.133023582,2809663.133023582,30.93959772298391,6.689674126246624,transient-slab
Li,5.582586268862678e+19,3.623275761530016,2978315.5474447277,2978315.5474447277,32.79677333804951,7.091227493916018,transient-slab
Li,5.917685748188806e+19,3.623275761530016,3157091.466194832,3157091.466194832,34.76542749579286,7.516884443321029,transient-slab
Li,6.272899858196231e+19,3.623275761530016,3346598.5612141415,3346598.5612141415,36.852251790361954,7.968091812414624,transient-slab
Li,6.649435996665032e+19,3.623275761530016,3547480.980466912,3547480.980466912,39.06433948452339,8.446383286825982,transient-slab
Li,7.048574036451889e+19,3.623275761530016,3760421.53744571,3760421.53744571,41.40920962016211,8.953384612965976,transient-slab
Li,7.471670675868067e+19,3.623275761530016,3986144.032102571,3986144.032102571,43.89483257603447,9.49081912405374,transient-slab
Li,7.920164050192541e+19,3.623275761530016,4225415.711096017,4225415.711096017,46.52965715964693,10.060513597847658,transient-slab
Li,8.395578619995103e+19,3.623275761530016,4479049.875716491,4479049.875716491,49.322639325347964,10.664404465991645,transient-slab
Li,8.899530352885224e+19,3.623275761530016,4747908.646354735,4747908.646354735,52.28327261624769,11.304544396082703,transient-slab
Li,9.433732216299774e+19,3.623275761530016,5032905.892909713,5032905.892909713,55.42162043343959,11.983109268832651,transient-slab
Li,1e+20,3.623275761530016,5335010.341096779,5335010.341096779,58.74835024220966,12.70240557403995,transient-slab
Li,1e+18,3.8072144326717283,57463.77986433545,57463.77986433545,0.6327827032884796,0.13681852348651297,transient-slab
Li,1.0600258488068824e+18,3.8072144326717283,60913.09202634402,60913.09202634402,0.6707660221636843,0.1450311714912953,transient-slab
Li,1.1236548001387516e+18,3.8072144326717283,64569.45207867706,64569.45207867706,0.7110293219948756,0.1537367906635168,transient-slab
Li,1.191103133283008e+18,3.8072144326717283,68445.28824669497,68445.28824669497,0.7537094605742,0.1629649720159404,transient-slab
Li,1.2626001098748577e+18,3.8072144326717283,72553.77477053455,72553.77477053455,0.7989515106989437,0.17274708278698703,transient-slab
Li,1.3383887531737592e+18,3.8072144326717283,76908.87668527928,76908.87668527928,0.846909253284189,0.18311637306018877,transient-slab
Li,1.418726674116599e+18,3.8072144326717283,81525.39728909702,81525.39728909702,0.8977457000749755,0.19410808878356434,transient-slab
Li,1.5038869469554132e+18,3.8072144326717283,86419.02846069336,86419.02846069336,0.9516336477347045,0.2057595915730794,transient-slab
Li,1.5941590374560028e+18,3.8072144326717283,91606.40399711262,91606.40399711262,1.00875626519317,0.218110485707411,transient-slab
Li,1.689849786812462e+18,3.8072144326717283,97105.1561531855,97105.1561531855,1.0693077162506508,0.23120275274567975,transient-slab
Li,1.7912844546220096e+18,3.8072144326717283,102933.97557480531,102933.97557480531,1.133493819554345,0.24508089422572696,transient-slab
Li,1.898807824465269e+18,3.8072144326717283,109112.67482974989,109112.67482974989,1.2015327481904494,0.2597920829279759,transient-slab
Li,2.0127853758499466e+18,3.8072144326717283,115662.25575199499,115662.25575199499,1.2736557712698475,0.27538632321903567,transient-slab
Li,2.133604526501402e+18,3.8072144326717283,122604.98082842623,122604.98082842623,1.3501080400280938,0.29191662102006244,transient-slab
Li,2.2616759492228552e+18,3.8072144326717283,129964.44887060404,129964.44887060404,1.4311494211117763,0.30943916397762866,transient-slab
Li,2.3974349678010685e+18,3.8072144326717283,137765.67522878072,137765.67522878072,1.5170553798834892,0.3280135124494779,transient-slab
Li,2.541343036702629e+18,3.8072144326717283,146035.1768208416,146035.1768208416,1.608117916748043,0.34770280195438474,transient-slab
Li,2.693889309590164e+18,3.8072144326717283,154801.06226517577,154801.06226517577,1.7046465596824,0.368573957774228,transient-slab
Li,2.8555923019901005e+18,3.8072144326717283,164093.12742385,164093.12742385,1.806969416343068,0.3906979224377381,transient-slab
Li,3.0270016537634555e+18,3.8072144326717283,173942.95668084253,173942.95668084253,1.9154342893271377,0.4141498968591489,transient-slab
Li,3.208699997370444e+18,3.8072144326717283,184384.03029958886,184384.03029958886,2.0304098583778067,0.43900959595140204,transient-slab
Li,3.401304938279246e+18,3.8072144326717283,195451.83822475563,195451.83822475563,2.1522869335527965,0.4653615195827515,transient-slab
Li,3.6054711542504986e+18,3.8072144326717283,207184.00071506205,207184.00071506205,2.281479783615265,0.49329523979776685,transient-slab
Li,3.821892620633115e+18,3.8072144326717283,219620.39621718944,219620.39621718944,2.4184275441625145,0.5229057052790225,transient-slab
Li,4.051304969235378e+18,3.8072144326717283,232803.29691543005,232803.29691543005,2.563595710278814,0.5542935640843573,transient-slab
Li,4.294487988789272e+18,3.8072144326717283,246777.51241781935,246777.51241781935,2.7174777187859815,0.5875655057567127,transient-slab
Li,4.5522682755073096e+18,3.8072144326717283,261590.54206714995,261590.54206714995,2.8805966254699005,0.6228346239694047,transient-slab
Li,4.825522042741279e+18,3.8072144326717283,277292.73639458313,277292.73639458313,3.053506882983973,0.6602208009394837,transient-slab
Li,5.115178099293145e+18,3.8072144326717283,293937.468264651,293937.468264651,3.2367962254727427,0.6998511149158358,transient-slab
Li,5.422221006501592e+18,3.8072144326717283,311581.3142933828,311581.3142933828,3.4310876663216576,0.7418602721271019,transient-slab
Li,5.747694424835359e+18,3.8072144326717283,330284.24715620716,330284.24715620716,3.637041615823441,0.7863910646576361,transient-slab
Li,6.092704661368687e+18,3.8072144326717283,350109.8394393006,350109.8394393006,3.855358125959198,0.8335948558078585,transient-slab
Li,6.458424430196991e+18,3.8072144326717283,371125.479727286,371125.479727286,4.086779269924411,0.8836320945887761,transient-slab
Li,6.846096838574672e+18,3.8072144326717283,393402.6016617778,393402.6016617778,4.332091664487995,0.936672861099471,transient-slab
Li,7.257039612324231e+18,3.8072144326717283,417016.9267493618,417016.9267493618,4.592129143758107,0.9928974446413378,transient-slab
Li,7.692649574879161e+18,3.8072144326717283,442048.7217443298,442048.7217443298,4.86777559344301,1.0524969565341185,transient-slab
Li,8.154407395185187e+18,3.8072144326717283,468583.07148103055,468583.07148103055,5.159967955240852,1.1156739797167394,transient-slab
Li,8.643882620598297e+18,3.8072144326717283,496710.1680832155,496710.1680832155,5.469699411570498,1.1826432573409893,transient-slab
Li,9.162739011886769e+18,3.8072144326717283,526525.6175334197,526525.6175334197,5.7980227614685225,1.2536324226986186,transient-slab
Li,9.712740198471207e+18,3.8072144326717283,558130.7646444312,558130.7646444312,6.146053999127295,1.3288827729629313,transient-slab
Li,1.0295755673125085e+19,3.8072144326717283,591633.0375374426,591633.0375374426,6.514976107237792,1.4086500893748635,transient-slab
Li,1.0913767146512693e+19,3.8072144326717283,627146.3127978217,627146.3127978217,6.906043078031298,1.4932055066614802,transient-slab
Li,1.1568875283162786e+19,3.8072144326717283,664791.3025496177,664791.3025496177,7.320584175687023,1.582836434641947,transient-slab
Li,1.2263306841775593e+19,3.8072144326717283,704695.9647645914,704695.9647645914,7.7600084545948675,1.6778475351537891,transient-slab
Li,1.2999422244132422e+19,3.8072144326717283,746995.9382003708,746995.9382003708,8.225809548830506,1.7785617576199304,transient-slab
Li,1.377972359833554e+19,3.8072144326717283,791835.0034461417,791835.0034461417,8.719570749122818,1.885321436776528,transient-slab
Li,1.460686320364986e+19,3.8072144326717283,839365.5716429971,839365.5716429971,9.24297038457058,1.9984894562928501,transient-slab
Li,1.548365256585496e+19,3.8072144326717283,889749.202540142,889749.202540142,9.797787527401304,2.1184504822384334,transient-slab
Li,1.6413071953751267e+19,3.8072144326717283,943157.1536478609,943157.1536478609,10.385908040163056,2.245612270590145,transient-slab
Li,1.7398280529303622e+19,3.8072144326717283,999770.9623538567,999770.9623538567,11.009330985904064,2.3804070532234682,transient-slab
Li,1.8442627085855328e+19,3.8072144326717283,1059783.062981621,1059783.062981621,11.670175423128871,2.5232930070990975,transient-slab
Li,1.9549661430912594e+19,3.8072144326717283,1123397.4408882505,1123397.4408882505,12.3706876086274,2.6747558116386916,transient-slab
Li,2.0723146452190294e+19,3.8072144326717283,1190830.3258250472,1190830.3258250472,13.113248632660042,2.835310299583446,transient-slab
Li,2.1967070907932353e+19,3.8072144326717283,1262310.9269176722,1262310.9269176722,13.900382512451152,3.0055022069468387,transient-slab
Li,2.3285662984981967e+19,3.8072144326717283,1338082.2117641077,1338082.2117641077,14.734764771501375,3.18591002800978,transient-slab
Li,2.468340467068651e+19,3.8072144326717283,1418401.732298639,1418401.732298639,15.619231533880495,3.377146981663426,transient-slab
Li,2.6165046987488236e+19,3.8072144326717283,1503542.500229017,1503542.500229017,16.556789164412894,3.579863095783374,transient-slab
Li,2.773562614198418e+19,3.8072144326717283,1593793.9150224861,1593793.9150224861,17.550624487523372,3.794747416720205,transient-slab
Li,2.9400480643347137e+19,3.8072144326717283,1689462.7475949551,1689462.7475949551,18.60411561947782,4.02253035141656,transient-slab
Li,3.1165269449294365e+19,3.8072144326717283,1790874.18304695,1790874.18304695,19.720843450838355,4.263986150111786,transient-slab
Li,3.303599120128346e+19,3.8072144326717283,1898372.9259906753,1898372.9259906753,20.904603818162578,4.519935538073037,transient-slab
Li,3.50190046143172e+19,3.8072144326717283,2012324.3722252708,2012324.3722252708,22.15942040631938,4.791248505298264,transient-slab
Li,3.712105009066372e+19,3.8072144326717283,2133115.8507428695,2133115.8507428695,23.489558425277256,5.078847263673499,transient-slab
Li,3.934927263095861e+19,3.8072144326717283,2261157.9402871253,2261157.9402871253,24.899539107853375,5.383709381636012,transient-slab
Li,4.171124612056533e+19,3.8072144326717283,2396885.864939282,2396885.864939282,26.394155077702443,5.706871106998292,transient-slab
Li,4.421499907374468e+19,3.8072144326717283,2540760.9734754604,2540760.9734754604,27.978486639781792,6.0494308892272874,transient-slab
Li,4.6869041923142115e+19,3.8072144326717283,2693272.307523748,2693272.307523748,29.657919048666955,6.41255311315178,transient-slab
Li,4.9682395947343675e+19,3.8072144326717283,2854938.2638509083,2854938.2638509083,31.438160813408736,6.797472056787877,transient-slab
Li,5.266462393484259e+19,3.8072144326717283,3026308.356429806,3026308.356429806,33.325263101160864,7.205496086737633,transient-slab
Li,5.582586268862678e+19,3.8072144326717283,3207965.0842758664,3207965.0842758664,35.32564030552072,7.6380121054187295,transient-slab
Li,5.917685748188806e+19,3.8072144326717283,3400525.911402367,3400525.911402367,37.44609184950622,8.09649026524373,transient-slab
Li,6.272899858196231e+19,3.8072144326717283,3604645.365624092,3604645.365624092,39.693825297273314,8.582488965771647,transient-slab
Li,6.649435996665032e+19,3.8072144326717283,3821017.263343473,3821017.263343473,42.07648085313424,9.097660150817793,transient-slab
Li,7.048574036451889e+19,3.8072144326717283,4050377.0678814165,4050377.0678814165,44.60215733115017,9.643754923527183,transient-slab
Li,7.471670675868067e+19,3.8072144326717283,4293504.38936893,4293504.38936893,47.27943968357057,10.22262949849745,transient-slab
Li,7.920164050192541e+19,3.8072144326717283,4551225.634696876,4551225.634696876,50.11742818169069,10.836251511183038,transient-slab
Li,8.395578619995103e+19,3.8072144326717283,4824416.816531197,4824416.816531197,53.12576934831464,11.486706706026661,transient-slab
Li,8.899530352885224e+19,3.8072144326717283,5114006.53094168,5114006.53094168,56.314688746965885,12.17620602605162,transient-slab
Li,9.433732216299774e+19,3.8072144326717283,5420979.113765394,5420979.113765394,59.695025739297904,12.907093128012843,transient-slab
Li,1e+20,3.8072144326717283,5746377.986433544,5746377.986433544,63.27827032884797,13.681852348651296,transient-slab
Li,1e+18,4.000490906665932,61894.650341351626,61894.650341351626,0.6815747981521794,0.14736821509845627,transient-slab
Li,1.0600258488068824e+18,4.000490906665932,65609.92926469646,65609.92926469646,0.7224869039366436,0.15621411729689633,transient-slab
Li,1.1236548001387516e+18,4.000490906665932,69548.22095896938,69548.22095896938,0.7658547935972971,0.16559100228326046,transient-slab
Li,1.191103133283008e+18,4.000490906665932,73722.91195504014,73722.91195504014,0.8118258776457948,0.17553074275009556,transient-slab
Li,1.2626001098748577e+18,4.000490906665932,78148.19232165646,78148.19232165646,0.8605564150348757,0.18606712457537253,transient-slab
Li,1.3383887531737592e+18,4.000490906665932,82839.1038984874,82839.1038984874,0.9122120442935521,0.19723596166306526,transient-slab
Li,1.418726674116599e+18,4.000490906665932,87811.59142439562,87811.59142439562,0.9669683465441339,0.20907521767713244,transient-slab
Li,1.5038869469554132e+18,4.000490906665932,93082.55673472813,93082.55673472813,1.0250114423148333,0.22162513508268603,transient-slab
Li,1.5941590374560028e+18,4.000490906665932,98669.91621184497,98669.91621184497,1.0865386241765478,0.23492837193296423,transient-slab
Li,1.689849786812462e+18,4.000490906665932,104592.66168416494,104592.66168416494,1.1517590273542073,0.24903014686705935,transient-slab
Li,1.7912844546220096e+18,4.000490906665932,110870.92498072803,110870.92498072803,1.220894340592133,0.2639783928112572,transient-slab
Li,1.898807824465269e+18,4.000490906665932,117526.04636070039,117526.04636070039,1.2941795596896946,0.2798239199064295,transient-slab
Li,2.0127853758499466e+18,4.000490906665932,124580.64705041847,124580.64705041847,1.371863786268586,0.2966205882152821,transient-slab
Li,2.133604526501402e+18,4.000490906665932,132058.70613452938,132058.70613452938,1.4542110744867693,0.3144254907964985,transient-slab
Li,2.2616759492228552e+18,4.000490906665932,139985.64206259316,139985.64206259316,1.5415013285772066,0.33329914776807895,transient-slab
Li,2.3974349678010685e+18,4.000490906665932,148388.39904817674,148388.39904817674,1.6340312542619901,0.3533057120194684,transient-slab
Li,2.541343036702629e+18,4.000490906665932,157295.53865413796,157295.53865413796,1.7321153672760412,0.37451318727175703,transient-slab
Li,2.693889309590164e+18,4.000490906665932,166737.33687538834,166737.33687538834,1.83608706242823,0.3969936592271151,transient-slab
Li,2.8555923019901005e+18,4.000490906665932,176745.88704913267,176745.88704913267,1.9462997468338201,0.420823540593173,transient-slab
Li,3.0270016537634555e+18,4.000490906665932,187355.2089423822,187355.2089423822,2.06312804117014,0.44608383081519565,transient-slab
Li,3.208699997370444e+18,4.000490906665932,198601.3643875395,198601.3643875395,2.1869690530386587,0.47286039139890357,transient-slab
Li,3.401304938279246e+18,4.000490906665932,210522.5798591065,210522.5798591065,2.318243726761688,0.5012442377597774,transient-slab
Li,3.6054711542504986e+18,4.000490906665932,223159.37640816404,223159.37640816404,2.457398274201789,0.5313318485908668,transient-slab
Li,3.821892620633115e+18,4.000490906665932,236554.7073962787,236554.7073962787,2.6049056914673194,0.5632254938006637,transient-slab
Li,4.051304969235378e+18,4.000490906665932,250754.10449700404,250754.10449700404,2.761267366659524,0.5970335821357239,transient-slab
Li,4.294487988789272e+18,4.000490906665932,265805.8324612464,265805.8324612464,2.9270147841260075,0.6328710296696344,transient-slab
Li,4.5522682755073096e+18,4.000490906665932,281761.0531725527,281761.0531725527,3.102711331013465,0.6708596504108398,transient-slab
Li,4.825522042741279e+18,4.000490906665932,298673.99954995635,298673.99954995635,3.2889542122602804,0.7111285703570389,transient-slab
Li,5.115178099293145e+18,4.000490906665932,316602.15988948883,316602.15988948883,3.4863764805381745,0.7538146664035449,transient-slab
Li,5.422221006501592e+18,4.000490906665932,335606.47327094775,335606.47327094775,3.69564918804283,0.7990630315974947,transient-slab
Li,5.747694424835359e+18,4.000490906665932,355751.53669412073,355751.53669412073,3.9174836674475673,0.8470274683193352,transient-slab
Li,6.092704661368687e+18,4.000490906665932,377105.824648538,377105.824648538,4.152633949773205,0.8978710110679476,transient-slab
Li,6.458424430196991e+18,4.000490906665932,399741.9218630859,399741.9218630859,4.401899327392618,0.9517664806263949,transient-slab
Li,6.846096838574672e+18,4.000490906665932,423736.77002661215,423736.77002661215,4.666127070881807,1.0088970714919336,transient-slab
Li,7.257039612324231e+18,4.000490906665932,449171.9293181462,449171.9293181462,4.946215308952258,1.0694569745670148,transient-slab
Li,7.692649574879161e+18,4.000490906665932,476133.85563569295,476133.85563569295,5.243116081253714,1.1336520372278405,transient-slab
Li,8.154407395185187e+18,4.000490906665932,504714.1944659191,504714.1944659191,5.557838574423983,1.201700463014093,transient-slab
Li,8.643882620598297e+18,4.000490906665932,535010.0923936177,535010.0923936177,5.891452552385415,1.2738335533181375,transient-slab
Li,9.162739011886769e+18,4.000490906665932,567124.5273097933,567124.5273097933,6.245091992547824,1.350296493594746,transient-slab
Li,9.712740198471207e+18,4.000490906665932,601166.6584407656,601166.6584407656,6.619958940277573,1.4313491867637276,transient-slab
Li,1.0295755673125085e+19,4.000490906665932,637252.1973880645,637252.1973880645,7.017327594734386,1.5172671366382486,transient-slab
Li,1.0913767146512693e+19,4.000490906665932,675503.8014403341,675503.8014403341,7.438548639964276,1.6083423843817477,transient-slab
Li,1.1568875283162786e+19,4.000490906665932,716051.490494066,716051.490494066,7.885053835969415,1.7048845011763478,transient-slab
Li,1.2263306841775593e+19,4.000490906665932,759033.0890004054,759033.0890004054,8.35836088536144,1.8072216404771557,transient-slab
Li,1.2999422244132422e+19,4.000490906665932,804594.6944401647,804594.6944401647,8.860078592139507,1.9157016534289637,transient-slab
Li,1.377972359833554e+19,4.000490906665932,852891.1739194499,852891.1739194499,9.39191233012837,2.030693271236786,transient-slab
Li,1.460686320364986e+19,4.000490906665932,904086.6905738632,904086.6905738632,9.955669839664148,2.1525873585091984,transient-slab
Li,1.548365256585496e+19,4.000490906665932,958355.2615705647,958355.2615705647,10.553267372231069,2.281798241834678,transient-slab
Li,1.6413071953751267e+19,4.000490906665932,1015881.3496048795,1015881.3496048795,11.186736203935215,2.418765118106856,transient-slab
Li,1.7398280529303622e+19,4.000490906665932,1076860.4899019937,1076860.4899019937,11.858229539955108,2.563953547385699,transient-slab
Li,1.8442627085855328e+19,4.000490906665932,1141499.9548549564,1141499.9548549564,12.570029833437763,2.7178570353689437,transient-slab
Li,1.9549661430912594e+19,4.000490906665932,1210019.458558143,1210019.458558143,13.324556543717698,2.880998710852721,transient-slab
Li,2.0723146452190294e+19,4.000490906665932,1282651.9036309398,1282651.9036309398,14.124374360229654,3.0539331038831903,transient-slab
Li,2.1967070907932353e+19,4.000490906665932,1359644.1728701505,1359644.1728701505,14.972201920068606,3.2372480306432156,transient-slab
Li,2.3285662984981967e+19,4.000490906665932,1441257.9684220133,1441257.9684220133,15.870921048828764,3.4315665914809843,transient-slab
Li,2.468340467068651e+19,4.000490906665932,1527770.701326227,1527770.701326227,16.82358655613172,3.637549288871969,transient-slab
Li,2.6165046987488236e+19,4.000490906665932,1619476.43445562,1619476.43445562,17.833436619139583,3.8558962725133807,transient-slab
Li,2.773562614198418e+19,4.000490906665932,1716686.8820565625,1716686.8820565625,18.90390378934718,4.087349719182292,transient-slab
Li,2.9400480643347137e+19,4.000490906665932,1819732.4692876479,1819732.4692876479,20.038626660066384,4.332696355446781,transient-slab
Li,3.1165269449294365e+19,4.000490906665932,1928963.455358083,1928963.455358083,21.24146223426109,4.59277013180496,transient-slab
Li,3.303599120128346e+19,4.000490906665932,2044751.1240834084,2044751.1240834084,22.516499034771947,4.868455057341448,transient-slab
Li,3.50190046143172e+19,4.000490906665932,2167489.0459053423,2167489.0459053423,23.868071001493487,5.160688204536529,transient-slab
Li,3.712105009066372e+19,4.000490906665932,2297594.4156654305,2297594.4156654305,25.30077222274107,5.470462894441502,transient-slab
Li,3.934927263095861e+19,4.000490906665932,2435509.470679701,2435509.470679701,26.819472550880697,5.798832073046906,transient-slab
Li,4.171124612056533e+19,4.000490906665932,2581702.993934451,2581702.993934451,28.429334155300197,6.146911890320122,transient-slab
Li,4.421499907374468e+19,4.000490906665932,2736671.907512613,2736671.907512613,30.135829068986332,6.515885494077651,transient-slab
Li,4.6869041923142115e+19,4.000490906665932,2900942.961667032,2900942.961667032,31.944757788351627,6.907007051588171,transient-slab
Li,4.9682395947343675e+19,4.000490906665932,3075074.5252814214,3075074.5252814214,33.862268989527415,7.321606012574812,transient-slab
Li,5.266462393484259e+19,4.000490906665932,3259658.4838058595,3259658.4838058595,35.89488042815077,7.761091628109189,transient-slab
Li,5.582586268862678e+19,4.000490906665932,3455322.2511168625,3455322.2511168625,38.04950109367208,8.226957740754434,transient-slab
Li,5.917685748188806e+19,4.000490906665932,3662730.9021414598,3662730.9021414598,40.33345469349815,8.720787862241572,transient-slab
Li,6.272899858196231e+19,4.000490906665932,3882589.433493699,3882589.433493699,42.754504546789306,9.244260555937378,transient-slab
Li,6.649435996665032e+19,4.000490906665932,4115645.159807792,4115645.159807792,45.32087997252806,9.799155142399504,transient-slab
Li,7.048574036451889e+19,4.000490906665932,4362690.253913191,4362690.253913191,48.04130426155389,10.387357747412361,transient-slab
Li,7.471670675868067e+19,4.000490906665932,4624564.439485844,4624564.439485844,50.92502432764336,11.010867713061534,transient-slab
Li,7.920164050192541e+19,4.000490906665932,4902157.845328107,4902157.845328107,53.981842138421285,11.671804393638348,transient-slab
Li,8.395578619995103e+19,4.000490906665932,5196414.030979244,5196414.030979244,57.22214803293917,12.37241435947439,transient-slab
Li,8.899530352885224e+19,4.000490906665932,5508333.193940766,5508333.193940766,60.65695603916941,13.1150790331923,transient-slab
Li,9.433732216299774e+19,4.000490906665932,5838975.569418186,5838975.569418186,64.29794131146231,13.902322784329014,transient-slab
Li,1e+20,4.000490906665932,6189465.034135163,6189465.034135163,68.15747981521794,14.736821509845626,transient-slab
Li,1e+18,4.203579225004669,66667.1727812294,66667.1727812294,0.7341291142473012,0.1587313637648319,transient-slab
Li,1.0600258488068824e+18,4.203579225004669,70668.92641497777,70668.92641497777,0.7781958374638402,0.16825934860708994,transient-slab
Li,1.1236548001387516e+18,4.203579225004669,74910.88870730794,74910.88870730794,0.8249077031455901,0.17835925882692366,transient-slab
Li,1.191103133283008e+18,4.203579225004669,79407.47838684199,79407.47838684199,0.8744234882142398,0.18906542473057616,transient-slab
Li,1.2626001098748577e+18,4.203579225004669,84173.97967862636,84173.97967862636,0.9269115003109747,0.20041423733006275,transient-slab
Li,1.3383887531737592e+18,4.203579225004669,89226.5942562892,89226.5942562892,0.982550149886002,0.21244427203878383,transient-slab
Li,1.418726674116599e+18,4.203579225004669,94582.49631267022,94582.49631267022,1.0415285566282384,0.22519641979207194,transient-slab
Li,1.5038869469554132e+18,4.203579225004669,100259.8909361121,100259.8909361121,1.1040471922964559,0.23871402603836217,transient-slab
Li,1.5941590374560028e+18,4.203579225004669,106278.07599083768,106278.07599083768,1.1703185621369057,0.25304303807342304,transient-slab
Li,1.689849786812462e+18,4.203579225004669,112657.50771175008,112657.50771175008,1.2405679272036239,0.26823216121845256,transient-slab
Li,1.7912844546220096e+18,4.203579225004669,119419.87023661577,119419.87023661577,1.315034070036616,0.2843330243728947,transient-slab
Li,1.898807824465269e+18,4.203579225004669,126588.14931197639,126588.14931197639,1.3939701063005332,0.3014003555047057,transient-slab
Li,2.0127853758499466e+18,4.203579225004669,134186.71042332012,134186.71042332012,1.4776443451426424,0.3194921676745717,transient-slab
Li,2.133604526501402e+18,4.203579225004669,142241.38161508212,142241.38161508212,1.5663412011945073,0.338669956226386,transient-slab
Li,2.2616759492228552e+18,4.203579225004669,150779.54128199109,150779.54128199109,1.660362161317399,0.35899890781426447,transient-slab
Li,2.3974349678010685e+18,4.203579225004669,159830.21123015496,159830.21123015496,1.7600268093773055,0.38054812197655946,transient-slab
Li,2.541343036702629e+18,4.203579225004669,169424.15532422834,169424.15532422834,1.8656739125330477,0.4033908460100675,transient-slab
Li,2.693889309590164e+18,4.203579225004669,179593.9840559542,179593.9840559542,1.9776625727297008,0.4276047239427481,transient-slab
Li,2.8555923019901005e+18,4.203579225004669,190374.26538952262,190374.26538952262,2.0963734473114046,0.45327206045124435,transient-slab
Li,3.0270016537634555e+18,4.203579225004669,201801.6422605154,201801.6422605154,2.2222100429024816,0.4804801006202748,transient-slab
Li,3.208699997370444e+18,4.203579225004669,213914.95712782568,213914.95712782568,2.355600086954882,0.509321326494823,transient-slab
Li,3.401304938279246e+18,4.203579225004669,226755.38400191124,226755.38400191124,2.4969969816239144,0.539893771433122,transient-slab
Li,3.6054711542504986e+18,4.203579225004669,240366.56839815655,240366.56839815655,2.6468813449141133,0.5723013533289442,transient-slab
Li,3.821892620633115e+18,4.203579225004669,254794.77569105348,254794.77569105348,2.8057626443336856,0.6066542278358416,transient-slab
Li,4.051304969235378e+18,4.203579225004669,270089.04837346816,270089.04837346816,2.974180928610458,0.6430691627939719,transient-slab
Li,4.294487988789272e+18,4.203579225004669,286301.3727555287,286301.3727555287,3.1527086633555426,0.6816699351322113,transient-slab
Li,4.5522682755073096e+18,4.203579225004669,303486.855669755,303486.855669755,3.3419526769142713,0.7225877515946549,transient-slab
Li,4.825522042741279e+18,4.203579225004669,321703.9117830638,321703.9117830638,3.542556223018482,0.7659616947215805,transient-slab
Li,5.115178099293145e+18,4.203579225004669,341014.4621523367,341014.4621523367,3.7552011672512715,0.8119391956008017,transient-slab
Li,5.422221006501592e+18,4.203579225004669,361484.1446984532,361484.1446984532,3.9806103047561243,0.8606765349963171,transient-slab
Li,5.747694424835359e+18,4.203579225004669,383182.5373142077,383182.5373142077,4.219549817068533,0.9123393745576375,transient-slab
Li,6.092704661368687e+18,4.203579225004669,406183.39436446794,406183.39436446794,4.472831876420997,0.9671033199153999,transient-slab
Li,6.458424430196991e+18,4.203579225004669,430564.8973824558,430564.8973824558,4.741317406373649,1.0251545175772758,transient-slab
Li,6.846096838574672e+18,4.203579225004669,456409.92081428604,456409.92081428604,5.025919008154074,1.086690287653062,transient-slab
Li,7.257039612324231e+18,4.203579225004669,483806.3137150455,483806.3137150455,5.327604062653166,1.1519197945596322,transient-slab
Li,7.692649574879161e+18,4.203579225004669,512847.1983539199,512847.1983539199,5.647398018620918,1.2210647579855236,transient-slab
Li,8.154407395185187e+18,4.203579225004669,543631.2867433456,543631.2867433456,5.986387878238944,1.2943602065317752,transient-slab
Li,8.643882620598297e+18,4.203579225004669,576263.2161680926,576263.2161680926,6.3457258919174695,1.3720552765906966,transient-slab
Li,9.162739011886769e+18,4.203579225004669,610853.9048547663,610853.9048547663,6.7266334748756265,1.4544140591780153,transient-slab
Li,9.712740198471207e+18,4.203579225004669,647520.9289906722,647520.9289906722,7.130405358817825,1.5417164975968385,transient-slab
Li,1.0295755673125085e+19,4.203579225004669,686388.9223735528,686388.9223735528,7.558413992817946,1.6342593389846496,transient-slab
Li,1.0913767146512693e+19,4.203579225004669,727590.0000506667,727590.0000506667,8.012114208370662,1.732357142977778,transient-slab
Li,1.1568875283162786e+19,4.203579225004669,771264.2073871075,771264.2073871075,8.493048164465792,1.8363433509216847,transient-slab
Li,1.2263306841775593e+19,4.203579225004669,817559.9960898861,817559.9960898861,9.002850589495587,1.9465714192616335,transient-slab
Li,1.2999422244132422e+19,4.203579225004669,866634.7288057328,866634.7288057328,9.543254337811598,2.0634160209660304,transient-slab
Li,1.377972359833554e+19,4.203579225004669,918655.2140078194,918655.2140078194,10.116096279818706,2.187274319066237,transient-slab
Li,1.460686320364986e+19,4.203579225004669,973798.2729895071,973798.2729895071,10.723323545626968,2.318567316641684,transient-slab
Li,1.548365256585496e+19,4.203579225004669,1032251.3408923784,1032251.3408923784,11.367000143484054,2.457741287838996,transient-slab
Li,1.6413071953751267e+19,4.203579225004669,1094213.1038114862,1094213.1038114862,12.049313975484642,2.605269294789253,transient-slab
Li,1.7398280529303622e+19,4.203579225004669,1159894.1741433837,1159894.1741433837,12.772584274403737,2.7616527955794847,transient-slab
Li,1.8442627085855328e+19,4.203579225004669,1229517.8064724982,1229517.8064724982,13.539269486932257,2.9274233487440435,transient-slab
Li,1.9549661430912594e+19,4.203579225004669,1303320.6564291862,1303320.6564291862,14.351975630110491,3.103144420069491,transient-slab
Li,2.0723146452190294e+19,4.203579225004669,1381553.5850988913,1381553.5850988913,15.213465149363564,3.2894132978545034,transient-slab
Li,2.1967070907932353e+19,4.203579225004669,1464482.5117166436,1464482.5117166436,16.126666308248037,3.486863123134866,transient-slab
Li,2.3285662984981967e+19,4.203579225004669,1552389.3175452705,1552389.3175452705,17.094683141825982,3.696165041774454,transient-slab
Li,2.468340467068651e+19,4.203579225004669,1645572.8040096622,1645572.8040096622,18.12080600749879,3.918030485737291,transient-slab
Li,2.6165046987488236e+19,4.203579225004669,1744349.708343864,1744349.708343864,19.208522769163757,4.153213591294914,transient-slab
Li,2.773562614198418e+19,4.203579225004669,1849055.7802032419,1849055.7802032419,20.361530652709135,4.402513762388671,transient-slab
Li,2.9400480643347137e+19,4.203579225004669,1960046.922901214,1960046.922901214,21.583748813145363,4.666778387860034,transient-slab
Li,3.1165269449294365e+19,4.203579225004669,2077700.4031496774,2077700.4031496774,22.87933165608895,4.946905721784946,transient-slab
Li,3.303599120128346e+19,4.203579225004669,2202416.1334151383,2202416.1334151383,24.252682958879863,5.243847936702711,transient-slab
Li,3.50190046143172e+19,4.203579225004669,2334618.031249354,2334618.031249354,25.708470839330843,5.55861436011751,transient-slab
Li,3.712105009066372e+19,4.203579225004669,2474755.460214949,2474755.460214949,27.25164362298866,5.8922749052736885,transient-slab
Li,3.934927263095861e+19,4.203579225004669,2623304.757303819,2623304.757303819,28.887446662841224,6.2459637078662364,transient-slab
Li,4.171124612056533e+19,4.203579225004669,2780770.8520401134,2780770.8520401134,30.62144016864181,6.620882981047889,transient-slab
Li,4.421499907374468e+19,4.203579225004669,2947688.9827712346,2947688.9827712346,32.45951810645343,7.018307101836274,transient-slab
Li,4.6869041923142115e+19,4.203579225004669,3124626.515980799,3124626.515980799,34.40792823265595,7.439586942811427,transient-slab
Li,4.9682395947343675e+19,4.203579225004669,3312184.874807012,3312184.874807012,36.47329333050712,7.886154463826218,transient-slab
Li,5.266462393484259e+19,4.203579225004669,3511001.58332262,3511001.58332262,38.66263372145321,8.359527579339572,transient-slab
Li,5.582586268862678e+19,4.203579225004669,3721752.4335238687,3721752.4335238687,40.98339112769304,8.861315317913974,transient-slab
Li,5.917685748188806e+19,4.203579225004669,3945153.7823952194,3945153.7823952194,43.44345396711728,9.39322329141719,transient-slab
Li,6.272899858196231e+19,4.203579225004669,4181964.986857175,4181964.986857175,46.0511841665962,9.957059492517084,transient-slab
Li,6.649435996665032e+19,4.203579225004669,4432990.98487394,4432990.98487394,48.815445584758216,10.554740440176047,transient-slab
Li,7.048574036451889e+19,4.203579225004669,4699085.031494255,4699085.031494255,51.7456341408695,11.188297694033942,transient-slab
Li,7.471670675868067e+19,4.203579225004669,4981151.599125415,4981151.599125415,54.851709752225595,11.859884759822416,transient-slab
Li,7.920164050192541e+19,4.203579225004669,5280149.451898677,5280149.451898677,58.14423018861168,12.571784409282564,transient-slab
Li,8.395578619995103e+19,4.203579225004669,5597094.904576089,5597094.904576089,61.63438695890584,13.326416439466879,transient-slab
Li,8.899530352885224e+19,4.203579225004669,5933065.277075946,5933065.277075946,65.33404335180602,14.126345897799872,transient-slab
Li,9.433732216299774e+19,4.203579225004669,6289202.556359072,6289202.556359072,69.25577475998384,14.974291800854933,transient-slab
Li,1e+20,4.203579225004669,6666717.278122939,6666717.278122939,73.41291142473013,15.87313637648319,transient-slab
Li,1e+18,4.416977494298906,71807.69100609854,71807.69100609854,0.7907357458736215,0.1709706928716632,transient-slab
Li,1.0600258488068824e+18,4.416977494298906,76118.00860960195,76118.00860960195,0.8382003302016291,0.1812333538323856,transient-slab
Li,1.1236548001387516e+18,4.416977494298906,80687.0566858829,80687.0566858829,0.888514016492191,0.1921120397282926,transient-slab
Li,1.191103133283008e+18,4.416977494298906,85530.36575118206,85530.36575118206,0.9418478245089471,0.20364372797900493,transient-slab
Li,1.2626001098748577e+18,4.416977494298906,90664.39855415987,90664.39855415987,0.9983830396220124,0.21586761560514253,transient-slab
Li,1.3383887531737592e+18,4.416977494298906,96106.60603393879,96106.60603393879,1.0583118290097189,0.22882525246175903,transient-slab
Li,1.418726674116599e+18,4.416977494298906,101875.48663707462,101875.48663707462,1.1218378948483916,0.24256068246922527,transient-slab
Li,1.5038869469554132e+18,4.416977494298906,107990.64919507923,107990.64919507923,1.1891771667103923,0.25712059332161724,transient-slab
Li,1.5941590374560028e+18,4.416977494298906,114472.87957622013,114472.87957622013,1.260558535523947,0.2725544751814765,transient-slab
Li,1.689849786812462e+18,4.416977494298906,121344.21133815078,121344.21133815078,1.3362246315895325,0.288914788900359,transient-slab
Li,1.7912844546220096e+18,4.416977494298906,128628.00062152503,128628.00062152503,1.4164326492973585,0.3062571443369644,transient-slab
Li,1.898807824465269e+18,4.416977494298906,136349.00553916424,136349.00553916424,1.5014552213492132,0.3246404893789625,transient-slab
Li,2.0127853758499466e+18,4.416977494298906,144533.4703306269,144533.4703306269,1.5915813454562255,0.34412731031101645,transient-slab
Li,2.133604526501402e+18,4.416977494298906,153209.21456822587,153209.21456822587,1.6871173666624213,0.3647838442100616,transient-slab
Li,2.2616759492228552e+18,4.416977494298906,162405.72771771945,162405.72771771945,1.788388018633166,0.3866803040898082,transient-slab
Li,2.3974349678010685e+18,4.416977494298906,172154.26937507497,172154.26937507497,1.8957375274476802,0.4098911175597023,transient-slab
Li,2.541343036702629e+18,4.416977494298906,182487.97552004253,182487.97552004253,2.0095307816477876,0.43449517980962504,transient-slab
Li,2.693889309590164e+18,4.416977494298906,193441.97114768263,193441.97114768263,2.1301545725197535,0.4605761217801968,transient-slab
Li,2.8555923019901005e+18,4.416977494298906,205053.48966069877,205053.48966069877,2.258018908825114,0.4882225944302352,transient-slab
Li,3.0270016537634555e+18,4.416977494298906,217361.99942839556,217361.99942839556,2.393558410449333,0.5175285700676086,transient-slab
Li,3.208699997370444e+18,4.416977494298906,230409.33794244606,230409.33794244606,2.5372337857054057,0.5485936617677287,transient-slab
Li,3.401304938279246e+18,4.416977494298906,244239.85402547318,244239.85402547318,2.689533397313872,0.5815234619654124,transient-slab
Li,3.6054711542504986e+18,4.416977494298906,258900.5585758213,258900.5585758213,2.850974922382096,0.6164299013710032,transient-slab
Li,3.821892620633115e+18,4.416977494298906,274441.28436091094,274441.28436091094,3.0221071120252168,0.6534316294307404,transient-slab
Li,4.051304969235378e+18,4.416977494298906,290914.85540232563,290914.85540232563,3.2035116566098463,0.6926544176245849,transient-slab
Li,4.294487988789272e+18,4.416977494298906,308377.2665283817,308377.2665283817,3.3958051629605945,0.7342315869723374,transient-slab
Li,4.5522682755073096e+18,4.416977494298906,326887.873704494,326887.873704494,3.5996412502500976,0.7783044612011761,transient-slab
Li,4.825522042741279e+18,4.416977494298906,346509.5957882832,346509.5957882832,3.815712771696627,0.8250228471149601,transient-slab
Li,5.115178099293145e+18,4.416977494298906,367309.12839520467,367309.12839520467,4.04475416962098,0.8745455437981063,transient-slab
Li,5.422221006501592e+18,4.416977494298906,389357.170601643,389357.170601643,4.287543971867656,0.9270408823848643,transient-slab
Li,5.747694424835359e+18,4.416977494298906,412728.6652560528,412728.6652560528,4.544907438075844,0.982687298228697,transient-slab
Li,6.092704661368687e+18,4.416977494298906,437503.053714979,437503.053714979,4.81771936479506,1.0416739374166166,transient-slab
Li,6.458424430196991e+18,4.416977494298906,463764.5458698236,463764.5458698236,5.106907058980237,1.1042012996900563,transient-slab
Li,6.846096838574672e+18,4.416977494298906,491602.4063821982,491602.4063821982,5.413453489973387,1.1704819199576149,transient-slab
Li,7.257039612324231e+18,4.416977494298906,521111.25810079556,521111.25810079556,5.738400630685619,1.24074109071618,transient-slab
Li,7.692649574879161e+18,4.416977494298906,552391.4036911181,552391.4036911181,6.082852999336471,1.3152176278359955,transient-slab
Li,8.154407395185187e+18,4.416977494298906,585549.1665713029,585549.1665713029,6.447981413789136,1.3941646823126261,transient-slab
Li,8.643882620598297e+18,4.416977494298906,620697.2523129078,620697.2523129078,6.835026971242829,1.4778506007450187,transient-slab
Li,9.162739011886769e+18,4.416977494298906,657955.1317350898,657955.1317350898,7.2453052668096145,1.5665598374644996,transient-slab
Li,9.712740198471207e+18,4.416977494298906,697449.4469943328,697449.4469943328,7.680210865314839,1.6605939214150782,transient-slab
Li,1.0295755673125085e+19,4.416977494298906,739314.4420500523,739314.4420500523,8.141222041521136,1.7602724810715533,transient-slab
Li,1.0913767146512693e+19,4.416977494298906,783692.4189692934,783692.4189692934,8.629905804888743,1.86593433087927,transient-slab
Li,1.1568875283162786e+19,4.416977494298906,830734.2216214442,830734.2216214442,9.147923225950631,1.9779386229082003,transient-slab
Li,1.2263306841775593e+19,4.416977494298906,880599.7484071961,880599.7484071961,9.697035082408512,2.0966660676361815,transient-slab
Li,1.2999422244132422e+19,4.416977494298906,933458.4957644652,933458.4957644652,10.2791078441402,2.2225202280106315,transient-slab
Li,1.377972359833554e+19,4.416977494298906,989490.134298723,989490.134298723,10.896120017462199,2.355928891187436,transient-slab
Li,1.460686320364986e+19,4.416977494298906,1048885.11949604,1048885.11949604,11.550168870212033,2.497345522609619,transient-slab
Li,1.548365256585496e+19,4.416977494298906,1111845.339094698,1111845.339094698,12.243477560509337,2.6472508073683283,transient-slab
Li,1.6413071953751267e+19,4.416977494298906,1178584.7993158333,1178584.7993158333,12.97840269342693,2.8061542840853173,transient-slab
Li,1.7398280529303622e+19,4.416977494298906,1249330.3522856552,1249330.3522856552,13.757442331257407,2.974596076870608,transient-slab
Li,1.8442627085855328e+19,4.416977494298906,1324322.4671218032,1324322.4671218032,14.583244484602869,3.1531487312423887,transient-slab
Li,1.9549661430912594e+19,4.416977494298906,1403816.047304814,1403816.047304814,15.458616113149445,3.342419160249557,transient-slab
Li,2.0723146452190294e+19,4.416977494298906,1488081.297113008,1488081.297113008,16.38653266672099,3.543050707411924,transient-slab
Li,2.1967070907932353e+19,4.416977494298906,1577404.6400658633,1577404.6400658633,17.370148199042625,3.755725333490151,transient-slab
Li,2.3285662984981967e+19,4.416977494298906,1672089.692497732,1672089.692497732,18.412806088591502,3.981165934518409,transient-slab
Li,2.468340467068651e+19,4.416977494298906,1772458.2955711465,1772458.2955711465,19.51805040297573,4.220138798978921,transient-slab
Li,2.6165046987488236e+19,4.416977494298906,1878851.609237605,1878851.609237605,20.68963794546987,4.473456212470489,transient-slab
Li,2.773562614198418e+19,4.416977494298906,1991631.2718642692,1991631.2718642692,21.93155102465378,4.741979218724451,transient-slab
Li,2.9400480643347137e+19,4.416977494298906,2111180.6294682524,2111180.6294682524,23.24801099056007,5.026620546352982,transient-slab
Li,3.1165269449294365e+19,4.416977494298906,2237906.038736733,2237906.038736733,24.643492583340176,5.328347711277936,transient-slab
Li,3.303599120128346e+19,4.416977494298906,2372238.2482619532,2372238.2482619532,26.122739143221278,5.648186305385603,transient-slab
Li,3.50190046143172e+19,4.416977494298906,2514633.8626860287,2514633.8626860287,27.690778733453907,5.987223482585783,transient-slab
Li,3.712105009066372e+19,4.416977494298906,2665576.894732287,2665576.894732287,29.35294123105305,6.3466116541244935,transient-slab
Li,3.934927263095861e+19,4.416977494298906,2825580.4103986067,2825580.4103986067,31.114876443425548,6.727572405710969,transient-slab
Li,4.171124612056533e+19,4.416977494298906,2995188.272904883,2995188.272904883,32.982573312463444,7.131400649773532,transient-slab
Li,4.421499907374468e+19,4.416977494298906,3174976.9913223917,3174976.9913223917,34.96238027137899,7.559469026958076,transient-slab
Li,4.6869041923142115e+19,4.416977494298906,3365557.680168868,3365557.680168868,37.061026823477825,8.013232571830638,transient-slab
Li,4.9682395947343675e+19,4.416977494298906,3567578.1366294976,3567578.1366294976,39.2856464162114,8.494233658641662,transient-slab
Li,5.266462393484259e+19,4.416977494298906,3781725.0424655587,3781725.0424655587,41.64380068827154,9.004107243965617,transient-slab
Li,5.582586268862678e+19,4.416977494298906,4008726.2980937976,4008726.2980937976,44.14350517212968,9.544586424032852,transient-slab
Li,5.917685748188806e+19,4.416977494298906,4249353.49677135,4249353.49677135,46.793256539397774,10.117508325646071,transient-slab
Li,6.272899858196231e+19,4.416977494298906,4504424.547295544,4504424.547295544,49.602061481613326,10.724820350703677,transient-slab
Li,6.649435996665032e+19,4.416977494298906,4774806.454133516,4774806.454133516,52.579467324618335,11.36858679555599,transient-slab
Li,7.048574036451889e+19,4.416977494298906,5061418.264431462,5061418.264431462,55.7355944805923,12.050995867693958,transient-slab
Li,7.471670675868067e+19,4.416977494298906,5365234.191920618,5365234.191920618,59.08117084804604,12.774367123620518,transient-slab
Li,7.920164050192541e+19,4.416977494298906,5687286.928338361,5687286.928338361,62.627568276704444,13.541159353186574,transient-slab
Li,8.395578619995103e+19,4.416977494298906,6028671.153620156,6028671.153620156,66.38684122122459,14.353978937190849,transient-slab
Li,8.899530352885224e+19,4.416977494298906,6390547.256793774,6390547.256793774,70.37176771513633,15.215588706651841,transient-slab
Li,9.433732216299774e+19,4.416977494298906,6774145.280223314,6774145.280223314,74.59589280427815,16.128917333865033,transient-slab
Li,1e+20,4.416977494298906,7180769.100609856,7180769.100609856,79.07357458736217,17.097069287166324,transient-slab
Li,1e+18,4.641209107964744,77344.58013613464,77344.58013613464,0.851707155686629,0.18415376222889202,transient-slab
Li,1.0600258488068824e+18,4.641209107964744,81987.25420941805,81987.25420941805,0.9028316006416144,0.19520774811766203,transient-slab
Li,1.1236548001387516e+18,4.641209107964744,86908.60873468402,86908.60873468402,0.9570248337998036,0.20692525889210484,transient-slab
Li,1.191103133283008e+18,4.641209107964744,92125.37174260868,92125.37174260868,1.0144710617779027,0.21934612319668734,transient-slab
Li,1.2626001098748577e+18,4.641209107964744,97655.27537810833,97655.27537810833,1.0753655483511402,0.23251256042406745,transient-slab
Li,1.3383887531737592e+18,4.641209107964744,103517.11617314913,103517.11617314913,1.139915278168596,0.24646932422178366,transient-slab
Li,1.418726674116599e+18,4.641209107964744,109730.81893748305,109730.81893748305,1.2083396603085994,0.2612638546130549,transient-slab
Li,1.5038869469554132e+18,4.641209107964744,116317.50448447981,116317.50448447981,1.2808712740656432,0.27694643924876144,transient-slab
Li,1.5941590374560028e+18,4.641209107964744,123299.56142225907,123299.56142225907,1.3577566595037862,0.2935703843387121,transient-slab
Li,1.689849786812462e+18,4.641209107964744,130700.72225414652,130700.72225414652,1.4392571554636984,0.311192195843206,transient-slab
Li,1.7912844546220096e+18,4.641209107964744,138546.14404712422,138546.14404712422,1.5256497878717858,0.32987177154077196,transient-slab
Li,1.898807824465269e+18,4.641209107964744,146862.49394247346,146862.49394247346,1.61722821137083,0.3496726046249368,transient-slab
Li,2.0127853758499466e+18,4.641209107964744,155678.0397992661,155678.0397992661,1.7143037074728005,0.37066199952206214,transient-slab
Li,2.133604526501402e+18,4.641209107964744,165022.74627880726,165022.74627880726,1.8172062426266253,0.39291130066382685,transient-slab
Li,2.2616759492228552e+18,4.641209107964744,174928.3766966355,174928.3766966355,1.9262855897974547,0.4164961349919893,transient-slab
Li,2.3974349678010685e+18,4.641209107964744,185428.60098826114,185428.60098826114,2.0419125173695134,0.4414966690196694,transient-slab
Li,2.541343036702629e+18,4.641209107964744,196559.11015565423,196559.11015565423,2.164480049414016,0.46799788132298625,transient-slab
Li,2.693889309590164e+18,4.641209107964744,208357.73758347286,208357.73758347286,2.2944048016056553,0.4960898513892211,transient-slab
Li,2.8555923019901005e+18,4.641209107964744,220864.58763740252,220864.58763740252,2.432128397328622,0.5258680658033393,transient-slab
Li,3.0270016537634555e+18,4.641209107964744,234122.17198171964,234122.17198171964,2.5781189687855943,0.5574337428136182,transient-slab
Li,3.208699997370444e+18,4.641209107964744,248175.5540794333,248175.5540794333,2.7328727482120745,0.5908941763796031,transient-slab
Li,3.401304938279246e+18,4.641209107964744,263072.5023661696,263072.5023661696,2.8969157546047013,0.6263631008718323,transient-slab
Li,3.6054711542504986e+18,4.641209107964744,278863.65261844953,278863.65261844953,3.070805581696879,0.6639610776629751,transient-slab
Li,3.821892620633115e+18,4.641209107964744,295602.6800682596,295602.6800682596,3.255133293259147,0.7038159049244276,transient-slab
Li,4.051304969235378e+18,4.641209107964744,313346.48184894613,313346.48184894613,3.4505254321665695,0.7460630520213003,transient-slab
Li,4.294487988789272e+18,4.641209107964744,332155.3703925795,332155.3703925795,3.6576461500621025,0.7908461199823322,transient-slab
Li,4.5522682755073096e+18,4.641209107964744,352093.2784361585,352093.2784361585,3.8771994648548054,0.8383173296099012,transient-slab
Li,4.825522042741279e+18,4.641209107964744,373227.97633348696,373227.97633348696,4.109931653726306,0.8886380388892546,transient-slab
Li,5.115178099293145e+18,4.641209107964744,395631.30241137947,395631.30241137947,4.356633789779501,0.9419792914556654,transient-slab
Li,5.422221006501592e+18,4.641209107964744,419379.407153195,419379.407153195,4.618144430951761,0.9985223979837976,transient-slab
Li,5.747694424835359e+18,4.641209107964744,444553.01203969266,444553.01203969266,4.895352470332417,1.0584595524754588,transient-slab
Li,6.092704661368687e+18,4.641209107964744,471237.6839270314,471237.6839270314,5.18920015757299,1.121994485540551,transient-slab
Li,6.458424430196991e+18,4.641209107964744,499524.1258945408,499524.1258945408,5.500686301660116,1.1893431568917638,transient-slab
Li,6.846096838574672e+18,4.641209107964744,529508.4855508767,529508.4855508767,5.830869665937656,1.2607344894068493,transient-slab
Li,7.257039612324231e+18,4.641209107964744,561292.6818465148,561292.6818465148,6.180872566917866,1.3364111472536067,transient-slab
Li,7.692649574879161e+18,4.641209107964744,594984.7515034435,594984.7515034435,6.551884689114287,1.4166303607224844,transient-slab
Li,8.154407395185187e+18,4.641209107964744,630699.2162395895,630699.2162395895,6.945167128863187,1.5016648005704514,transient-slab
Li,8.643882620598297e+18,4.641209107964744,668557.4720362064,668557.4720362064,7.362056680878859,1.5918035048481105,transient-slab
Li,9.162739011886769e+18,4.641209107964744,708688.2017713633,708688.2017713633,7.803970382112992,1.6873528613603888,transient-slab
Li,9.712740198471207e+18,4.641209107964744,751227.8126221126,751227.8126221126,8.272410328363096,1.788637649100268,transient-slab
Li,1.0295755673125085e+19,4.641209107964744,796320.899722086,796320.899722086,8.76896878000184,1.896002142195443,transient-slab
Li,1.0913767146512693e+19,4.641209107964744,844120.7376505643,844120.7376505643,9.2953335741825,2.0098112801203913,transient-slab
Li,1.1568875283162786e+19,4.641209107964744,894789.8014235314,894789.8014235314,9.85329386191592,2.130451908151265,transient-slab
Li,1.2263306841775593e+19,4.641209107964744,948500.3187577206,948500.3187577206,10.444746189521068,2.2583340922802875,transient-slab
Li,1.2999422244132422e+19,4.641209107964744,1005434.8554847512,1005434.8554847512,11.071700945119519,2.3938925130589315,transient-slab
Li,1.377972359833554e+19,4.641209107964744,1065786.9361052488,1065786.9361052488,11.736289192086282,2.5375879431077353,transient-slab
Li,1.460686320364986e+19,4.641209107964744,1129761.701592253,1129761.701592253,12.440769912684305,2.6899088133148883,transient-slab
Li,1.548365256585496e+19,4.641209107964744,1197576.6066798356,1197576.6066798356,13.187537686504301,2.851372873047228,transient-slab
Li,1.6413071953751267e+19,4.641209107964744,1269462.1590070587,1269462.1590070587,13.979130829809474,3.0225289500168064,transient-slab
Li,1.7398280529303622e+19,4.641209107964744,1345662.702629675,1345662.702629675,14.818240023451244,3.2039588157849406,transient-slab
Li,1.8442627085855328e+19,4.641209107964744,1426437.2485627844,1426437.2485627844,15.707717458683021,3.3962791632447247,transient-slab
Li,1.9549661430912594e+19,4.641209107964744,1512060.3551775196,1512060.3551775196,16.650586531959156,3.6001437028036185,transient-slab
Li,2.0723146452190294e+19,4.641209107964744,1602823.0614442865,1602823.0614442865,17.650052121672452,3.8162453843911583,transient-slab
Li,2.1967070907932353e+19,4.641209107964744,1699033.8761947257,1699033.8761947257,18.70951148176156,4.045318752844585,transient-slab
Li,2.3285662984981967e+19,4.641209107964744,1801019.8267649617,1801019.8267649617,19.832565789216407,4.28814244467848,transient-slab
Li,2.468340467068651e+19,4.641209107964744,1909127.5705845528,1909127.5705845528,21.02303238473246,4.5455418347251255,transient-slab
Li,2.6165046987488236e+19,4.641209107964744,2023724.5734895119,2023724.5734895119,22.2849577481206,4.818391841641694,transient-slab
Li,2.773562614198418e+19,4.641209107964744,2145200.358764566,2145200.358764566,23.62263125257705,5.107619901820395,transient-slab
Li,2.9400480643347137e+19,4.641209107964744,2273967.8311602375,2273967.8311602375,25.04059974456498,5.41420912181009,transient-slab
Li,3.1165269449294365e+19,4.641209107964744,2410464.680385176,2410464.680385176,26.543682998865894,5.739201619964705,transient-slab
Li,3.303599120128346e+19,4.641209107964744,2555154.868844307,2555154.868844307,28.13699010133363,6.083702068676922,transient-slab
Li,3.50190046143172e+19,4.641209107964744,2708530.2086797254,2708530.2086797254,29.82593681503704,6.448881449237442,transient-slab
Li,3.712105009066372e+19,4.641209107964744,2871112.033474808,2871112.033474808,31.61626398882008,6.835981032082876,transient-slab
Li,3.934927263095861e+19,4.641209107964744,3043452.970303788,3043452.970303788,33.51405707085147,7.2463165959613995,transient-slab
Li,4.171124612056533e+19,4.641209107964744,3226138.8181501,3226138.8181501,35.52576679349163,7.681282900357381,transient-slab
Li,4.421499907374468e+19,4.641209107964744,3419790.539078364,3419790.539078364,37.658231099786015,8.142358426377058,transient-slab
Li,4.6869041923142115e+19,4.641209107964744,3625066.3689283193,3625066.3689283193,39.918698386116745,8.631110402210284,transient-slab
Li,4.9682395947343675e+19,4.641209107964744,3842664.0547044934,3842664.0547044934,42.31485214000898,9.149200130248794,transient-slab
Li,5.266462393484259e+19,4.641209107964744,4073323.226267827,4073323.226267827,44.85483705685075,9.698388633971017,transient-slab
Li,5.582586268862678e+19,4.641209107964744,4317827.910389342,4317827.910389342,47.547286724282614,10.280542643784148,transient-slab
Li,5.917685748188806e+19,4.641209107964744,4577009.19571251,4577009.19571251,50.40135296837188,10.897640942172643,transient-slab
Li,6.272899858196231e+19,4.641209107964744,4851748.05768206,4851748.05768206,53.4267369613137,11.55178108971919,transient-slab
Li,6.649435996665032e+19,4.641209107964744,5142978.353041568,5142978.353041568,56.63372219639859,12.245186554860876,transient-slab
Li,7.048574036451889e+19,4.641209107964744,5451689.994078312,5451689.994078312,60.03320944233061,12.98021427161503,transient-slab
Li,7.471670675868067e+19,4.641209107964744,5778932.31340485,5778932.31340485,63.63675379570784,13.75936265096393,transient-slab
Li,7.920164050192541e+19,4.641209107964744,6125817.630714497,6125817.630714497,67.4566039576098,14.585280073129754,transient-slab
Li,8.395578619995103e+19,4.641209107964744,6493525.033634299,6493525.033634299,71.50574386779503,15.460773889605475,transient-slab
Li,8.899530352885224e+19,4.641209107964744,6883304.385526937,6883304.385526937,75.79793683802696,16.38881996554033,transient-slab
Li,9.433732216299774e+19,4.641209107964744,7296480.573864327,7296480.573864327,80.34777233453997,17.37257279491506,transient-slab
Li,1e+20,4.641209107964744,7734458.013613464,7734458.013613464,85.17071556866291,18.4153762228892,transient-slab
Li,1e+18,4.876824029929543,83308.40321723878,83308.40321723878,0.9173798994585279,0.1983533409934257,transient-slab
Li,1.0600258488068824e+18,4.876824029929543,88309.06083309956,88309.06083309956,0.9724464066018986,0.21025966865023704,transient-slab
Li,1.1236548001387516e+18,4.876824029929543,93609.88716694497,93609.88716694497,1.0308183275773803,0.22288068373082137,transient-slab
Li,1.191103133283008e+18,4.876824029929543,99228.90010085734,99228.90010085734,1.0926940726559033,0.23625928595442225,transient-slab
Li,1.2626001098748577e+18,4.876824029929543,105185.19905558463,105185.19905558463,1.1582839618533232,0.25044095013234435,transient-slab
Li,1.3383887531737592e+18,4.876824029929543,111499.02991081703,111499.02991081703,1.2278109398229682,0.2654738807400406,transient-slab
Li,1.418726674116599e+18,4.876824029929543,118191.85382235775,118191.85382235775,1.3015113336602173,0.28140917576751845,transient-slab
Li,1.5038869469554132e+18,4.876824029929543,125286.42017010377,125286.42017010377,1.3796356561949497,0.29830100040500895,transient-slab
Li,1.5941590374560028e+18,4.876824029929543,132806.84388478994,132806.84388478994,1.4624494575022913,0.31620677115426177,transient-slab
Li,1.689849786812462e+18,4.876824029929543,140778.68741633758,140778.68741633758,1.5502342275260312,0.33518735099127994,transient-slab
Li,1.7912844546220096e+18,4.876824029929543,149229.04762242205,149229.04762242205,1.6432883528827633,0.35530725624386206,transient-slab
Li,1.898807824465269e+18,4.876824029929543,158186.64787260062,158186.64787260062,1.741928131099015,0.37663487588714434,transient-slab
Li,2.0127853758499466e+18,4.876824029929543,167681.93568106886,167681.93568106886,1.8464888457288193,0.39924270400254497,transient-slab
Li,2.133604526501402e+18,4.876824029929543,177747.18619990462,177747.18619990462,1.9573259060061161,0.4232075861902491,transient-slab
Li,2.2616759492228552e+18,4.876824029929543,188416.61192458888,188416.61192458888,2.0748160549058334,0.4486109807728307,transient-slab
Li,2.3974349678010685e+18,4.876824029929543,199726.4789846793,199726.4789846793,2.1993586497197035,0.47553923567780787,transient-slab
Li,2.541343036702629e+18,4.876824029929543,211715.23041494464,211715.23041494464,2.3313770194998877,0.5040838819403444,transient-slab
Li,2.693889309590164e+18,4.876824029929543,224423.61682594637,224423.61682594637,2.4713199039842277,0.5343419448236818,transient-slab
Li,2.8555923019901005e+18,4.876824029929543,237894.8349182344,237894.8349182344,2.6196629788942247,0.5664162736148439,transient-slab
Li,3.0270016537634555e+18,4.876824029929543,252174.67431097457,252174.67431097457,2.776910472790316,0.6004158912166061,transient-slab
Li,3.208699997370444e+18,4.876824029929543,267311.67318408994,267311.67318408994,2.9435968809802766,0.6364563647240237,transient-slab
Li,3.401304938279246e+18,4.876824029929543,283357.2832629529,283357.2832629529,3.120288782306409,0.6746601982451259,transient-slab
Li,3.6054711542504986e+18,4.876824029929543,300366.0447064239,300366.0447064239,3.307586764986945,0.7151572493010092,transient-slab
Li,3.821892620633115e+18,4.876824029929543,318395.77149269293,318395.77149269293,3.506127468057697,0.7580851702206974,transient-slab
Li,4.051304969235378e+18,4.876824029929543,337507.747933064,337507.747933064,3.7165857453529854,0.8035898760311048,transient-slab
Li,4.294487988789272e+18,4.876824029929543,357766.93698164553,357766.93698164553,3.9396769593813588,0.8518260404324893,transient-slab
Li,4.5522682755073096e+18,4.876824029929543,379242.2010490072,379242.2010490072,4.176159412893142,0.9029576215452552,transient-slab
Li,4.825522042741279e+18,4.876824029929543,402006.53607036424,402006.53607036424,4.4268369264049054,0.957158419215153,transient-slab
Li,5.115178099293145e+18,4.876824029929543,426137.3196239023,426137.3196239023,4.692561570442009,1.014612665771196,transient-slab
Li,5.422221006501592e+18,4.876824029929543,451716.57394261693,451716.57394261693,4.974236561786348,1.075515652244326,transient-slab
Li,5.747694424835359e+18,4.876824029929543,478831.24471365946,478831.24471365946,5.272819333573803,1.1400743921753798,transient-slab
Li,6.092704661368687e+18,4.876824029929543,507573.4966128528,507573.4966128528,5.589324789676909,1.2085083252686972,transient-slab
Li,6.458424430196991e+18,4.876824029929543,538041.0265789166,538041.0265789166,5.924828754434617,1.2810500632831348,transient-slab
Li,6.846096838574672e+18,4.876824029929543,570337.3958922423,570337.3958922423,6.2804716294549765,1.357946180695815,transient-slab
Li,7.257039612324231e+18,4.876824029929543,604572.3821869813,604572.3821869813,6.657462269920558,1.439458052826146,transient-slab
Li,7.692649574879161e+18,4.876824029929543,640862.3525929537,640862.3525929537,7.057082093572332,1.5258627442689374,transient-slab
Li,8.154407395185187e+18,4.876824029929543,679330.6592757214,679330.6592757214,7.4806894363388645,1.6174539506564796,transient-slab
Li,8.643882620598297e+18,4.876824029929543,720108.0587192855,720108.0587192855,7.929724169415782,1.7145429969506798,transient-slab
Li,9.162739011886769e+18,4.876824029929543,763333.156176587,763333.156176587,8.405712593489415,1.8174598956585404,transient-slab
Li,9.712740198471207e+18,4.876824029929543,809152.8767985231,809152.8767985231,8.910272626740317,1.9265544685679123,transient-slab
Li,1.0295755673125085e+19,4.876824029929543,857722.9650428784,857722.9650428784,9.44511930426106,2.0421975358163773,transient-slab
Li,1.0913767146512693e+19,4.876824029929543,909208.514060733,909208.514060733,10.0120706075816,2.1647821763350787,transient-slab
Li,1.1568875283162786e+19,4.876824029929543,963784.5268596726,963784.5268596726,10.613053644116123,2.2947250639516015,transient-slab
Li,1.2263306841775593e+19,4.876824029929543,1021636.5111513642,1021636.5111513642,11.250111197537171,2.4324678836937244,transient-slab
Li,1.2999422244132422e+19,4.876824029929543,1082961.109905327,1082961.109905327,11.925408671341154,2.578478833107922,transient-slab
Li,1.377972359833554e+19,4.876824029929543,1147966.7697522375,1147966.7697522375,12.64124144920736,2.7332542136958033,transient-slab
Li,1.460686320364986e+19,4.876824029929543,1216874.4495087105,1216874.4495087105,13.400042697168777,2.8973201178778822,transient-slab
Li,1.548365256585496e+19,4.876824029929543,1289918.3712318789,1289918.3712318789,14.204391634114803,3.0712342172187594,transient-slab
Li,1.6413071953751267e+19,4.876824029929543,1367346.8163566638,1367346.8163566638,15.057022298737925,3.2555876579920566,transient-slab
Li,1.7398280529303622e+19,4.876824029929543,1449422.9696218607,1449422.9696218607,15.960832842723821,3.45100707052824,transient-slab
Li,1.8442627085855328e+19,4.876824029929543,1536425.813653605,1536425.813653605,16.918895381773083,3.65815669917525,transient-slab
Li,1.9549661430912594e+19,4.876824029929543,1628651.0772469677,1628651.0772469677,17.934466437938855,3.877740660111828,transient-slab
Li,2.0723146452190294e+19,4.876824029929543,1726412.2405689603,1726412.2405689603,19.01099800877468,4.110505334688001,transient-slab
Li,2.1967070907932353e+19,4.876824029929543,1830041.600699704,1830041.600699704,20.152149300917333,4.357241906427866,transient-slab
Li,2.3285662984981967e+19,4.876824029929543,1939891.4011336097,1939891.4011336097,21.361799167987925,4.618789050318119,transient-slab
Li,2.468340467068651e+19,4.876824029929543,2056335.0290798272,2056335.0290798272,22.644059295088553,4.8960357835233985,transient-slab
Li,2.6165046987488236e+19,4.876824029929543,2179768.284631669,2179768.284631669,24.00328817470962,5.189924487218259,transient-slab
Li,2.773562614198418e+19,4.876824029929543,2310610.726119007,2310610.726119007,25.44410592155277,5.50145410980716,transient-slab
Li,2.9400480643347137e+19,4.876824029929543,2449307.096216587,2449307.096216587,26.97140997662619,5.831683562420444,transient-slab
Li,3.1165269449294365e+19,4.876824029929543,2596328.833655708,2596328.833655708,28.590391753991593,6.181735318227877,transient-slab
Li,3.303599120128346e+19,4.876824029929543,2752175.6756776753,2752175.6756776753,30.306554286746238,6.552799227803989,transient-slab
Li,3.50190046143172e+19,4.876824029929543,2917377.3566758824,2917377.3566758824,32.12573093222004,6.946136563514005,transient-slab
Li,3.712105009066372e+19,4.876824029929543,3092495.408800332,3092495.408800332,34.05410519996806,7.363084306667457,transient-slab
Li,3.934927263095861e+19,4.876824029929543,3278125.0706449584,3278125.0706449584,36.09823176995502,7.805059692011807,transient-slab
Li,4.171124612056533e+19,4.876824029929543,3474897.310505544,3474897.310505544,38.26505877237414,8.2735650250132,transient-slab
Li,4.421499907374468e+19,4.876824029929543,3683480.971085361,3683480.971085361,40.5619514048308,8.770192788298479,transient-slab
Li,4.6869041923142115e+19,4.876824029929543,3904585.0429387917,3904585.0429387917,42.99671696716964,9.29663105461617,transient-slab
Li,4.9682395947343675e+19,4.876824029929543,4138961.0743798167,4138961.0743798167,45.57763139903292,9.85466922471385,transient-slab
Li,5.266462393484259e+19,4.876824029929543,4387405.726048111,4387405.726048111,48.313467410367075,10.446204109638359,transient-slab
Li,5.582586268862678e+19,4.876824029929543,4650763.478814325,4650763.478814325,51.21352430047802,11.073246378129346,transient-slab
Li,5.917685748188806e+19,4.876824029929543,4929929.504230204,4929929.504230204,54.2876595670061,11.737927391024296,transient-slab
Li,6.272899858196231e+19,4.876824029929543,5225852.707279716,5225852.707279716,57.546322412254725,12.442506445904085,transient-slab
Li,6.649435996665032e+19,4.876824029929543,5539538.951773925,5539538.951773925,61.000589260764826,13.189378456604583,transient-slab
Li,7.048574036451889e+19,4.876824029929543,5872054.479352943,5872054.479352943,64.66220140886224,13.981082093697482,transient-slab
Li,7.471670675868067e+19,4.876824029929543,6224529.53371636,6224529.53371636,68.54360493415079,14.820308413610382,transient-slab
Li,7.920164050192541e+19,4.876824029929543,6598162.202401192,6598162.202401192,72.65799300060681,15.709910005717122,transient-slab
Li,8.395578619995103e+19,4.876824029929543,6994222.489165811,6994222.489165811,77.01935070307273,16.652910688490028,transient-slab
Li,8.899530352885224e+19,4.876824029929543,7414056.630822176,7414056.630822176,81.64250260357966,17.65251578767185,transient-slab
Li,9.433732216299774e+19,4.876824029929543,7859091.673189572,7859091.673189572,86.54316312107761,18.712123031403742,transient-slab
Li,1e+20,4.876824029929543,8330840.321723877,8330840.321723877,91.73798994585279,19.835334099342568,transient-slab
Li,1e+18,5.124400143506506,89732.07992583836,89732.07992583836,0.9881164838307244,0.2136478093472342,transient-slab
Li,1.0600258488068824e+18,5.124400143506506,95118.32418859383,95118.32418859383,1.0474290144927358,0.22647220044903296,transient-slab
Li,1.1236548001387516e+18,5.124400143506506,100827.88233510239,100827.88233510239,1.1103018301526186,0.24006638651214854,transient-slab
Li,1.191103133283008e+18,5.124400143506506,106880.16155566738,106880.16155566738,1.1769486399393645,0.2544765751325414,transient-slab
Li,1.2626001098748577e+18,5.124400143506506,113295.73397366304,113295.73397366304,1.2475959810538308,0.26975174755634057,transient-slab
Li,1.3383887531737592e+18,5.124400143506506,120096.40657163093,120096.40657163093,1.3224839887846422,0.28594382517054984,transient-slab
Li,1.418726674116599e+18,5.124400143506506,127305.2953147495,127305.2953147495,1.4018672127449516,0.3031078459874988,transient-slab
Li,1.5038869469554132e+18,5.124400143506506,134946.90372362817,134946.90372362817,1.486015482104506,0.32130215172292426,transient-slab
Li,1.5941590374560028e+18,5.124400143506506,143047.20616349962,143047.20616349962,1.5752148227579976,0.3405885861035705,transient-slab
Li,1.689849786812462e+18,5.124400143506506,151633.73613291676,151633.73613291676,1.669768429547229,0.36103270507837326,transient-slab
Li,1.7912844546220096e+18,5.124400143506506,160735.67985205396,160735.67985205396,1.7699976968417368,0.3827039996477475,transient-slab
Li,1.898807824465269e+18,5.124400143506506,170383.97546872482,170383.97546872482,1.8762433109808894,0.4056761320683924,transient-slab
Li,2.0127853758499466e+18,5.124400143506506,180611.418219326,180611.418219326,1.9888664082907521,0.4300271862364905,transient-slab
Li,2.133604526501402e+18,5.124400143506506,191452.77190215432,191452.77190215432,2.1082498026118826,0.4558399331003674,transient-slab
Li,2.2616759492228552e+18,5.124400143506506,202944.8870420116,202944.8870420116,2.2347992865106034,0.4832021120047895,transient-slab
Li,2.3974349678010685e+18,5.124400143506506,215126.82614772522,215126.82614772522,2.368945010596418,0.5122067289231552,transient-slab
Li,2.541343036702629e+18,5.124400143506506,228039.99648837312,228039.99648837312,2.5111429456342975,0.5429523725913645,transient-slab
Li,2.693889309590164e+18,5.124400143506506,241728.29083950614,241728.29083950614,2.6618764324214106,0.5755435496178718,transient-slab
Li,2.8555923019901005e+18,5.124400143506506,256238.23667778447,256238.23667778447,2.8216578246965422,0.6100910397090107,transient-slab
Li,3.0270016537634555e+18,5.124400143506506,271619.15433114726,271619.15433114726,2.991030230666533,0.6467122722170173,transient-slab
Li,3.208699997370444e+18,5.124400143506506,287923.324622082,287923.324622082,3.1705693590693373,0.6855317252906714,transient-slab
Li,3.401304938279246e+18,5.124400143506506,305206.166573822,305206.166573822,3.360885476048567,0.7266813489852905,transient-slab
Li,3.6054711542504986e+18,5.124400143506506,323526.4257835105,323526.4257835105,3.562625479491106,0.7703010137702632,transient-slab
Li,3.821892620633115e+18,5.124400143506506,342946.37410262256,342946.37410262256,3.7764750978785866,0.8165389859586252,transient-slab
Li,4.051304969235378e+18,5.124400143506506,363532.02130337514,363532.02130337514,4.0031612211268035,0.8655524316747027,transient-slab
Li,4.294487988789272e+18,5.124400143506506,385353.3394505918,385353.3394505918,4.243454371335735,0.9175079510728377,transient-slab
Li,4.5522682755073096e+18,5.124400143506506,408484.50074168027,408484.50074168027,4.498171321848438,0.9725821446230483,transient-slab
Li,4.825522042741279e+18,5.124400143506506,433004.1296231552,433004.1296231552,4.768177873521167,1.0309622133884648,transient-slab
Li,5.115178099293145e+18,5.124400143506506,458995.57004067046,458995.57004067046,5.05439179764147,1.0928465953349298,transient-slab
Li,5.422221006501592e+18,5.124400143506506,486547.16873096064,486547.16873096064,5.357785955497445,1.1584456398356207,transient-slab
Li,5.747694424835359e+18,5.124400143506506,515752.57551862206,515752.57551862206,5.679391605201773,1.227982322663386,transient-slab
Li,6.092704661368687e+18,5.124400143506506,546711.0616384629,546711.0616384629,6.0203019070106905,1.3016930039011023,transient-slab
Li,6.458424430196991e+18,5.124400143506506,579527.8571654235,579527.8571654235,6.381675639052699,1.3798282313462464,transient-slab
Li,6.846096838574672e+18,5.124400143506506,614314.5086990118,614314.5086990118,6.764741136097042,1.4626535921405042,transient-slab
Li,7.257039612324231e+18,5.124400143506506,651189.2585180529,651189.2585180529,7.170800464750101,1.5504506155191735,transient-slab
Li,7.692649574879161e+18,5.124400143506506,690277.4464945234,690277.4464945234,7.601233849271514,1.6435177297488652,transient-slab
Li,8.154407395185187e+18,5.124400143506506,731711.9361326045,731711.9361326045,8.057504363053642,1.7421712765062012,transient-slab
Li,8.643882620598297e+18,5.124400143506506,775633.5661810915,775633.5661810915,8.541162901711095,1.846746586145456,transient-slab
Li,9.162739011886769e+18,5.124400143506506,822191.6293542208,822191.6293542208,9.05385345468416,1.9575991175100496,transient-slab
Li,9.712740198471207e+18,5.124400143506506,871544.3797881216,871544.3797881216,9.597318693274701,2.0751056661621945,transient-slab
Li,1.0295755673125085e+19,5.124400143506506,923859.5709577639,923859.5709577639,10.173405894108592,2.199665645137533,transient-slab
Li,1.0913767146512693e+19,5.124400143506506,979315.0258828659,979315.0258828659,10.784073218159401,2.331702442578252,transient-slab
Li,1.1568875283162786e+19,5.124400143506506,1038099.2415608192,1038099.2415608192,11.43139636667499,2.4716648608590934,transient-slab
Li,1.2263306841775593e+19,5.124400143506506,1100412.0296812882,1100412.0296812882,12.117575636632566,2.620028642098305,transient-slab
Li,1.2999422244132422e+19,5.124400143506506,1166465.1958002113,1166465.1958002113,12.844943399703029,2.777298085238598,transient-slab
Li,1.377972359833554e+19,5.124400143506506,1236483.2592818057,1236483.2592818057,13.61597203014657,2.944007760194775,transient-slab
Li,1.460686320364986e+19,5.124400143506506,1310704.2164556966,1310704.2164556966,14.43328230858689,3.120724324894516,transient-slab
Li,1.548365256585496e+19,5.124400143506506,1389380.3495832093,1389380.3495832093,15.299652330229174,3.3080484513885935,transient-slab
Li,1.6413071953751267e+19,5.124400143506506,1472779.0843825445,1472779.0843825445,16.218026947801377,3.506616867577487,transient-slab
Li,1.7398280529303622e+19,5.124400143506506,1561183.89902763,1561183.89902763,17.19152778131605,3.7171045214943574,transient-slab
Li,1.8442627085855328e+19,5.124400143506506,1654895.2877104017,1654895.2877104017,18.223463828676646,3.940226875500956,transient-slab
Li,1.9549661430912594e+19,5.124400143506506,1754231.7820417285,1754231.7820417285,19.31734271319448,4.176742338194591,transient-slab
Li,2.0723146452190294e+19,5.124400143506506,1859531.033762793,1859531.033762793,20.476882606247422,4.427454842292365,transient-slab
Li,2.1967070907932353e+19,5.124400143506506,1971150.9624471446,1971150.9624471446,21.706024865606313,4.693216577255106,transient-slab
Li,2.3285662984981967e+19,5.124400143506506,2089470.972094538,2089470.972094538,23.008947432387632,4.974930885939376,transient-slab
Li,2.468340467068651e+19,5.124400143506506,2214893.240751854,2214893.240751854,24.390079032169638,5.273555335123462,transient-slab
Li,2.6165046987488236e+19,5.124400143506506,2347844.0875446107,2347844.0875446107,25.854114228542564,5.590104970344311,transient-slab
Li,2.773562614198418e+19,5.124400143506506,2488775.4217656963,2488775.4217656963,27.406029380260925,5.9256557661088,transient-slab
Li,2.9400480643347137e+19,5.124400143506506,2638166.2789468886,2638166.2789468886,29.051099556237443,6.281348283206878,transient-slab
Li,3.1165269449294365e+19,5.124400143506506,2796524.4491343703,2796524.4491343703,30.79491646587384,6.6583915455580245,transient-slab
Li,3.303599120128346e+19,5.124400143506506,2964388.202902861,2964388.202902861,32.64340746567497,7.058067149768717,transient-slab
Li,3.50190046143172e+19,5.124400143506506,3142328.120975213,3142328.120975213,34.60285570675102,7.481733621369555,transient-slab
Li,3.712105009066372e+19,5.124400143506506,3330949.033666486,3330949.033666486,36.67992149169082,7.930831032539252,transient-slab
Li,3.934927263095861e+19,5.124400143506506,3530892.0767447823,3530892.0767447823,38.88166491339938,8.406885897011387,transient-slab
Li,4.171124612056533e+19,5.124400143506506,3742836.8706968836,3742836.8706968836,41.21556985285096,8.911516358802105,transient-slab
Li,4.421499907374468e+19,5.124400143506506,3967503.830806127,3967503.830806127,43.68956941732733,9.44643769239554,transient-slab
Li,4.6869041923142115e+19,5.124400143506506,4205656.615894858,4205656.615894858,46.31207290561,10.013468133082995,transient-slab
Li,4.9682395947343675e+19,5.124400143506506,4458104.72405419,4458104.72405419,49.09199439177506,10.614535057271882,transient-slab
Li,5.266462393484259e+19,5.124400143506506,4725706.244185516,4725706.244185516,52.03878302476407,11.251681533775038,transient-slab
Li,5.582586268862678e+19,5.124400143506506,5009370.772704735,5009370.772704735,55.16245514670271,11.927073268344607,transient-slab
Li,5.917685748188806e+19,5.124400143506506,5310062.505324725,5310062.505324725,58.47362833915512,12.64300596505887,transient-slab
Li,6.272899858196231e+19,5.124400143506506,5628803.514424443,5628803.514424443,61.983557513031094,13.40191312958201,transient-slab
Li,6.649435996665032e+19,5.124400143506506,5966677.223144933,5966677.223144933,65.70417316482099,14.206374340821268,transient-slab
Li,7.048574036451889e+19,5.124400143506506,6324832.088020901,6324832.088020901,69.64812192919378,15.059124019097384,transient-slab
Li,7.471670675868067e+19,5.124400143506506,6704485.502665361,6704485.502665361,73.82880956579886,15.963060720631814,transient-slab
Li,7.920164050192541e+19,5.124400143506506,7106927.935776287,7106927.935776287,78.26044652638761,16.921256989943544,transient-slab
Li,8.395578619995103e+19,5.124400143506506,7533527.317530603,7533527.317530603,82.95809625713966,17.936969803644295,transient-slab
Li,8.899530352885224e+19,5.124400143506506,7985733.689275215,7985733.689275215,87.93772640037754,19.013651641131464,transient-slab
Li,9.433732216299774e+19,5.124400143506506,8465084.132319676,8465084.132319676,93.21626306970758,20.154962219808752,transient-slab
Li,1e+20,5.124400143506506,8973207.992583835,8973207.992583835,98.81164838307242,21.36478093472342,transient-slab
Li,1e+18,5.384544668745998,96651.06828203972,96651.06828203972,1.0643073673123715,0.2301215911477136,transient-slab
Li,1.0600258488068824e+18,5.384544668745998,102452.63069376112,102452.63069376112,1.1281933204267154,0.24393483498514554,transient-slab
Li,1.1236548001387516e+18,5.384544668745998,108602.43681365218,108602.43681365218,1.1959140821035839,0.2585772305086957,transient-slab
Li,1.191103133283008e+18,5.384544668745998,115121.39026588746,115121.39026588746,1.267699839981955,0.274098548252113,transient-slab
Li,1.2626001098748577e+18,5.384544668745998,122031.64943242572,122031.64943242572,1.3437945989092208,0.2905515462676803,transient-slab
Li,1.3383887531737592e+18,5.384544668745998,129356.70277091101,129356.70277091101,1.4244570103308514,0.30799214945455,transient-slab
Li,1.418726674116599e+18,5.384544668745998,137121.44865359453,137121.44865359453,1.5099612514648746,0.3264796396514155,transient-slab
Li,1.5038869469554132e+18,5.384544668745998,145352.27999865593,145352.27999865593,1.6005979572495566,0.34607685713965697,transient-slab
Li,1.5941590374560028e+18,5.384544668745998,154077.17398159084,154077.17398159084,1.6966752082320227,0.36685041424188297,transient-slab
Li,1.689849786812462e+18,5.384544668745998,163325.78713160157,163325.78713160157,1.7985195777557441,0.3888709217419085,transient-slab
Li,1.7912844546220096e+18,5.384544668745998,173129.55613622812,173129.55613622812,1.9064772420063283,0.4122132288957812,transient-slab
Li,1.898807824465269e+18,5.384544668745998,183521.80469686404,183521.80469686404,2.020915156688763,0.4369566778496763,transient-slab
Li,2.0127853758499466e+18,5.384544668745998,194537.85679836417,194537.85679836417,2.142222304335699,0.4631853733294385,transient-slab
Li,2.133604526501402e+18,5.384544668745998,206215.15677775603,206215.15677775603,2.2708110164864665,0.49098846851846667,transient-slab
Li,2.2616759492228552e+18,5.384544668745998,218593.39660018517,218593.39660018517,2.407118375231086,0.520460468095679,transient-slab
Li,2.3974349678010685e+18,5.384544668745998,231714.6507746908,231714.6507746908,2.5516076988829757,0.5517015494635495,transient-slab
Li,2.541343036702629e+18,5.384544668745998,245623.51936843197,245623.51936843197,2.7047701168306024,0.5848179032581714,transient-slab
Li,2.693889309590164e+18,5.384544668745998,260367.2796054558,260367.2796054558,2.8671262389208505,0.6199220942987044,transient-slab
Li,2.8555923019901005e+18,5.384544668745998,275996.0465653122,275996.0465653122,3.0392279250485585,0.6571334442031243,transient-slab
Li,3.0270016537634555e+18,5.384544668745998,292562.9435277389,292562.9435277389,3.221660160967178,0.696578436970807,transient-slab
Li,3.208699997370444e+18,5.384544668745998,310124.2825424315,310124.2825424315,3.4150430466965513,0.7383911489105512,transient-slab
Li,3.401304938279246e+18,5.384544668745998,328739.7558376663,328739.7558376663,3.6200339042865526,0.7827137043753959,transient-slab
Li,3.6054711542504986e+18,5.384544668745998,348472.63871838956,348472.63871838956,3.8373295121010464,0.8296967588533084,transient-slab
Li,3.821892620633115e+18,5.384544668745998,369390.00464343495,369390.00464343495,4.067668473216611,0.8795000110557974,transient-slab
Li,4.051304969235378e+18,5.384544668745998,391562.9532129354,391562.9532129354,4.3118337259864346,0.9322927457450844,transient-slab
Li,4.294487988789272e+18,5.384544668745998,415066.8518408713,415066.8518408713,4.570655205302912,0.9882544091449318,transient-slab
Li,4.5522682755073096e+18,5.384544668745998,439981.5919342202,439981.5919342202,4.845012663604815,1.0475752188910006,transient-slab
Li,4.825522042741279e+18,5.384544668745998,466391.8604494752,466391.8604494752,5.135838661217789,1.1104568105939885,transient-slab
Li,5.115178099293145e+18,5.384544668745998,494387.427749576,494387.427749576,5.444121736192589,1.1771129232132762,transient-slab
Li,5.422221006501592e+18,5.384544668745998,524063.45273969555,524063.45273969555,5.770909764415547,1.2477701255707037,transient-slab
Li,5.747694424835359e+18,5.384544668745998,555520.8063190613,555520.8063190613,6.117313521412517,1.3226685864739554,transient-slab
Li,6.092704661368687e+18,5.384544668745998,588866.4142482467,588866.4142482467,6.484510457953122,1.4020628910672541,transient-slab
Li,6.458424430196991e+18,5.384544668745998,624213.6205973629,624213.6205973629,6.8737487022888635,1.4862229061841972,transient-slab
Li,6.846096838574672e+18,5.384544668745998,661682.573010537,661682.573010537,7.286351302628961,1.5754346976441358,transient-slab
Li,7.257039612324231e+18,5.384544668745998,701400.6310962164,701400.6310962164,7.723720724274397,1.670001502610039,transient-slab
Li,7.692649574879161e+18,5.384544668745998,743502.7993314498,743502.7993314498,8.187343616696277,1.7702447603129758,transient-slab
Li,8.154407395185187e+18,5.384544668745998,788132.1859516132,788132.1859516132,8.67879586676208,1.8765052046466981,transient-slab
Li,8.643882620598297e+18,5.384544668745998,835440.4893853824,835440.4893853824,9.199747955286137,1.9891440223461485,transient-slab
Li,9.162739011886769e+18,5.384544668745998,885588.5138883773,885588.5138883773,9.751970635111569,2.1085440806866127,transient-slab
Li,9.712740198471207e+18,5.384544668745998,938746.7161281528,938746.7161281528,10.337340950023934,2.235111228876554,transient-slab
Li,1.0295755673125085e+19,5.384544668745998,995095.7845784106,995095.7845784106,10.957848614955175,2.3692756775676442,transient-slab
Li,1.0913767146512693e+19,5.384544668745998,1054827.2536918803,1054827.2536918803,11.615602779165181,2.5114934611711437,transient-slab
Li,1.1568875283162786e+19,5.384544668745998,1118144.1549393681,1118144.1549393681,12.312839195388154,2.6622479879508765,transient-slab
Li,1.2263306841775593e+19,5.384544668745998,1185261.7069280578,1185261.7069280578,13.051927819313978,2.8220516831620426,transient-slab
Li,1.2999422244132422e+19,5.384544668745998,1256408.0469447088,1256408.0469447088,13.83538086523446,2.9914477308207355,transient-slab
Li,1.377972359833554e+19,5.384544668745998,1331825.0064103622,1331825.0064103622,14.665861345236658,3.171011920024672,transient-slab
Li,1.460686320364986e+19,5.384544668745998,1411768.9328823758,1411768.9328823758,15.546192120968533,3.361354602100895,transient-slab
Li,1.548365256585496e+19,5.384544668745998,1496511.5613978275,1496511.5613978275,16.479365498744542,3.5631227652329223,transient-slab
Li,1.6413071953751267e+19,5.384544668745998,1586340.938120045,1586340.938120045,17.468553400605536,3.7770022336191547,transient-slab
Li,1.7398280529303622e+19,5.384544668745998,1681562.3994278065,1681562.3994278065,18.517118145905233,4.003719998637635,transient-slab
Li,1.8442627085855328e+19,5.384544668745998,1782499.6097751984,1782499.6097751984,19.628623880070517,4.244046689940949,transient-slab
Li,1.9549661430912594e+19,5.384544668745998,1889495.6618498918,1889495.6618498918,20.806848689382797,4.498799194880696,transient-slab
Li,2.0723146452190294e+19,5.384544668745998,2002914.242769353,2002914.242769353,22.055797442959364,4.7688434351651265,transient-slab
Li,2.1967070907932353e+19,5.384544668745998,2123140.8702789783,2123140.8702789783,23.37971540558567,5.055097310188044,transient-slab
Li,2.3285662984981967e+19,5.384544668745998,2250584.203154057,2250584.203154057,24.783102667669297,5.358533817033469,transient-slab
Li,2.468340467068651e+19,5.384544668745998,2385677.4302597404,2385677.4302597404,26.27072944136426,5.680184357761287,transient-slab
Li,2.6165046987488236e+19,5.384544668745998,2528879.7429905036,2528879.7429905036,27.84765227485811,6.021142245215485,transient-slab
Li,2.773562614198418e+19,5.384544668745998,2680677.8960940386,2680677.8960940386,29.51923123993537,6.382566419271521,transient-slab
Li,2.9400480643347137e+19,5.384544668745998,2841587.862184931,2841587.862184931,31.29114815123913,6.765685386154598,transient-slab
Li,3.1165269449294365e+19,5.384544668745998,3012156.585571916,3012156.585571916,33.169425879159164,7.171801394218847,transient-slab
Li,3.303599120128346e+19,5.384544668745998,3192963.8413601117,3192963.8413601117,35.160448821992674,7.602294860381218,transient-slab
Li,3.50190046143172e+19,5.384544668745998,3384624.206147436,3384624.206147436,37.27098460696374,8.0586290622558,transient-slab
Li,3.712105009066372e+19,5.384544668745998,3587789.1470137564,3587789.1470137564,39.50820709386498,8.542355111937516,transient-slab
Li,3.934927263095861e+19,5.384544668745998,3803149.2359033776,3803149.2359033776,41.87972075951232,9.055117228341375,transient-slab
Li,4.171124612056533e+19,5.384544668745998,4031436.4969277247,4031436.4969277247,44.39358654589727,9.598658326018391,transient-slab
Li,4.421499907374468e+19,5.384544668745998,4273426.894566821,4273426.894566821,47.05834925989616,10.174825939444812,transient-slab
Li,4.6869041923142115e+19,5.384544668745998,4529942.971227392,4529942.971227392,49.88306661767257,10.78557850292236,transient-slab
Li,4.9682395947343675e+19,5.384544668745998,4801856.643122048,4801856.643122048,52.8773400324882,11.432992007433448,transient-slab
Li,5.266462393484259e+19,5.384544668745998,5090092.1639744155,5090092.1639744155,56.05134725058844,12.119267057081942,transient-slab
Li,5.582586268862678e+19,5.384544668745998,5395629.266622241,5395629.266622241,59.41587694607432,12.846736349100572,transient-slab
Li,5.917685748188806e+19,5.384544668745998,5719506.493198496,5719506.493198496,62.982365392367704,13.617872602853563,transient-slab
Li,6.272899858196231e+19,5.384544668745998,6062824.725209213,6062824.725209213,66.76293533490981,14.43529696478384,transient-slab
Li,6.649435996665032e+19,5.384544668745998,6426750.925507249,6426750.925507249,70.77043719722677,15.301787917874403,transient-slab
Li,7.048574036451889e+19,5.384544668745998,6812522.104881239,6812522.104881239,75.01849276042446,16.220290725907713,transient-slab
Li,7.471670675868067e+19,5.384544668745998,7221449.526742386,7221449.526742386,79.52154146458193,17.193927444624727,transient-slab
Li,7.920164050192541e+19,5.384544668745998,7654923.164201157,7654923.164201157,84.29488948942515,18.22600753381228,transient-slab
Li,8.395578619995103e+19,5.384544668745998,8114416.424683796,8114416.424683796,89.35476178111023,19.32003910638999,transient-slab
Li,8.899530352885224e+19,5.384544668745998,8601491.158147948,8601491.158147948,94.71835720195813,20.479740852733208,transient-slab
Li,9.433732216299774e+19,5.384544668745998,9117802.965920674,9117802.965920674,100.40390699059917,21.709054680763508,transient-slab
Li,1e+20,5.384544668745998,9665106.828203972,9665106.828203972,106.43073673123716,23.01215911477136,transient-slab
Li,1e+18,5.657895651739934,104103.56037417159,104103.56037417159,1.146373115570294,0.24786561993850378,transient-slab
Li,1.0600258488068824e+18,5.657895651739934,110352.46494944977,110352.46494944977,1.2151851348817913,0.2627439641653566,transient-slab
Li,1.1236548001387516e+18,5.657895651739934,116976.46532597225,116976.46532597225,1.2881276540605768,0.27851539363326727,transient-slab
Li,1.191103133283008e+18,5.657895651739934,123998.07694759258,123998.07694759258,1.365448609867181,0.2952335165418871,transient-slab
Li,1.2626001098748577e+18,5.657895651739934,131441.1667667929,131441.1667667929,1.447410821676636,0.3129551589685545,transient-slab
Li,1.3383887531737592e+18,5.657895651739934,139331.03437013668,139331.03437013668,1.5342928848200434,0.33174055802413493,transient-slab
Li,1.418726674116599e+18,5.657895651739934,147694.49797334505,147694.49797334505,1.626390117549727,0.3516535666032025,transient-slab
Li,1.5038869469554132e+18,5.657895651739934,156559.98557830148,156559.98557830148,1.7240155648467748,0.37276187042452735,transient-slab
Li,1.5941590374560028e+18,5.657895651739934,165957.63160183228,165957.63160183228,1.8275010624829793,0.3951372180996007,transient-slab
Li,1.689849786812462e+18,5.657895651739934,175919.37930471217,175919.37930471217,1.9371983649539997,0.41885566501121946,transient-slab
Li,1.7912844546220096e+18,5.657895651739934,186479.08936905742,186479.08936905742,2.0534803411176683,0.4439978318310891,transient-slab
Li,1.898807824465269e+18,5.657895651739934,197672.65499316953,197672.65499316953,2.1767422416015023,0.4706491785551656,transient-slab
Li,2.0127853758499466e+18,5.657895651739934,209538.12389504458,209538.12389504458,2.3074030422874285,0.49890029498820143,transient-slab
Li,2.133604526501402e+18,5.657895651739934,222115.82763924453,222115.82763924453,2.4459068684402947,0.5288472086648679,transient-slab
Li,2.2616759492228552e+18,5.657895651739934,235448.51872673334,235448.51872673334,2.5927245043210063,0.560591711254127,transient-slab
Li,2.3974349678010685e+18,5.657895651739934,249581.51591362868,249581.51591362868,2.7483549934152784,0.5942417045562588,transient-slab
Li,2.541343036702629e+18,5.657895651739934,264562.8582528527,264562.8582528527,2.9133273347176645,0.6299115672686968,transient-slab
Li,2.693889309590164e+18,5.657895651739934,280443.46838225506,280443.46838225506,3.0882022808363847,0.6677225437672739,transient-slab
Li,2.8555923019901005e+18,5.657895651739934,297277.3256142461,297277.3256142461,3.2735742440309394,0.7078031562243955,transient-slab
Li,3.0270016537634555e+18,5.657895651739934,315121.6494152811,315121.6494152811,3.470073316661244,0.7502896414649549,transient-slab
Li,3.208699997370444e+18,5.657895651739934,334037.09389885823,334037.09389885823,3.67836741291595,0.7953264140449006,transient-slab
Li,3.401304938279246e+18,5.657895651739934,354087.95399312145,354087.95399312145,3.899164539099806,0.8430665571264797,transient-slab
Li,3.6054711542504986e+18,5.657895651739934,375342.38398385094,375342.38398385094,4.133215200196968,0.8936723428186928,transient-slab
Li,3.821892620633115e+18,5.657895651739934,397872.6291756804,397872.6291756804,4.3813149508903,0.9473157837516201,transient-slab
Li,4.051304969235378e+18,5.657895651739934,421755.2714589766,421755.2714589766,4.644307099707775,1.0041792177594682,transient-slab
Li,4.294487988789272e+18,5.657895651739934,447071.4896170788,447071.4896170788,4.923085575487565,1.0644559276597114,transient-slab
Li,4.5522682755073096e+18,5.657895651739934,473907.3352587012,473907.3352587012,5.218597965905124,1.1283507982350027,transient-slab
Li,4.825522042741279e+18,5.657895651739934,502354.0253134126,502354.0253134126,5.531848738390449,1.1960810126509824,transient-slab
Li,5.115178099293145e+18,5.657895651739934,532508.2520844043,532508.2520844043,5.863902654383619,1.2678767906771533,transient-slab
Li,5.422221006501592e+18,5.657895651739934,564472.51191244,564472.51191244,6.215888388533926,1.3439821712200952,transient-slab
Li,5.747694424835359e+18,5.657895651739934,598355.4535681374,598355.4535681374,6.589002365144521,1.4246558418288986,transient-slab
Li,6.092704661368687e+18,5.657895651739934,634272.2475567916,634272.2475567916,6.984512824902874,1.510172017992361,transient-slab
Li,6.458424430196991e+18,5.657895651739934,672344.9775910372,672344.9775910372,7.403764135720224,1.600821375216755,transient-slab
Li,6.846096838574672e+18,5.657895651739934,712703.0555619836,712703.0555619836,7.848181362332786,1.696912037052342,transient-slab
Li,7.257039612324231e+18,5.657895651739934,755483.6614193505,755483.6614193505,8.31927511019717,1.7987706224270252,transient-slab
Li,7.692649574879161e+18,5.657895651739934,800832.2094557781,800832.2094557781,8.818646660144722,1.9067433558470908,transient-slab
Li,8.154407395185187e+18,5.657895651739934,848902.8425802524,848902.8425802524,9.347993411247888,2.0211972442386963,transient-slab
Li,8.643882620598297e+18,5.657895651739934,899858.9562607073,899858.9562607073,9.909114650399188,2.142521324430256,transient-slab
Li,9.162739011886769e+18,5.657895651739934,953873.7539167316,953873.7539167316,10.503917668214113,2.271127985516028,transient-slab
Li,9.712740198471207e+18,5.657895651739934,1011130.8356501906,1011130.8356501906,11.134424242046272,2.407454370595692,transient-slab
Li,1.0295755673125085e+19,5.657895651739934,1071824.822314897,1071824.822314897,11.802777508150934,2.551963862654517,transient-slab
Li,1.0913767146512693e+19,5.657895651739934,1136162.0170466346,1136162.0170466346,12.511249246356474,2.7051476596348443,transient-slab
Li,1.1568875283162786e+19,5.657895651739934,1204361.1065019986,1204361.1065019986,13.262247602003491,2.8675264440523778,transient-slab
Li,1.2263306841775593e+19,5.657895651739934,1276653.9041897769,1276653.9041897769,14.058325271400788,3.039652152832802,transient-slab
Li,1.2999422244132422e+19,5.657895651739934,1353286.1384213886,1353286.1384213886,14.902188178619864,3.2221098533842585,transient-slab
Li,1.377972359833554e+19,5.657895651739934,1434518.287558721,1434518.287558721,15.796704673121416,3.415519732282669,transient-slab
Li,1.460686320364986e+19,5.657895651739934,1520626.4653984285,1520626.4653984285,16.744915279477176,3.6205392033295913,transient-slab
Li,1.548365256585496e+19,5.657895651739934,1611903.3597021787,1611903.3597021787,17.750043032327127,3.8378651421480448,transient-slab
Li,1.6413071953751267e+19,5.657895651739934,1708659.2270629676,1708659.2270629676,18.815504431701253,4.068236254911828,transient-slab
Li,1.7398280529303622e+19,5.657895651739934,1811222.9474891336,1811222.9474891336,19.944921055943777,4.3124355892598425,transient-slab
Li,1.8442627085855328e+19,5.657895651739934,1919943.1422906723,1919943.1422906723,21.14213187171306,4.571293195930172,transient-slab
Li,1.9549661430912594e+19,5.657895651739934,2035189.359067623,2035189.359067623,22.411206282899684,4.845688950161008,transient-slab
Li,2.0723146452190294e+19,5.657895651739934,2157353.327828392,2157353.327828392,23.75645796281687,5.136555542448552,transient-slab
Li,2.1967070907932353e+19,5.657895651739934,2286850.292507644,2286850.292507644,25.182459516679977,5.444881648827724,transient-slab
Li,2.3285662984981967e+19,5.657895651739934,2424120.422409683,2424120.422409683,26.69405802421365,5.771715291451626,transient-slab
Li,2.468340467068651e+19,5.657895651739934,2569630.308374922,2569630.308374922,28.296391515217238,6.118167400892671,transient-slab
Li,2.6165046987488236e+19,5.657895651739934,2723874.5487550185,2723874.5487550185,29.99490643409003,6.485415592273854,transient-slab
Li,2.773562614198418e+19,5.657895651739934,2887377.4305875017,2887377.4305875017,31.795376152679296,6.87470816806548,transient-slab
Li,2.9400480643347137e+19,5.657895651739934,3060694.711684352,3060694.711684352,33.703920594377976,7.287368361153219,transient-slab
Li,3.1165269449294365e+19,5.657895651739934,3244415.509691942,3244415.509691942,35.72702703617529,7.724798832599863,transient-slab
Li,3.303599120128346e+19,5.657895651739934,3439164.304543414,3439164.304543414,37.871572159368135,8.18848643938908,transient-slab
Li,3.50190046143172e+19,5.657895651739934,3645603.0611099643,3645603.0611099643,40.144845423885315,8.680007288357059,transient-slab
Li,3.712105009066372e+19,5.657895651739934,3864433.479266059,3864433.479266059,42.55457384567512,9.201032093490618,transient-slab
Li,3.934927263095861e+19,5.657895651739934,4096399.379016738,4096399.379016738,45.10894826137692,9.753331854801756,transient-slab
Li,4.171124612056533e+19,5.657895651739934,4342289.228794204,4342289.228794204,47.816651169551825,10.338783878081438,transient-slab
Li,4.421499907374468e+19,5.657895651739934,4602938.825517521,4602938.825517521,50.686886243106365,10.959378155994099,transient-slab
Li,4.6869041923142115e+19,5.657895651739934,4879234.1355254045,4879234.1355254045,53.729409613227155,11.617224132203344,transient-slab
Li,4.9682395947343675e+19,5.657895651739934,5172114.30603779,5172114.30603779,56.95456303115332,12.314557871518549,transient-slab
Li,5.266462393484259e+19,5.657895651739934,5482574.857383928,5482574.857383928,60.373309020523386,13.053749660437925,transient-slab
Li,5.582586268862678e+19,5.657895651739934,5811671.066845672,5811671.066845672,63.99726813976053,13.837312063918269,transient-slab
Li,5.917685748188806e+19,5.657895651739934,6160521.555619482,6160521.555619482,67.83875848117128,14.667908465760672,transient-slab
Li,6.272899858196231e+19,5.657895651739934,6530312.091088638,6530312.091088638,71.91083754100869,15.548362121639613,transient-slab
Li,6.649435996665032e+19,5.657895651739934,6922299.61733008,6922299.61733008,76.22734660282156,16.48166575554781,transient-slab
Li,7.048574036451889e+19,5.657895651739934,7337816.527555876,7337816.527555876,80.80295778495235,17.4709917322759,transient-slab
Li,7.471670675868067e+19,5.657895651739934,7778275.193011588,7778275.193011588,85.6532239121008,18.519702840503783,transient-slab
Li,7.920164050192541e+19,5.657895651739934,8245172.763725626,8245172.763725626,90.79463138047062,19.63136372315625,transient-slab
Li,8.395578619995103e+19,5.657895651739934,8740096.257427644,8740096.257427644,96.24465619619136,20.809752993875346,transient-slab
Li,8.899530352885224e+19,5.657895651739934,9264727.953933595,9264727.953933595,102.02182337749431,22.058876080794274,transient-slab
Li,9.433732216299774e+19,5.657895651739934,9820851.113333313,9820851.113333313,108.14576992255428,23.382978841269793,transient-slab
Li,1e+20,5.657895651739934,10410356.037417158,10410356.037417158,114.63731155702939,24.786561993850377,transient-slab
Li,1e+18,5.94512352953195,112130.69317509748,112130.69317509748,1.2347667229072528,0.26697784089308924,transient-slab
Li,1.0600258488068824e+18,5.94512352953195,118861.43321023679,118861.43321023679,1.308884643528253,0.2830034124053257,transient-slab
Li,1.1236548001387516e+18,5.94512352953195,125996.19162908384,125996.19162908384,1.3874515552463305,0.29999093245019964,transient-slab
Li,1.191103133283008e+18,5.94512352953195,133559.21997805417,133559.21997805417,1.4707345125284201,0.31799814280489086,transient-slab
Li,1.2626001098748577e+18,5.94512352953195,141576.22552322206,141576.22552322206,1.5590166000125156,0.33708625124576685,transient-slab
Li,1.3383887531737592e+18,5.94512352953195,150074.45863112804,150074.45863112804,1.6525978947322866,0.3573201395979239,transient-slab
Li,1.418726674116599e+18,5.94512352953195,159082.8053946949,159082.8053946949,1.7517964861000592,0.3787685842730831,transient-slab
Li,1.5038869469554132e+18,5.94512352953195,168631.88581909152,168631.88581909152,1.856949557115129,0.401504490045456,transient-slab
Li,1.5941590374560028e+18,5.94512352953195,178754.15790128778,178754.15790128778,1.9684145304725291,0.425605137860209,transient-slab
Li,1.689849786812462e+18,5.94512352953195,189484.02795707204,189484.02795707204,2.0865702834679434,0.4511524475168382,transient-slab
Li,1.7912844546220096e+18,5.94512352953195,200857.96757054242,200857.96757054242,2.2118184358283246,0.4782332561203391,transient-slab
Li,1.898807824465269e+18,5.94512352953195,212914.63756358944,212914.63756358944,2.3445847148456305,0.5069396132466415,transient-slab
Li,2.0127853758499466e+18,5.94512352953195,225695.0194067536,225695.0194067536,2.4853204024538815,0.5373690938256038,transient-slab
Li,2.133604526501402e+18,5.94512352953195,239242.5545181278,239242.5545181278,2.634503869168217,0.5696251298050663,transient-slab
Li,2.2616759492228552e+18,5.94512352953195,253603.2919238053,253603.2919238053,2.792642200100055,0.6038173617233459,transient-slab
Li,2.3974349678010685e+18,5.94512352953195,268826.04478175135,268826.04478175135,2.9602729185749808,0.6400620113851223,transient-slab
Li,2.541343036702629e+18,5.94512352953195,284962.55630117294,284962.55630117294,3.137965813212471,0.6784822769075546,transient-slab
Li,2.693889309590164e+18,5.94512352953195,302067.67562132986,302067.67562132986,3.3263248746775287,0.7192087514793568,transient-slab
Li,2.8555923019901005e+18,5.94512352953195,320199.54424762225,320199.54424762225,3.5259903486874946,0.7623798672562435,transient-slab
Li,3.0270016537634555e+18,5.94512352953195,339419.7936786627,339419.7936786627,3.737640912252337,0.8081423659015778,transient-slab
Li,3.208699997370444e+18,5.94512352953195,359793.7548960813,359793.7548960813,3.961995980545613,0.8566517973716221,transient-slab
Li,3.401304938279246e+18,5.94512352953195,381390.680429134,381390.680429134,4.19981815224732,0.9080730486407952,transient-slab
Li,3.6054711542504986e+18,5.94512352953195,404283.9797489273,404283.9797489273,4.45191580167052,0.9625809041641126,transient-slab
Li,3.821892620633115e+18,5.94512352953195,428551.46879238106,428551.46879238106,4.719145826482563,1.0203606399818597,transient-slab
Li,4.051304969235378e+18,5.94512352953195,454275.6344640799,454275.6344640799,5.002416560360636,1.0816086534859046,transient-slab
Li,4.294487988789272e+18,5.94512352953195,481543.9150150713,481543.9150150713,5.302690860481888,1.146533130988265,transient-slab
Li,4.5522682755073096e+18,5.94512352953195,510448.9972516402,510448.9972516402,5.620989380342811,1.2153547553610482,transient-slab
Li,4.825522042741279e+18,5.94512352953195,541089.1315842919,541089.1315842919,5.958394039032361,1.288307456153076,transient-slab
Li,5.115178099293145e+18,5.94512352953195,573568.4659878178,573568.4659878178,6.316051698751146,1.3656392047328996,transient-slab
Li,5.422221006501592e+18,5.94512352953195,607997.4000075982,607997.4000075982,6.695178063076836,1.4476128571609481,transient-slab
Li,5.747694424835359e+18,5.94512352953195,644492.960015432,644492.960015432,7.097061809226243,1.5345070476557905,transient-slab
Li,6.092704661368687e+18,5.94512352953195,683179.1969904184,683179.1969904184,7.523068968359956,1.6266171356914725,transient-slab
Li,6.458424430196991e+18,5.94512352953195,724187.6081769726,724187.6081769726,7.97464756881848,1.7242562099451728,transient-slab
Li,6.846096838574672e+18,5.94512352953195,767657.5840532214,767657.5840532214,8.453332558072551,1.82775615250767,transient-slab
Li,7.257039612324231e+18,5.94512352953195,813736.8821290567,813736.8821290567,8.960751020117712,1.9374687669739445,transient-slab
Li,7.692649574879161e+18,5.94512352953195,862582.1291843193,862582.1291843193,9.498627706047413,2.0537669742483793,transient-slab
Li,8.154407395185187e+18,5.94512352953195,914359.353654256,914359.353654256,10.06879089660348,2.177046080129181,transient-slab
Li,8.643882620598297e+18,5.94512352953195,969244.5499718651,969244.5499718651,10.673178616631116,2.307725118980631,transient-slab
Li,9.162739011886769e+18,5.94512352953195,1027424.276785371,1027424.276785371,11.313845222561865,2.446248278060407,transient-slab
Li,9.712740198471207e+18,5.94512352953195,1089096.2910842104,1089096.2910842104,11.992968385315832,2.593086407343358,transient-slab
Li,1.0295755673125085e+19,5.94512352953195,1154470.220388958,1154470.220388958,12.712856492358418,2.748738619973709,transient-slab
Li,1.0913767146512693e+19,5.94512352953195,1223768.2752900738,1223768.2752900738,13.475956494072317,2.91373398878589,transient-slab
Li,1.1568875283162786e+19,5.94512352953195,1297226.0047572951,1297226.0047572951,14.28486222111363,3.0886333446602268,transient-slab
Li,1.2263306841775593e+19,5.94512352953195,1375093.0967872126,1375093.0967872126,15.14232320102534,3.274031182826697,transient-slab
Li,1.2999422244132422e+19,5.94512352953195,1457634.2271103496,1457634.2271103496,16.051254004075034,3.4705576835960708,transient-slab
Li,1.377972359833554e+19,5.94512352953195,1545129.958842612,1545129.958842612,17.014744150084507,3.678880854387172,transient-slab
Li,1.460686320364986e+19,5.94512352953195,1637877.6961390837,1637877.6961390837,18.036068609925273,3.8997088003311515,transient-slab
Li,1.548365256585496e+19,5.94512352953195,1736192.695091693,1736192.695091693,19.118698937375203,4.133792131170698,transient-slab
Li,1.6413071953751267e+19,5.94512352953195,1840409.135306881,1840409.135306881,20.266315069174393,4.381926512635432,transient-slab
Li,1.7398280529303622e+19,5.94512352953195,1950881.255805617,1950881.255805617,21.482817833389298,4.644955370965755,transient-slab
Li,1.8442627085855328e+19,5.94512352953195,2067984.559106786,2067984.559106786,22.772342208602122,4.923772759778062,transient-slab
Li,1.9549661430912594e+19,5.94512352953195,2192117.087586697,2192117.087586697,24.13927137899426,5.219326399015946,transient-slab
Li,2.0723146452190294e+19,5.94512352953195,2323700.77645316,2323700.77645316,25.58825163309808,5.532620896317048,transient-slab
Li,2.1967070907932353e+19,5.94512352953195,2463182.8879329725,2463182.8879329725,27.12420815685888,5.864721161745172,transient-slab
Li,2.3285662984981967e+19,5.94512352953195,2611037.5315477373,2611037.5315477373,28.752361774688904,6.216756027494613,transient-slab
Li,2.468340467068651e+19,5.94512352953195,2767767.2756455173,2767767.2756455173,30.47824669541716,6.589922084870279,transient-slab
Li,2.6165046987488236e+19,5.94512352953195,2933904.8556660516,2933904.8556660516,32.307729323455135,6.985487751585837,transient-slab
Li,2.773562614198418e+19,5.94512352953195,3110014.9849460404,3110014.9849460404,34.24702819911854,7.404797583204859,transient-slab
Li,2.9400480643347137e+19,5.94512352953195,3296696.27421955,3296696.27421955,36.302735135883864,7.849276843379881,transient-slab
Li,3.1165269449294365e+19,5.94512352953195,3494583.2663380653,3494583.2663380653,38.481837626426724,8.320436348423964,transient-slab
Li,3.303599120128346e+19,5.94512352953195,3704348.593126335,3704348.593126335,40.79174259360161,8.819877602681752,transient-slab
Li,3.50190046143172e+19,5.94512352953195,3926705.2617053245,3926705.2617053245,43.24030156709441,9.349298242155536,transient-slab
Li,3.712105009066372e+19,5.94512352953195,4162409.078053638,4162409.078053638,45.83583737132482,9.910497804889614,transient-slab
Li,3.934927263095861e+19,5.94512352953195,4412261.216045281,4412261.216045281,48.58717241531283,10.50538384772686,transient-slab
Li,4.171124612056533e+19,5.94512352953195,4677110.940696087,4677110.940696087,51.50365868066832,11.135978430228779,transient-slab
Li,4.421499907374468e+19,5.94512352953195,4957858.494875284,4957858.494875284,54.59520950963494,11.804424987798296,transient-slab
Li,4.6869041923142115e+19,5.94512352953195,5255458.1592946295,5255458.1592946295,57.87233330124084,12.512995617368166,transient-slab
Li,4.9682395947343675e+19,5.94512352953195,5570921.4961753,5570921.4961753,61.34616923008213,13.264098800417381,transient-slab
Li,5.266462393484259e+19,5.94512352953195,5905320.78761973,5905320.78761973,65.02852510916847,14.060287589570786,transient-slab
Li,5.582586268862678e+19,5.94512352953195,6259792.680373532,6259792.680373532,68.93191752550597,14.904268286603648,transient-slab
Li,5.917685748188806e+19,5.94512352953195,6635542.049368062,6635542.049368062,73.06961438486047,15.798909641352529,transient-slab
Li,6.272899858196231e+19,5.94512352953195,7033846.093175139,7033846.093175139,77.4556800103033,16.747252602797953,transient-slab
Li,6.649435996665032e+19,5.94512352953195,7456058.675294952,7456058.675294952,82.10502294783605,17.75252065546417,transient-slab
Li,7.048574036451889e+19,5.94512352953195,7903614.926033451,7903614.926033451,87.03344664158847,18.81813077627012,transient-slab
Li,7.471670675868067e+19,5.94512352953195,8378036.120611354,8378036.120611354,92.25770315083831,19.947705049074653,transient-slab
Li,7.920164050192541e+19,5.94512352953195,8880934.85008577,8880934.85008577,97.79555009144079,21.145082976394693,transient-slab
Li,8.395578619995103e+19,5.94512352953195,9414020.50266079,9414020.50266079,103.66581099521547,22.41433453014474,transient-slab
Li,8.899530352885224e+19,5.94512352953195,9979105.0740184,9979105.0740184,109.88843929245715,23.759773985758095,transient-slab
Li,9.433732216299774e+19,5.94512352953195,10578109.326419422,10578109.326419422,116.48458613505046,25.18597458671291,transient-slab
Li,1e+20,5.94512352953195,11213069.317509746,11213069.317509746,123.47667229072528,26.697784089308918,transient-slab
Li,1e+18,6.246932774471579,120776.77561398105,120776.77561398105,1.3299761127428735,0.28756375146185964,transient-slab
Li,1.0600258488068824e+18,6.246932774471579,128026.50408636864,128026.50408636864,1.4098090578031424,0.30482500972944915,transient-slab
Li,1.1236548001387516e+18,6.246932774471579,135711.40366393072,135711.40366393072,1.494434043153407,0.3231223896760255,transient-slab
Li,1.191103133283008e+18,6.246932774471579,143857.5958616316,143857.5958616316,1.5841387150795914,0.34251808538483713,transient-slab
Li,1.2626001098748577e+18,6.246932774471579,152492.77016054353,152492.77016054353,1.6792279860800883,0.36307802419177027,transient-slab
Li,1.3383887531737592e+18,6.246932774471579,161646.27812634298,161646.27812634298,1.7800250712848174,0.3848720907770071,transient-slab
Li,1.418726674116599e+18,6.246932774471579,171349.23317735008,171349.23317735008,1.8868725870862195,0.4079743647079764,transient-slab
Li,1.5038869469554132e+18,6.246932774471579,181634.61634122895,181634.61634122895,2.000133715716508,0.4324633722410213,transient-slab
Li,1.5941590374560028e+18,6.246932774471579,192537.38835982367,192537.38835982367,2.1201934397296553,0.4584223532376754,transient-slab
Li,1.689849786812462e+18,6.246932774471579,204094.60852318245,204094.60852318245,2.247459850584212,0.48593954410281537,transient-slab
Li,1.7912844546220096e+18,6.246932774471579,216345.56063669483,216345.56063669483,2.382365535774918,0.5151084777064163,transient-slab
Li,1.898807824465269e+18,6.246932774471579,229331.88654951332,229331.88654951332,2.525369049228071,0.546028301308365,transient-slab
Li,2.0127853758499466e+18,6.246932774471579,243097.72769813146,243097.72769813146,2.676956469958615,0.5788041135669797,transient-slab
Li,2.133604526501402e+18,6.246932774471579,257689.87514623412,257689.87514623412,2.837643054286934,0.613547321776748,transient-slab
Li,2.2616759492228552e+18,6.246932774471579,273157.9286308263,273157.9286308263,3.00797498723146,0.6503760205495864,transient-slab
Li,2.3974349678010685e+18,6.246932774471579,289554.4651552215,289554.4651552215,3.188531239029901,0.689415393226718,transient-slab
Li,2.541343036702629e+18,6.246932774471579,306935.21770198655,306935.21770198655,3.3799255330999314,0.7307981373856822,transient-slab
Li,2.693889309590164e+18,6.246932774471579,325359.26467327354,325359.26467327354,3.582808432128309,0.7746649158887465,transient-slab
Li,2.8555923019901005e+18,6.246932774471579,344889.23070246994,344889.23070246994,3.797869549379267,0.8211648350058809,transient-slab
Li,3.0270016537634555e+18,6.246932774471579,365591.49951973837,365591.49951973837,4.025839892738569,0.8704559512374723,transient-slab
Li,3.208699997370444e+18,6.246932774471579,387536.4395949917,387536.4395949917,4.2674943494608115,0.922705808559504,transient-slab
Li,3.401304938279246e+18,6.246932774471579,410798.6433252781,410798.6433252781,4.52365432006577,0.9780920079173289,transient-slab
Li,3.6054711542504986e+18,6.246932774471579,435457.1805795937,435457.1805795937,4.795190510336639,1.0368028109037943,transient-slab
Li,3.821892620633115e+18,6.246932774471579,461595.8674629357,461595.8674629357,5.083025890910303,1.0990377796736566,transient-slab
Li,4.051304969235378e+18,6.246932774471579,489303.5512131476,489303.5512131476,5.3881388345195536,1.1650084552693991,transient-slab
Li,4.294487988789272e+18,6.246932774471579,518674.4121989386,518674.4121989386,5.711566441550916,1.2349390766641395,transient-slab
Li,4.5522682755073096e+18,6.246932774471579,549808.2840455907,549808.2840455907,6.0544080652219145,1.309067342965692,transient-slab
Li,4.825522042741279e+18,6.246932774471579,582810.9929764828,582810.9929764828,6.417829048360095,1.3876452213725783,transient-slab
Li,5.115178099293145e+18,6.246932774471579,617794.7175238781,617794.7175238781,6.803064684485375,1.4709398036282813,transient-slab
Li,5.422221006501592e+18,6.246932774471579,654878.3698316572,654878.3698316572,7.211424416659737,1.559234213884898,transient-slab
Li,5.747694424835359e+18,6.246932774471579,694187.99984607,694187.99984607,7.644296288376415,1.6528285710620714,transient-slab
Li,6.092704661368687e+18,6.246932774471579,735857.2237683821,735857.2237683821,8.10315166161751,1.7520410089723384,transient-slab
Li,6.458424430196991e+18,6.246932774471579,780027.6782257552,780027.6782257552,8.589550218117,1.8572087576803695,transient-slab
Li,6.846096838574672e+18,6.246932774471579,826849.5017041181,826849.5017041181,9.105145260828817,1.9686892897717099,transient-slab
Li,7.257039612324231e+18,6.246932774471579,876481.8448794556,876481.8448794556,9.651689333620029,2.0868615354272753,transient-slab
Li,7.692649574879161e+18,6.246932774471579,929093.4115821673,929093.4115821673,10.231040178290906,2.2121271704337313,transient-slab
Li,8.154407395185187e+18,6.246932774471579,984863.032233269,984863.032233269,10.845167049170135,2.3449119815077832,transient-slab
Li,8.643882620598297e+18,6.246932774471579,1043980.271701591,1043980.271701591,11.496157406749004,2.4856673135752163,transient-slab
Li,9.162739011886769e+18,6.246932774471579,1106646.0736481186,1106646.0736481186,12.186224013106642,2.634871603924092,transient-slab
Li,9.712740198471207e+18,6.246932774471579,1173073.4435476507,1173073.4435476507,12.91771245324418,2.7930320084467875,transient-slab
Li,1.0295755673125085e+19,6.246932774471579,1243488.1727094005,1243488.1727094005,13.693109107893283,2.960686125498573,transient-slab
Li,1.0913767146512693e+19,6.246932774471579,1318129.6057576016,1318129.6057576016,14.515049604899833,3.1384038232323848,transient-slab
Li,1.1568875283162786e+19,6.246932774471579,1397251.454180683,1397251.454180683,15.386327777907947,3.326789176620674,transient-slab
Li,1.2263306841775593e+19,6.246932774471579,1481122.6587145296,1481122.6587145296,16.30990516279779,3.52648252074888,transient-slab
Li,1.2999422244132422e+19,6.246932774471579,1570028.3034909754,1570028.3034909754,17.288921064154476,3.7381626273594653,transient-slab
Li,1.377972359833554e+19,6.246932774471579,1664270.585058851,1664270.585058851,18.32670322598554,3.9625490120448834,transient-slab
Li,1.460686320364986e+19,6.246932774471579,1764169.8395713351,1764169.8395713351,19.42677914295715,4.200404379931751,transient-slab
Li,1.548365256585496e+19,6.246932774471579,1870065.631631106,1870065.631631106,20.592888050596994,4.4525372181693,transient-slab
Li,1.6413071953751267e+19,6.246932774471579,1982317.9084943424,1982317.9084943424,21.82899363521919,4.719804544034149,transient-slab
Li,1.7398280529303622e+19,6.246932774471579,2101308.223556799,2101308.223556799,23.13929750677325,5.003114817992378,transient-slab
Li,1.8442627085855328e+19,6.246932774471579,2227441.033280678,2227441.033280678,24.528253480412296,5.303431031620662,transient-slab
Li,1.9549661430912594e+19,6.246932774471579,2361145.07197063,2361145.07197063,26.000582715324413,5.621773980882452,transient-slab
Li,2.0723146452190294e+19,6.246932774471579,2502874.809071854,2502874.809071854,27.56128976228531,5.959225735885367,transient-slab
Li,2.1967070907932353e+19,6.246932774471579,2653111.9939437564,2653111.9939437564,29.21567957447893,6.316933318913706,transient-slab
Li,2.3285662984981967e+19,6.246932774471579,2812367.293359951,2812367.293359951,30.96937553940693,6.696112603237979,transient-slab
Li,2.468340467068651e+19,6.246932774471579,2981182.0273005962,2981182.0273005962,32.82833859317893,7.098052445953801,transient-slab
Li,2.6165046987488236e+19,6.246932774471579,3160130.008937137,3160130.008937137,34.798887482154235,7.524119068897946,transient-slab
Li,2.773562614198418e+19,6.246932774471579,3349819.4950636895,3349819.4950636895,36.88772024080573,7.975760702532595,transient-slab
Li,2.9400480643347137e+19,6.246932774471579,3550895.25360473,3550895.25360473,39.10193695881092,8.454512508582692,transient-slab
Li,3.1165269449294365e+19,6.246932774471579,3764040.7552266833,3764040.7552266833,41.44906391475674,8.96200179815877,transient-slab
Li,3.303599120128346e+19,6.246932774471579,3989980.4965028637,3989980.4965028637,43.93707915849073,9.499953563102057,transient-slab
Li,3.50190046143172e+19,6.246932774471579,4229482.462528355,4229482.462528355,46.57443962907434,10.070196339353227,transient-slab
Li,3.712105009066372e+19,6.246932774471579,4483360.737355443,4483360.737355443,49.370109900514414,10.674668422274863,transient-slab
Li,3.934927263095861e+19,6.246932774471579,4752478.271122654,4752478.271122654,52.33359265298187,11.31542445505394,transient-slab
Li,4.171124612056533e+19,6.246932774471579,5037749.813283057,5037749.813283057,55.474960973090745,11.994642412578708,transient-slab
Li,4.421499907374468e+19,6.246932774471579,5340145.021902042,5340145.021902042,58.80489259302871,12.714631004528671,transient-slab
Li,4.6869041923142115e+19,6.246932774471579,5660691.759593606,5660691.759593606,62.33470618492331,13.477837522841918,transient-slab
Li,4.9682395947343675e+19,6.246932774471579,6000479.587297289,6000479.587297289,66.07639983380044,14.28685616023164,transient-slab
Li,5.266462393484259e+19,6.246932774471579,6360663.467773179,6360663.467773179,70.04269181992723,15.144436828031377,transient-slab
Li,5.582586268862678e+19,6.246932774471579,6742467.691401193,6742467.691401193,74.24706384913726,16.053494503336175,transient-slab
Li,5.917685748188806e+19,6.246932774471579,7147190.037630528,7147190.037630528,78.70380687810048,17.017119137215545,transient-slab
Li,6.272899858196231e+19,6.246932774471579,7576206.186223397,7576206.186223397,83.42806969029145,18.038586157674754,transient-slab
Li,6.649435996665032e+19,6.246932774471579,8030974.393287409,8030974.393287409,88.43591038777093,19.12136760306526,transient-slab
Li,7.048574036451889e+19,6.246932774471579,8513040.447990825,8513040.447990825,93.74435097380629,20.26914392378768,transient-slab
Li,7.471670675868067e+19,6.246932774471579,9024042.926808797,9024042.926808797,99.37143521185929,21.4858164924019,transient-slab
Li,7.920164050192541e+19,6.246932774471579,9565718.763160238,9565718.763160238,105.33628995760928,22.775520864667236,transient-slab
Li,8.395578619995103e+19,6.246932774471579,10139909.151366852,10139909.151366852,111.65919017248265,24.142640836587745,transient-slab
Li,8.899530352885224e+19,6.246932774471579,10748565.805002322,10748565.805002322,118.36162783967502,25.591823345243625,transient-slab
Li,9.433732216299774e+19,6.246932774471579,11393757.59090422,11393757.59090422,125.46638501691585,27.127994264057666,transient-slab
Li,1e+20,6.246932774471579,12077677.561398104,12077677.561398104,132.99761127428735,28.75637514618596,transient-slab
Li,1e+18,6.564063622045458,130089.53315691692,130089.53315691692,1.432526830899626,0.3097369837069451,transient-slab
Li,1.0600258488068824e+18,6.564063622045458,137898.2678055519,137898.2678055519,1.5185154698630092,0.32832920906083785,transient-slab
Li,1.1236548001387516e+18,6.564063622045458,146175.72837957897,146175.72837957897,1.6096656498679183,0.3480374485228071,transient-slab
Li,1.191103133283008e+18,6.564063622045458,154950.0505505275,154950.0505505275,1.7062871967965223,0.36892869178697024,transient-slab
Li,1.2626001098748577e+18,6.564063622045458,164251.05885749226,164251.05885749226,1.8087085340925497,0.39107394966069586,transient-slab
Li,1.3383887531737592e+18,6.564063622045458,174110.36808284247,174110.36808284247,1.9172777990957073,0.4145484954353392,transient-slab
Li,1.418726674116599e+18,6.564063622045458,184561.49071309375,184561.49071309375,2.0323640263850176,0.43943212074546134,transient-slab
Li,1.5038869469554132e+18,6.564063622045458,195639.9508502108,195639.9508502108,2.154358402153352,0.4658094067862162,transient-slab
Li,1.5941590374560028e+18,6.564063622045458,207383.40496053142,207383.40496053142,2.2836755938768456,0.4937700118107891,transient-slab
Li,1.689849786812462e+18,6.564063622045458,219831.76987174875,219831.76987174875,2.4207551597988646,0.523408975885116,transient-slab
Li,1.7912844546220096e+18,6.564063622045458,233027.35845301973,233027.35845301973,2.566063043019432,0.5548270439357612,transient-slab
Li,1.898807824465269e+18,6.564063622045458,247015.02343938785,247015.02343938785,2.7200931552686445,0.5881310081890188,transient-slab
Li,2.0127853758499466e+18,6.564063622045458,261842.3098893891,261842.3098893891,2.8833690557474365,0.6234340711652121,transient-slab
Li,2.133604526501402e+18,6.564063622045458,277559.6167940522,277559.6167940522,3.056445730742151,0.660856230462029,transient-slab
Li,2.2616759492228552e+18,6.564063622045458,294220.36838662816,294220.36838662816,3.2399114800621205,0.7005246866348289,transient-slab
Li,2.3974349678010685e+18,6.564063622045458,311881.19573530916,311881.19573530916,3.4343899167120115,0.7425742755602599,transient-slab
Li,2.541343036702629e+18,6.564063622045458,330602.1292362266,330602.1292362266,3.640542086596449,0.7871479267529206,transient-slab
Li,2.693889309590164e+18,6.564063622045458,350446.80266099365,350446.80266099365,3.859068715461579,0.834397149192842,transient-slab
Li,2.8555923019901005e+18,6.564063622045458,371482.6694523779,371482.6694523779,4.090712590711246,0.8844825463151854,transient-slab
Li,3.0270016537634555e+18,6.564063622045458,393781.2320033034,393781.2320033034,4.33626108619369,0.9375743619126272,transient-slab
Li,3.208699997370444e+18,6.564063622045458,417418.28469852154,417418.28469852154,4.59654883854072,0.9938530588060036,transient-slab
Li,3.401304938279246e+18,6.564063622045458,442474.1715450632,442474.1715450632,4.872460584156416,1.0535099322501504,transient-slab
Li,3.6054711542504986e+18,6.564063622045458,469034.05926717777,469034.05926717777,5.164934166498483,1.1167477601599471,transient-slab
Li,3.821892620633115e+18,6.564063622045458,497188.2267940278,497188.2267940278,5.474963723874224,1.183781492366733,transient-slab
Li,4.051304969235378e+18,6.564063622045458,527032.372124128,527032.372124128,5.803603068586664,1.254838981247924,transient-slab
Li,4.294487988789272e+18,6.564063622045458,558667.9376095835,558667.9376095835,6.151969268916805,1.3301617562132941,transient-slab
Li,4.5522682755073096e+18,6.564063622045458,592202.4547657892,592202.4547657892,6.521246446117392,1.4100058446804504,transient-slab
Li,4.825522042741279e+18,6.564063622045458,627749.909778625,627749.909778625,6.912689799324453,1.4946426423300594,transient-slab
Li,5.115178099293145e+18,6.564063622045458,665431.1309515309,665431.1309515309,7.3276298720675825,1.5843598355988833,transient-slab
Li,5.422221006501592e+18,6.564063622045458,705374.1994094203,705374.1994094203,7.767477074881105,1.6794623795462387,transient-slab
Li,5.747694424835359e+18,6.564063622045458,747714.8844554458,747714.8844554458,8.233726479388844,1.780273534417728,transient-slab
Li,6.092704661368687e+18,6.564063622045458,792597.105060424,792597.105060424,8.727962900157863,1.887135964429581,transient-slab
Li,6.458424430196991e+18,6.564063622045458,840173.4190535535,840173.4190535535,9.251866281594815,2.0004129025084607,transient-slab
Li,6.846096838574672e+18,6.564063622045458,890605.5416772239,890605.5416772239,9.807217408195323,2.120489384945771,transient-slab
Li,7.257039612324231e+18,6.564063622045458,944064.8952685125,944064.8952685125,10.39590395755588,2.2477735601631252,transient-slab
Li,7.692649574879161e+18,6.564063622045458,1000733.1919357855,1000733.1919357855,11.019926916723,2.3826980760375847,transient-slab
Li,8.154407395185187e+18,6.564063622045458,1060803.0512109518,1060803.0512109518,11.681407383689109,2.525721550502266,transient-slab
Li,8.643882620598297e+18,6.564063622045458,1124478.65477682,1124478.65477682,12.382593777154032,2.677330130421,transient-slab
Li,9.162739011886769e+18,6.564063622045458,1191976.44049502,1191976.44049502,13.125869479058524,2.8380391440357617,transient-slab
Li,9.712740198471207e+18,6.564063622045458,1263525.8380935397,1263525.8380935397,13.91376093586736,3.008394852603666,transient-slab
Li,1.0295755673125085e+19,6.564063622045458,1339370.049014521,1339370.049014521,14.748946246138722,3.1889763071774313,transient-slab
Li,1.0913767146512693e+19,6.564063622045458,1419766.8730731336,1419766.8730731336,15.634264263570282,3.3803973168407944,transient-slab
Li,1.1568875283162786e+19,6.564063622045458,1504989.584737242,1504989.584737242,16.5727242464622,3.5833085350886713,transient-slab
Li,1.2263306841775593e+19,6.564063622045458,1595327.862006612,1595327.862006612,17.567516086398488,3.7983996714443142,transient-slab
Li,1.2999422244132422e+19,6.564063622045458,1691088.7710488278,1691088.7710488278,18.62202115091312,4.0264018358305425,transient-slab
Li,1.377972359833554e+19,6.564063622045458,1792597.8099388215,1792597.8099388215,19.7398237769964,4.268090023663861,transient-slab
Li,1.460686320364986e+19,6.564063622045458,1900200.015049758,1900200.015049758,20.92472345450889,4.524285750118471,transient-slab
Li,1.548365256585496e+19,6.564063622045458,2014261.1338559703,2014261.1338559703,22.180747740915066,4.795859842514216,transient-slab
Li,1.6413071953751267e+19,6.564063622045458,2135168.8681343887,2135168.8681343887,23.512165951234838,5.083735400319973,transient-slab
Li,1.7398280529303622e+19,6.564063622045458,2263334.1917901854,2263334.1917901854,24.923503669745983,5.388890932833775,transient-slab
Li,1.8442627085855328e+19,6.564063622045458,2399192.7477860306,2399192.7477860306,26.419558132763935,5.712363685204835,transient-slab
Li,1.9549661430912594e+19,6.564063622045458,2543206.3289232035,2543206.3289232035,28.005414534785864,6.055253164102866,transient-slab
Li,2.0723146452190294e+19,6.564063622045458,2695864.447507854,2695864.447507854,29.686463313424984,6.4187248750187,transient-slab
Li,2.1967070907932353e+19,6.564063622045458,2857685.9992378107,2857685.9992378107,31.468418471887702,6.80401428389955,transient-slab
Li,2.3285662984981967e+19,6.564063622045458,3029221.026965605,3029221.026965605,33.35733700127295,7.212431016584774,transient-slab
Li,2.468340467068651e+19,6.564063622045458,3211052.590332871,3211052.590332871,35.35963946871158,7.645363310316359,transient-slab
Li,2.6165046987488236e+19,6.564063622045458,3403798.74763114,3403798.74763114,37.48213184132633,8.104282732455095,transient-slab
Li,2.773562614198418e+19,6.564063622045458,3608114.6566255023,3608114.6566255023,39.73202862019341,8.590749182441673,transient-slab
Li,2.9400480643347137e+19,6.564063622045458,3824694.8014820013,3824694.8014820013,42.11697736293987,9.106416194004765,transient-slab
Li,3.1165269449294365e+19,6.564063622045458,4054275.353368229,4054275.353368229,44.64508467833058,9.653036555638641,transient-slab
Li,3.303599120128346e+19,6.564063622045458,4297636.672750981,4297636.672750981,47.32494378120253,10.232468268454715,transient-slab
Li,3.50190046143172e+19,6.564063622045458,4555605.961896444,4555605.961896444,50.16566370140719,10.846680861658198,transient-slab
Li,3.712105009066372e+19,6.564063622045458,4829060.0765889725,4829060.0765889725,53.17690024604478,11.497762087116602,transient-slab
Li,3.934927263095861e+19,6.564063622045458,5118928.506625653,5118928.506625653,56.36888882023252,12.187925015775365,transient-slab
Li,4.171124612056533e+19,6.564063622045458,5426196.535217606,5426196.535217606,59.75247921796778,12.91951556004192,transient-slab
Li,4.421499907374468e+19,6.564063622045458,5751908.588036959,5751908.588036959,63.339172501341366,13.695020447707044,transient-slab
Li,4.6869041923142115e+19,6.564063622045458,6097171.783293525,6097171.783293525,67.14116009346048,14.517075674508392,transient-slab
Li,4.9682395947343675e+19,6.564063622045458,6463159.6949070385,6463159.6949070385,71.17136521794865,15.388475464064378,transient-slab
Li,5.266462393484259e+19,6.564063622045458,6851116.341568266,6851116.341568266,75.44348682590065,16.31218176563873,transient-slab
Li,5.582586268862678e+19,6.564063622045458,7262360.415245606,7262360.415245606,79.97204615957621,17.29133432201335,transient-slab
Li,5.917685748188806e+19,6.564063622045458,7698289.763512222,7698289.763512222,84.7724361111279,18.329261341695766,transient-slab
Li,6.272899858196231e+19,6.564063622045458,8160386.14092838,8160386.14092838,89.86097354412561,19.42949081173424,transient-slab
Li,6.649435996665032e+19,6.564063622045458,8650220.245629527,8650220.245629527,95.25495475572455,20.59576248959411,transient-slab
Li,7.048574036451889e+19,6.564063622045458,9169457.058239916,9169457.058239916,100.97271426799809,21.832040614856943,transient-slab
Li,7.471670675868067e+19,6.564063622045458,9719861.501259027,9719861.501259027,107.0336871482695,23.142527383950068,transient-slab
Li,7.920164050192541e+19,6.564063622045458,10303304.43815744,10303304.43815744,113.45847507027467,24.531677233708187,transient-slab
Li,8.395578619995103e+19,6.564063622045458,10921769.032573557,10921769.032573557,120.2689163407024,26.004211982317994,transient-slab
Li,8.899530352885224e+19,6.564063622045458,11577357.489226509,11577357.489226509,127.488160129137,27.56513687911074,transient-slab
Li,9.433732216299774e+19,6.564063622045458,12272298.199458046,12272298.199458046,135.14074515371618,29.219757617757253,transient-slab
Li,1e+20,6.564063622045458,13008953.31569169,13008953.31569169,143.2526830899626,30.973698370694503,transient-slab
Li,1e+18,6.897293886423361,140120.37124648623,140120.37124648623,1.5429849465605165,0.3336199315392529,transient-slab
Li,1.0600258488068824e+18,6.897293886423361,148531.21546569205,148531.21546569205,1.6356039276740537,0.3536457511087906,transient-slab
Li,1.1236548001387516e+18,6.897293886423361,157446.92774833817,157446.92774833817,1.7337824417445598,0.3748736374960433,transient-slab
Li,1.191103133283008e+18,6.897293886423361,166897.81322846803,166897.81322846803,1.8378542044567456,0.39737574578206675,transient-slab
Li,1.2626001098748577e+18,6.897293886423361,176915.99613151935,176915.99613151935,1.9481729630625595,0.4212285622179032,transient-slab
Li,1.3383887531737592e+18,6.897293886423361,187535.528966829,187535.528966829,2.0651136987930094,0.44651316420673576,transient-slab
Li,1.418726674116599e+18,6.897293886423361,198792.50827451056,198792.50827451056,2.1890739014457803,0.4733154958916918,transient-slab
Li,1.5038869469554132e+18,6.897293886423361,210725.19732013726,210725.19732013726,2.3204749204810566,0.5017266602860411,transient-slab
Li,1.5941590374560028e+18,6.897293886423361,223374.15615427625,223374.15615427625,2.4597633972180146,0.531843228938753,transient-slab
Li,1.689849786812462e+18,6.897293886423361,236782.37947895782,236782.37947895782,2.6074127830001275,0.5637675701879948,transient-slab
Li,1.7912844546220096e+18,6.897293886423361,250995.4427896956,250995.4427896956,2.7639249484896253,0.5976081971183229,transient-slab
Li,1.898807824465269e+18,6.897293886423361,266061.6572898064,266061.6572898064,2.9298318895612345,0.633480136404301,transient-slab
Li,2.0127853758499466e+18,6.897293886423361,282032.23410359287,282032.23410359287,3.10569753559362,0.6715053192942687,transient-slab
Li,2.133604526501402e+18,6.897293886423361,298961.45834655996,298961.45834655996,3.2921196663050427,0.711812996063238,transient-slab
Li,2.2616759492228552e+18,6.897293886423361,316906.8736443556,316906.8736443556,3.4897319436488328,0.7545401753437039,transient-slab
Li,2.3974349678010685e+18,6.897293886423361,335929.4777275935,335929.4777275935,3.699206065674846,0.7998320898276037,transient-slab
Li,2.541343036702629e+18,6.897293886423361,356093.9297674451,356093.9297674451,3.921254049678547,0.8478426899224882,transient-slab
Li,2.693889309590164e+18,6.897293886423361,377468.7701567143,377468.7701567143,4.156630652397927,0.898735167039796,transient-slab
Li,2.8555923019901005e+18,6.897293886423361,400126.65348346106,400126.65348346106,4.4061359354848175,0.952682508293955,transient-slab
Li,3.0270016537634555e+18,6.897293886423361,424144.5954890632,424144.5954890632,4.670617984970801,1.0098680844977694,transient-slab
Li,3.208699997370444e+18,6.897293886423361,449604.234850146,449604.234850146,4.950975793971364,1.0704862734527285,transient-slab
Li,3.401304938279246e+18,6.897293886423361,476592.1106741949,476592.1106741949,5.248162318426823,1.134743120652845,transient-slab
Li,3.6054711542504986e+18,6.897293886423361,505199.95665207715,505199.95665207715,5.56318771626669,1.2028570396478027,transient-slab
Li,3.821892620633115e+18,6.897293886423361,535525.0128673183,535525.0128673183,5.897122781007621,1.2750595544459962,transient-slab
Li,4.051304969235378e+18,6.897293886423361,567670.3563219956,567670.3563219956,6.251102581456005,1.351596086480942,transient-slab
Li,4.294487988789272e+18,6.897293886423361,601745.2513027289,601745.2513027289,6.6263303198867956,1.4327267888160211,transient-slab
Li,4.5522682755073096e+18,6.897293886423361,637865.5207776859,637865.5207776859,7.024081421812781,1.5187274304230618,transient-slab
Li,4.825522042741279e+18,6.897293886423361,676153.9400870107,676153.9400870107,7.445707871245748,1.609890333540502,transient-slab
Li,5.115178099293145e+18,6.897293886423361,716740.6542648514,716740.6542648514,7.892642806185359,1.7065253672972653,transient-slab
Li,5.422221006501592e+18,6.897293886423361,759763.6204114994,759763.6204114994,8.36640538995617,1.8089610009797605,transient-slab
Li,5.747694424835359e+18,6.897293886423361,805369.0766192897,805369.0766192897,8.868605974950766,1.9175454205221183,transient-slab
Li,6.092704661368687e+18,6.897293886423361,853712.0390461776,853712.0390461776,9.400951576330975,2.0326477120147084,transient-slab
Li,6.458424430196991e+18,6.897293886423361,904956.8288265787,904956.8288265787,9.965251674292638,2.1546591162537587,transient-slab
Li,6.846096838574672e+18,6.897293886423361,959277.6306104789,959277.6306104789,10.563424364616264,2.2839943585963787,transient-slab
Li,7.257039612324231e+18,6.897293886423361,1016859.084629328,1016859.084629328,11.197502878409658,2.421093058641257,transient-slab
Li,7.692649574879161e+18,6.897293886423361,1077896.9143011929,1077896.9143011929,11.869642493203706,2.56642122452665,transient-slab
Li,8.154407395185187e+18,6.897293886423361,1142598.5915084411,1142598.5915084411,12.582127858892498,2.7204728369248596,transient-slab
Li,8.643882620598297e+18,6.897293886423361,1211184.0418092837,1211184.0418092837,13.337380763419242,2.883771528117342,transient-slab
Li,9.162739011886769e+18,6.897293886423361,1283886.3919802366,1283886.3919802366,14.137968364604069,3.0568723618577063,transient-slab
Li,9.712740198471207e+18,6.897293886423361,1360952.762430456,1360952.762430456,14.986611916094278,3.2403637200725144,transient-slab
Li,1.0295755673125085e+19,6.897293886423361,1442645.1071814036,1442645.1071814036,15.886196017097042,3.4348693028128654,transient-slab
Li,1.0913767146512693e+19,6.897293886423361,1529241.1042670633,1529241.1042670633,16.83977841733581,3.641050248254913,transient-slab
Li,1.1568875283162786e+19,6.897293886423361,1621035.0995810681,1621035.0995810681,17.85060041055621,3.8596073799549244,transient-slab
Li,1.2263306841775593e+19,6.897293886423361,1718339.1073791706,1718339.1073791706,18.92209785191233,4.091283588998025,transient-slab
Li,1.2999422244132422e+19,6.897293886423361,1821483.8708376663,1821483.8708376663,20.057912836680256,4.336866359137301,transient-slab
Li,1.377972359833554e+19,6.897293886423361,1930819.9862727427,1930819.9862727427,21.261906079996447,4.59719044350653,transient-slab
Li,1.460686320364986e+19,6.897293886423361,2046719.0948420577,2046719.0948420577,22.538170039700457,4.8731407020049,transient-slab
Li,1.548365256585496e+19,6.897293886423361,2169575.1457792064,2169575.1457792064,23.891042826887325,5.16565510899811,transient-slab
Li,1.6413071953751267e+19,6.897293886423361,2299805.735454919,2299805.735454919,25.325122951452812,5.475727941559331,transient-slab
Li,1.7398280529303622e+19,6.897293886423361,2437853.526816536,2437853.526816536,26.845284952752422,5.804413159086992,transient-slab
Li,1.8442627085855328e+19,6.897293886423361,2584187.7540305513,2584187.7540305513,28.45669596850402,6.152827985787027,transient-slab
Li,1.9549661430912594e+19,6.897293886423361,2739305.817442586,2739305.817442586,30.164833298252866,6.5221567081966345,transient-slab
Li,2.0723146452190294e+19,6.897293886423361,2903734.9742762083,2903734.9742762083,31.975503021098604,6.913654700657639,transient-slab
Li,2.1967070907932353e+19,6.897293886423361,3078034.1308173686,3078034.1308173686,33.89485973096708,7.328652692422306,transient-slab
Li,2.3285662984981967e+19,6.897293886423361,3262795.7421762366,3262795.7421762366,35.929427456508606,7.768561290895802,transient-slab
Li,2.468340467068651e+19,6.897293886423361,3458647.8260838464,3458647.8260838464,38.08612183673083,8.23487577639011,transient-slab
Li,2.6165046987488236e+19,6.897293886423361,3666256.0975686084,3666256.0975686084,40.37227362774295,8.729181184687164,transient-slab
Li,2.773562614198418e+19,6.897293886423361,3886326.2317685727,3886326.2317685727,42.79565362051193,9.25315769468708,transient-slab
Li,2.9400480643347137e+19,6.897293886423361,4119606.2625709334,4119606.2625709334,45.36449905432849,9.808586339454603,transient-slab
Li,3.1165269449294365e+19,6.897293886423361,4366889.125231901,4366889.125231901,48.087541615763556,10.397355060075956,transient-slab
Li,3.303599120128346e+19,6.897293886423361,4629015.351619491,4629015.351619491,50.97403711828606,11.021465122903551,transient-slab
Li,3.50190046143172e+19,6.897293886423361,4906875.927240541,4906875.927240541,54.03379696342472,11.683037922001288,transient-slab
Li,3.712105009066372e+19,6.897293886423361,5201415.319763212,5201415.319763212,57.27722149041302,12.384322189912412,transient-slab
Li,3.934927263095861e+19,6.897293886423361,5513634.68932912,5513634.68932912,60.715335327674865,13.127701641259812,transient-slab
Li,4.171124612056533e+19,6.897293886423361,5844595.291567174,5844595.291567174,64.35982486631306,13.915703075159938,transient-slab
Li,4.421499907374468e+19,6.897293886423361,6195422.08487615,6195422.08487615,68.22307798297523,14.751004963990834,transient-slab
Li,4.6869041923142115e+19,6.897293886423361,6567307.5542378,6567307.5542378,72.31822614712205,15.636446557709046,transient-slab
Li,4.9682395947343675e+19,6.897293886423361,6961515.764556719,6961515.764556719,76.65918905581051,16.575037534658854,transient-slab
Li,5.266462393484259e+19,6.897293886423361,7379386.65730673,7379386.65730673,81.2607219477328,17.56996823168269,transient-slab
Li,5.582586268862678e+19,6.897293886423361,7822340.605085748,7822340.605085748,86.13846575730553,18.624620488299403,transient-slab
Li,5.917685748188806e+19,6.897293886423361,8291883.239562563,8291883.239562563,91.30900027931037,19.74257914181563,transient-slab
Li,6.272899858196231e+19,6.897293886423361,8789610.569224868,8789610.569224868,96.78990052478385,20.92764421244016,transient-slab
Li,6.649435996665032e+19,6.897293886423361,9317214.404324535,9317214.404324535,102.59979645971771,22.18384381982032,transient-slab
Li,7.048574036451889e+19,6.897293886423361,9876488.107459828,9876488.107459828,108.75843632962564,23.515447874904357,transient-slab
Li,7.471670675868067e+19,6.897293886423361,10469332.689341184,10469332.689341184,115.2867537852207,24.926982593669486,transient-slab
Li,7.920164050192541e+19,6.897293886423361,11097763.270460527,11097763.270460527,122.20693903736861,26.423245882048874,transient-slab
Li,8.395578619995103e+19,6.897293886423361,11763915.930627765,11763915.930627765,129.5425142831776,28.009323644351824,transient-slab
Li,8.899530352885224e+19,6.897293886423361,12470054.969656501,12470054.969656501,137.318413659603,29.690607070610717,transient-slab
Li,9.433732216299774e+19,6.897293886423361,13218580.60387862,13218580.60387862,145.56106799633534,31.47281096161576,transient-slab
Li,1e+20,6.897293886423361,14012037.124648625,14012037.124648625,154.29849465605167,33.3619931539253,transient-slab
Li,1e+18,7.247440868171953,150924.6590543952,150924.6590543952,1.6619601769114631,0.35934442631998853,transient-slab
Li,1.0600258488068824e+18,7.247440868171953,159984.0398200246,159984.0398200246,1.7617207472138103,0.3809143805238681,transient-slab
Li,1.1236548001387516e+18,7.247440868171953,169587.2176057757,169587.2176057757,1.8674695304260147,0.40377908953756114,transient-slab
Li,1.191103133283008e+18,7.247440868171953,179766.8342893598,179766.8342893598,1.9795659741108258,0.42801627211752336,transient-slab
Li,1.2626001098748577e+18,7.247440868171953,190557.49110490482,190557.49110490482,2.0983911019760515,0.45370831215453533,transient-slab
Li,1.3383887531737592e+18,7.247440868171953,201995.86625498673,201995.86625498673,2.2243488090009738,0.4809425387023494,transient-slab
Li,1.418726674116599e+18,7.247440868171953,214120.8395824238,214120.8395824238,2.357867234303835,0.5098115228152947,transient-slab
Li,1.5038869469554132e+18,7.247440868171953,226973.62472560108,226973.62472560108,2.499400216416859,0.5404133922038121,transient-slab
Li,1.5941590374560028e+18,7.247440868171953,240597.90920653008,240597.90920653008,2.6494288359153866,0.5728521647774526,transient-slab
Li,1.689849786812462e+18,7.247440868171953,255040.00292781324,255040.00292781324,2.8084630506446375,0.6072381022090791,transient-slab
Li,1.7912844546220096e+18,7.247440868171953,270348.9955832651,270348.9955832651,2.9770434291023493,0.6436880847220597,transient-slab
Li,1.898807824465269e+18,7.247440868171953,286576.92351723864,286576.92351723864,3.155742987869169,0.6823260083743777,transient-slab
Li,2.0127853758499466e+18,7.247440868171953,303778.9465998259,303778.9465998259,3.3451691393323837,0.7232832061900618,transient-slab
Li,2.133604526501402e+18,7.247440868171953,322013.53571913845,322013.53571913845,3.545965756323369,0.7666988945693773,transient-slab
Li,2.2616759492228552e+18,7.247440868171953,341342.6715279851,341342.6715279851,3.7588153606868184,0.8127206464952026,transient-slab
Li,2.3974349678010685e+18,7.247440868171953,361832.05512046115,361832.05512046115,3.984441443220392,0.8615048931439552,transient-slab
Li,2.541343036702629e+18,7.247440868171953,383551.3313546057,383551.3313546057,4.223610922871017,0.913217455606204,transient-slab
Li,2.693889309590164e+18,7.247440868171953,406574.32558017556,406574.32558017556,4.477136753546368,0.9680341085242276,transient-slab
Li,2.8555923019901005e+18,7.247440868171953,430979.2945762114,430979.2945762114,4.7458806874024795,1.026141177562408,transient-slab
Li,3.0270016537634555e+18,7.247440868171953,456849.1925513399,456849.1925513399,5.030756204000004,1.0877361727412855,transient-slab
Li,3.208699997370444e+18,7.247440868171953,484271.953110973,484271.953110973,5.332731615285594,1.153028459788031,transient-slab
Li,3.401304938279246e+18,7.247440868171953,513340.7881498259,513340.7881498259,5.652833356952409,1.2222399717852996,transient-slab
Li,3.6054711542504986e+18,7.247440868171953,544154.5046857133,544154.5046857133,5.992149477367337,1.2956059635374126,transient-slab
Li,3.821892620633115e+18,7.247440868171953,576817.840711562,576817.840711562,6.351833335924028,1.3733758112180048,transient-slab
Li,4.051304969235378e+18,7.247440868171953,611441.8212072265,611441.8212072265,6.733107523392719,1.455813860017206,transient-slab
Li,4.294487988789272e+18,7.247440868171953,648144.1355212163,648144.1355212163,7.1372680175923735,1.5432003226695628,transient-slab
Li,4.5522682755073096e+18,7.247440868171953,687049.5374050803,687049.5374050803,7.565688588510569,1.6358322319168577,transient-slab
Li,4.825522042741279e+18,7.247440868171953,728290.2690601961,728290.2690601961,8.019825467844461,1.7340244501433242,transient-slab
Li,5.115178099293145e+18,7.247440868171953,772006.5106383271,772006.5106383271,8.501222298834877,1.8381107396150644,transient-slab
Li,5.422221006501592e+18,7.247440868171953,818346.8567238323,818346.8567238323,9.011515383218438,1.9484448969615056,transient-slab
Li,5.747694424835359e+18,7.247440868171953,867468.8214171247,867468.8214171247,9.552439243132405,2.0654019557550587,transient-slab
Li,6.092704661368687e+18,7.247440868171953,919539.3737361934,919539.3737361934,10.1258325168776,2.189379461276651,transient-slab
Li,6.458424430196991e+18,7.247440868171953,974735.5051560577,974735.5051560577,10.733644208579511,2.320798821800137,transient-slab
Li,6.846096838574672e+18,7.247440868171953,1033244.8312152553,1033244.8312152553,11.377940312990573,2.4601067409887034,transient-slab
Li,7.257039612324231e+18,7.247440868171953,1095266.229234275,1095266.229234275,12.060910837951877,2.607776736272083,transient-slab
Li,7.692649574879161e+18,7.247440868171953,1161010.5143135758,1161010.5143135758,12.784877248384067,2.764310748365657,transient-slab
Li,8.154407395185187e+18,7.247440868171953,1230701.1559089632,1230701.1559089632,13.552300357110116,2.930240847402293,transient-slab
Li,8.643882620598297e+18,7.247440868171953,1304575.0374200102,1304575.0374200102,14.365788689331469,3.106131041476215,transient-slab
Li,9.162739011886769e+18,7.247440868171953,1382883.2613734165,1382883.2613734165,15.2281073491889,3.2925791937462296,transient-slab
Li,9.712740198471207e+18,7.247440868171953,1465892.0029381858,1465892.0029381858,16.14218741854629,3.490219054614728,transient-slab
Li,1.0295755673125085e+19,7.247440868171953,1553883.4146737587,1553883.4146737587,17.111135919944168,3.6997224158899016,transient-slab
Li,1.0913767146512693e+19,7.247440868171953,1647156.585586488,1647156.585586488,18.138246377588754,3.9218013942535426,transient-slab
Li,1.1568875283162786e+19,7.247440868171953,1746028.5577541632,1746028.5577541632,19.22701001227188,4.157210851795627,transient-slab
Li,1.2263306841775593e+19,7.247440868171953,1850835.4039744136,1850835.4039744136,20.381127608276923,4.406750961843842,transient-slab
Li,1.2999422244132422e+19,7.247440868171953,1961933.3700998065,1961933.3700998065,21.604522092605126,4.671269928809063,transient-slab
Li,1.377972359833554e+19,7.247440868171953,2079700.0859425955,2079700.0859425955,22.901351869280802,4.951666871291894,transient-slab
Li,1.460686320364986e+19,7.247440868171953,2204535.848865046,2204535.848865046,24.276024954059466,5.24889487825011,transient-slab
Li,1.548365256585496e+19,7.247440868171953,2336864.9844183717,2336864.9844183717,25.733213957583942,5.563964248615171,transient-slab
Li,1.6413071953751267e+19,7.247440868171953,2477137.288655166,2477137.288655166,27.27787196791703,5.897945925369443,transient-slab
Li,1.7398280529303622e+19,7.247440868171953,2625829.5570178716,2625829.5570178716,28.915249386436713,6.251975135756838,transient-slab
Li,1.8442627085855328e+19,7.247440868171953,2783447.20500007,2783447.20500007,30.65091177432027,6.627255250000166,transient-slab
Li,1.9549661430912594e+19,7.247440868171953,2950525.9860893427,2950525.9860893427,32.490758770278696,7.0250618716412925,transient-slab
Li,2.0723146452190294e+19,7.247440868171953,3127633.81283112,3127633.81283112,34.441044143844344,7.446747173407429,transient-slab
Li,2.1967070907932353e+19,7.247440868171953,3315372.6872034143,3315372.6872034143,36.50839705237391,7.8937444933414636,transient-slab
Li,2.3285662984981967e+19,7.247440868171953,3514380.7468639542,3514380.7468639542,38.69984457402134,8.367573206818939,transient-slab
Li,2.468340467068651e+19,7.247440868171953,3725334.434225028,3725334.434225028,41.022835593271395,8.869843891011971,transient-slab
Li,2.6165046987488236e+19,7.247440868171953,3948950.795728892,3948950.795728892,43.4852661202227,9.402263799354506,transient-slab
Li,2.773562614198418e+19,7.247440868171953,4185989.9191391324,4185989.9191391324,46.09550612968223,9.966642664616982,transient-slab
Li,2.9400480643347137e+19,7.247440868171953,4437257.517132512,4437257.517132512,48.862428011299265,10.564898850315505,transient-slab
Li,3.1165269449294365e+19,7.247440868171953,4703607.665973111,4703607.665973111,51.795436727442684,11.19906587136455,transient-slab
Li,3.303599120128346e+19,7.247440868171953,4985945.7085777065,4985945.7085777065,54.90450178133061,11.871299306137397,transient-slab
Li,3.50190046143172e+19,7.247440868171953,5285231.3318401165,5285231.3318401165,58.200191104073966,12.583884123428849,transient-slab
Li,3.712105009066372e+19,7.247440868171953,5602481.828674549,5602481.828674549,61.69370697581878,13.339242449225118,transient-slab
Li,3.934927263095861e+19,7.247440868171953,5938775.555865874,5938775.555865874,65.39692410308538,14.139941799680653,transient-slab
Li,4.171124612056533e+19,7.247440868171953,6295255.599480288,6295255.599480288,69.32242998173234,14.9887038082864,transient-slab
Li,4.421499907374468e+19,7.247440868171953,6673133.660295316,6673133.660295316,73.4835676827409,15.888413476893609,transient-slab
Li,4.6869041923142115e+19,7.247440868171953,7073694.172456379,7073694.172456379,77.89448120625606,16.842128982038997,transient-slab
Li,4.9682395947343675e+19,7.247440868171953,7498298.669358311,7498298.669358311,82.57016355803268,17.85309206990074,transient-slab
Li,5.266462393484259e+19,7.247440868171953,7948390.411594058,7948390.411594058,87.52650771172667,18.92473907522395,transient-slab
Li,5.582586268862678e+19,7.247440868171953,8425499.292698478,8425499.292698478,92.7803606302252,20.06071260166304,transient-slab
Li,5.917685748188806e+19,7.247440868171953,8931247.039364493,8931247.039364493,98.34958052966314,21.26487390324879,transient-slab
Li,6.272899858196231e+19,7.247440868171953,9467352.723806303,9467352.723806303,104.25309758075701,22.541316009062626,transient-slab
Li,6.649435996665032e+19,7.247440868171953,10035638.607006926,10035638.607006926,110.51097825378869,23.894377635730777,transient-slab
Li,7.048574036451889e+19,7.247440868171953,10638036.332711635,10638036.332711635,117.14449352595128,25.328657935027703,transient-slab
Li,7.471670675868067e+19,7.247440868171953,11276593.493221108,11276593.493221108,124.17619118289888,26.849032126716924,transient-slab
Li,7.920164050192541e+19,7.247440868171953,11953480.589301873,11953480.589301873,131.62997246025807,28.460668069766363,transient-slab
Li,8.395578619995103e+19,7.247440868171953,12670998.407871308,12670998.407871308,139.5311732856116,30.169043828265018,transient-slab
Li,8.899530352885224e+19,7.247440868171953,13431585.84253444,13431585.84253444,147.90665039710066,31.979966291748667,transient-slab
Li,9.433732216299774e+19,7.247440868171953,14237828.183555074,14237828.183555074,156.7848726313694,33.89959091322636,transient-slab
Li,1e+20,7.247440868171953,15092465.905439522,15092465.905439522,166.19601769114632,35.93444263199886,transient-slab
Li,1e+18,7.615363358815271,162562.0351134821,162562.0351134821,1.7901092527160645,0.38705246455590975,transient-slab
Li,1.0600258488068824e+18,7.615363358815271,172319.95925494307,172319.95925494307,1.8975620800674,0.41028561727367396,transient-slab
Li,1.1236548001387516e+18,7.615363358815271,182663.61107558844,182663.61107558844,2.0114648545871994,0.434913359703782,transient-slab
Li,1.191103133283008e+18,7.615363358815271,193628.14937653093,193628.14937653093,2.1322047398290085,0.4610194032774546,transient-slab
Li,1.2626001098748577e+18,7.615363358815271,205250.843395763,205250.843395763,2.2601921391673025,0.4886924842756262,transient-slab
Li,1.3383887531737592e+18,7.615363358815271,217571.19948892217,217571.19948892217,2.395862090787463,0.5180266654498147,transient-slab
Li,1.418726674116599e+18,7.615363358815271,230631.09541417623,230631.09541417623,2.5396757464112123,0.5491216557480387,transient-slab
Li,1.5038869469554132e+18,7.615363358815271,244474.92267767325,244474.92267767325,2.692121938783798,0.5820831492325553,transient-slab
Li,1.5941590374560028e+18,7.615363358815271,259149.7374233975,259149.7374233975,2.8537188432509253,0.6170231843414227,transient-slab
Li,1.689849786812462e+18,7.615363358815271,274705.42038031766,274705.42038031766,3.0250157390732566,0.6540605247150421,transient-slab
Li,1.7912844546220096e+18,7.615363358815271,291194.84641049773,291194.84641049773,3.2065948764653087,0.6933210628821376,transient-slab
Li,1.898807824465269e+18,7.615363358815271,308674.06423447764,308674.06423447764,3.399073455704939,0.7349382481773278,transient-slab
Li,2.0127853758499466e+18,7.615363358815271,327202.4869448223,327202.4869448223,3.6031057250405714,0.779053540344815,transient-slab
Li,2.133604526501402e+18,7.615363358815271,346843.09395540523,346843.09395540523,3.819385204527037,0.8258168903700124,transient-slab
Li,2.2616759492228552e+18,7.615363358815271,367662.6450728838,367662.6450728838,4.048647043349222,0.8753872501735329,transient-slab
Li,2.3974349678010685e+18,7.615363358815271,389731.9074179671,389731.9074179671,4.2916705186457325,0.9279331128999218,transient-slab
Li,2.541343036702629e+18,7.615363358815271,413125.895967856,413125.895967856,4.549281684326917,0.9836330856377524,transient-slab
Li,2.693889309590164e+18,7.615363358815271,437924.1285374303,437924.1285374303,4.822356178890243,1.0426764965176913,transient-slab
Li,2.8555923019901005e+18,7.615363358815271,464210.8960659039,464210.8960659039,5.111822201777245,1.1052640382521521,transient-slab
Li,3.0270016537634555e+18,7.615363358815271,492075.54912766325,492075.54912766325,5.418663668388791,1.17160845030396,transient-slab
Li,3.208699997370444e+18,7.615363358815271,521612.80164116394,521612.80164116394,5.743923554482842,1.2419352420027714,transient-slab
Li,3.401304938279246e+18,7.615363358815271,552923.0528082107,552923.0528082107,6.088707441322519,1.3164834590671683,transient-slab
Li,3.6054711542504986e+18,7.615363358815271,586112.7283779164,586112.7283779164,6.454187273624687,1.3955064961378962,transient-slab
Li,3.821892620633115e+18,7.615363358815271,621294.6423953186,621294.6423953186,6.841605343082588,1.479272958084092,transient-slab
Li,4.051304969235378e+18,7.615363358815271,658588.380664266,658588.380664266,7.25227851100282,1.568067573010157,transient-slab
Li,4.294487988789272e+18,7.615363358815271,698120.7072279888,698120.7072279888,7.687602684409678,1.66219216006664,transient-slab
Li,4.5522682755073096e+18,7.615363358815271,740025.9952490098,740025.9952490098,8.149057560831437,1.7619666553547852,transient-slab
Li,4.825522042741279e+18,7.615363358815271,784446.6837529896,784446.6837529896,8.638211657896488,1.86773019941188,transient-slab
Li,5.115178099293145e+18,7.615363358815271,831533.761789007,831533.761789007,9.156727644835232,1.9798422899738264,transient-slab
Li,5.422221006501592e+18,7.615363358815271,881447.281651972,881447.281651972,9.706367994009911,2.0986840039332666,transient-slab
Li,5.747694424835359e+18,7.615363358815271,934356.9029116507,934356.9029116507,10.289000971682313,2.224659292646787,transient-slab
Li,6.092704661368687e+18,7.615363358815271,990442.4690974924,990442.4690974924,10.906606988382382,2.3581963549940292,transient-slab
Li,6.458424430196991e+18,7.615363358815271,1049894.6189994537,1049894.6189994537,11.56128533046311,2.4997490928558426,transient-slab
Li,6.846096838574672e+18,7.615363358815271,1112915.4346626746,1112915.4346626746,12.255261295722716,2.6497986539587486,transient-slab
Li,7.257039612324231e+18,7.615363358815271,1179719.1282785821,1179719.1282785821,12.990893757348607,2.8088550673299575,transient-slab
Li,7.692649574879161e+18,7.615363358815271,1250532.7703072194,1250532.7703072194,13.770683181893487,2.9774589769219513,transient-slab
Li,8.154407395185187e+18,7.615363358815271,1325597.0613057325,1325597.0613057325,14.597280128537305,3.1561834792993633,transient-slab
Li,8.643882620598297e+18,7.615363358815271,1405167.1500865181,1405167.1500865181,15.473494258524594,3.345636071634567,transient-slab
Li,9.162739011886769e+18,7.615363358815271,1489513.5009860091,1489513.5009860091,16.402303885400954,3.5464607166333555,transient-slab
Li,9.712740198471207e+18,7.615363358815271,1578922.8131920055,1578922.8131920055,17.386866098510573,3.759340031409537,transient-slab
Li,1.0295755673125085e+19,7.615363358815271,1673698.9952543927,1673698.9952543927,18.43052749416513,3.9849976077485545,transient-slab
Li,1.0913767146512693e+19,7.615363358815271,1774164.1980917635,1774164.1980917635,19.53683555096097,4.224200471647056,transient-slab
Li,1.1568875283162786e+19,7.615363358815271,1880659.910005004,1880659.910005004,20.709550687907882,4.477761690488105,transient-slab
Li,1.2263306841775593e+19,7.615363358815271,1993548.1174201295,1993548.1174201295,21.952659046358708,4.746543136714593,transient-slab
Li,1.2999422244132422e+19,7.615363358815271,2113212.5353056346,2113212.5353056346,23.270386039184473,5.031458417394369,transient-slab
Li,1.377972359833554e+19,7.615363358815271,2240059.9114467,2240059.9114467,24.667210713250352,5.333475979635,transient-slab
Li,1.460686320364986e+19,7.615363358815271,2374521.409009558,2374521.409009558,26.147880974011432,5.65362240240371,transient-slab
Li,1.548365256585496e+19,7.615363358815271,2517054.072095471,2517054.072095471,27.717429723977794,5.992985885941598,transient-slab
Li,1.6413071953751267e+19,7.615363358815271,2668142.379265822,2668142.379265822,29.38119196990468,6.35271995063291,transient-slab
Li,1.7398280529303622e+19,7.615363358815271,2828299.8903188673,2828299.8903188673,31.14482295685616,6.734047357902065,transient-slab
Li,1.8442627085855328e+19,7.615363358815271,2998070.99191567,2998070.99191567,33.014317390781535,7.138264266465882,transient-slab
Li,1.9549661430912594e+19,7.615363358815271,3178032.7479886995,3178032.7479886995,34.99602981494301,7.566744638068332,transient-slab
Li,2.0723146452190294e+19,7.615363358815271,3368796.8612227906,3368796.8612227906,37.09669620945593,8.02094490767331,transient-slab
Li,2.1967070907932353e+19,7.615363358815271,3571011.75227565,3571011.75227565,39.32345688735958,8.502408933989644,transient-slab
Li,2.3285662984981967e+19,7.615363358815271,3785364.763805349,3785364.763805349,41.683880765044194,9.012773247155593,transient-slab
Li,2.468340467068651e+19,7.615363358815271,4012584.4967964287,4012584.4967964287,44.185991089530845,9.553772611420069,transient-slab
Li,2.6165046987488236e+19,7.615363358815271,4253443.287125971,4253443.287125971,46.838292710053274,10.127245921728504,transient-slab
Li,2.773562614198418e+19,7.615363358815271,4508759.830787644,4508759.830787644,49.64980098663944,10.735142454256295,transient-slab
Li,2.9400480643347137e+19,7.615363358815271,4779401.966697047,4779401.966697047,52.630072433955256,11.379528492135828,transient-slab
Li,3.1165269449294365e+19,7.615363358815271,5066289.626537321,5066289.626537321,55.78923720457113,12.062594348898385,transient-slab
Li,3.303599120128346e+19,7.615363358815271,5370397.961671727,5370397.961671727,59.138033522064006,12.78666181350411,transient-slab
Li,3.50190046143172e+19,7.615363358815271,5692760.657751824,5692760.657751824,62.68784418099577,13.554192042266246,transient-slab
Li,3.712105009066372e+19,7.615363358815271,6034473.448287803,6034473.448287803,66.45073523783363,14.367793924494768,transient-slab
Li,3.934927263095861e+19,7.615363358815271,6396697.839123874,6396697.839123874,70.43949702432602,15.230232950294939,transient-slab
Li,4.171124612056533e+19,7.615363358815271,6780665.056478436,6780665.056478436,74.66768762274106,16.144440610662944,transient-slab
Li,4.421499907374468e+19,7.615363358815271,7187680.231968661,7187680.231968661,79.14967895074257,17.113524361830144,transient-slab
Li,4.6869041923142115e+19,7.615363358815271,7619126.838845093,7619126.838845093,83.90070561255384,18.14077818772641,transient-slab
Li,4.9682395947343675e+19,7.615363358815271,8076471.394514003,8076471.394514003,88.93691668244301,19.229693796461913,transient-slab
Li,5.266462393484259e+19,7.615363358815271,8561268.445334211,8561268.445334211,94.27543059657363,20.38397248889098,transient-slab
Li,5.582586268862678e+19,7.615363358815271,9075165.850628976,9075165.850628976,99.9343933397673,21.6075377395928,transient-slab
Li,5.917685748188806e+19,7.615363358815271,9619910.383876212,9619910.383876212,105.93304012498767,22.9045485330386,transient-slab
Li,6.272899858196231e+19,7.615363358815271,10197353.670114527,10197353.670114527,112.29176077518363,24.279413500272682,transient-slab
Li,6.649435996665032e+19,7.615363358815271,10809458.479747126,10809458.479747126,119.03216902973338,25.736805904159826,transient-slab
Li,7.048574036451889e+19,7.615363358815271,11458305.400136704,11458305.400136704,126.17717601106746,27.281679524135008,transient-slab
Li,7.471670675868067e+19,7.615363358815271,12146099.907668393,12146099.907668393,133.7510681011872,28.919285494448555,transient-slab
Li,7.920164050192541e+19,7.615363358815271,12875179.864319386,12875179.864319386,141.7795894927881,30.655190153141398,transient-slab
Li,8.395578619995103e+19,7.615363358815271,13648023.464216435,13648023.464216435,150.29002969558402,32.495293962420085,transient-slab
Li,8.899530352885224e+19,7.615363358815271,14467257.657192275,14467257.657192275,159.311316295273,34.44585156474351,transient-slab
Li,9.433732216299774e+19,7.615363358815271,15335667.077973112,15335667.077973112,168.8741132804385,36.51349304279312,transient-slab
Li,1e+20,7.615363358815271,16256203.51134821,16256203.51134821,179.01092527160645,38.705246455590974,transient-slab
Li,1e+18,8.001963747158404,175096.73651614846,175096.73651614846,1.9281395434003692,0.4168969917051154,transient-slab
Li,1.0600258488068824e+18,8.001963747158404,185607.06674884536,185607.06674884536,2.0438777561110917,0.44192158749725086,transient-slab
Li,1.1236548001387516e+18,8.001963747158404,196748.28847500047,196748.28847500047,2.166563253279166,0.4684483058928583,transient-slab
Li,1.191103133283008e+18,8.001963747158404,208558.27149201377,208558.27149201377,2.296613051551049,0.49656731307622326,transient-slab
Li,1.2626001098748577e+18,8.001963747158404,221077.15876401812,221077.15876401812,2.4344691993513647,0.5263741875333765,transient-slab
Li,1.3383887531737592e+18,8.001963747158404,234347.50287064217,234347.50287064217,2.5806002794366414,0.5579702449301004,transient-slab
Li,1.418726674116599e+18,8.001963747158404,248414.41064622582,248414.41064622582,2.735503001641104,0.5914628824910139,transient-slab
Li,1.5038869469554132e+18,8.001963747158404,263325.696501127,263325.696501127,2.8997038912283863,0.6269659440503024,transient-slab
Li,1.5941590374560028e+18,8.001963747158404,279132.0449462706,279132.0449462706,3.0737610785879896,0.6646001070149299,transient-slab
Li,1.689849786812462e+18,8.001963747158404,295887.1828733714,295887.1828733714,3.2582661963597928,0.7044932925556462,transient-slab
Li,1.7912844546220096e+18,8.001963747158404,313648.06217642274,313648.06217642274,3.453846390435061,0.7467811004200542,transient-slab
Li,1.898807824465269e+18,8.001963747158404,332475.05333519634,332475.05333519634,3.661166451669513,0.7916072698457056,transient-slab
Li,2.0127853758499466e+18,8.001963747158404,352432.15061875497,352432.15061875497,3.8809310755542565,0.8391241681398929,transient-slab
Li,2.133604526501402e+18,8.001963747158404,373587.18960647774,373587.18960647774,4.113887257525374,0.8894933085868518,transient-slab
Li,2.2616759492228552e+18,8.001963747158404,396012.0777659843,396012.0777659843,4.360826832054153,0.9428858994428198,transient-slab
Li,2.3974349678010685e+18,8.001963747158404,419783.03887166467,419783.03887166467,4.622589164148032,0.9994834258849159,transient-slab
Li,2.541343036702629e+18,8.001963747158404,444980.8720946688,444980.8720946688,4.900064002411514,1.0594782668920686,transient-slab
Li,2.693889309590164e+18,8.001963747158404,471691.2266449781,471691.2266449781,5.194194503364315,1.1230743491547097,transient-slab
Li,2.8555923019901005e+18,8.001963747158404,500004.8928991026,500004.8928991026,5.505980437296802,1.1904878402359584,transient-slab
Li,3.0270016537634555e+18,8.001963747158404,530018.1110029655,530018.1110029655,5.836481586559632,1.2619478833403939,transient-slab
Li,3.208699997370444e+18,8.001963747158404,561832.8979989389,561832.8979989389,6.186821347838614,1.3376973761879498,transient-slab
Li,3.401304938279246e+18,8.001963747158404,595557.3945889558,595557.3945889558,6.558190550659167,1.4179937966403708,transient-slab
Li,3.6054711542504986e+18,8.001963747158404,631306.2327123734,631306.2327123734,6.95185150509976,1.5031100778866033,transient-slab
Li,3.821892620633115e+18,8.001963747158404,669200.9251880088,669200.9251880088,7.369142292472776,1.593335536161926,transient-slab
Li,4.051304969235378e+18,8.001963747158404,709370.27874477,709370.27874477,7.811481313557149,1.6889768541542143,transient-slab
Li,4.294487988789272e+18,8.001963747158404,751950.8318447996,751950.8318447996,8.280372109842517,1.790359123439999,transient-slab
Li,4.5522682755073096e+18,8.001963747158404,797087.3187873249,797087.3187873249,8.77740847417265,1.8978269494936308,transient-slab
Li,4.825522042741279e+18,8.001963747158404,844933.1616707364,844933.1616707364,9.30427986815959,2.011745623025563,transient-slab
Li,5.115178099293145e+18,8.001963747158404,895650.991885105,895650.991885105,9.862777164782655,2.1325023616312024,transient-slab
Li,5.422221006501592e+18,8.001963747158404,949413.2029077348,949413.2029077348,10.454798735691872,2.260507625970797,transient-slab
Li,5.747694424835359e+18,8.001963747158404,1006402.5362807325,1006402.5362807325,11.082356903906899,2.396196514954125,transient-slab
Li,6.092704661368687e+18,8.001963747158404,1066812.7027623828,1066812.7027623828,11.747584783844724,2.54003024467234,transient-slab
Li,6.458424430196991e+18,8.001963747158404,1130849.040763659,1130849.040763659,12.452743531925817,2.69249771610395,transient-slab
Li,6.846096838574672e+18,8.001963747158404,1198729.2143079464,1198729.2143079464,13.200230032404079,2.854117176923682,transient-slab
Li,7.257039612324231e+18,8.001963747158404,1270683.9528863882,1270683.9528863882,13.992585044545237,3.025437983062829,transient-slab
Li,7.692649574879161e+18,8.001963747158404,1346957.8357236783,1346957.8357236783,14.832501838846554,3.207042466008758,transient-slab
Li,8.154407395185187e+18,8.001963747158404,1427810.1231200735,1427810.1231200735,15.722835351652964,3.399547912190651,transient-slab
Li,8.643882620598297e+18,8.001963747158404,1513515.6376954152,1513515.6376954152,16.666611889286788,3.60360866117956,transient-slab
Li,9.162739011886769e+18,8.001963747158404,1604365.6985305725,1604365.6985305725,17.667039414676108,3.8199183298346964,transient-slab
Li,9.712740198471207e+18,8.001963747158404,1700669.1113815166,1700669.1113815166,18.727518451446684,4.049212169955992,transient-slab
Li,1.0295755673125085e+19,8.001963747158404,1802753.218331824,1802753.218331824,19.851653642541166,4.292269567456724,transient-slab
Li,1.0913767146512693e+19,8.001963747158404,1910965.0104515306,1910965.0104515306,21.043266002654935,4.549916691551263,transient-slab
Li,1.1568875283162786e+19,8.001963747158404,2025672.307244137,2025672.307244137,22.306405906133314,4.823029302962231,transient-slab
Li,1.2263306841775593e+19,8.001963747158404,2147265.0068910625,2147265.0068910625,23.645366854479825,5.112535730693006,transient-slab
Li,1.2999422244132422e+19,8.001963747158404,2276156.4115430145,2276156.4115430145,25.064700070270096,5.419420027483368,transient-slab
Li,1.377972359833554e+19,8.001963747158404,2412784.6321631116,2412784.6321631116,26.569229967077987,5.744725314674076,transient-slab
Li,1.460686320364986e+19,8.001963747158404,2557614.077696904,2557614.077696904,28.1640705479971,6.089557327849771,transient-slab
Li,1.548365256585496e+19,8.001963747158404,2711137.0336310924,2711137.0336310924,29.85464278849754,6.455088175312125,transient-slab
Li,1.6413071953751267e+19,8.001963747158404,2873875.3353065723,2873875.3353065723,31.64669306270338,6.842560322158506,transient-slab
Li,1.7398280529303622e+19,8.001963747158404,3046382.1416735128,3046382.1416735128,33.54631267572302,7.253290813508364,transient-slab
Li,1.8442627085855328e+19,8.001963747158404,3229243.815517594,3229243.815517594,35.55995856842438,7.688675751232368,transient-slab
Li,1.9549661430912594e+19,8.001963747158404,3423081.9165484128,3423081.9165484128,37.69447526503162,8.150195039400982,transient-slab
Li,2.0723146452190294e+19,8.001963747158404,3628555.314124721,3628555.314124721,39.95711813814518,8.63941741458267,transient-slab
Li,2.1967070907932353e+19,8.001963747158404,3846362.4267977816,3846362.4267977816,42.35557807026423,9.158005778089956,transient-slab
Li,2.3285662984981967e+19,8.001963747158404,4077243.5962852193,4077243.5962852193,44.89800759563802,9.707722848298141,transient-slab
Li,2.468340467068651e+19,8.001963747158404,4321983.603944666,4321983.603944666,47.59304861130405,10.290437152249204,transient-slab
Li,2.6165046987488236e+19,8.001963747158404,4581414.338300873,4581414.338300873,50.449861751504784,10.908129376906839,transient-slab
Li,2.773562614198418e+19,8.001963747158404,4856417.622693405,4856417.622693405,53.47815752532873,11.562899101650963,transient-slab
Li,2.9400480643347137e+19,8.001963747158404,5147928.212656277,5147928.212656277,56.688229323414745,12.256971934895898,transient-slab
Li,3.1165269449294365e+19,8.001963747158404,5456936.973217868,5456936.973217868,60.09098840591193,12.992707079090163,transient-slab
Li,3.303599120128346e+19,8.001963747158404,5784494.246920929,5784494.246920929,63.69800099062131,13.772605349811737,transient-slab
Li,3.50190046143172e+19,8.001963747158404,6131713.424010886,6131713.424010886,67.52152756738498,14.599317676216396,transient-slab
Li,3.712105009066372e+19,8.001963747158404,6499774.726927697,6499774.726927697,71.5745645723546,15.475654111732611,transient-slab
Li,3.934927263095861e+19,8.001963747158404,6889929.221965053,6889929.221965053,75.8708885637932,16.40459338563108,transient-slab
Li,4.171124612056533e+19,8.001963747158404,7303503.071732849,7303503.071732849,80.42510304956728,17.389293027935356,transient-slab
Li,4.421499907374468e+19,8.001963747158404,7741902.042877222,7741902.042877222,85.25268812549784,18.433100102088627,transient-slab
Li,4.6869041923142115e+19,8.001963747158404,8206616.284380733,8206616.284380733,90.37005309330002,19.539562581858892,transient-slab
Li,4.9682395947343675e+19,8.001963747158404,8699225.392683,8699225.392683,95.79459223694761,20.71244141115,transient-slab
Li,5.266462393484259e+19,8.001963747158404,9221403.780841181,9221403.780841181,101.54474394707957,21.9557232877171,transient-slab
Li,5.582586268862678e+19,8.001963747158404,9774926.369977169,9774926.369977169,107.64005339438057,23.273634214231354,transient-slab
Li,5.917685748188806e+19,8.001963747158404,10361674.622359823,10361674.622359823,114.10123896499637,24.670653862761487,transient-slab
Li,6.272899858196231e+19,8.001963747158404,10983642.936627707,10983642.936627707,120.95026268378723,26.151530801494538,transient-slab
Li,6.649435996665032e+19,8.001963747158404,11642945.426890504,11642945.426890504,128.21040486479697,27.721298635453582,transient-slab
Li,7.048574036451889e+19,8.001963747158404,12341823.108751819,12341823.108751819,135.90634324268046,29.385293116075758,transient-slab
Li,7.471670675868067e+19,8.001963747158404,13082651.516679043,13082651.516679043,144.06423685406187,31.149170277807244,transient-slab
Li,7.920164050192541e+19,8.001963747158404,13867948.77861235,13867948.77861235,152.71181495394268,33.01892566336274,transient-slab
Li,8.395578619995103e+19,8.001963747158404,14700384.17525892,14700384.17525892,161.8784712693926,35.00091470299743,transient-slab
Li,8.899530352885224e+19,8.001963747158404,15582787.2131661,15582787.2131661,171.59536391089844,37.10187431706215,transient-slab
Li,9.433732216299774e+19,8.001963747158404,16518157.242413428,16518157.242413428,181.895521280976,39.32894581527007,transient-slab
Li,1e+20,8.001963747158404,17509673.651614845,17509673.651614845,192.8139543400369,41.68969917051154,transient-slab
Li,1e+18,8.4081902325405,188597.95349635626,188597.95349635626,2.0768129616577466,0.4490427464198959,transient-slab
Li,1.0600258488068824e+18,8.4081902325405,199918.70573821603,199918.70573821603,2.2014754224943887,0.47599691842432384,transient-slab
Li,1.1236548001387516e+18,8.4081902325405,211918.99574252576,211918.99574252576,2.3336208533571043,0.5045690374822042,transient-slab
Li,1.191103133283008e+18,8.4081902325405,224639.613340273,224639.613340273,2.473698425873306,0.5348562222387452,transient-slab
Li,1.2626001098748577e+18,8.4081902325405,238123.79680667273,238123.79680667273,2.6221842735785996,0.5669614209682684,transient-slab
Li,1.3383887531737592e+18,8.4081902325405,252417.3798311109,252417.3798311109,2.7795831103282143,0.600993761502645,transient-slab
Li,1.418726674116599e+18,8.4081902325405,267568.94730908255,267568.94730908255,2.946429945854939,0.6370689221644823,transient-slab
Li,1.5038869469554132e+18,8.4081902325405,283630.00048567425,283630.00048567425,3.1232919043048986,0.675309524965891,transient-slab
Li,1.5941590374560028e+18,8.4081902325405,300655.1320119233,300655.1320119233,3.3107701519324646,0.7158455524093412,transient-slab
Li,1.689849786812462e+18,8.4081902325405,318702.21150908427,318702.21150908427,3.509501940506701,0.7588147893073435,transient-slab
Li,1.7912844546220096e+18,8.4081902325405,337832.58227154764,337832.58227154764,3.720162773375017,0.8043632911227325,transient-slab
Li,1.898807824465269e+18,8.4081902325405,358111.2697770182,358111.2697770182,3.9434687015466188,0.852645880421472,transient-slab
Li,2.0127853758499466e+18,8.4081902325405,379607.20271269424,379607.20271269424,4.180178757600329,0.9038266731254625,transient-slab
Li,2.133604526501402e+18,8.4081902325405,402393.4472687266,402393.4472687266,4.431097535689751,0.958079636354111,transient-slab
Li,2.2616759492228552e+18,8.4081902325405,426547.4554953595,426547.4554953595,4.697077926415614,1.0155891797508558,transient-slab
Li,2.3974349678010685e+18,8.4081902325405,452151.32856788434,452151.32856788434,4.979024015860782,1.0765507823044864,transient-slab
Li,2.541343036702629e+18,8.4081902325405,479292.0958543312,479292.0958543312,5.277894158642678,1.1411716567960266,transient-slab
Li,2.693889309590164e+18,8.4081902325405,508062.010734417,508062.010734417,5.594704235428091,1.2096714541295643,transient-slab
Li,2.8555923019901005e+18,8.4081902325405,538558.8641752818,538558.8641752818,5.930531105983123,1.282283009941147,transient-slab
Li,3.0270016537634555e+18,8.4081902325405,570886.3171298737,570886.3171298737,6.286516269495379,1.359253136023509,transient-slab
Li,3.208699997370444e+18,8.4081902325405,605154.2528878294,605154.2528878294,6.663869744610116,1.4408434592567367,transient-slab
Li,3.401304938279246e+18,8.4081902325405,641479.150576516,641479.150576516,7.063874182368839,1.5273313108964668,transient-slab
Li,3.6054711542504986e+18,8.4081902325405,679984.4810817896,679984.4810817896,7.487889226030554,1.6190106692423563,transient-slab
Li,3.821892620633115e+18,8.4081902325405,720801.1267342315,720801.1267342315,7.937356132594948,1.7161931588910273,transient-slab
Li,4.051304969235378e+18,8.4081902325405,764067.8261874109,764067.8261874109,8.413802671736471,1.819209109970026,transient-slab
Li,4.294487988789272e+18,8.4081902325405,809931.6460003396,809931.6460003396,8.918848318801068,1.9284086809531897,transient-slab
Li,4.5522682755073096e+18,8.4081902325405,858548.4805270657,858548.4805270657,9.45420975951694,2.044163048873966,transient-slab
Li,4.825522042741279e+18,8.4081902325405,910083.5818125618,910083.5818125618,10.021706725130256,2.16686567098229,transient-slab
Li,5.115178099293145e+18,8.4081902325405,964712.1212960685,964712.1212960685,10.623268177799838,2.2969336221334964,transient-slab
Li,5.422221006501592e+18,8.4081902325405,1022619.7852311532,1022619.7852311532,11.26093886727542,2.4348090124551267,transient-slab
Li,5.747694424835359e+18,8.4081902325405,1084003.4058463653,1084003.4058463653,11.936886281146041,2.5809604901103933,transient-slab
Li,6.092704661368687e+18,8.4081902325405,1149071.6303918445,1149071.6303918445,12.653408012283062,2.7358848342662965,transient-slab
Li,6.458424430196991e+18,8.4081902325405,1218045.6303460232,1218045.6303460232,13.412939568520157,2.9001086436810075,transient-slab
Li,6.846096838574672e+18,8.4081902325405,1291159.8531930577,1291159.8531930577,14.218062651116002,3.0741901266501372,transient-slab
Li,7.257039612324231e+18,8.4081902325405,1368662.8193263407,1368662.8193263407,15.071513930138673,3.2587209983960492,transient-slab
Li,7.692649574879161e+18,8.4081902325405,1450817.9667868249,1450817.9667868249,15.976194346599998,3.454328492349583,transient-slab
Li,8.154407395185187e+18,8.4081902325405,1537904.5467074795,1537904.5467074795,16.935178972958383,3.6616774921606656,transient-slab
Li,8.643882620598297e+18,8.4081902325405,1630218.5725075598,1630218.5725075598,17.951727465506675,3.8814727916846663,transient-slab
Li,9.162739011886769e+18,8.4081902325405,1728073.8260630704,1728073.8260630704,19.029295144173542,4.114461490626358,transient-slab
Li,9.712740198471207e+18,8.4081902325405,1831802.9242734627,1831802.9242734627,20.171544737399238,4.3614355339844355,transient-slab
Li,1.0295755673125085e+19,8.4081902325405,1941758.4496498911,1941758.4496498911,21.38235883200746,4.623234403928312,transient-slab
Li,1.0913767146512693e+19,8.4081902325405,2058314.1487680618,2058314.1487680618,22.665853070392046,4.900747973257291,transient-slab
Li,1.1568875283162786e+19,8.4081902325405,2181866.2026590803,2181866.2026590803,24.026390139874408,5.194919530140667,transient-slab
Li,1.2263306841775593e+19,8.4081902325405,2312834.573456741,2312834.573456741,25.468594601785682,5.506748984420812,transient-slab
Li,1.2999422244132422e+19,8.4081902325405,2451664.431878386,2451664.431878386,26.997368610676254,5.837296266377109,transient-slab
Li,1.377972359833554e+19,8.4081902325405,2598827.670391529,2598827.670391529,28.61790857708437,6.18768492950364,transient-slab
Li,1.460686320364986e+19,8.4081902325405,2754824.507209594,2754824.507209594,30.33572283050163,6.5591059695466525,transient-slab
Li,1.548365256585496e+19,8.4081902325405,2920185.186568851,2920185.186568851,32.15665034257281,6.952821872782979,transient-slab
Li,1.6413071953751267e+19,8.4081902325405,3095471.781065931,3095471.781065931,34.08688057417187,7.370170907299836,transient-slab
Li,1.7398280529303622e+19,8.4081902325405,3281280.1021821657,3281280.1021821657,36.13297451381537,7.812571671862299,transient-slab
Li,1.8442627085855328e+19,8.4081902325405,3478241.7254887843,3478241.7254887843,38.30188697892459,8.281527917830438,transient-slab
Li,1.9549661430912594e+19,8.4081902325405,3687026.1374167637,3687026.1374167637,40.600990255739816,8.778633660516105,transient-slab
Li,2.0723146452190294e+19,8.4081902325405,3908343.010888365,3908343.010888365,43.03809915824055,9.30557859735325,transient-slab
Li,2.1967070907932353e+19,8.4081902325405,4142944.6175453863,4142944.6175453863,45.62149759124872,9.86415385129854,transient-slab
Li,2.3285662984981967e+19,8.4081902325405,4391628.384773454,4391628.384773454,48.35996670800457,10.456258058984414,transient-slab
Li,2.468340467068651e+19,8.4081902325405,4655239.606213878,4655239.606213878,51.26281475792511,11.083903824318757,transient-slab
Li,2.6165046987488236e+19,8.4081902325405,4934674.314976282,4934674.314976282,54.33990872599955,11.74922455946734,transient-slab
Li,2.773562614198418e+19,8.4081902325405,5230882.329318255,5230882.329318255,57.60170787136619,12.454481736472037,transient-slab
Li,2.9400480643347137e+19,8.4081902325405,5544870.4811445065,5544870.4811445065,61.05929927907103,13.202072574153588,transient-slab
Li,3.1165269449294365e+19,8.4081902325405,5877706.038299431,5877706.038299431,64.72443554585072,13.994538186427217,transient-slab
Li,3.303599120128346e+19,8.4081902325405,6230520.332285692,6230520.332285692,68.60957472803676,14.834572219727837,transient-slab
Li,3.50190046143172e+19,8.4081902325405,6604512.603739681,6604512.603739681,72.7279226873664,15.725030008904003,transient-slab
Li,3.712105009066372e+19,8.4081902325405,7000954.078734907,7000954.078734907,77.09347797863688,16.66893828270216,transient-slab
Li,3.934927263095861e+19,8.4081902325405,7421192.289768977,7421192.289768977,81.72107943177929,17.669505451830897,transient-slab
Li,4.171124612056533e+19,8.4081902325405,7866655.6561214505,7866655.6561214505,86.62645659008649,18.73013251457488,transient-slab
Li,4.421499907374468e+19,8.4081902325405,8338858.339151535,8338858.339151535,91.82628317603823,19.854424617027465,transient-slab
Li,4.6869041923142115e+19,8.4081902325405,8839405.38903953,8839405.38903953,97.33823376646188,21.046203307236976,transient-slab
Li,4.9682395947343675e+19,8.4081902325405,9369998.200464683,9369998.200464683,103.18104386965568,22.30951952491591,transient-slab
Li,5.266462393484259e+19,8.4081902325405,9932440.295766534,9932440.295766534,109.37457360871191,23.6486673708727,transient-slab
Li,5.582586268862678e+19,8.4081902325405,10528643.455243602,10528643.455243602,115.93987522746568,25.06819870296096,transient-slab
Li,5.917685748188806e+19,8.4081902325405,11160634.215429628,11160634.215429628,122.89926464855834,26.572938608165785,transient-slab
Li,6.272899858196231e+19,8.4081902325405,11830560.757433925,11830560.757433925,130.27639732682974,28.16800180341411,transient-slab
Li,6.649435996665032e+19,8.4081902325405,12540700.208760291,12540700.208760291,138.09634865587537,29.858810020857838,transient-slab
Li,7.048574036451889e+19,8.4081902325405,13293466.383423775,13293466.383423775,146.38569920107548,31.651110436723275,transient-slab
Li,7.471670675868067e+19,8.4081902325405,14091417.986674549,14091417.986674549,155.17262504880904,33.55099520636797,transient-slab
Li,7.920164050192541e+19,8.4081902325405,14937267.312217258,14937267.312217258,164.4869935789559,35.56492217194585,transient-slab
Li,8.395578619995103e+19,8.4081902325405,15833889.461488396,15833889.461488396,174.3604649862249,37.69973681306761,transient-slab
Li,8.899530352885224e+19,8.4081902325405,16784332.116328586,16784332.116328586,184.82659989538578,39.96269551506806,transient-slab
Li,9.433732216299774e+19,8.4081902325405,17791825.898267828,17791825.898267828,195.92097343619633,42.361490233971026,transient-slab
Li,1e+20,8.4081902325405,18859795.349635627,18859795.349635627,207.68129616577468,44.90427464198959,transient-slab
Li,1e+18,8.835039150445423,203140.2113524449,203140.2113524449,2.2369501691268487,0.4836671698867736,transient-slab
Li,1.0600258488068824e+18,8.835039150445423,215333.87496568492,215333.87496568492,2.3712250017673875,0.5126997022992499,transient-slab
Li,1.1236548001387516e+18,8.835039150445423,228259.4735873752,228259.4735873752,2.5135597952105755,0.5434749371127982,transient-slab
Li,1.191103133283008e+18,8.835039150445423,241960.94223766954,241960.94223766954,2.664438355444944,0.5760974815182608,transient-slab
Li,1.2626001098748577e+18,8.835039150445423,256484.85317359873,256484.85317359873,2.8243735293241405,0.6106782218419018,transient-slab
Li,1.3383887531737592e+18,8.835039150445423,271880.5741914527,271880.5741914527,2.9939089477695138,0.6473347004558397,transient-slab
Li,1.418726674116599e+18,8.835039150445423,288200.43643139716,288200.43643139716,3.1736208736098983,0.6861915153128504,transient-slab
Li,1.5038869469554132e+18,8.835039150445423,305499.91225470573,305499.91225470573,3.3641201603395725,0.7273807434635852,transient-slab
Li,1.5941590374560028e+18,8.835039150445423,323837.8037982225,323837.8037982225,3.5660543284523,0.7710423899957679,transient-slab
Li,1.689849786812462e+18,8.835039150445423,343276.4428469675,343276.4428469675,3.7801097664091063,0.8173248639213512,transient-slab
Li,1.7912844546220096e+18,8.835039150445423,363881.902704264,363881.902704264,4.007014063720999,0.8663854826292,transient-slab
Li,1.898807824465269e+18,8.835039150445423,385724.2227795508,385724.2227795508,4.247538484076967,0.9183910066179782,transient-slab
Li,2.0127853758499466e+18,8.835039150445423,408877.64665726834,408877.64665726834,4.502500586923586,0.9735182063268294,transient-slab
Li,2.133604526501402e+18,8.835039150445423,433420.874456028,433420.874456028,4.772767006407123,1.0319544629905428,transient-slab
Li,2.2616759492228552e+18,8.835039150445423,459437.33033587225,459437.33033587225,5.059256397124193,1.0938984055616006,transient-slab
Li,2.3974349678010685e+18,8.835039150445423,487015.4460628509,487015.4460628509,5.362942556693221,1.1595605858639306,transient-slab
Li,2.541343036702629e+18,8.835039150445423,516248.96159483615,516248.96159483615,5.684857735761285,1.2291641942734195,transient-slab
Li,2.693889309590164e+18,8.835039150445423,547237.2437102378,547237.2437102378,6.0260961466967276,1.3029458183577092,transient-slab
Li,2.8555923019901005e+18,8.835039150445423,580085.6237626836,580085.6237626836,6.387817682894082,1.3811562470540086,transient-slab
Li,3.0270016537634555e+18,8.835039150445423,614905.7557097084,614905.7557097084,6.771251861333411,1.4640613231183535,transient-slab
Li,3.208699997370444e+18,8.835039150445423,651815.9956324213,651815.9956324213,7.177702001795134,1.5519428467438603,transient-slab
Li,3.401304938279246e+18,8.835039150445423,690941.8040361606,690941.8040361606,7.608549656935745,1.6450995334194298,transient-slab
Li,3.6054711542504986e+18,8.835039150445423,732416.1722995897,732416.1722995897,8.065259308282627,1.7438480292847376,transient-slab
Li,3.821892620633115e+18,8.835039150445423,776380.0747217605,776380.0747217605,8.549383344109902,1.848523987432763,transient-slab
Li,4.051304969235378e+18,8.835039150445423,822982.9477036849,822982.9477036849,9.06256733611552,1.9594832088182972,transient-slab
Li,4.294487988789272e+18,8.835039150445423,872383.1976931887,872383.1976931887,9.606555632835382,2.0771028516504493,transient-slab
Li,4.5522682755073096e+18,8.835039150445423,924748.7396195846,924748.7396195846,10.183197288806864,2.2017827133799637,transient-slab
Li,4.825522042741279e+18,8.835039150445423,980257.5676483448,980257.5676483448,10.79445234963544,2.333946589638916,transient-slab
Li,5.115178099293145e+18,8.835039150445423,1039098.360195807,1039098.360195807,11.442398514327756,2.474043714751921,transient-slab
Li,5.422221006501592e+18,8.835039150445423,1101471.1212604,1101471.1212604,12.12923819753689,2.622550288715238,transient-slab
Li,5.747694424835359e+18,8.835039150445423,1167587.860250324,1167587.860250324,12.857306015724904,2.779971095834105,transient-slab
Li,6.092704661368687e+18,8.835039150445423,1237673.3126184612,1237673.3126184612,13.629076722688623,2.9468412205201457,transient-slab
Li,6.458424430196991e+18,8.835039150445423,1311965.7037540104,1311965.7037540104,14.447173621422133,3.1237278660809773,transient-slab
Li,6.846096838574672e+18,8.835039150445423,1390717.5587273636,1390717.5587273636,15.314377480908398,3.311232282684199,transient-slab
Li,7.257039612324231e+18,8.835039150445423,1474196.5606406091,1474196.5606406091,16.23363598814893,3.509991811049069,transient-slab
Li,7.692649574879161e+18,8.835039150445423,1562686.460501248,1562686.460501248,17.20807376755952,3.7206820488124954,transient-slab
Li,8.154407395185187e+18,8.835039150445423,1656488.0417118582,1656488.0417118582,18.24100300178873,3.9440191469329964,transient-slab
Li,8.643882620598297e+18,8.835039150445423,1755920.1424540633,1755920.1424540633,19.33593469005999,4.180762243938245,transient-slab
Li,9.162739011886769e+18,8.835039150445423,1861320.7394419706,1861320.7394419706,20.496590582305284,4.431716046290407,transient-slab
Li,9.712740198471207e+18,8.835039150445423,1973048.0967288285,1973048.0967288285,21.726915829655308,4.6977335636400674,transient-slab
Li,1.0295755673125085e+19,8.835039150445423,2091481.9834717633,2091481.9834717633,23.031092394285874,4.979719008266103,transient-slab
Li,1.0913767146512693e+19,8.835039150445423,2217024.964793958,2217024.964793958,24.413553264202616,5.278630868557042,transient-slab
Li,1.1568875283162786e+19,8.835039150445423,2350103.7701317635,2350103.7701317635,25.87899752127841,5.59548516698039,transient-slab
Li,1.2263306841775593e+19,8.835039150445423,2491170.7437181775,2491170.7437181775,27.432406313764353,5.931358913614709,transient-slab
Li,1.2999422244132422e+19,8.835039150445423,2640705.3821327337,2640705.3821327337,29.07905978756334,6.2873937669827,transient-slab
Li,1.377972359833554e+19,8.835039150445423,2799215.9641441535,2799215.9641441535,30.82455503381791,6.664799914628937,transient-slab
Li,1.460686320364986e+19,8.835039150445423,2967241.278385683,2967241.278385683,32.6748251138173,7.064860186632579,transient-slab
Li,1.548365256585496e+19,8.835039150445423,3145352.4547356027,3145352.4547356027,34.63615922589062,7.488934416037149,transient-slab
Li,1.6413071953751267e+19,8.835039150445423,3334154.905627918,3334154.905627918,36.715224082835036,7.938464061018853,transient-slab
Li,1.7398280529303622e+19,8.835039150445423,3534290.383891864,3534290.383891864,38.9190865725421,8.41497710450444,transient-slab
Li,1.8442627085855328e+19,8.835039150445423,3746439.164114976,3746439.164114976,41.25523777884748,8.9200932478928,transient-slab
Li,1.9549661430912594e+19,8.835039150445423,3971322.354944324,3971322.354944324,43.731618444252554,9.455529416534105,transient-slab
Li,2.0723146452190294e+19,8.835039150445423,4209704.350185604,4209704.350185604,46.35664596106753,10.02310559568001,transient-slab
Li,2.1967070907932353e+19,8.835039150445423,4462395.427031522,4462395.427031522,49.13924298272076,10.624751016741719,transient-slab
Li,2.3285662984981967e+19,8.835039150445423,4730254.50025104,4730254.50025104,52.08886775248622,11.262510714883428,transient-slab
Li,2.468340467068651e+19,8.835039150445423,5014192.041701184,5014192.041701184,55.21554625271865,11.938552480240913,transient-slab
Li,2.6165046987488236e+19,8.835039150445423,5315173.175085011,5315173.175085011,58.52990628387374,12.655174226392882,transient-slab
Li,2.773562614198418e+19,8.835039150445423,5634220.956475061,5634220.956475061,62.043213589150554,13.414811801131098,transient-slab
Li,2.9400480643347137e+19,8.835039150445423,5972419.851753002,5972419.851753002,65.76741014754602,14.220047266078577,transient-slab
Li,3.1165269449294365e+19,8.835039150445423,6330919.42278555,6330919.42278555,69.71515476548284,15.07361767329893,transient-slab
Li,3.303599120128346e+19,8.835039150445423,6710938.234866233,6710938.234866233,73.89986610498413,15.978424368729126,transient-slab
Li,3.50190046143172e+19,8.835039150445423,7113767.998704638,7113767.998704638,78.33576829465075,16.937542854058663,transient-slab
Li,3.712105009066372e+19,8.835039150445423,7540777.961042123,7540777.961042123,83.03793927847644,17.954233240576485,transient-slab
Li,3.934927263095861e+19,8.835039150445423,7993419.558817907,7993419.558817907,88.02236206684134,19.03195133051883,transient-slab
Li,4.171124612056533e+19,8.835039150445423,8473231.352705488,8473231.352705488,93.30597906389022,20.174360363584494,transient-slab
Li,4.421499907374468e+19,8.835039150445423,8981844.256788652,8981844.256788652,98.90674965595666,21.38534346854441,transient-slab
Li,4.6869041923142115e+19,8.835039150445423,9520987.08215369,9520987.08215369,104.84371125678612,22.66901686227069,transient-slab
Li,4.9682395947343675e+19,8.835039150445423,10092492.413239246,10092492.413239246,111.13704401703751,24.029743841045825,transient-slab
Li,5.266462393484259e+19,8.835039150445423,10698302.83692095,10698302.83692095,117.80813941804801,25.47214961171655,transient-slab
Li,5.582586268862678e+19,8.835039150445423,11340477.545500211,11340477.545500211,124.87967298297592,27.001137013095743,transient-slab
Li,5.917685748188806e+19,8.835039150445423,12021199.336044252,12021199.336044252,132.37568135250496,28.621903181057743,transient-slab
Li,6.272899858196231e+19,8.835039150445423,12742782.029867038,12742782.029867038,140.32164398707843,30.33995721396914,transient-slab
Li,6.649435996665032e+19,8.835039150445423,13507678.337370895,13507678.337370895,148.74456977338,32.16113889850213,transient-slab
Li,7.048574036451889e+19,8.835039150445423,14318488.194981923,14318488.194981923,157.6730888294417,34.09163855948077,transient-slab
Li,7.471670675868067e+19,8.835039150445423,15177967.60251704,15177967.60251704,167.13754982043193,36.13801810123105,transient-slab
Li,7.920164050192541e+19,8.835039150445423,16089037.991021484,16089037.991021484,177.17012311590588,38.30723331195591,transient-slab
Li,8.395578619995103e+19,8.835039150445423,17054796.152918726,17054796.152918726,187.80491013915798,40.606657506949354,transient-slab
Li,8.899530352885224e+19,8.835039150445423,18078524.76822603,18078524.76822603,199.07805928036132,43.04410659101436,transient-slab
Li,9.433732216299774e+19,8.835039150445423,19163703.562615044,19163703.562615044,211.02788876749182,45.62786562527391,transient-slab
Li,1e+20,8.835039150445423,20314021.135244492,20314021.135244492,223.6950169126849,48.36671698867736,transient-slab
Li,1e+18,9.283557416174029,218803.78181894348,218803.78181894348,2.409435106357582,0.5209613852831988,transient-slab
Li,1.0600258488068824e+18,9.283557416174029,231937.66454478147,231937.66454478147,2.554063493761797,0.552232534630432,transient-slab
Li,1.1236548001387516e+18,9.283557416174029,245859.9197293679,245859.9197293679,2.70737332288152,0.5853807612603997,transient-slab
Li,1.191103133283008e+18,9.283557416174029,260617.8700987152,260617.8700987152,2.8698857046245934,0.6205187383302744,transient-slab
Li,1.2626001098748577e+18,9.283557416174029,276261.6789656324,276261.6789656324,3.0421530300234223,0.6577659022991247,transient-slab
Li,1.3383887531737592e+18,9.283557416174029,292844.5207383589,292844.5207383589,3.224760847851007,0.6972488589008545,transient-slab
Li,1.418726674116599e+18,9.283557416174029,310422.7616641236,310422.7616641236,3.418329854942466,0.7391018134860086,transient-slab
Li,1.5038869469554132e+18,9.283557416174029,329056.1514219892,329056.1514219892,3.623518005987295,0.7834670271952124,transient-slab
Li,1.5941590374560028e+18,9.283557416174029,348808.0262162201,348808.0262162201,3.841022749963704,0.8304953005148098,transient-slab
Li,1.689849786812462e+18,9.283557416174029,369745.524060502,369745.524060502,4.071583400816821,0.8803464858583382,transient-slab
Li,1.7912844546220096e+18,9.283557416174029,391939.81298477924,391939.81298477924,4.315983650438864,0.9331900309161411,transient-slab
Li,1.898807824465269e+18,9.283557416174029,415466.33294040133,415466.33294040133,4.575054232493083,0.9892055546200031,transient-slab
Li,2.0127853758499466e+18,9.283557416174029,440405.0522258317,440405.0522258317,4.849675746136,1.0485834576805517,transient-slab
Li,2.133604526501402e+18,9.283557416174029,466840.73930452287,466840.73930452287,5.140781649235922,1.1115255697726736,transient-slab
Li,2.2616759492228552e+18,9.283557416174029,494863.2509389094,494863.2509389094,5.4493614312621546,1.1782458355688321,transient-slab
Li,2.3974349678010685e+18,9.283557416174029,524567.8376198506,524567.8376198506,5.776463976629152,1.2489710419520252,transient-slab
Li,2.541343036702629e+18,9.283557416174029,556055.4673297732,556055.4673297732,6.123201129928699,1.3239415888804125,transient-slab
Li,2.693889309590164e+18,9.283557416174029,589433.1687399504,589433.1687399504,6.4907514751679285,1.4034123065236916,transient-slab
Li,2.8555923019901005e+18,9.283557416174029,624814.3950084965,624814.3950084965,6.880364341859409,1.487653321448801,transient-slab
Li,3.0270016537634555e+18,9.283557416174029,662319.40941564,662319.40941564,7.293364051580126,1.576950974799143,transient-slab
Li,3.208699997370444e+18,9.283557416174029,702075.6941470869,702075.6941470869,7.731154419433826,1.6716087955883023,transient-slab
Li,3.401304938279246e+18,9.283557416174029,744218.383614947,744218.383614947,8.195223525717422,1.7719485324165405,transient-slab
Li,3.6054711542504986e+18,9.283557416174029,788890.7237891203,788890.7237891203,8.687148774010744,1.8783112471169532,transient-slab
Li,3.821892620633115e+18,9.283557416174029,836244.559100438,836244.559100438,9.208602252882406,1.9910584740486619,transient-slab
Li,4.051304969235378e+18,9.283557416174029,886440.8485705791,886440.8485705791,9.761356419436643,2.1105734489775694,transient-slab
Li,4.294487988789272e+18,9.283557416174029,939650.212923121,939650.212923121,10.347290124019835,2.2372624117217166,transient-slab
Li,4.5522682755073096e+18,9.283557416174029,996053.5145353993,996053.5145353993,10.968394996565198,2.371555986989046,transient-slab
Li,4.825522042741279e+18,9.283557416174029,1055842.472202465,1055842.472202465,11.626782216283186,2.513910648101107,transient-slab
Li,5.115178099293145e+18,9.283557416174029,1119220.312802775,1119220.312802775,12.32468968770835,2.664810268578036,transient-slab
Li,5.422221006501592e+18,9.283557416174029,1186402.462080666,1186402.462080666,13.064489647494474,2.824767766858729,transient-slab
Li,5.747694424835359e+18,9.283557416174029,1257617.2768936334,1257617.2768936334,13.84869672781406,2.9943268497467463,transient-slab
Li,6.092704661368687e+18,9.283557416174029,1333106.8214133738,1333106.8214133738,14.679976503770195,3.174063860508033,transient-slab
Li,6.458424430196991e+18,9.283557416174029,1413127.6899189567,1413127.6899189567,15.561154553874092,3.364589737902278,transient-slab
Li,6.846096838574672e+18,9.283557416174029,1497951.8789788508,1497951.8789788508,16.495226064385466,3.5665520928067878,transient-slab
Li,7.257039612324231e+18,9.283557416174029,1587867.7119864211,1587867.7119864211,17.485366010161616,3.780637409491479,transient-slab
Li,7.692649574879161e+18,9.283557416174029,1683180.819191448,1683180.819191448,18.534939946620575,4.0075733790272565,transient-slab
Li,8.154407395185187e+18,9.283557416174029,1784215.1765588785,1784215.1765588785,19.64751544950107,4.248131372759234,transient-slab
Li,8.643882620598297e+18,9.283557416174029,1891314.2069859465,1891314.2069859465,20.826874241303702,4.503129064252254,transient-slab
Li,9.162739011886769e+18,9.283557416174029,2004841.947620794,2004841.947620794,22.07702504563216,4.773433208620938,transient-slab
Li,9.712740198471207e+18,9.283557416174029,2125184.2872503754,2125184.2872503754,23.40221721312703,5.059962588691371,transient-slab
Li,1.0295755673125085e+19,9.283557416174029,2252750.27796361,2252750.27796361,24.80695516530781,5.363691138008595,transient-slab
Li,1.0913767146512693e+19,9.283557416174029,2387973.525548316,2387973.525548316,26.296013705419686,5.685651251305514,transient-slab
Li,1.1568875283162786e+19,9.283557416174029,2531313.663347718,2531313.663347718,27.874454248324923,6.026937293685042,transient-slab
Li,1.2263306841775593e+19,9.283557416174029,2683257.914586623,2683257.914586623,29.547642024609235,6.388709320444341,transient-slab
Li,1.2999422244132422e+19,9.283557416174029,2844322.7484774706,2844322.7484774706,31.321264317378315,6.772197020184454,transient-slab
Li,1.377972359833554e+19,9.283557416174029,3015055.6357355556,3015055.6357355556,33.20134979373367,7.178703894608466,transient-slab
Li,1.460686320364986e+19,9.283557416174029,3196036.909470557,3196036.909470557,35.19428899663674,7.609611689215612,transient-slab
Li,1.548365256585496e+19,9.283557416174029,3387881.7377796527,3387881.7377796527,37.30685606681459,8.066385089951554,transient-slab
Li,1.6413071953751267e+19,9.283557416174029,3591242.2147472114,3591242.2147472114,39.54623176854132,8.550576701779075,transient-slab
Li,1.7398280529303622e+19,9.283557416174029,3806809.5769585213,3806809.5769585213,41.92002789756171,9.063832326091717,transient-slab
Li,1.8442627085855328e+19,9.283557416174029,4035316.553061626,4035316.553061626,44.436313154121045,9.607896554908633,transient-slab
Li,1.9549661430912594e+19,9.283557416174029,4277539.854363613,4277539.854363613,47.103640569045595,10.184618700865746,transient-slab
Li,2.0723146452190294e+19,9.283557416174029,4534302.814927056,4534302.814927056,49.93107657609686,10.795959083159657,transient-slab
Li,2.1967070907932353e+19,9.283557416174029,4806478.19014049,4806478.19014049,52.92823182941853,11.443995690810691,transient-slab
Li,2.3285662984981967e+19,9.283557416174029,5094991.123275441,5094991.123275441,56.10529387082682,12.130931245893908,transient-slab
Li,2.468340467068651e+19,9.283557416174029,5400822.29011358,5400822.29011358,59.47306175798278,12.85910069074662,transient-slab
Li,2.6165046987488236e+19,9.283557416174029,5725011.232332779,5725011.232332779,63.04298277114984,13.630979124601854,transient-slab
Li,2.773562614198418e+19,9.283557416174029,6068659.890982489,6068659.890982489,66.82719132330575,14.449190216624974,transient-slab
Li,2.9400480643347137e+19,9.283557416174029,6432936.3520589955,6432936.3520589955,70.83855020586711,15.316515123949989,transient-slab
Li,3.1165269449294365e+19,9.283557416174029,6819078.816911989,6819078.816911989,75.09069431022327,16.235901945028544,transient-slab
Li,3.303599120128346e+19,9.283557416174029,7228399.810978161,7228399.810978161,79.59807697369254,17.210475740424194,transient-slab
Li,3.50190046143172e+19,9.283557416174029,7662290.645147635,7662290.645147635,84.376019107434,18.243549155113417,transient-slab
Li,3.712105009066372e+19,9.283557416174029,8122226.144927656,8122226.144927656,89.44076127330347,19.338633678399184,transient-slab
Li,3.934927263095861e+19,9.283557416174029,8609769.663478391,8609769.663478391,94.80951888666725,20.499451579710456,transient-slab
Li,4.171124612056533e+19,9.283557416174029,9126578.395560429,9126578.395560429,100.5005407328116,21.729948560858166,transient-slab
Li,4.421499907374468e+19,9.283557416174029,9674409.010456419,9674409.010456419,106.5331709958484,23.03430716775338,transient-slab
Li,4.6869041923142115e+19,9.283557416174029,10255123.6230141,10255123.6230141,112.92791501096386,24.41696100717643,transient-slab
Li,4.9682395947343675e+19,9.283557416174029,10870696.123104945,10870696.123104945,119.70650896348748,25.88260981691654,transient-slab
Li,5.266462393484259e+19,9.283557416174029,11523218.885016004,11523218.885016004,126.89199377172949,27.436235440514295,transient-slab
Li,5.582586268862678e+19,9.283557416174029,12214909.879576588,12214909.879576588,134.5087934046752,29.08311876089664,transient-slab
Li,5.917685748188806e+19,9.283557416174029,12948120.21319775,12948120.21319775,142.58279790078043,30.82885765047083,transient-slab
Li,6.272899858196231e+19,9.283557416174029,13725342.119448494,13725342.119448494,151.14145137003496,32.6793859986869,transient-slab
Li,6.649435996665032e+19,9.283557416174029,14549217.430333246,14549217.430333246,160.21384527842545,34.64099388174582,transient-slab
Li,7.048574036451889e+19,9.283557416174029,15422546.556064887,15422546.556064887,169.83081733187748,36.720348943011636,transient-slab
Li,7.471670675868067e+19,9.283557416174029,16348298.003856342,16348298.003856342,180.02505629579,38.92451905680082,transient-slab
Li,7.920164050192541e+19,9.283557416174029,17329618.46808568,17329618.46808568,190.83121310645157,41.260996352584954,transient-slab
Li,8.395578619995103e+19,9.283557416174029,18369843.52613195,18369843.52613195,202.2860186520134,43.73772268126655,transient-slab
Li,8.899530352885224e+19,9.283557416174029,19472508.976237632,19472508.976237632,214.42840862336536,46.363116610089605,transient-slab
Li,9.433732216299774e+19,9.283557416174029,20641362.855935935,20641362.855935935,227.29965585929187,49.146102037942704,transient-slab
Li,1e+20,9.283557416174029,21880378.181894343,21880378.181894343,240.94351063575814,52.09613852831987,transient-slab
Li,1e+18,9.754845092571522,235675.12615810617,235675.12615810617,2.5952198720700106,0.5611312527573957,transient-slab
Li,1.0600258488068824e+18,9.754845092571522,249821.7256484156,249821.7256484156,2.7510001477315025,0.5948136324962277,transient-slab
Li,1.1236548001387516e+18,9.754845092571522,264817.4867808619,264817.4867808619,2.9161312666669454,0.6305178256687188,transient-slab
Li,1.191103133283008e+18,9.754845092571522,280713.3812037885,280713.3812037885,3.0911745211809176,0.6683651933423536,transient-slab
Li,1.2626001098748577e+18,9.754845092571522,297563.44018199586,297563.44018199586,3.276724895625011,0.7084843813857045,transient-slab
Li,1.3383887531737592e+18,9.754845092571522,315424.9382528162,315424.9382528162,3.473413088791546,0.7510117577448006,transient-slab
Li,1.418726674116599e+18,9.754845092571522,334358.5879062999,334358.5879062999,3.6819076577031926,0.7960918759673807,transient-slab
Li,1.5038869469554132e+18,9.754845092571522,354428.7459512462,354428.7459512462,3.9029172900853877,0.8438779665505861,transient-slab
Li,1.5941590374560028e+18,9.754845092571522,375703.6322685286,375703.6322685286,4.13719321324582,0.894532457782211,transient-slab
Li,1.689849786812462e+18,9.754845092571522,398255.5616952759,398255.5616952759,4.385531747548974,0.948227527845895,transient-slab
Li,1.7912844546220096e+18,9.754845092571522,422161.1898280966,422161.1898280966,4.648777013165132,1.0051456900668967,transient-slab
Li,1.898807824465269e+18,9.754845092571522,447501.7735808515,447501.7735808515,4.927823799294293,1.0654804132877416,transient-slab
Li,2.0127853758499466e+18,9.754845092571522,474363.44738262746,474363.44738262746,5.223620605617689,1.1294367794824465,transient-slab
Li,2.133604526501402e+18,9.754845092571522,502837.51595472445,502837.51595472445,5.537172866314966,1.197232180844582,transient-slab
Li,2.2616759492228552e+18,9.754845092571522,533020.764661851,533020.764661851,5.86954636760596,1.269097058718693,transient-slab
Li,2.3974349678010685e+18,9.754845092571522,565015.7884923721,565015.7884923721,6.221870870432862,1.3452756868866003,transient-slab
Li,2.541343036702629e+18,9.754845092571522,598931.3407859168,598931.3407859168,6.595343950597411,1.4260270018712304,transient-slab
Li,2.693889309590164e+18,9.754845092571522,634882.7028936355,634882.7028936355,6.991235069405357,1.5116254830800846,transient-slab
Li,2.8555923019901005e+18,9.754845092571522,672992.0760276339,672992.0760276339,7.410889888654858,1.6023620857800807,transient-slab
Li,3.0270016537634555e+18,9.754845092571522,713388.9966314984,713388.9966314984,7.855734844635707,1.6985452300749964,transient-slab
Li,3.208699997370444e+18,9.754845092571522,756210.7766837945,756210.7766837945,8.32728199668677,1.8005018492471296,transient-slab
Li,3.401304938279246e+18,9.754845092571522,801602.970431151,801602.970431151,8.827134166792163,1.90857850102655,transient-slab
Li,3.6054711542504986e+18,9.754845092571522,849719.869137399,849719.869137399,9.356990387686094,2.023142545565236,transient-slab
Li,3.821892620633115e+18,9.754845092571522,900725.0255304447,900725.0255304447,9.918651677984796,2.1445833941201062,transient-slab
Li,4.051304969235378e+18,9.754845092571522,954791.8097295105,954791.8097295105,10.51402716397564,2.2733138326893108,transient-slab
Li,4.294487988789272e+18,9.754845092571522,1012103.9985423834,1012103.9985423834,11.145140568871895,2.4097714251009132,transient-slab
Li,4.5522682755073096e+18,9.754845092571522,1072856.4001357297,1072856.4001357297,11.814137091590451,2.554420000323166,transient-slab
Li,4.825522042741279e+18,9.754845092571522,1137255.5162017732,1137255.5162017732,12.52329069843404,2.707751229051841,transient-slab
Li,5.115178099293145e+18,9.754845092571522,1205520.243872094,1205520.243872094,13.27501185246288,2.8702862949335572,transient-slab
Li,5.422221006501592e+18,9.754845092571522,1277882.6197643962,1277882.6197643962,14.071855706828389,3.0425776661057053,transient-slab
Li,5.747694424835359e+18,9.754845092571522,1354588.608691317,1354588.608691317,14.91653078991874,3.2252109730745646,transient-slab
Li,6.092704661368687e+18,9.754845092571522,1435898.939712147,1435898.939712147,15.811908211837606,3.4188069993146355,transient-slab
Li,6.458424430196991e+18,9.754845092571522,1522089.992369271,1522089.992369271,16.76103142350967,3.6240237913554076,transient-slab
Li,6.846096838574672e+18,9.754845092571522,1613454.7361216976,1613454.7361216976,17.767126561584668,3.8415588955278515,transient-slab
Li,7.257039612324231e+18,9.754845092571522,1710303.7261688872,1710303.7261688872,18.833613414303095,4.072151728973541,transient-slab
Li,7.692649574879161e+18,9.754845092571522,1812966.1590497487,1812966.1590497487,19.964117045597327,4.316586092975592,transient-slab
Li,8.154407395185187e+18,9.754845092571522,1921790.991604863,1921790.991604863,21.162480116939253,4.575692837154436,transient-slab
Li,8.643882620598297e+18,9.754845092571522,2037148.1271053653,2037148.1271053653,22.43277594881731,4.8503526835842035,transient-slab
Li,9.162739011886769e+18,9.754845092571522,2159429.672580216,2159429.672580216,23.77932236623969,5.141499220429086,transient-slab
Li,9.712740198471207e+18,9.754845092571522,2289051.2716156114,2289051.2716156114,25.206696375325706,5.4501220752752655,transient-slab
Li,1.0295755673125085e+19,9.754845092571522,2426453.5171567923,2426453.5171567923,26.719749720871782,5.777270278944744,transient-slab
Li,1.0913767146512693e+19,9.754845092571522,2572103.4491145737,2572103.4491145737,28.323625377774565,6.124055831225175,transient-slab
Li,1.1568875283162786e+19,9.754845092571522,2726496.141866786,2726496.141866786,30.023775032363638,6.4916574806352045,transient-slab
Li,1.2263306841775593e+19,9.754845092571522,2890156.38705103,2890156.38705103,31.825977613068154,6.881324731073881,transient-slab
Li,1.2999422244132422e+19,9.754845092571522,3063640.477368401,3063640.477368401,33.736358933401405,7.294382088972384,transient-slab
Li,1.377972359833554e+19,9.754845092571522,3247538.0974615617,3247538.0974615617,35.76141251403248,7.732233565384671,transient-slab
Li,1.460686320364986e+19,9.754845092571522,3442474.32829438,3442474.32829438,37.90802165472034,8.196367448319954,transient-slab
Li,1.548365256585496e+19,9.754845092571522,3649111.771846153,3649111.771846153,40.18348283113462,8.68836136153846,transient-slab
Li,1.6413071953751267e+19,9.754845092571522,3868152.8033424052,3868152.8033424052,42.59553049609026,9.209887627005727,transient-slab
Li,1.7398280529303622e+19,9.754845092571522,4100341.958677754,4100341.958677754,45.152363369497515,9.762718949232749,transient-slab
Li,1.8442627085855328e+19,9.754845092571522,4346468.465145862,4346468.465145862,47.862672306388404,10.348734440823481,transient-slab
Li,1.9549661430912594e+19,9.754845092571522,4607368.924078588,4607368.924078588,50.735669837745014,10.969926009710925,transient-slab
Li,2.0723146452190294e+19,9.754845092571522,4883930.154512859,4883930.154512859,53.78112148454141,11.62840512979252,transient-slab
Li,2.1967070907932353e+19,9.754845092571522,5177092.207551022,5177092.207551022,57.00937895143707,12.326410017978624,transient-slab
Li,2.3285662984981967e+19,9.754845092571522,5487851.561660769,5487851.561660769,60.4314153129503,13.06631324204945,transient-slab
Li,2.468340467068651e+19,9.754845092571522,5817264.509775632,5817264.509775632,64.05886231171138,13.850629785180077,transient-slab
Li,2.6165046987488236e+19,9.754845092571522,6166450.749709068,6166450.749709068,67.90404989557507,14.682025594545399,transient-slab
Li,2.773562614198418e+19,9.754845092571522,6536597.190086191,6536597.190086191,71.98004812798186,15.563326643062359,transient-slab
Li,2.9400480643347137e+19,9.754845092571522,6928961.984729797,6928961.984729797,76.30071161402421,16.497528535070945,transient-slab
Li,3.1165269449294365e+19,9.754845092571522,7344878.809213824,7344878.809213824,80.88072659322518,17.48780668860434,transient-slab
Li,3.303599120128346e+19,9.754845092571522,7785761.394120567,7785761.394120567,85.73566085910088,18.537527128858493,transient-slab
Li,3.50190046143172e+19,9.754845092571522,8253108.330410509,8253108.330410509,90.88201667518743,19.650257929548832,transient-slab
Li,3.712105009066372e+19,9.754845092571522,8748508.163238551,8748508.163238551,96.33728686739678,20.829781341044168,transient-slab
Li,3.934927263095861e+19,9.754845092571522,9273644.791530887,9273644.791530887,102.12001428336441,22.08010664650211,transient-slab
Li,4.171124612056533e+19,9.754845092571522,9830303.191676052,9830303.191676052,108.24985482089433,23.405483789704885,transient-slab
Li,4.421499907374468e+19,9.754845092571522,10420375.484785328,10420375.484785328,114.74764423973934,24.810417820917447,transient-slab
Li,4.6869041923142115e+19,9.754845092571522,11045867.368146088,11045867.368146088,121.6354689838209,26.29968420987164,transient-slab
Li,4.9682395947343675e+19,9.754845092571522,11708904.932727205,11708904.932727205,128.9367412545969,27.878345077921917,transient-slab
Li,5.266462393484259e+19,9.754845092571522,12411741.88991325,12411741.88991325,136.6762785907975,29.55176640455536,transient-slab
Li,5.582586268862678e+19,9.754845092571522,13156767.232027229,13156767.232027229,144.880388224976,31.325636266731497,transient-slab
Li,5.917685748188806e+19,9.754845092571522,13946513.35268424,13946513.35268424,153.57695650365085,33.205984173057715,transient-slab
Li,6.272899858196231e+19,9.754845092571522,14783664.654575635,14783664.654575635,162.7955436749602,35.199201558513415,transient-slab
Li,6.649435996665032e+19,9.754845092571522,15671066.67394284,15671066.67394284,172.56748436602754,37.31206350938771,transient-slab
Li,7.048574036451889e+19,9.754845092571522,16611735.752755512,16611735.752755512,182.9259940915668,39.55175179227503,transient-slab
Li,7.471670675868067e+19,9.754845092571522,17608869.291470293,17608869.291470293,193.9062821557558,41.925879265405456,transient-slab
Li,7.920164050192541e+19,9.754845092571522,18665856.617220245,18665856.617220245,205.5456713311419,44.4425157552863,transient-slab
Li,8.395578619995103e+19,9.754845092571522,19786290.504376452,19786290.504376452,217.88372472137416,47.110215486610606,transient-slab
Li,8.899530352885224e+19,9.754845092571522,20973979.386641208,20973979.386641208,230.9623802389798,49.93804615866954,transient-slab
Li,9.433732216299774e+19,9.754845092571522,22232960.302182402,22232960.302182402,244.82609315528248,52.93561976710096,transient-slab
Li,1e+20,9.754845092571522,23567512.615810618,23567512.615810618,259.52198720700113,56.11312527573956,transient-slab
Li,1e+18,10.250058088107686,253847.37241699046,253847.37241699046,2.7953299786392027,0.6043985057547392,transient-slab
Li,1.0600258488068824e+18,10.250058088107686,269084.77641371713,269084.77641371713,2.9631220333023465,0.6406780390802789,transient-slab
Li,1.1236548001387516e+18,10.250058088107686,285236.8185189606,285236.8185189606,3.1409859484696945,0.6791352821880015,transient-slab
Li,1.191103133283008e+18,10.250058088107686,302358.40066153597,302358.40066153597,3.329526296117079,0.719900953956038,transient-slab
Li,1.2626001098748577e+18,10.250058088107686,320507.7203051361,320507.7203051361,3.5293839381663417,0.7631136197741336,transient-slab
Li,1.3383887531737592e+18,10.250058088107686,339746.46826561075,339746.46826561075,3.741238204820154,0.8089201625371685,transient-slab
Li,1.418726674116599e+18,10.250058088107686,360140.0384023946,360140.0384023946,3.965809203653221,0.8574762819104633,transient-slab
Li,1.5038869469554132e+18,10.250058088107686,381757.74989684153,381757.74989684153,4.203860267308651,0.9089470235639084,transient-slab
Li,1.5941590374560028e+18,10.250058088107686,404673.082873005,404673.082873005,4.456200548119381,0.9635073401738214,transient-slab
Li,1.689849786812462e+18,10.250058088107686,428963.928161755,428963.928161755,4.723687768473941,1.0213426860994166,transient-slab
Li,1.7912844546220096e+18,10.250058088107686,454712.8520571989,454712.8520571989,5.007231136275278,1.0826496477552354,transient-slab
Li,1.898807824465269e+18,10.250058088107686,482007.37696533056,482007.37696533056,5.307794435402452,1.1476366118222157,transient-slab
Li,2.0127853758499466e+18,10.250058088107686,510940.27889885363,510940.27889885363,5.626399301679933,1.216524473568699,transient-slab
Li,2.133604526501402e+18,10.250058088107686,541609.902829378,541609.902829378,5.964128695489672,1.2895473876889954,transient-slab
Li,2.2616759492228552e+18,10.250058088107686,574120.4969689245,574120.4969689245,6.322130582829924,1.3669535642117252,transient-slab
Li,2.3974349678010685e+18,10.250058088107686,608582.5671169134,608582.5671169134,6.701621837332239,1.449006112183127,transient-slab
Li,2.541343036702629e+18,10.250058088107686,645113.2522771776,645113.2522771776,7.103892376500847,1.5359839339932801,transient-slab
Li,2.693889309590164e+18,10.250058088107686,683836.7228216837,683836.7228216837,7.5303095462330525,1.6281826733849611,transient-slab
Li,2.8555923019901005e+18,10.250058088107686,724884.6025543722,724884.6025543722,7.982322768524261,1.7259157203675528,transient-slab
Li,3.0270016537634555e+18,10.250058088107686,768396.416109738,768396.416109738,8.461468468155434,1.8295152764517573,transient-slab
Li,3.208699997370444e+18,10.250058088107686,814520.0632068914,814520.0632068914,8.969375295109135,1.939333483825932,transient-slab
Li,3.401304938279246e+18,10.250058088107686,863412.3213711205,863412.3213711205,9.507769660465542,2.0557436223121917,transient-slab
Li,3.6054711542504986e+18,10.250058088107686,915239.3788317428,915239.3788317428,10.078481604595309,2.179141378170816,transient-slab
Li,3.821892620633115e+18,10.250058088107686,970177.399407602,970177.399407602,10.683451017595694,2.309946189065719,transient-slab
Li,4.051304969235378e+18,10.250058088107686,1028413.1213002972,1028413.1213002972,11.32473423311363,2.4486026697626126,transient-slab
Li,4.294487988789272e+18,10.250058088107686,1090144.4918304828,1090144.4918304828,12.004511017968632,2.5955821234059115,transient-slab
Li,4.5522682755073096e+18,10.250058088107686,1155581.340274755,1155581.340274755,12.725091981333769,2.7513841435113213,transient-slab
Li,4.825522042741279e+18,10.250058088107686,1224946.091090142,1224946.091090142,13.488926428658983,2.9165383121193855,transient-slab
Li,5.115178099293145e+18,10.250058088107686,1298474.5199505005,1298474.5199505005,14.298610687032829,3.091605999882144,transient-slab
Li,5.422221006501592e+18,10.250058088107686,1376416.5551646384,1376416.5551646384,15.156896930281134,3.2771822742015204,transient-slab
Li,5.747694424835359e+18,10.250058088107686,1459037.127200241,1459037.127200241,16.06670253379969,3.4738979219053356,transient-slab
Li,6.092704661368687e+18,10.250058088107686,1546617.069201191,1546617.069201191,17.031119990918707,3.6824215933361693,transient-slab
Li,6.458424430196991e+18,10.250058088107686,1639454.071559205,1639454.071559205,18.05342742450546,3.9034620751409648,transient-slab
Li,6.846096838574672e+18,10.250058088107686,1737863.6937844458,1737863.6937844458,19.137099729534853,4.137770699486776,transient-slab
Li,7.257039612324231e+18,10.250058088107686,1842180.4371145214,1842180.4371145214,20.285820384502145,4.386143897891718,transient-slab
Li,7.692649574879161e+18,10.250058088107686,1952758.8815077536,1952758.8815077536,21.503493971825836,4.649425908351794,transient-slab
Li,8.154407395185187e+18,10.250058088107686,2069974.8908854353,2069974.8908854353,22.794259449798368,4.9285116449653215,transient-slab
Li,8.643882620598297e+18,10.250058088107686,2194226.890719767,2194226.890719767,24.162504221196812,5.224349739808969,transient-slab
Li,9.162739011886769e+18,10.250058088107686,2325937.222310108,2325937.222310108,25.612879046374037,5.53794576740502,transient-slab
Li,9.712740198471207e+18,10.250058088107686,2465553.5783507945,2465553.5783507945,27.15031385152065,5.870365662739987,transient-slab
Li,1.0295755673125085e+19,10.250058088107686,2613550.524670126,2613550.524670126,28.7800344858312,6.222739344452681,transient-slab
Li,1.0913767146512693e+19,10.250058088107686,2770431.113313123,2770431.113313123,30.507580484534564,6.596264555507436,transient-slab
Li,1.1568875283162786e+19,10.250058088107686,2936728.59245074,2936728.59245074,32.338823898163035,6.992210934406524,transient-slab
Li,1.2263306841775593e+19,10.250058088107686,3113008.2189280363,3113008.2189280363,34.279989252066564,7.411924330781039,transient-slab
Li,1.2999422244132422e+19,10.250058088107686,3299869.179611993,3299869.179611993,36.33767470401266,7.856831380028554,transient-slab
Li,1.377972359833554e+19,10.250058088107686,3497946.628069874,3497946.628069874,38.51887447178941,8.328444352547319,transient-slab
Li,1.460686320364986e+19,10.250058088107686,3707913.84350094,3707913.84350094,40.831002607044326,8.828366294049857,transient-slab
Li,1.548365256585496e+19,10.250058088107686,3930484.519259874,3930484.519259874,43.28191819616819,9.358296474428272,transient-slab
Li,1.6413071953751267e+19,10.250058088107686,4166415.1887507588,4166415.1887507588,45.87995207388323,9.920036163692282,transient-slab
Li,1.7398280529303622e+19,10.250058088107686,4416507.79693741,4416507.79693741,48.63393514033715,10.515494754612881,transient-slab
Li,1.8442627085855328e+19,10.250058088107686,4681612.426210794,4681612.426210794,51.553228377954774,11.146696252882842,transient-slab
Li,1.9549661430912594e+19,10.250058088107686,4962630.185878944,4962630.185878944,54.64775467007656,11.815786156854628,transient-slab
Li,2.0723146452190294e+19,10.250058088107686,5260516.275100985,5260516.275100985,57.92803252953818,12.52503875024044,transient-slab
Li,2.1967070907932353e+19,10.250058088107686,5576283.229676341,5576283.229676341,61.405211851836405,13.276864832562715,transient-slab
Li,2.3285662984981967e+19,10.250058088107686,5911004.363725248,5911004.363725248,65.09111181440933,14.073819913631542,transient-slab
Li,2.468340467068651e+19,10.250058088107686,6265817.41795904,6265817.41795904,68.99826105085293,14.918612899902477,transient-slab
Li,2.6165046987488236e+19,10.250058088107686,6641928.42694098,6641928.42694098,73.13994023662923,15.814115302240431,transient-slab
Li,2.773562614198418e+19,10.250058088107686,7040615.818482674,7040615.818482674,77.53022723101755,16.76337099638732,transient-slab
Li,2.9400480643347137e+19,10.250058088107686,7463234.75911026,7463234.75911026,82.18404492874987,17.769606569310145,transient-slab
Li,3.1165269449294365e+19,10.250058088107686,7911221.760370882,7911221.760370882,87.11721198398104,18.83624228659734,transient-slab
Li,3.303599120128346e+19,10.250058088107686,8386099.561636623,8386099.561636623,92.3464965790086,19.966903718182436,transient-slab
Li,3.50190046143172e+19,10.250058088107686,8889482.306002885,8889482.306002885,97.88967342050545,21.165434061911633,transient-slab
Li,3.712105009066372e+19,10.250058088107686,9423081.026874471,9423081.026874471,103.76558415699981,22.43590720684398,transient-slab
Li,3.934927263095861e+19,10.250058088107686,9988709.463888641,9988709.463888641,109.99420142296573,23.78264158068724,transient-slab
Li,4.171124612056533e+19,10.250058088107686,10588290.227943897,10588290.227943897,116.59669672721444,25.210214828437852,transient-slab
Li,4.421499907374468e+19,10.250058088107686,11223861.336289754,11223861.336289754,123.5955124163431,26.72347937211846,transient-slab
Li,4.6869041923142115e+19,10.250058088107686,11897583.139891393,11897583.139891393,131.01443795785676,28.32757890450332,transient-slab
Li,4.9682395947343675e+19,10.250058088107686,12611745.666613728,12611745.666613728,138.87869080223263,30.02796587288983,transient-slab
Li,5.266462393484259e+19,10.250058088107686,13368776.405188737,13368776.405188737,147.2150020988252,31.83042001235414,transient-slab
Li,5.582586268862678e+19,10.250058088107686,14171248.556419615,14171248.556419615,156.05170755691418,33.741067991475276,transient-slab
Li,5.917685748188806e+19,10.250058088107686,15021889.779672008,15021889.779672008,165.41884376078136,35.766404237314305,transient-slab
Li,6.272899858196231e+19,10.250058088107686,15923591.464380253,15923591.464380253,175.3482502661753,37.91331301042918,transient-slab
Li,6.649435996665032e+19,10.250058088107686,16879418.558083706,16879418.558083706,185.87367782520414,40.1890918049612,transient-slab
Li,7.048574036451889e+19,10.250058088107686,17892619.984399322,17892619.984399322,197.030903107519,42.601476153331724,transient-slab
Li,7.471670675868067e+19,10.250058088107686,18966639.68634188,18966639.68634188,208.85785030773445,45.158665919861626,transient-slab
Li,7.920164050192541e+19,10.250058088107686,20105128.332528856,20105128.332528856,221.394720052437,47.86935317268775,transient-slab
Li,8.395578619995103e+19,10.250058088107686,21311955.7260602,21311955.7260602,234.68412604494665,50.742751728714765,transient-slab
Li,8.899530352885224e+19,10.250058088107686,22591223.95825166,22591223.95825166,248.77123991229593,53.78862847202776,transient-slab
Li,9.433732216299774e+19,10.250058088107686,23947281.351932094,23947281.351932094,263.7039447467721,57.01733655221927,transient-slab
Li,1e+20,10.250058088107686,25384737.241699047,25384737.241699047,279.53299786392034,60.439850575473926,transient-slab
Li,1e+18,10.770410991927443,273420.82948448596,273420.82948448596,3.0108700128157215,0.6510019749630618,transient-slab
Li,1.0600258488068824e+18,10.770410991927443,289833.14685577404,289833.14685577404,3.191600040982174,0.6900789210851763,transient-slab
Li,1.1236548001387516e+18,10.770410991927443,307230.6275081617,307230.6275081617,3.3831785424942096,0.7315014940670517,transient-slab
Li,1.191103133283008e+18,10.770410991927443,325672.40670381027,325672.40670381027,3.5862567061726565,0.7754104921519293,transient-slab
Li,1.2626001098748577e+18,10.770410991927443,345221.1693491867,345221.1693491867,3.8015248090000444,0.8219551651171112,transient-slab
Li,1.3383887531737592e+18,10.770410991927443,365943.3630654761,365943.3630654761,4.029714562420693,0.8712937215844669,transient-slab
Li,1.418726674116599e+18,10.770410991927443,387909.4240487265,387909.4240487265,4.2716015994794505,0.9235938667826822,transient-slab
Li,1.5038869469554132e+18,10.770410991927443,411194.01648744027,411194.01648744027,4.528008111253042,0.9790333725891435,transient-slab
Li,1.5941590374560028e+18,10.770410991927443,435876.28635141003,435876.28635141003,4.799805641535454,1.0378006817890715,transient-slab
Li,1.689849786812462e+18,10.770410991927443,462040.1304144451,462040.1304144451,5.087918049276682,1.1000955486058217,transient-slab
Li,1.7912844546220096e+18,10.770410991927443,489774.48142541497,489774.48142541497,5.393324648844374,1.1661297176795595,transient-slab
Li,1.898807824465269e+18,10.770410991927443,519173.610396926,519173.610396926,5.717063538782336,1.2361276438022049,transient-slab
Li,2.0127853758499466e+18,10.770410991927443,550337.4470391351,550337.4470391351,6.060235130380624,1.3103272548550837,transient-slab
Li,2.133604526501402e+18,10.770410991927443,583371.9194278673,583371.9194278673,6.424005888050958,1.3889807605425413,transient-slab
Li,2.2616759492228552e+18,10.770410991927443,618389.3140616253,618389.3140616253,6.809612294221628,1.4723555096705363,transient-slab
Li,2.3974349678010685e+18,10.770410991927443,655508.6575312801,655508.6575312801,7.218365052228063,1.5607348988840002,transient-slab
Li,2.541343036702629e+18,10.770410991927443,694856.1210998553,694856.1210998553,7.65165354148599,1.6544193359520365,transient-slab
Li,2.693889309590164e+18,10.770410991927443,736565.4495675317,736565.4495675317,8.110950540089872,1.7537272608750754,transient-slab
Li,2.8555923019901005e+18,10.770410991927443,780778.415879646,780778.415879646,8.59781723088941,1.8589962282848713,transient-slab
Li,3.0270016537634555e+18,10.770410991927443,827645.3030229148,827645.3030229148,9.113908508059986,1.9705840548164637,transient-slab
Li,3.208699997370444e+18,10.770410991927443,877325.4148478947,877325.4148478947,9.660978602204555,2.08887003535213,transient-slab
Li,3.401304938279246e+18,10.770410991927443,929987.6175539898,929987.6175539898,10.240887043107012,2.214256232271404,transient-slab
Li,3.6054711542504986e+18,10.770410991927443,985810.9136775584,985810.9136775584,10.855604980404914,2.3471688420894252,transient-slab
Li,3.821892620633115e+18,10.770410991927443,1044985.0505341422,1044985.0505341422,11.507221883665942,2.48805964412891,transient-slab
Li,4.051304969235378e+18,10.770410991927443,1107711.1651829572,1107711.1651829572,12.197952644642124,2.6374075361498983,transient-slab
Li,4.294487988789272e+18,10.770410991927443,1174202.4681059245,1174202.4681059245,12.930145105842918,2.795720162156963,transient-slab
Li,4.5522682755073096e+18,10.770410991927443,1244684.967925119,1244684.967925119,13.706288041017297,2.96353563791695,transient-slab
Li,4.825522042741279e+18,10.770410991927443,1319398.2396219913,1319398.2396219913,14.529019614670979,3.1414243800523605,transient-slab
Li,5.115178099293145e+18,10.770410991927443,1398596.238869608,1398596.238869608,15.401136349373449,3.329991044927638,transient-slab
Li,5.422221006501592e+18,10.770410991927443,1482548.1652458694,1482548.1652458694,16.32560263133512,3.5298765839187367,transient-slab
Li,5.747694424835359e+18,10.770410991927443,1571539.3772618393,1571539.3772618393,17.30556078656489,3.7417604220519984,transient-slab
Li,6.092704661368687e+18,10.770410991927443,1665872.36231542,1665872.36231542,18.34434176185754,3.966362767417667,transient-slab
Li,6.458424430196991e+18,10.770410991927443,1765867.7648673297,1765867.7648673297,19.445476446916583,4.2044470592079275,transient-slab
Li,6.846096838574672e+18,10.770410991927443,1871865.4763342037,1871865.4763342037,20.612707676096992,4.456822562700485,transient-slab
Li,7.257039612324231e+18,10.770410991927443,1984225.7904034639,1984225.7904034639,21.85000295056286,4.724347120008248,transient-slab
Li,7.692649574879161e+18,10.770410991927443,2103330.6276969383,2103330.6276969383,23.161567924103274,5.007930065945091,transient-slab
Li,8.154407395185187e+18,10.770410991927443,2229584.8339459603,2229584.8339459603,24.55186069844584,5.3085353189189535,transient-slab
Li,8.643882620598297e+18,10.770410991927443,2363417.5560905184,2363417.5560905184,26.025606976658388,5.627184657358377,transient-slab
Li,9.162739011886769e+18,10.770410991927443,2505283.7009799397,2505283.7009799397,27.58781612614663,5.964961192809381,transient-slab
Li,9.712740198471207e+18,10.770410991927443,2655665.4816333083,2655665.4816333083,29.24379820584678,6.3230130515078775,transient-slab
Li,1.0295755673125085e+19,10.770410991927443,2815074.056315463,2815074.056315463,30.999182015489666,6.702557276941579,transient-slab
Li,1.0913767146512693e+19,10.770410991927443,2984051.2660000324,2984051.2660000324,32.85993422828848,7.104883966666744,transient-slab
Li,1.1568875283162786e+19,10.770410991927443,3163171.476124936,3163171.476124936,34.83237967207982,7.531360657440323,transient-slab
Li,1.2263306841775593e+19,10.770410991927443,3353043.528901054,3353043.528901054,36.92322282786,7.983436973573939,transient-slab
Li,1.2999422244132422e+19,10.770410991927443,3554312.812809764,3554312.812809764,39.13957061878795,8.462649554308962,transient-slab
Li,1.377972359833554e+19,10.770410991927443,3767663.4563238486,3767663.4563238486,41.48895656711763,8.970627276961544,transient-slab
Li,1.460686320364986e+19,10.770410991927443,3993820.6533083604,3993820.6533083604,43.97936640117074,9.509096793591334,transient-slab
Li,1.548365256585496e+19,10.770410991927443,4233553.128005652,4233553.128005652,46.61926519938989,10.079888400013456,transient-slab
Li,1.6413071953751267e+19,10.770410991927443,4487675.747983224,4487675.747983224,49.41762616373644,10.684942257102914,transient-slab
Li,1.7398280529303622e+19,10.770410991927443,4757052.293925978,4757052.293925978,52.383961120235924,11.326314985538044,transient-slab
Li,1.8442627085855328e+19,10.770410991927443,5042598.395687611,5042598.395687611,55.5283528503448,12.006186656399073,transient-slab
Li,1.9549661430912594e+19,10.770410991927443,5345284.644580984,5345284.644580984,58.86148936303481,12.726868201383295,transient-slab
Li,2.0723146452190294e+19,10.770410991927443,5666139.892486352,5666139.892486352,62.394700224088254,13.490809267824647,transient-slab
Li,2.1967070907932353e+19,10.770410991927443,6006254.748991383,6006254.748991383,66.13999506609014,14.30060654521758,transient-slab
Li,2.3285662984981967e+19,10.770410991927443,6366785.288449961,6366785.288449961,70.11010441001523,15.159012591547526,transient-slab
Li,2.468340467068651e+19,10.770410991927443,6748956.979560342,6748956.979560342,74.31852293716555,16.068945189429385,transient-slab
Li,2.6165046987488236e+19,10.770410991927443,7154068.850819585,7154068.850819585,78.77955535854268,17.033497263856155,transient-slab
Li,2.773562614198418e+19,10.770410991927443,7583497.906012908,7583497.906012908,83.50836503756797,18.055947395268827,transient-slab
Li,2.9400480643347137e+19,10.770410991927443,8038703.804746548,8038703.804746548,88.52102553142296,19.139770963682256,transient-slab
Li,3.1165269449294365e+19,10.770410991927443,8521233.823933575,8521233.823933575,93.83457522620236,20.28865196174661,transient-slab
Li,3.303599120128346e+19,10.770410991927443,9032728.117097104,9032728.117097104,99.46707525158841,21.506495516897864,transient-slab
Li,3.50190046143172e+19,10.770410991927443,9574925.28936765,9574925.28936765,105.43767087190305,22.79744116516107,transient-slab
Li,3.712105009066372e+19,10.770410991927443,10149668.307124427,10149668.307124427,111.76665656220972,24.165876921724827,transient-slab
Li,3.934927263095861e+19,10.770410991927443,10758910.762367886,10758910.762367886,118.47554499066369,25.616454196114017,transient-slab
Li,4.171124612056533e+19,10.770410991927443,11404723.513116522,11404723.513116522,125.58714014158627,27.154103602658385,transient-slab
Li,4.421499907374468e+19,10.770410991927443,12089301.722399049,12089301.722399049,133.12561482781277,28.784051719997738,transient-slab
Li,4.6869041923142115e+19,10.770410991927443,12814972.319768663,12814972.319768663,141.1165928557915,30.511838856592057,transient-slab
Li,4.9682395947343675e+19,10.770410991927443,13584201.910699371,13584201.910699371,149.5872361226944,32.343337882617554,transient-slab
Li,5.266462393484259e+19,10.770410991927443,14399605.160753172,14399605.160753172,158.56633694163466,34.28477419226946,transient-slab
Li,5.582586268862678e+19,10.770410991927443,15263953.683011346,15263953.683011346,168.08441590875438,36.34274686431273,transient-slab
Li,5.917685748188806e+19,10.770410991927443,16180185.458983041,16180185.458983041,178.17382564488642,38.52425109281676,transient-slab
Li,6.272899858196231e+19,10.770410991927443,17151414.82501128,17151414.82501128,188.86886076439026,40.836701964312574,transient-slab
Li,6.649435996665032e+19,10.770410991927443,18180943.058121525,18180943.058121525,200.20587444496164,43.287959662194105,transient-slab
Li,7.048574036451889e+19,10.770410991927443,19272269.597294867,19272269.597294867,212.2234019946446,45.8863561840354,transient-slab
Li,7.471670675868067e+19,10.770410991927443,20429103.93830757,20429103.93830757,224.9622918360574,48.64072366263707,transient-slab
Li,7.920164050192541e+19,10.770410991927443,21655378.242568504,21655378.242568504,238.46584435305834,51.56042438706787,transient-slab
Li,8.395578619995103e+19,10.770410991927443,22955260.70281277,22955260.70281277,252.7799590718005,54.655382625744686,transient-slab
Li,8.899530352885224e+19,10.770410991927443,24333169.71108238,24333169.71108238,267.9532906764544,57.936118359719956,transient-slab
Li,9.433732216299774e+19,10.770410991927443,25793788.877152022,25793788.877152022,284.03741438990585,61.41378304083815,transient-slab
Li,1e+20,10.770410991927443,27342082.94844859,27342082.94844859,301.0870012815721,65.10019749630617,transient-slab
Li,1e+18,11.31718005282516,294503.54078583553,294503.54078583553,3.2430297329283633,0.7011989066329418,transient-slab
Li,1.0600258488068824e+18,11.31718005282516,312181.36579813756,312181.36579813756,3.4376953453533448,0.7432889661860419,transient-slab
Li,1.1236548001387516e+18,11.31718005282516,330920.3172618627,330920.3172618627,3.6440459263976486,0.7879055172901492,transient-slab
Li,1.191103133283008e+18,11.31718005282516,350784.0901929488,350784.0901929488,3.8627828762209298,0.8352002147451162,transient-slab
Li,1.2626001098748577e+18,11.31718005282516,371840.20295473066,371840.20295473066,4.094649697122783,0.8853338165588825,transient-slab
Li,1.3383887531737592e+18,11.31718005282516,394160.2267576118,394160.2267576118,4.3404345207594215,0.9384767303752661,transient-slab
Li,1.418726674116599e+18,11.31718005282516,417820.0289346506,417820.0289346506,4.600972787058699,0.994809592701549,transient-slab
Li,1.5038869469554132e+18,11.31718005282516,442900.03081996925,442900.03081996925,4.877150083939266,1.0545238829046888,transient-slab
Li,1.5941590374560028e+18,11.31718005282516,469485.4811065323,469485.4811065323,5.169905157486278,1.1178225740631722,transient-slab
Li,1.689849786812462e+18,11.31718005282516,497666.7456124594,497666.7456124594,5.48023310281547,1.184920822886808,transient-slab
Li,1.7912844546220096e+18,11.31718005282516,527539.6144408061,527539.6144408061,5.809188746471543,1.2560467010495384,transient-slab
Li,1.898807824465269e+18,11.31718005282516,559205.627576871,559205.627576871,6.157890231857888,1.3314419704211213,transient-slab
Li,2.0127853758499466e+18,11.31718005282516,592772.4200297581,592772.4200297581,6.527522819884768,1.4113629048327576,transient-slab
Li,2.133604526501402e+18,11.31718005282516,628354.087691349,628354.087691349,6.919342917754588,1.4960811611698785,transient-slab
Li,2.2616759492228552e+18,11.31718005282516,666071.5751562964,666071.5751562964,7.3346823495786975,1.5858847027530867,transient-slab
Li,2.3974349678010685e+18,11.31718005282516,706053.0868211902,706053.0868211902,7.774952883341017,1.681078778145691,transient-slab
Li,2.541343036702629e+18,11.31718005282516,748434.5226603518,748434.5226603518,8.241651029597083,1.7819869587151234,transient-slab
Li,2.693889309590164e+18,11.31718005282516,793359.9401594133,793359.9401594133,8.736363128218763,1.8889522384747937,transient-slab
Li,2.8555923019901005e+18,11.31718005282516,840982.0439768595,840982.0439768595,9.260770740475245,2.0023381999449037,transient-slab
Li,3.0270016537634555e+18,11.31718005282516,891462.7049979175,891462.7049979175,9.816656364778215,2.122530249995042,transient-slab
Li,3.208699997370444e+18,11.31718005282516,944973.5105450968,944973.5105450968,10.40590949551951,2.2499369298692784,transient-slab
Li,3.401304938279246e+18,11.31718005282516,1001696.3476155858,1001696.3476155858,11.030533045595666,2.3849913038466326,transient-slab
Li,3.6054711542504986e+18,11.31718005282516,1061824.021127965,1061824.021127965,11.69265015444991,2.52815243125706,transient-slab
Li,3.821892620633115e+18,11.31718005282516,1125560.9092797085,1125560.9092797085,12.394511404772695,2.679906926856449,transient-slab
Li,4.051304969235378e+18,11.31718005282516,1193123.6582430694,1193123.6582430694,13.13850247239076,2.840770614864451,transient-slab
Li,4.294487988789272e+18,11.31718005282516,1264741.9185606823,1264741.9185606823,13.92715223534734,3.0112902822873386,transient-slab
Li,4.5522682755073096e+18,11.31718005282516,1340659.1257439323,1340659.1257439323,14.763141369736735,3.192045537485553,transient-slab
Li,4.825522042741279e+18,11.31718005282516,1421133.3277274044,1421133.3277274044,15.649311461511177,3.383650780303344,transient-slab
Li,5.115178099293145e+18,11.31718005282516,1506438.0619919912,1506438.0619919912,16.588674665231657,3.5867572904571223,transient-slab
Li,5.422221006501592e+18,11.31718005282516,1596863.2853380556,1596863.2853380556,17.584423942593418,3.8020554412810847,transient-slab
Li,5.747694424835359e+18,11.31718005282516,1692716.3594690193,1692716.3594690193,18.639943915527653,4.030277046354809,transient-slab
Li,6.092704661368687e+18,11.31718005282516,1794323.095735443,1794323.095735443,19.758822370769884,4.27219784698915,transient-slab
Li,6.458424430196991e+18,11.31718005282516,1902028.862590756,1902028.862590756,20.94486245499976,4.52864014902561,transient-slab
Li,6.846096838574672e+18,11.31718005282516,2016199.7595229559,2016199.7595229559,22.202095602004533,4.8004756179118,transient-slab
Li,7.257039612324231e+18,11.31718005282516,2137223.861452553,2137223.861452553,23.5347952358064,5.088628241553698,transient-slab
Li,7.692649574879161e+18,11.31718005282516,2265512.5378265656,2265512.5378265656,24.947491296331854,5.394077471015633,transient-slab
Li,8.154407395185187e+18,11.31718005282516,2401501.8508922397,2401501.8508922397,26.44498563699649,5.717861549743428,transient-slab
Li,8.643882620598297e+18,11.31718005282516,2545654.037903345,2545654.037903345,28.032368346543013,6.061081042627013,transient-slab
Li,9.162739011886769e+18,11.31718005282516,2698459.082297161,2698459.082297161,29.71503505061144,6.424902576898003,transient-slab
Li,9.712740198471207e+18,11.31718005282516,2860436.3791826894,2860436.3791826894,31.498705251850655,6.810562807577832,transient-slab
Li,1.0295755673125085e+19,11.31718005282516,3032136.500801191,3032136.500801191,33.38944177091052,7.219372620955217,transient-slab
Li,1.0913767146512693e+19,11.31718005282516,3214143.067960113,3214143.067960113,35.393671354397405,7.652721590381221,transient-slab
Li,1.1568875283162786e+19,11.31718005282516,3407074.733801177,3407074.733801177,37.51820651983696,8.112082699526612,transient-slab
Li,1.2263306841775593e+19,11.31718005282516,3611587.286646074,3611587.286646074,39.77026871190207,8.59901734915732,transient-slab
Li,1.2999422244132422e+19,11.31718005282516,3828375.8790671504,3828375.8790671504,42.157512848611795,9.115180664445596,transient-slab
Li,1.377972359833554e+19,11.31718005282516,4058177.390759951,4058177.390759951,44.68805334093677,9.662327120857027,transient-slab
Li,1.460686320364986e+19,11.31718005282516,4301772.9332492165,4301772.9332492165,47.370491674253735,10.242316507736229,transient-slab
Li,1.548365256585496e+19,11.31718005282516,4559990.504941973,4559990.504941973,50.21394564540017,10.85712024986184,transient-slab
Li,1.6413071953751267e+19,11.31718005282516,4833707.80555244,4833707.80555244,53.228080354707984,11.50882810845819,transient-slab
Li,1.7398280529303622e+19,11.31718005282516,5123855.2194651775,5123855.2194651775,56.42314105836027,12.1996552844409,transient-slab
Li,1.8442627085855328e+19,11.31718005282516,5431418.97817715,5431418.97817715,59.809987992738805,12.931949948040833,transient-slab
Li,1.9549661430912594e+19,11.31718005282516,5757444.512568043,5757444.512568043,63.40013328913239,13.7082012204001,transient-slab
Li,2.0723146452190294e+19,11.31718005282516,6103040.006393468,6103040.006393468,67.20578010428206,14.53104763427016,transient-slab
Li,2.1967070907932353e+19,11.31718005282516,6469380.163079596,6469380.163079596,71.23986409977027,15.403286102570467,transient-slab
Li,2.3285662984981967e+19,11.31718005282516,6857710.198622858,6857710.198622858,75.51609741124595,16.327881425292517,transient-slab
Li,2.468340467068651e+19,11.31718005282516,7269350.074166808,7269350.074166808,80.04901525693919,17.30797636706383,transient-slab
Li,2.6165046987488236e+19,11.31718005282516,7705698.9826430455,7705698.9826430455,84.85402534389206,18.346902339626297,transient-slab
Li,2.773562614198418e+19,11.31718005282516,8168240.104726524,8168240.104726524,89.94746023983987,19.448190725539344,transient-slab
Li,2.9400480643347137e+19,11.31718005282516,8658545.650271153,8658545.650271153,95.3466328887596,20.615584881597982,transient-slab
Li,3.1165269449294365e+19,11.31718005282516,9178282.202361817,9178282.202361817,101.06989545878558,21.85305286276623,transient-slab
Li,3.303599120128346e+19,11.31718005282516,9729216.382147688,9729216.382147688,107.13670172252206,23.16480090987545,transient-slab
Li,3.50190046143172e+19,11.31718005282516,10313220.853711927,10313220.853711927,113.56767318178622,24.55528774693316,transient-slab
Li,3.712105009066372e+19,11.31718005282516,10932280.689388828,10932280.689388828,120.38466916154557,26.029239736640065,transient-slab
Li,3.934927263095861e+19,11.31718005282516,11588500.117164481,11588500.117164481,127.61086111130305,27.59166694562972,transient-slab
Li,4.171124612056533e+19,11.31718005282516,12284109.673095938,12284109.673095938,135.27081136648624,29.24788017403795,transient-slab
Li,4.421499907374468e+19,11.31718005282516,13021473.783060247,13021473.783060247,143.39055663755403,31.003509007286304,transient-slab
Li,4.6869041923142115e+19,11.31718005282516,13803098.79960512,13803098.79960512,151.99769651061584,32.86452095144076,transient-slab
Li,4.9682395947343675e+19,11.31718005282516,14631641.521216558,14631641.521216558,161.12148726035514,34.83724171718229,transient-slab
Li,5.266462393484259e+19,11.31718005282516,15509918.222965604,15509918.222965604,170.79294129418523,36.92837672134667,transient-slab
Li,5.582586268862678e+19,11.31718005282516,16440914.229224449,16440914.229224449,181.04493256559275,39.14503387910583,transient-slab
Li,5.917685748188806e+19,11.31718005282516,17427794.060994796,17427794.060994796,191.91230831502725,41.49474776427333,transient-slab
Li,6.272899858196231e+19,11.31718005282516,18473912.192337554,18473912.192337554,203.4320075181249,43.98550521985132,transient-slab
Li,6.649435996665032e+19,11.31718005282516,19582824.45246643,19582824.45246643,215.6431864438884,46.62577250587245,transient-slab
Li,7.048574036451889e+19,11.31718005282516,20758300.112261903,20758300.112261903,228.58735174960367,49.42452407681405,transient-slab
Li,7.471670675868067e+19,11.31718005282516,22004334.696288425,22004334.696288425,242.308501564891,52.391273086401014,transient-slab
Li,7.920164050192541e+19,11.31718005282516,23325163.563863877,23325163.563863877,256.85327504444746,55.536103723485425,transient-slab
Li,8.395578619995103e+19,11.31718005282516,24725276.305344168,24725276.305344168,272.27111089781795,58.86970548891468,transient-slab
Li,8.899530352885224e+19,11.31718005282516,26209432.00255715,26209432.00255715,288.6144154350523,62.40340952989798,transient-slab
Li,9.433732216299774e+19,11.31718005282516,27782675.40525691,27782675.40525691,305.9387406994435,66.1492271553736,transient-slab
Li,1e+20,11.31718005282516,29450354.078583553,29450354.078583553,324.3029732928363,70.11989066329417,transient-slab
Li,1e+18,11.891706309449116,317211.8806709843,317211.8806709843,3.4930906362250562,0.7552663825499626,transient-slab
Li,1.0600258488068824e+18,11.891706309449116,336252.7930598876,336252.7930598876,3.702766366623838,0.8006018882378276,transient-slab
Li,1.1236548001387516e+18,11.891706309449116,356436.6523769924,356436.6523769924,3.9250280607140104,0.8486586961356962,transient-slab
Li,1.191103133283008e+18,11.891706309449116,377832.06498180504,377832.06498180504,4.160631201649201,0.8996001547185835,transient-slab
Li,1.2626001098748577e+18,11.891706309449116,400511.75538879505,400511.75538879505,4.410376621100593,0.9535994175923692,transient-slab
Li,1.3383887531737592e+18,11.891706309449116,424552.813463142,424552.813463142,4.675113221340187,1.0108400320551,transient-slab
Li,1.418726674116599e+18,11.891706309449116,450036.9564546171,450036.9564546171,4.955740860719409,1.0715165629871837,transient-slab
Li,1.5038869469554132e+18,11.891706309449116,477050.8067602714,477050.8067602714,5.253213412351042,1.1358352541911225,transient-slab
Li,1.5941590374560028e+18,11.891706309449116,505686.1863600648,505686.1863600648,5.568542006391112,1.2040147294287256,transient-slab
Li,1.689849786812462e+18,11.891706309449116,536040.428926243,536040.428926243,5.902798466941518,1.2762867355386738,transient-slab
Li,1.7912844546220096e+18,11.891706309449116,568216.7106673461,568216.7106673461,6.257118955255648,1.352896930160348,transient-slab
Li,1.898807824465269e+18,11.891706309449116,602324.4010314081,602324.4010314081,6.6327078316305,1.434105716741448,transient-slab
Li,2.0127853758499466e+18,11.891706309449116,638479.4344604156,638479.4344604156,7.030841749112179,1.5201891296676562,transient-slab
Li,2.133604526501402e+18,11.891706309449116,676804.7044596347,676804.7044596347,7.452873992929442,1.61143977252294,transient-slab
Li,2.2616759492228552e+18,11.891706309449116,717430.4813213155,717430.4813213155,7.900239080405771,1.7081678126697988,transient-slab
Li,2.3974349678010685e+18,11.891706309449116,760494.8549225577,760494.8549225577,8.374457636984433,1.8107020355298993,transient-slab
Li,2.541343036702629e+18,11.891706309449116,806144.2041025511,806144.2041025511,8.8771415649417,1.9193909621489313,transient-slab
Li,2.693889309590164e+18,11.891706309449116,854533.6942145554,854533.6942145554,9.409999522356184,2.0346040338441793,transient-slab
Li,2.8555923019901005e+18,11.891706309449116,905827.804543865,905827.804543865,9.974842730957972,2.1567328679615834,transient-slab
Li,3.0270016537634555e+18,11.891706309449116,960200.8873844852,960200.8873844852,10.573591132598885,2.286192589010679,transient-slab
Li,3.208699997370444e+18,11.891706309449116,1017837.7606748608,1017837.7606748608,11.20827991527006,2.42342323970205,transient-slab
Li,3.401304938279246e+18,11.891706309449116,1078934.3362070657,1078934.3362070657,11.881066430849275,2.56889127668349,transient-slab
Li,3.6054711542504986e+18,11.891706309449116,1143698.2855447852,1143698.2855447852,12.594237528091963,2.7230911560590125,transient-slab
Li,3.821892620633115e+18,11.891706309449116,1212349.745913587,1212349.745913587,13.350217325791174,2.8865470140799694,transient-slab
Li,4.051304969235378e+18,11.891706309449116,1285122.0684628584,1285122.0684628584,14.151575452528139,3.0598144487210917,transient-slab
Li,4.294487988789272e+18,11.891706309449116,1362262.6114427978,1362262.6114427978,15.00103578102078,3.2434824081971376,transient-slab
Li,4.5522682755073096e+18,11.891706309449116,1444033.5809925322,1444033.5809925322,15.901485686758967,3.4381751928393625,transient-slab
Li,4.825522042741279e+18,11.891706309449116,1530712.9223972508,1530712.9223972508,16.855985862397166,3.6445545771363115,transient-slab
Li,5.115178099293145e+18,11.891706309449116,1622595.2648438094,1622595.2648438094,17.867780721264367,3.8633220591519275,transient-slab
Li,5.422221006501592e+18,11.891706309449116,1719992.9228860873,1719992.9228860873,18.940309425353508,4.095221244966875,transient-slab
Li,5.747694424835359e+18,11.891706309449116,1823236.9580241553,1823236.9580241553,20.07721757527535,4.341040376247989,transient-slab
Li,6.092704661368687e+18,11.891706309449116,1932678.3040056336,1932678.3040056336,21.28236960191171,4.601615009537223,transient-slab
Li,6.458424430196991e+18,11.891706309449116,2048688.9596742173,2048688.9596742173,22.559861901888247,4.877830856367185,transient-slab
Li,6.846096838574672e+18,11.891706309449116,2171663.253419952,2171663.253419952,23.91403676151515,5.170626793857029,transient-slab
Li,7.257039612324231e+18,11.891706309449116,2302019.1835292,2302019.1835292,25.34949711652408,5.480998056021905,transient-slab
Li,7.692649574879161e+18,11.891706309449116,2440199.8389902664,2440199.8389902664,26.871122197771054,5.809999616643492,transient-slab
Li,8.154407395185187e+18,11.891706309449116,2586674.905584075,2586674.905584075,28.484084116085725,6.158749775200179,transient-slab
Li,8.643882620598297e+18,11.891706309449116,2741942.262379222,2741942.262379222,30.193865442640412,6.528433958045768,transient-slab
Li,9.162739011886769e+18,11.891706309449116,2906529.6740579987,2906529.6740579987,32.0062778445957,6.920308747757139,transient-slab
Li,9.712740198471207e+18,11.891706309449116,3080996.584825721,3080996.584825721,33.92748183936647,7.335706154346956,transient-slab
Li,1.0295755673125085e+19,11.891706309449116,3265936.020000964,3265936.020000964,35.96400773465423,7.776038142859438,transient-slab
Li,1.0913767146512693e+19,11.891706309449116,3461976.6017504935,3461976.6017504935,38.122777825424144,8.24280143273927,transient-slab
Li,1.1568875283162786e+19,11.891706309449116,3669784.6858201334,3669784.6858201334,40.411129923271425,8.737582585286033,transient-slab
Li,1.2263306841775593e+19,11.891706309449116,3890066.6265249844,3890066.6265249844,42.83684229816099,9.262063396488058,transient-slab
Li,1.2999422244132422e+19,11.891706309449116,4123571.1776974727,4123571.1776974727,45.40816011731467,9.818026613565412,transient-slab
Li,1.377972359833554e+19,11.891706309449116,4371092.037754359,4371092.037754359,48.1338234711153,10.407361994653236,transient-slab
Li,1.460686320364986e+19,11.891706309449116,4633470.54753357,4633470.54753357,51.02309708128964,11.032072732222787,transient-slab
Li,1.548365256585496e+19,11.891706309449116,4911598.550070964,4911598.550070964,54.08580179235003,11.694282262073724,transient-slab
Li,1.6413071953751267e+19,11.891706309449116,5206421.422037626,5206421.422037626,57.33234795333664,12.396241481041965,transient-slab
Li,1.7398280529303622e+19,11.891706309449116,5518941.287141769,5518941.287141769,60.77377080332719,13.140336397956593,transient-slab
Li,1.8442627085855328e+19,11.891706309449116,5850220.422417804,5850220.422417804,64.42176798099185,13.929096243851914,transient-slab
Li,1.9549661430912594e+19,11.891706309449116,6201384.8689807905,6201384.8689807905,68.28873928569092,14.765202069001882,transient-slab
Li,2.0723146452190294e+19,11.891706309449116,6573628.259519519,6573628.259519519,72.38782882526641,15.651495855998856,transient-slab
Li,2.1967070907932353e+19,11.891706309449116,6968215.875538087,6968215.875538087,76.73296969379034,16.59099017985259,transient-slab
Li,2.3285662984981967e+19,11.891706309449116,7386488.948136856,7386488.948136856,81.3389313311329,17.586878447944894,transient-slab
Li,2.468340467068651e+19,11.891706309449116,7829869.216951425,7829869.216951425,86.22136972532886,18.64254575464625,transient-slab
Li,2.6165046987488236e+19,11.891706309449116,8299863.762745815,8299863.762745815,91.39688062838377,19.76158038749004,transient-slab
Li,2.773562614198418e+19,11.891706309449116,8798070.130086118,8798070.130086118,96.88305596640383,20.94778602401457,transient-slab
Li,2.9400480643347137e+19,11.891706309449116,9326181.757507013,9326181.757507013,102.69854363579186,22.205194660730985,transient-slab
Li,3.1165269449294365e+19,11.891706309449116,9885993.733628636,9885993.733628636,108.86311088876094,23.53808031816342,transient-slab
Li,3.303599120128346e+19,11.891706309449116,10479408.898789216,10479408.898789216,115.3977115236166,24.950973568545752,transient-slab
Li,3.50190046143172e+19,11.891706309449116,11108444.312933436,11108444.312933436,122.32455710819345,26.448676935555802,transient-slab
Li,3.712105009066372e+19,11.891706309449116,11775238.111741252,11775238.111741252,129.66719247853874,28.036281218431554,transient-slab
Li,3.934927263095861e+19,11.891706309449116,12482056.774301672,12482056.774301672,137.4505757694684,29.719182795956364,transient-slab
Li,4.171124612056533e+19,11.891706309449116,13231302.827034827,13231302.827034827,145.70116324902546,31.50310196913054,transient-slab
Li,4.421499907374468e+19,11.891706309449116,14025523.010048378,14025523.010048378,154.44699924519708,33.39410240487709,transient-slab
Li,4.6869041923142115e+19,11.891706309449116,14867416.933687117,14867416.933687117,163.7178114705673,35.39861174687409,transient-slab
Li,4.9682395947343675e+19,11.891706309449116,15759846.254697375,15759846.254697375,173.54511206889185,37.52344346356518,transient-slab
Li,5.266462393484259e+19,11.891706309449116,16705844.40320155,16705844.40320155,183.9623047271126,39.77582000762274,transient-slab
Li,5.582586268862678e+19,11.891706309449116,17708626.893539432,17708626.893539432,195.00479821682794,42.16339736557008,transient-slab
Li,5.917685748188806e+19,11.891706309449116,18771602.254028518,18771602.254028518,206.71012675120784,44.69429108102028,transient-slab
Li,6.272899858196231e+19,11.891706309449116,19898383.612791773,19898383.612791773,219.1180775664274,47.377103839980414,transient-slab
Li,6.649435996665032e+19,11.891706309449116,21092800.979034554,21092800.979034554,232.27082616128445,50.22095471198704,transient-slab
Li,7.048574036451889e+19,11.891706309449116,22358914.261515748,22358914.261515748,246.21307965469143,53.23551014646606,transient-slab
Li,7.471670675868067e+19,11.891706309449116,23701027.068463538,23701027.068463538,260.9922287483208,56.431016829675094,transient-slab
Li,7.920164050192541e+19,11.891706309449116,25123701.335842963,25123701.335842963,276.6585088109388,59.81833651391182,transient-slab
Li,8.395578619995103e+19,11.891706309449116,26631772.833697535,26631772.833697535,293.2651706319617,63.40898293737508,transient-slab
Li,8.899530352885224e+19,11.891706309449116,28230367.603272308,28230367.603272308,310.8686614246405,67.21516096017217,transient-slab
Li,9.433732216299774e+19,11.891706309449116,29924919.38078904,29924919.38078904,329.52881669411386,71.24980804949772,transient-slab
Li,1e+20,11.891706309449116,31721188.06709843,31721188.06709843,349.3090636225056,75.52663825499627,transient-slab
Li,1e+18,12.495398879413464,341671.19678875647,341671.19678875647,3.762433032602941,0.8135028494970392,transient-slab
Li,1.0600258488068824e+18,12.495398879413464,362180.3003888649,362180.3003888649,3.988276268963985,0.8623340485449165,transient-slab
Li,1.1236548001387516e+18,12.495398879413464,383920.4803408382,383920.4803408382,4.227675937284895,0.9140963817639004,transient-slab
Li,1.191103133283008e+18,12.495398879413464,406965.63304764306,406965.63304764306,4.4814457739008535,0.9689657929705788,transient-slab
Li,1.2626001098748577e+18,12.495398879413464,431394.090606558,431394.090606558,4.750448360361267,1.0271287871584713,transient-slab
Li,1.3383887531737592e+18,12.495398879413464,457288.8870654899,457288.8870654899,5.035598055405216,1.0887830644416425,transient-slab
Li,1.418726674116599e+18,12.495398879413464,484738.04066155053,484738.04066155053,5.337864102931201,1.1541381920513107,transient-slab
Li,1.5038869469554132e+18,12.495398879413464,513834.8530012452,513834.8530012452,5.658273926525434,1.2234163166696315,transient-slab
Li,1.5941590374560028e+18,12.495398879413464,544678.2261992046,544678.2261992046,5.997916621746974,1.2968529195219158,transient-slab
Li,1.689849786812462e+18,12.495398879413464,577372.9990534389,577372.9990534389,6.357946658040245,1.374697616793902,transient-slab
Li,1.7912844546220096e+18,12.495398879413464,612030.303399797,612030.303399797,6.739587802857994,1.4572150080947546,transient-slab
Li,1.898807824465269e+18,12.495398879413464,648767.9418569034,648767.9418569034,7.144137281333054,1.54468557584977,transient-slab
Li,2.0127853758499466e+18,12.495398879413464,687710.7882455583,687710.7882455583,7.572970185637965,1.6374066386799007,transient-slab
Li,2.133604526501402e+18,12.495398879413464,728991.212043642,728991.212043642,8.02754414902003,1.7356933620086714,transient-slab
Li,2.2616759492228552e+18,12.495398879413464,772749.5283193197,772749.5283193197,8.509404300399682,1.8398798293317136,transient-slab
Li,2.3974349678010685e+18,12.495398879413464,819134.4746718049,819134.4746718049,9.020188516372109,1.9503201777900119,transient-slab
Li,2.541343036702629e+18,12.495398879413464,868303.7168009599,868303.7168009599,9.56163298846544,2.0673898019070474,transient-slab
Li,2.693889309590164e+18,12.495398879413464,920424.3844241081,920424.3844241081,10.135578124577963,2.1914866295812097,transient-slab
Li,2.8555923019901005e+18,12.495398879413464,975673.6393617177,975673.6393617177,10.74397480465423,2.3230324746707565,transient-slab
Li,3.0270016537634555e+18,12.495398879413464,1034239.2777229047,1034239.2777229047,11.388891011863354,2.4624744707688206,transient-slab
Li,3.208699997370444e+18,12.495398879413464,1096320.3682376393,1096320.3682376393,12.072518861819528,2.6102865910419983,transient-slab
Li,3.401304938279246e+18,12.495398879413464,1162127.9289053774,1162127.9289053774,12.797182053737343,2.7669712592985176,transient-slab
Li,3.6054711542504986e+18,12.495398879413464,1231885.644260107,1231885.644260107,13.565343768849129,2.93306105776216,transient-slab
Li,3.821892620633115e+18,12.495398879413464,1305830.6256898334,1305830.6256898334,14.379615042931455,3.1091205373567465,transient-slab
Li,4.051304969235378e+18,12.495398879413464,1384214.217394888,1384214.217394888,15.242763641399629,3.295748136654495,transient-slab
Li,4.294487988789272e+18,12.495398879413464,1467302.8507245705,1467302.8507245705,16.157723467137327,3.493578216010882,transient-slab
Li,4.5522682755073096e+18,12.495398879413464,1555378.9497960708,1555378.9497960708,17.127604533039126,3.7032832138001686,transient-slab
Li,4.825522042741279e+18,12.495398879413464,1648741.8914739375,1648741.8914739375,18.155703533163408,3.925575932080804,transient-slab
Li,5.115178099293145e+18,12.495398879413464,1747709.0229731253,1747709.0229731253,19.245515048427656,4.1612119594598225,transient-slab
Li,5.422221006501592e+18,12.495398879413464,1852616.7405445343,1852616.7405445343,20.400743424935154,4.4109922393917484,transient-slab
Li,5.747694424835359e+18,12.495398879413464,1963821.6329095603,1963821.6329095603,21.625315365308314,4.675765792641811,transient-slab
Li,6.092704661368687e+18,12.495398879413464,2081701.693330274,2081701.693330274,22.923393275827458,4.956432603167319,transient-slab
Li,6.458424430196991e+18,12.495398879413464,2206657.604435148,2206657.604435148,24.299389414742983,5.253946677226543,transient-slab
Li,6.846096838574672e+18,12.495398879413464,2339114.10016753,2339114.10016753,25.75798088985191,5.569319286113167,transient-slab
Li,7.257039612324231e+18,12.495398879413464,2479521.4094862333,2479521.4094862333,27.304125556316727,5.903622403538651,transient-slab
Li,7.692649574879161e+18,12.495398879413464,2628356.7867254815,2628356.7867254815,28.943078868764328,6.2579923493463845,transient-slab
Li,8.154407395185187e+18,12.495398879413464,2786126.133816009,2786126.133816009,30.68041174494645,6.633633651942878,transient-slab
Li,8.643882620598297e+18,12.495398879413464,2953365.719881352,2953365.719881352,32.5220295016815,7.031823142574648,transient-slab
Li,9.162739011886769e+18,12.495398879413464,3130644.00405438,3130644.00405438,34.47419192744241,7.453914295367572,transient-slab
Li,9.712740198471207e+18,12.495398879413464,3318563.567709921,3318563.567709921,36.54353455981851,7.901341827880765,transient-slab
Li,1.0295755673125085e+19,12.495398879413464,3517763.162681277,3517763.162681277,38.73709124017495,8.375626577812564,transient-slab
Li,1.0913767146512693e+19,12.495398879413464,3728919.8824228034,3728919.8824228034,41.06231802217609,8.878380672435247,transient-slab
Li,1.1568875283162786e+19,12.495398879413464,3952751.463498093,3952751.463498093,43.52711851543537,9.411313008328793,transient-slab
Li,1.2263306841775593e+19,12.495398879413464,4190018.725217212,4190018.725217212,46.13987075044214,9.976235060040981,transient-slab
Li,1.2999422244132422e+19,12.495398879413464,4441528.155715107,4441528.155715107,48.90945565607728,10.575067037416922,transient-slab
Li,1.377972359833554e+19,12.495398879413464,4708134.653261573,4708134.653261573,51.84528724651589,11.209844412527556,transient-slab
Li,1.460686320364986e+19,12.495398879413464,4990744.432120697,4990744.432120697,54.95734462012465,11.882724838382611,transient-slab
Li,1.548365256585496e+19,12.495398879413464,5290318.102836964,5290318.102836964,58.25620587911998,12.595995482945153,transient-slab
Li,1.6413071953751267e+19,12.495398879413464,5607873.937418168,5607873.937418168,61.75308408528265,13.352080803376591,transient-slab
Li,1.7398280529303622e+19,12.495398879413464,5944491.330513687,5944491.330513687,65.45986537394452,14.15355078693735,transient-slab
Li,1.8442627085855328e+19,12.495398879413464,6301314.468352926,6301314.468352926,69.3891493557998,15.003129686554585,transient-slab
Li,1.9549661430912594e+19,12.495398879413464,6679556.217914899,6679556.217914899,73.55429194386922,15.903705280749758,transient-slab
Li,2.0723146452190294e+19,12.495398879413464,7080502.24954853,7080502.24954853,77.9694507511892,16.85833868940126,transient-slab
Li,2.1967070907932353e+19,12.495398879413464,7505515.407056722,7505515.407056722,82.64963321353576,17.87027477870648,transient-slab
Li,2.3285662984981967e+19,12.495398879413464,7956040.340098436,7956040.340098436,87.61074760075574,18.94295319071056,transient-slab
Li,2.468340467068651e+19,12.495398879413464,8433608.41465464,8433608.41465464,92.86965709009664,20.080020034892,transient-slab
Li,2.6165046987488236e+19,12.495398879413464,8939842.918249153,8939842.918249153,98.44423708533381,21.2853402815456,transient-slab
Li,2.773562614198418e+19,12.495398879413464,9476464.577617254,9476464.577617254,104.35343597652694,22.563010899088702,transient-slab
Li,2.9400480643347137e+19,12.495398879413464,10045297.407577086,10045297.407577086,110.61733954693266,23.917374779945444,transient-slab
Li,3.1165269449294365e+19,12.495398879413464,10648274.910984475,10648274.910984475,117.25723924599639,25.35303550234399,transient-slab
Li,3.303599120128346e+19,12.495398879413464,11287446.650845349,11287446.650845349,124.29570456048901,26.874872978203214,transient-slab
Li,3.50190046143172e+19,12.495398879413464,11964985.216924744,11964985.216924744,131.75665972978186,28.48806004029701,transient-slab
Li,3.712105009066372e+19,12.495398879413464,12683193.610532451,12683193.610532451,139.6654650660216,30.198080025077267,transient-slab
Li,3.934927263095861e+19,12.495398879413464,13444513.072586687,13444513.072586687,148.0490031556175,32.010745410920684,transient-slab
Li,4.171124612056533e+19,12.495398879413464,14251531.381563934,14251531.381563934,156.9357702350463,33.93221757515222,transient-slab
Li,4.421499907374468e+19,12.495398879413464,15106991.649540106,15106991.649540106,166.35597305156546,35.96902773700025,transient-slab
Li,4.6869041923142115e+19,12.495398879413464,16013801.646222364,16013801.646222364,176.34163153808194,38.128099157672295,transient-slab
Li,4.9682395947343675e+19,12.495398879413464,16975043.68266178,16975043.68266178,186.92668765114433,40.41677067300424,transient-slab
Li,5.266462393484259e+19,12.495398879413464,17993985.088247456,17993985.088247456,198.14712074206324,42.84282163868442,transient-slab
Li,5.582586268862678e+19,12.495398879413464,19074089.3165879,19074089.3165879,210.04106985324546,45.41449837282833,transient-slab
Li,5.917685748188806e+19,12.495398879413464,20219027.718034368,20219027.718034368,222.6489633554921,48.140542185796114,transient-slab
Li,6.272899858196231e+19,12.495398879413464,21432692.018859267,21432692.018859267,236.01365636687802,51.03021909252207,transient-slab
Li,6.649435996665032e+19,12.495398879413464,22719207.54950779,22719207.54950779,250.18057642031573,54.093351308351885,transient-slab
Li,7.048574036451889e+19,12.495398879413464,24082947.26688673,24082947.26688673,265.19787787494033,57.340350635444594,transient-slab
Li,7.471670675868067e+19,12.495398879413464,25528546.618352994,25528546.618352994,281.1166055961676,60.78225385322142,transient-slab
Li,7.920164050192541e+19,12.495398879413464,27060919.2979257,27060919.2979257,297.9908684607871,64.43076023315642,transient-slab
Li,8.395578619995103e+19,12.495398879413464,28685273.94827823,28685273.94827823,315.87802327684585,68.29827130542436,transient-slab
Li,8.899530352885224e+19,12.495398879413464,30407131.865281586,30407131.865281586,334.8388697434787,72.39793301257521,transient-slab
Li,9.433732216299774e+19,12.495398879413464,32232345.765277915,32232345.765277915,354.93785711336824,76.74368039351886,transient-slab
Li,1e+20,12.495398879413464,34167119.67887565,34167119.67887565,376.2433032602941,81.35028494970392,transient-slab
Li,1e+18,13.129738415384749,368016.5019926991,368016.5019926991,4.052543663773891,0.8762297666492836,transient-slab
Li,1.0600258488068824e+18,13.129738415384749,390107.0048997506,390107.0048997506,4.2958010370188715,0.9288262021422633,transient-slab
Li,1.1236548001387516e+18,13.129738415384749,413523.5089943688,413523.5089943688,4.553660140571415,0.9845797833199257,transient-slab
Li,1.191103133283008e+18,13.129738415384749,438345.6086233562,438345.6086233562,4.826997455687282,1.0436800205318004,transient-slab
Li,1.2626001098748577e+18,13.129738415384749,464657.6758517427,464657.6758517427,5.116742075153573,1.1063277996470064,transient-slab
Li,1.3383887531737592e+18,13.129738415384749,492549.14724937687,492549.14724937687,5.423878861340556,1.1727360648794687,transient-slab
Li,1.418726674116599e+18,13.129738415384749,522114.82789212675,522114.82789212675,5.749451793818229,1.2431305426003019,transient-slab
Li,1.5038869469554132e+18,13.129738415384749,553455.213611011,553455.213611011,6.094567517916422,1.3177505085976455,transient-slab
Li,1.5941590374560028e+18,13.129738415384749,586676.8325846064,586676.8325846064,6.460399106290209,1.39684960139192,transient-slab
Li,1.689849786812462e+18,13.129738415384749,621892.6074358305,621892.6074358305,6.848190046276502,1.4806966843710252,transient-slab
Li,1.7912844546220096e+18,13.129738415384749,659222.2390638917,659222.2390638917,7.259258466595095,1.5695767596759327,transient-slab
Li,1.898807824465269e+18,13.129738415384749,698792.6135160753,698792.6135160753,7.695001617761012,1.6637919369430365,transient-slab
Li,2.0127853758499466e+18,13.129738415384749,740738.2332823576,740738.2332823576,8.156900621437451,1.7636624601960895,transient-slab
Li,2.133604526501402e+18,13.129738415384749,785201.6744788351,785201.6744788351,8.64652550487255,1.8695277963781787,transient-slab
Li,2.2616759492228552e+18,13.129738415384749,832334.0714740126,832334.0714740126,9.165540537532882,1.9817477892238398,transient-slab
Li,2.3974349678010685e+18,13.129738415384749,882295.6306051285,882295.6306051285,9.715709888072181,2.100703882393163,transient-slab
Li,2.541343036702629e+18,13.129738415384749,935256.1747308049,935256.1747308049,10.298903620865135,2.226800416025726,transient-slab
Li,2.693889309590164e+18,13.129738415384749,991395.7204708995,991395.7204708995,10.917104052487842,2.360466001121189,transient-slab
Li,2.8555923019901005e+18,13.129738415384749,1050905.090095676,1050905.090095676,11.57241248975148,2.502154976418276,transient-slab
Li,3.0270016537634555e+18,13.129738415384749,1113986.560144142,1113986.560144142,12.267056372192178,2.652348952724148,transient-slab
Li,3.208699997370444e+18,13.129738415384749,1180854.5489762535,1180854.5489762535,13.003396843294892,2.811558449943461,transient-slab
Li,3.401304938279246e+18,13.129738415384749,1251736.3455960213,1251736.3455960213,13.783936776186401,2.980324632371479,transient-slab
Li,3.6054711542504986e+18,13.129738415384749,1326872.8822228478,1326872.8822228478,14.611329281077394,3.159221148149638,transient-slab
Li,3.821892620633115e+18,13.129738415384749,1406519.5532371087,1406519.5532371087,15.48838672337092,3.3488560791359734,transient-slab
Li,4.051304969235378e+18,13.129738415384749,1490947.0832836435,1490947.0832836435,16.41809028309051,3.549874007818199,transient-slab
Li,4.294487988789272e+18,13.129738415384749,1580442.4474838895,1580442.4474838895,17.403600088121046,3.7629582082949753,transient-slab
Li,4.5522682755073096e+18,13.129738415384749,1675309.8468845366,1675309.8468845366,18.44826595570604,3.988832968772706,transient-slab
Li,4.825522042741279e+18,13.129738415384749,1775871.7424583095,1775871.7424583095,19.555638778712414,4.228266053472165,transient-slab
Li,5.115178099293145e+18,13.129738415384749,1882469.951171527,1882469.951171527,20.72948259536541,4.48207131231316,transient-slab
Li,5.422221006501592e+18,13.129738415384749,1995466.8078440481,1995466.8078440481,21.973787383479717,4.751111447247734,transient-slab
Li,5.747694424835359e+18,13.129738415384749,2115246.3967508473,2115246.3967508473,23.29278262267505,5.036300944644874,transient-slab
Li,6.092704661368687e+18,13.129738415384749,2242215.8571515162,2242215.8571515162,24.690951670675318,5.3386091836940865,transient-slab
Li,6.458424430196991e+18,13.129738415384749,2376806.7671852876,2376806.7671852876,26.17304700255732,5.659063731393542,transient-slab
Li,6.846096838574672e+18,13.129738415384749,2519476.6108355266,2519476.6108355266,27.744106364748248,5.998753835322683,transient-slab
Li,7.257039612324231e+18,13.129738415384749,2670710.3329500165,2670710.3329500165,29.409469898680694,6.358834126071468,transient-slab
Li,7.692649574879161e+18,13.129738415384749,2831021.987602653,2831021.987602653,31.17479829230946,6.740528541911079,transient-slab
Li,8.154407395185187e+18,13.129738415384749,3000956.4853994492,3000956.4853994492,33.046092021188684,7.145134489046308,transient-slab
Li,8.643882620598297e+18,13.129738415384749,3181091.44566807,3181091.44566807,35.029711744510884,7.5740272515906435,transient-slab
Li,9.162739011886769e+18,13.129738415384749,3372039.159826609,3372039.159826609,37.132399925435564,8.028664666253832,transient-slab
Li,9.712740198471207e+18,13.129738415384749,3574448.672605248,3574448.672605248,39.36130374919646,8.510592077631545,transient-slab
Li,1.0295755673125085e+19,13.129738415384749,3789007.9881949816,3789007.9881949816,41.72399941688716,9.021447590940433,transient-slab
Li,1.0913767146512693e+19,13.129738415384749,4016446.408822443,4016446.408822443,44.22851789750368,9.562967640053435,transient-slab
Li,1.1568875283162786e+19,13.129738415384749,4257537.013699364,4257537.013699364,46.883372225771716,10.136992889760391,transient-slab
Li,1.2263306841775593e+19,13.129738415384749,4513099.286773388,4513099.286773388,49.69758643855269,10.74547449231759,transient-slab
Li,1.2999422244132422e+19,13.129738415384749,4784001.902211697,4784001.902211697,52.68072624818023,11.39048071955166,transient-slab
Li,1.377972359833554e+19,13.129738415384749,5071165.677085694,5071165.677085694,55.84293155699025,12.074203993061177,transient-slab
Li,1.460686320364986e+19,13.129738415384749,5375566.701293092,5375566.701293092,59.19495092356324,12.798968336412123,transient-slab
Li,1.548365256585496e+19,13.129738415384749,5698239.655356223,5698239.655356223,62.74817809783187,13.567237274657673,transient-slab
Li,1.6413071953751267e+19,13.129738415384749,6040281.327374017,6040281.327374017,66.51469074923965,14.381622208033374,transient-slab
Li,1.7398280529303622e+19,13.129738415384749,6402854.341082004,6402854.341082004,70.50729151959004,15.244891288290486,transient-slab
Li,1.8442627085855328e+19,13.129738415384749,6787191.107692284,6787191.107692284,74.73955154012774,16.15997882783877,transient-slab
Li,1.9549661430912594e+19,13.129738415384749,7194598.014946038,7194598.014946038,79.22585656076966,17.129995273681043,transient-slab
Li,2.0723146452190294e+19,13.129738415384749,7626459.867617484,7626459.867617484,83.98145584828215,18.15823778004163,transient-slab
Li,2.1967070907932353e+19,13.129738415384749,8084244.594562849,8084244.594562849,89.02251401961303,19.248201415625832,transient-slab
Li,2.3285662984981967e+19,13.129738415384749,8569508.238313936,8569508.238313936,94.3661659865629,20.40359104360461,transient-slab
Li,2.468340467068651e+19,13.129738415384749,9083900.2441763,9083900.2441763,100.03057519855747,21.62833391470548,transient-slab
Li,2.6165046987488236e+19,13.129738415384749,9629169.066810029,9629169.066810029,106.03499538149157,22.926593016214355,transient-slab
Li,2.773562614198418e+19,13.129738415384749,10207168.113350278,10207168.113350278,112.39983598249947,24.302781222262567,transient-slab
Li,2.9400480643347137e+19,13.129738415384749,10819862.04326867,10819862.04326867,119.14673154310333,25.761576293496834,transient-slab
Li,3.1165269449294365e+19,13.129738415384749,11469333.446389245,11469333.446389245,126.2986152365439,27.30793677711725,transient-slab
Li,3.303599120128346e+19,13.129738415384749,12157789.921757927,12157789.921757927,133.87979681925134,28.9471188613284,transient-slab
Li,3.50190046143172e+19,13.129738415384749,12887571.581427205,12887571.581427205,141.9160452614198,30.684694241493347,transient-slab
Li,3.712105009066372e+19,13.129738415384749,13661159.004661828,13661159.004661828,150.43467633755247,32.526569058718636,transient-slab
Li,3.934927263095861e+19,13.129738415384749,14481181.669602443,14481181.669602443,159.4646454747027,34.47900397524391,transient-slab
Li,4.171124612056533e+19,13.129738415384749,15350426.891046995,15350426.891046995,169.03664617401034,36.548635454873796,transient-slab
Li,4.421499907374468e+19,13.129738415384749,16271849.294729952,16271849.294729952,179.18321434007248,38.7424983207856,transient-slab
Li,4.6869041923142115e+19,13.129738415384749,17248580.860303927,17248580.860303927,189.93883887278244,41.068049667390305,transient-slab
Li,4.9682395947343675e+19,13.129738415384749,18283941.56715767,18283941.56715767,201.34007889751328,43.533194207518264,transient-slab
Li,5.266462393484259e+19,13.129738415384749,19381450.679261748,19381450.679261748,213.42568803218114,46.146311141099396,transient-slab
Li,5.582586268862678e+19,13.129738415384749,20544838.70739316,20544838.70739316,226.23674611350566,48.91628263665037,transient-slab
Li,5.917685748188806e+19,13.129738415384749,21778060.089404933,21778060.089404933,239.8167988302761,51.8525240223927,transient-slab
Li,6.272899858196231e+19,13.129738415384749,23085306.63163875,23085306.63163875,254.21200573821272,54.96501578961607,transient-slab
Li,6.649435996665032e+19,13.129738415384749,24471021.757170018,24471021.757170018,269.471297159549,58.264337517071475,transient-slab
Li,7.048574036451889e+19,13.129738415384749,25939915.60931584,25939915.60931584,285.64654050064263,61.761703831704374,transient-slab
Li,7.471670675868067e+19,13.129738415384749,27496981.061743923,27496981.061743923,302.79271655294326,65.46900252796172,transient-slab
Li,7.920164050192541e+19,13.129738415384749,29147510.689601872,29147510.689601872,320.9681063765754,69.39883497524255,transient-slab
Li,8.395578619995103e+19,13.129738415384749,30897114.759352896,30897114.759352896,340.234489401767,73.56455895084022,transient-slab
Li,8.899530352885224e+19,13.129738415384749,32751740.298466716,32751740.298466716,360.65735342148434,77.98033404396837,transient-slab
Li,9.433732216299774e+19,13.129738415384749,34717691.309784755,34717691.309784755,382.30611718905277,82.66116978520179,transient-slab
Li,1e+20,13.129738415384749,36801650.199269906,36801650.199269906,405.25436637738903,87.62297666492834,transient-slab
Li,1e+18,13.796280736619591,396393.21959783987,396393.21959783987,4.36502390992246,0.9437933799948569,transient-slab
Li,1.0600258488068824e+18,13.796280736619591,420187.0590654933,420187.0590654933,4.627038175177894,1.000445378727365,transient-slab
Li,1.1236548001387516e+18,13.796280736619591,445409.14394356706,445409.14394356706,4.904780069104795,1.0604979617703978,transient-slab
Li,1.191103133283008e+18,13.796280736619591,472145.20587512664,472145.20587512664,5.1991936559638905,1.1241552520836349,transient-slab
Li,1.2626001098748577e+18,13.796280736619591,500486.1226178813,500486.1226178813,5.51127966827448,1.1916336252806699,transient-slab
Li,1.3383887531737592e+18,13.796280736619591,530528.2269440851,530528.2269440851,5.84209890837477,1.2631624451049646,transient-slab
Li,1.418726674116599e+18,13.796280736619591,562373.6340824141,562373.6340824141,6.192775854163727,1.3389848430533668,transient-slab
Li,1.5038869469554132e+18,13.796280736619591,596130.5888148221,596130.5888148221,6.5645024812806705,1.4193585447971955,transient-slab
Li,1.5941590374560028e+18,13.796280736619591,631913.8334081785,631913.8334081785,6.95854231471443,1.504556746209949,transient-slab
Li,1.689849786812462e+18,13.796280736619591,669844.9976313153,669844.9976313153,7.37623472361377,1.594869041979322,transient-slab
Li,1.7912844546220096e+18,13.796280736619591,710053.0121831793,710053.0121831793,7.818999473897489,1.6906024099599506,transient-slab
Li,1.898807824465269e+18,13.796280736619591,752674.5469373581,752674.5469373581,8.288341554138752,1.7920822546127573,transient-slab
Li,2.0127853758499466e+18,13.796280736619591,797854.4754926087,797854.4754926087,8.785856291127285,1.8996535130776397,transient-slab
Li,2.133604526501402e+18,13.796280736619591,845746.3676084157,845746.3676084157,9.313234772497413,2.013681827639085,transient-slab
Li,2.2616759492228552e+18,13.796280736619591,896513.0111994483,896513.0111994483,9.872269594854341,2.1345547885701146,transient-slab
Li,2.3974349678010685e+18,13.796280736619591,950326.9656631093,950326.9656631093,10.464860956935851,2.2626832515788315,transient-slab
Li,2.541343036702629e+18,13.796280736619591,1007371.1484211064,1007371.1484211064,11.093023118521929,2.3985027343359677,transient-slab
Li,2.693889309590164e+18,13.796280736619591,1067839.4566686475,1067839.4566686475,11.75889124704558,2.542474896830113,transient-slab
Li,2.8555923019901005e+18,13.796280736619591,1131937.4264446632,1131937.4264446632,12.464728675177312,2.6950891105825314,transient-slab
Li,3.0270016537634555e+18,13.796280736619591,1199882.9312632822,1199882.9312632822,13.212934594052317,2.856864122055434,transient-slab
Li,3.208699997370444e+18,13.796280736619591,1271906.9226812508,1271906.9226812508,14.006052208290127,3.0283498159077404,transient-slab
Li,3.401304938279246e+18,13.796280736619591,1348254.2153185424,1348254.2153185424,14.846777380526248,3.2101290840917676,transient-slab
Li,3.6054711542504986e+18,13.796280736619591,1429184.3190004954,1429184.3190004954,15.737967794839163,3.402819807144037,transient-slab
Li,3.821892620633115e+18,13.796280736619591,1514972.3208499863,1514972.3208499863,16.68265267021976,3.607076954404729,transient-slab
Li,4.051304969235378e+18,13.796280736619591,1605909.8203279395,1605909.8203279395,17.68404305710011,3.8235948103046176,transient-slab
Li,4.294487988789272e+18,13.796280736619591,1702305.9204004318,1702305.9204004318,18.745542751939993,4.053109334286742,transient-slab
Li,4.5522682755073096e+18,13.796280736619591,1804488.278201449,1804488.278201449,19.870759866970896,4.296400662384403,transient-slab
Li,4.825522042741279e+18,13.796280736619591,1912804.2187625607,1912804.2187625607,21.063519094423558,4.554295758958478,transient-slab
Li,5.115178099293145e+18,13.796280736619591,2027621.9155951692,2027621.9155951692,22.32787470692631,4.827671227607546,transient-slab
Li,5.422221006501592e+18,13.796280736619591,2149331.6421382064,2149331.6421382064,23.668124338263283,5.117456290805253,transient-slab
Li,5.747694424835359e+18,13.796280736619591,2278347.0983250425,2278347.0983250425,25.088823591334368,5.424635948392959,transient-slab
Li,6.092704661368687e+18,13.796280736619591,2415106.816778701,2415106.816778701,26.59480152297035,5.750254325663573,transient-slab
Li,6.458424430196991e+18,13.796280736619591,2560075.65341513,2560075.65341513,28.191177058237212,6.095418222416976,transient-slab
Li,6.846096838574672e+18,13.796280736619591,2713746.3675212073,2713746.3675212073,29.883376390023013,6.461300875050494,transient-slab
Li,7.257039612324231e+18,13.796280736619591,2876641.2966782623,2876641.2966782623,31.6771514230497,6.8491459444720535,transient-slab
Li,7.692649574879161e+18,13.796280736619591,3049314.132224305,3049314.132224305,33.57859932500239,7.260271743391203,transient-slab
Li,8.154407395185187e+18,13.796280736619591,3232351.8012898914,3232351.8012898914,35.594183251231875,7.696075717356885,transient-slab
Li,8.643882620598297e+18,13.796280736619591,3426376.4618047723,3426376.4618047723,37.73075431347478,8.158039194773268,transient-slab
Li,9.162739011886769e+18,13.796280736619591,3632047.617256527,3632047.617256527,39.995574867265056,8.64773242203935,transient-slab
Li,9.712740198471207e+18,13.796280736619591,3850064.3583893646,3850064.3583893646,42.396343197191854,9.166819900927058,transient-slab
Li,1.0295755673125085e+19,13.796280736619591,4081167.739462778,4081167.739462778,44.94121968391082,9.717066046339948,transient-slab
Li,1.0913767146512693e+19,13.796280736619591,4326143.297147297,4326143.297147297,47.638854541854144,10.300341183684042,transient-slab
Li,1.1568875283162786e+19,13.796280736619591,4585823.720618768,4585823.720618768,50.49841722191653,10.91862790623516,transient-slab
Li,1.2263306841775593e+19,13.796280736619591,4861091.6819276465,4861091.6819276465,53.52962757906618,11.574027814113444,transient-slab
Li,1.2999422244132422e+19,13.796280736619591,5152882.836263428,5152882.836263428,56.742788910815925,12.26876865777007,transient-slab
Li,1.377972359833554e+19,13.796280736619591,5462189.002312556,5462189.002312556,60.148822978857396,13.00521191026799,transient-slab
Li,1.460686320364986e+19,13.796280736619591,5790061.533519986,5790061.533519986,63.759307132898236,13.785860794095207,transient-slab
Li,1.548365256585496e+19,13.796280736619591,6137614.8917136025,6137614.8917136025,67.58651366288916,14.613368789794292,transient-slab
Li,1.6413071953751267e+19,13.796280736619591,6506030.435238473,6506030.435238473,71.64345151340204,15.490548655329698,transient-slab
Li,1.7398280529303622e+19,13.796280736619591,6896560.434477072,6896560.434477072,75.94391050194871,16.42038198685017,transient-slab
Li,1.8442627085855328e+19,13.796280736619591,7310532.328404522,7310532.328404522,80.5025081915421,17.4060293533441,transient-slab
Li,1.9549661430912594e+19,13.796280736619591,7749353.236647158,7749353.236647158,85.33473957682243,18.450841039636092,transient-slab
Li,2.0723146452190294e+19,13.796280736619591,8214514.7423812635,8214514.7423812635,90.45702975263545,19.558368434241103,transient-slab
Li,2.1967070907932353e+19,13.796280736619591,8707597.962329349,8707597.962329349,95.88678974408681,20.732376100784165,transient-slab
Li,2.3285662984981967e+19,13.796280736619591,9230278.92108725,9230278.92108725,101.64247568784272,21.976854574017263,transient-slab
Li,2.468340467068651e+19,13.796280736619591,9784334.248049786,9784334.248049786,107.74365156583838,23.296033923928064,transient-slab
Li,2.6165046987488236e+19,13.796280736619591,10371647.216299225,10371647.216299225,114.21105570463082,24.694398134045773,transient-slab
Li,2.773562614198418e+19,13.796280736619591,10994214.143983126,10994214.143983126,121.06667126643143,26.176700342816968,transient-slab
Li,2.9400480643347137e+19,13.796280736619591,11654151.179940343,11654151.179940343,128.33380097142276,27.74797899985796,transient-slab
Li,3.1165269449294365e+19,13.796280736619591,12353701.496639993,12353701.496639993,136.0371463053459,29.413574991999983,transient-slab
Li,3.303599120128346e+19,13.796280736619591,13095242.914882664,13095242.914882664,144.20289148159037,31.17914979733968,transient-slab
Li,3.50190046143172e+19,13.796280736619591,13881295.986180805,13881295.986180805,152.85879244317954,33.050704729001914,transient-slab
Li,3.712105009066372e+19,13.796280736619591,14714532.56029088,14714532.56029088,162.0342712071765,35.03460133402591,transient-slab
Li,3.934927263095861e+19,13.796280736619591,15597784.867018849,15597784.867018849,171.76051587219183,37.137583016711545,transient-slab
Li,4.171124612056533e+19,13.796280736619591,16534055.143168803,16534055.143168803,182.07058662892817,39.36679795992573,transient-slab
Li,4.421499907374468e+19,13.796280736619591,17526525.837357163,17526525.837357163,192.99952813409502,41.72982342227896,transient-slab
Li,4.6869041923142115e+19,13.796280736619591,18578570.427380435,18578570.427380435,204.5844886296735,44.23469149376294,transient-slab
Li,4.9682395947343675e+19,13.796280736619591,19693764.886902235,19693764.886902235,216.86484621238998,46.88991639738627,transient-slab
Li,5.266462393484259e+19,13.796280736619591,20875899.840441715,20875899.840441715,229.88234268266262,49.70452342962313,transient-slab
Li,5.582586268862678e+19,13.796280736619591,22128993.447971694,22128993.447971694,243.6812254279041,52.688079638027844,transient-slab
Li,5.917685748188806e+19,13.796280736619591,23457305.062928133,23457305.062928133,258.3083978225153,55.85072634030508,transient-slab
Li,6.272899858196231e+19,13.796280736619591,24865349.710052375,24865349.710052375,273.8135786557576,59.2032135953628,transient-slab
Li,6.649435996665032e+19,13.796280736619591,26357913.432278235,26357913.432278235,290.24947112941953,62.7569367435196,transient-slab
Li,7.048574036451889e+19,13.796280736619591,27940069.55882907,27940069.55882907,307.67194199971175,66.52397514006921,transient-slab
Li,7.471670675868067e+19,13.796280736619591,29617195.949821122,29617195.949821122,326.1402114723063,70.51713321385981,transient-slab
Li,7.920164050192541e+19,13.796280736619591,31394993.275988895,31394993.275988895,345.71705449598767,74.74998399044975,transient-slab
Li,8.395578619995103e+19,13.796280736619591,33279504.39566649,33279504.39566649,366.4690141391245,79.23691522777736,transient-slab
Li,8.899530352885224e+19,13.796280736619591,35277134.89488875,35277134.89488875,388.4666277742469,83.99317832116368,transient-slab
Li,9.433732216299774e+19,13.796280736619591,37394674.86042933,37394674.86042933,411.7846668395432,89.03494014387937,transient-slab
Li,1e+20,13.796280736619591,39639321.95978399,39639321.95978399,436.50239099224615,94.3793379994857,transient-slab
Li,1e+18,14.496660644860475,426957.9861020974,426957.9861020974,4.70159862915615,1.0165666335764223,transient-slab
Li,1.0600258488068824e+18,14.496660644860475,452586.5016227529,452586.5016227529,4.983816077620523,1.077586908625602,transient-slab
Li,1.1236548001387516e+18,14.496660644860475,479753.39054119616,479753.39054119616,5.282973867977083,1.1422699774790384,transient-slab
Li,1.191103133283008e+18,14.496660644860475,508550.99502641126,508550.99502641126,5.600088858626987,1.2108357024438363,transient-slab
Li,1.2626001098748577e+18,14.496660644860475,539077.2001644562,539077.2001644562,5.936238945760036,1.2835171432487051,transient-slab
Li,1.3383887531737592e+18,14.496660644860475,571435.7666767654,571435.7666767654,6.292566727199756,1.3605613492303938,transient-slab
Li,1.418726674116599e+18,14.496660644860475,605736.6836101499,605736.6836101499,6.6702833861738675,1.4422301990717854,transient-slab
Li,1.5038869469554132e+18,14.496660644860475,642096.542197315,642096.542197315,7.070672808211399,1.528801290945988,transient-slab
Li,1.5941590374560028e+18,14.496660644860475,680638.932158673,680638.932158673,7.49509594516003,1.6205688860920784,transient-slab
Li,1.689849786812462e+18,14.496660644860475,721494.8617925075,721494.8617925075,7.9449954411572845,1.7178449090297796,transient-slab
Li,1.7912844546220096e+18,14.496660644860475,764803.2032814071,764803.2032814071,8.421900536279564,1.8209600078128743,transient-slab
Li,1.898807824465269e+18,14.496660644860475,810711.1647285961,810711.1647285961,8.92743226453688,1.9302646779252288,transient-slab
Li,2.0127853758499466e+18,14.496660644860475,859374.7905286464,859374.7905286464,9.463308963881655,2.046130453639634,transient-slab
Li,2.133604526501402e+18,14.496660644860475,910959.4917733577,910959.4917733577,10.031352116960349,2.168951170888947,transient-slab
Li,2.2616759492228552e+18,14.496660644860475,965640.6084957399,965640.6084957399,10.633492542461614,2.299144305942238,transient-slab
Li,2.3974349678010685e+18,14.496660644860475,1023604.005663091,1023604.005663091,11.271776958104525,2.437152394435931,transient-slab
Li,2.541343036702629e+18,14.496660644860475,1085046.704945143,1085046.704945143,11.94837493757661,2.583444535583674,transient-slab
Li,2.693889309590164e+18,14.496660644860475,1150177.554404586,1150177.554404586,12.665586285067524,2.7385179866775857,transient-slab
Li,2.8555923019901005e+18,14.496660644860475,1219217.9383863457,1219217.9383863457,13.425848852465514,2.9028998533008235,transient-slab
Li,3.0270016537634555e+18,14.496660644860475,1292402.5300185631,1292402.5300185631,14.231746825787662,3.077148880996579,transient-slab
Li,3.208699997370444e+18,14.496660644860475,1369980.0888830898,1369980.0888830898,15.086019509010221,3.261857354483547,transient-slab
Li,3.401304938279246e+18,14.496660644860475,1452214.3065668258,1452214.3065668258,15.991570635155751,3.457653110873395,transient-slab
Li,3.6054711542504986e+18,14.496660644860475,1539384.7029679974,1539384.7029679974,16.951478236286185,3.6652016737333275,transient-slab
Li,3.821892620633115e+18,14.496660644860475,1631787.5764039825,1631787.5764039825,17.969005105950664,3.8852085152475775,transient-slab
Li,4.051304969235378e+18,14.496660644860475,1729737.010750157,1729737.010750157,19.04760988965056,4.1184214541670405,transient-slab
Li,4.294487988789272e+18,14.496660644860475,1833565.9430331143,1833565.9430331143,20.190958841019196,4.365633197697891,transient-slab
Li,4.5522682755073096e+18,14.496660644860475,1943627.2951070692,1943627.2951070692,21.402938283676203,4.627684035969213,transient-slab
Li,4.825522042741279e+18,14.496660644860475,2060295.1732600955,2060295.1732600955,22.687667821115184,4.9054646982383225,transient-slab
Li,5.115178099293145e+18,14.496660644860475,2183966.1398277557,2183966.1398277557,24.049514339526212,5.199919380542275,transient-slab
Li,5.422221006501592e+18,14.496660644860475,2315060.561136408,2315060.561136408,25.493106851149573,5.512048955086685,transient-slab
Li,5.747694424835359e+18,14.496660644860475,2454024.036357958,2454024.036357958,27.02335222861437,5.842914372280852,transient-slab
Li,6.092704661368687e+18,14.496660644860475,2601328.912132836,2601328.912132836,28.645451883744308,6.193640266982943,transient-slab
Li,6.458424430196991e+18,14.496660644860475,2757475.888109493,2757475.888109493,30.364919447522762,6.565418781213078,transient-slab
Li,6.846096838574672e+18,14.496660644860475,2922995.7188577782,2922995.7188577782,32.18759951131294,6.959513616328044,transient-slab
Li,7.257039612324231e+18,14.496660644860475,3098451.0179410996,3098451.0179410996,34.11968749303549,7.37726432843119,transient-slab
Li,7.692649574879161e+18,14.496660644860475,3284438.170279563,3284438.170279563,36.16775069583051,7.8200908816180075,transient-slab
Li,8.154407395185187e+18,14.496660644860475,3481589.3593043177,3481589.3593043177,38.33875063078346,8.28949847453409,transient-slab
Li,8.643882620598297e+18,14.496660644860475,3690574.7157935686,3690574.7157935686,40.64006667959163,8.787082656651354,transient-slab
Li,9.162739011886769e+18,14.496660644860475,3912104.5956942975,3912104.5956942975,43.079521177602416,9.314534751653088,transient-slab
Li,9.712740198471207e+18,14.496660644860475,4146931.9946721527,4146931.9946721527,45.665406002482065,9.873647606362269,transient-slab
Li,1.0295755673125085e+19,14.496660644860475,4395855.107596731,4395855.107596731,48.406510758891564,10.466321684754123,transient-slab
Li,1.0913767146512693e+19,14.496660644860475,4659720.041662294,4659720.041662294,51.31215265497352,11.094571527767368,transient-slab
Li,1.1568875283162786e+19,14.496660644860475,4939423.692365515,4939423.692365515,54.392208172196625,11.760532600870274,transient-slab
Li,1.2263306841775593e+19,14.496660644860475,5235916.79211658,5235916.79211658,57.65714663621336,12.466468552658522,transient-slab
Li,1.2999422244132422e+19,14.496660644860475,5550207.141845588,5550207.141845588,61.11806580283497,13.214778909156161,transient-slab
Li,1.377972359833554e+19,14.496660644860475,5883363.0365888905,5883363.0365888905,64.78672958008505,14.008007229973549,transient-slab
Li,1.460686320364986e+19,14.496660644860475,6236516.896699174,6236516.896699174,68.67560801455159,14.848849754045654,transient-slab
Li,1.548365256585496e+19,14.496660644860475,6610869.117022006,6610869.117022006,72.79791967795377,15.740164564338109,transient-slab
Li,1.6413071953751267e+19,14.496660644860475,7007692.1471224595,7007692.1471224595,77.16767659799824,16.684981302672526,transient-slab
Li,1.7398280529303622e+19,14.496660644860475,7428334.816430808,7428334.816430808,81.79973188624805,17.6865114676924,transient-slab
Li,1.8442627085855328e+19,14.496660644860475,7874226.919008785,7874226.919008785,86.7098302248955,18.748159330973298,transient-slab
Li,1.9549661430912594e+19,14.496660644860475,8346884.07352029,8346884.07352029,91.91466138404552,19.873533508381644,transient-slab
Li,2.0723146452190294e+19,14.496660644860475,8847912.874925992,8847912.874925992,97.43191695142,21.066459226014267,transient-slab
Li,2.1967070907932353e+19,14.496660644860475,9379016.35541277,9379016.35541277,103.28035046731071,22.330991322411357,transient-slab
Li,2.3285662984981967e+19,14.496660644860475,9941999.773120055,9941999.773120055,109.47984116918333,23.671428031238225,transient-slab
Li,2.468340467068651e+19,14.496660644860475,10538776.748339418,10538776.748339418,116.05146156260624,25.09232559128433,transient-slab
Li,2.6165046987488236e+19,14.496660644860475,11171375.768044729,11171375.768044729,123.01754904818097,26.59851373343983,transient-slab
Li,2.773562614198418e+19,14.496660644860475,11841947.080862254,11841947.080862254,130.40178184794036,28.195112097291084,transient-slab
Li,2.9400480643347137e+19,14.496660644860475,12552770.005917192,12552770.005917192,138.22925948929284,29.88754763313617,transient-slab
Li,3.1165269449294365e+19,14.496660644860475,13306260.680399945,13306260.680399945,146.52658812008445,31.6815730485713,transient-slab
Li,3.303599120128346e+19,14.496660644860475,14104980.272186598,14104980.272186598,155.321970944769,33.58328636234904,transient-slab
Li,3.50190046143172e+19,14.496660644860475,14951643.685428929,14951643.685428929,164.64530408908666,35.59915163197364,transient-slab
Li,3.712105009066372e+19,14.496660644860475,15849128.788704861,15849128.788704861,174.52827821910134,37.736020925487765,transient-slab
Li,3.934927263095861e+19,14.496660644860475,16800486.197096467,16800486.197096467,185.00448626000664,40.00115761213445,transient-slab
Li,4.171124612056533e+19,14.496660644860475,17808949.641445495,17808949.641445495,196.10953758084474,42.4022610510607,transient-slab
Li,4.421499907374468e+19,14.496660644860475,18877946.960032135,18877946.960032135,207.8811790332585,44.94749276198127,transient-slab
Li,4.6869041923142115e+19,14.496660644860475,20011111.750039533,20011111.750039533,220.35942325570713,47.645504166760794,transient-slab
Li,4.9682395947343675e+19,14.496660644860475,21212295.71840486,21212295.71840486,233.58668467922408,50.50546599620205,transient-slab
Li,5.266462393484259e+19,14.496660644860475,22485581.77404471,22485581.77404471,247.60792369708014,53.53709946201122,transient-slab
Li,5.582586268862678e+19,14.496660644860475,23835297.905948307,23835297.905948307,262.47079948830714,56.750709299876924,transient-slab
Li,5.917685748188806e+19,14.496660644860475,25266031.894317765,25266031.894317765,278.2258320146138,60.15721879599467,transient-slab
Li,6.272899858196231e+19,14.496660644860475,26782646.904755954,26782646.904755954,294.92657374129215,63.7682069160856,transient-slab
Li,6.649435996665032e+19,14.496660644860475,28390298.018508952,28390298.018508952,312.6297916658188,67.59594766311655,transient-slab
Li,7.048574036451889e+19,14.496660644860475,30094449.754950304,30094449.754950304,331.3956602728784,71.65345179750072,transient-slab
Li,7.471670675868067e+19,14.496660644860475,31900894.64586727,31900894.64586727,351.2879660716751,75.95451106158873,transient-slab
Li,7.920164050192541e+19,14.496660644860475,33815772.92468438,33815772.92468438,372.3743244107707,80.51374505877234,transient-slab
Li,8.395578619995103e+19,14.496660644860475,35845593.39754935,35845593.39754935,394.7264093074166,85.34665094654608,transient-slab
Li,8.899530352885224e+19,14.496660644860475,37997255.56722364,37997255.56722364,418.42019707258726,90.46965611243724,transient-slab
Li,9.433732216299774e+19,14.496660644860475,40278073.08497828,40278073.08497828,443.5362245598124,95.90017401185305,transient-slab
Li,1e+20,14.496660644860475,42695798.61020974,42695798.61020974,470.159862915615,101.65666335764224,transient-slab
Li,1e+18,15.232595933948712,459879.5158032825,459879.5158032825,5.064125678540822,1.0949512281030536,transient-slab
Li,1.0600258488068824e+18,15.232595933948712,487484.1740882726,487484.1740882726,5.368104120859965,1.1606766049720776,transient-slab
Li,1.1236548001387516e+18,15.232595933948712,516745.8254178432,516745.8254178432,5.690329127198307,1.2303472033758172,transient-slab
Li,1.191103133283008e+18,15.232595933948712,547763.9322059623,547763.9322059623,6.031895963048911,1.3041998385856244,transient-slab
Li,1.2626001098748577e+18,15.232595933948712,580643.9271824207,580643.9271824207,6.393965638145731,1.3824855409105257,transient-slab
Li,1.3383887531737592e+18,15.232595933948712,615497.5717661072,615497.5717661072,6.777768852817468,1.4654704089669222,transient-slab
Li,1.418726674116599e+18,15.232595933948712,652443.3359499428,652443.3359499428,7.184610181224685,1.5534365141665307,transient-slab
Li,1.5038869469554132e+18,15.232595933948712,691606.8009887321,691606.8009887321,7.615872505699267,1.6466828594969813,transient-slab
Li,1.5941590374560028e+18,15.232595933948712,733121.0862586934,733121.0862586934,8.073021717258865,1.745526395854032,transient-slab
Li,1.689849786812462e+18,15.232595933948712,777127.3017395952,777127.3017395952,8.557611698273725,1.8503030993799887,transient-slab
Li,1.7912844546220096e+18,15.232595933948712,823775.0276575165,823775.0276575165,9.07128960422231,1.9613691134702773,transient-slab
Li,1.898807824465269e+18,15.232595933948712,873222.822918572,873222.822918572,9.615801462488802,2.0791019593299334,transient-slab
Li,2.0127853758499466e+18,15.232595933948712,925638.7640618014,925638.7640618014,10.192998107233155,2.203901819194765,transient-slab
Li,2.133604526501402e+18,15.232595933948712,981201.0165631565,981201.0165631565,10.804841470506682,2.336192896578944,transient-slab
Li,2.2616759492228552e+18,15.232595933948712,1040098.440432536,1040098.440432536,11.453411250997652,2.4764248581727046,transient-slab
Li,2.3974349678010685e+18,15.232595933948712,1102531.2321622137,1102531.2321622137,12.140911983073083,2.625074362290985,transient-slab
Li,2.541343036702629e+18,15.232595933948712,1168711.6052088484,1168711.6052088484,12.869680530146693,2.782646679068687,transient-slab
Li,2.693889309590164e+18,15.232595933948712,1238864.5113219635,1238864.5113219635,13.642194027842157,2.949677407909437,transient-slab
Li,2.8555923019901005e+18,15.232595933948712,1313228.405170788,1313228.405170788,14.461078303951565,3.126734298025686,transient-slab
Li,3.0270016537634555e+18,15.232595933948712,1392056.0548684732,1392056.0548684732,15.329116803809052,3.3144191782582695,transient-slab
Li,3.208699997370444e+18,15.232595933948712,1475615.4011487134,1475615.4011487134,16.249260051417533,3.5133700027350323,transient-slab
Li,3.401304938279246e+18,15.232595933948712,1564190.468115173,1564190.468115173,17.224635678487633,3.7242630193218407,transient-slab
Li,3.6054711542504986e+18,15.232595933948712,1658082.3286594213,1658082.3286594213,18.25855905547817,3.947815068236717,transient-slab
Li,3.821892620633115e+18,15.232595933948712,1757610.1278288953,1757610.1278288953,19.354544560773835,4.184786018640228,transient-slab
Li,4.051304969235378e+18,15.232595933948712,1863112.1676233977,1863112.1676233977,20.51631752630491,4.43598135148428,transient-slab
Li,4.294487988789272e+18,15.232595933948712,1974947.0569074228,1974947.0569074228,21.747826900212885,4.7022548973986265,transient-slab
Li,4.5522682755073096e+18,15.232595933948712,2093494.930346945,2093494.930346945,23.05325866960331,4.984511738921298,transient-slab
Li,4.825522042741279e+18,15.232595933948712,2219158.740513926,2219158.740513926,24.437050089010878,5.283711286937919,transient-slab
Li,5.115178099293145e+18,15.232595933948712,2352365.627550486,2352365.627550486,25.90390476294005,5.600870541786872,transient-slab
Li,5.422221006501592e+18,15.232595933948712,2493568.3710483387,2493568.3710483387,27.458808633748173,5.937067550115092,transient-slab
Li,5.747694424835359e+18,15.232595933948712,2643246.9290785105,2643246.9290785105,29.107046929214658,6.293445069234549,transient-slab
Li,6.092704661368687e+18,15.232595933948712,2801910.0696026334,2801910.0696026334,30.854222127402526,6.6712144514348415,transient-slab
Li,6.458424430196991e+18,15.232595933948712,2970097.0998110822,2970097.0998110822,32.70627299987596,7.071659761454958,transient-slab
Li,6.846096838574672e+18,15.232595933948712,3148379.699266103,3148379.699266103,34.66949479800314,7.496142141109769,transient-slab
Li,7.257039612324231e+18,15.232595933948712,3337363.8630809085,3337363.8630809085,36.75056065095908,7.946104435906926,transient-slab
Li,7.692649574879161e+18,15.232595933948712,3537691.9617397552,3537691.9617397552,38.9565442481617,8.423076099380369,transient-slab
Li,8.154407395185187e+18,15.232595933948712,3750044.924560469,3750044.924560469,41.29494388324048,8.92867839181064,transient-slab
Li,8.643882620598297e+18,15.232595933948712,3975144.5542211533,3975144.5542211533,43.773707941264576,9.464629891002746,transient-slab
Li,9.162739011886769e+18,15.232595933948712,4213755.980218334,4213755.980218334,46.40126191586355,10.032752333853177,transient-slab
Li,9.712740198471207e+18,15.232595933948712,4466690.259596016,4466690.259596016,49.186537048073724,10.634976808561944,transient-slab
Li,1.0295755673125085e+19,15.232595933948712,4734807.133785663,4734807.133785663,52.139000684255095,11.273350318537295,transient-slab
Li,1.0913767146512693e+19,15.232595933948712,5019017.950928029,5019017.950928029,55.26868845627012,11.95004274030483,transient-slab
Li,1.1568875283162786e+19,15.232595933948712,5320288.763609464,5320288.763609464,58.58623839330089,12.667354199070154,transient-slab
Li,1.2263306841775593e+19,15.232595933948712,5639643.612542841,5639643.612542841,62.10292708126113,13.427722887006764,transient-slab
Li,1.2999422244132422e+19,15.232595933948712,5978168.007354038,5978168.007354038,65.83070799270577,14.233733350842948,transient-slab
Li,1.377972359833554e+19,15.232595933948712,6337012.616305613,6337012.616305613,69.78225211752596,15.088125276918126,transient-slab
Li,1.460686320364986e+19,15.232595933948712,6717397.17749928,6717397.17749928,73.97099103253632,15.993802803569716,transient-slab
Li,1.548365256585496e+19,15.232595933948712,7120614.6448516315,7120614.6448516315,78.4111625563506,16.953844392503886,transient-slab
Li,1.6413071953751267e+19,15.232595933948712,7548035.582935568,7548035.582935568,83.11785914472998,17.971513292703733,transient-slab
Li,1.7398280529303622e+19,15.232595933948712,8001112.825625826,8001112.825625826,88.10707919090328,19.050268632442442,transient-slab
Li,1.8442627085855328e+19,15.232595933948712,8481386.414383652,8481386.414383652,93.39578140523248,20.193777177103932,transient-slab
Li,1.9549661430912594e+19,15.232595933948712,8990488.83296619,8990488.83296619,99.00194245906357,21.405925792776642,transient-slab
Li,2.0723146452190294e+19,15.232595933948712,9530150.556353783,9530150.556353783,104.944618088699,22.6908346579852,transient-slab
Li,2.1967070907932353e+19,15.232595933948712,10102205.932756303,10102205.932756303,111.24400786718728,24.05287126846739,transient-slab
Li,2.3285662984981967e+19,15.232595933948712,10708599.418691926,10708599.418691926,117.92152386409474,25.49666528259982,transient-slab
Li,2.468340467068651e+19,15.232595933948712,11351392.188331794,11351392.188331794,124.99986342663804,27.027124257932844,transient-slab
Li,2.6165046987488236e+19,15.232595933948712,12032769.139576225,12032769.139576225,132.50308632956637,28.649450332324346,transient-slab
Li,2.773562614198418e+19,15.232595933948712,12755046.320676548,12755046.320676548,140.4566965560302,30.369157906372735,transient-slab
Li,2.9400480643347137e+19,15.232595933948712,13520678.802646259,13520678.802646259,148.88772898741664,32.192092387253,transient-slab
Li,3.1165269449294365e+19,15.232595933948712,14332269.024220323,14332269.024220323,157.82484129681538,34.12445005766744,transient-slab
Li,3.303599120128346e+19,15.232595933948712,15192575.637727737,15192575.637727737,167.29841135846826,36.172799137446994,transient-slab
Li,3.50190046143172e+19,15.232595933948712,16104522.885945108,16104522.885945108,177.34064050430325,38.34410210939311,transient-slab
Li,3.712105009066372e+19,15.232595933948712,17071210.54180383,17071210.54180383,187.9856629785303,40.64573938524721,transient-slab
Li,3.934927263095861e+19,15.232595933948712,18095924.4447366,18095924.4447366,199.26966196234108,43.08553439223,transient-slab
Li,4.171124612056533e+19,15.232595933948712,19182147.669477127,19182147.669477127,211.23099256309112,45.67178016542174,transient-slab
Li,4.421499907374468e+19,15.232595933948712,20333572.365276285,20333572.365276285,223.9103121860091,48.41326753637211,transient-slab
Li,4.6869041923142115e+19,15.232595933948712,21554112.30577834,21554112.30577834,237.3507187315903,51.31931501375795,transient-slab
Li,4.9682395947343675e+19,15.232595933948712,22847916.192211367,22847916.192211367,251.59789708837553,54.399800457646116,transient-slab
Li,5.266462393484259e+19,15.232595933948712,24219381.75511737,24219381.75511737,266.700274419132,57.66519465504137,transient-slab
Li,5.582586268862678e+19,15.232595933948712,25673170.702546217,25673170.702546217,282.7091847681689,61.126596910824325,transient-slab
Li,5.917685748188806e+19,15.232595933948712,27214224.565530535,27214224.565530535,299.6790435493799,64.79577277507269,transient-slab
Li,6.272899858196231e+19,15.232595933948712,28847781.494697616,28847781.494697616,317.66753250806613,68.68519403499432,transient-slab
Li,6.649435996665032e+19,15.232595933948712,30579394.06511232,30579394.06511232,336.73579578525073,72.80808110741027,transient-slab
Li,7.048574036451889e+19,15.232595933948712,32414948.149870828,32414948.149870828,356.94864775092145,77.17844797588293,transient-slab
Li,7.471670675868067e+19,15.232595933948712,34360682.926597916,34360682.926597916,378.37479331263944,81.81114982523314,transient-slab
Li,7.920164050192541e+19,15.232595933948712,36423212.08485111,36423212.08485111,401.0870614483594,86.7219335353598,transient-slab
Li,8.395578619995103e+19,15.232595933948712,38609546.306517385,38609546.306517385,425.1626527572553,91.92749120599379,transient-slab
Li,8.899530352885224e+19,15.232595933948712,40927117.095614724,40927117.095614724,450.6834018699953,97.44551689432078,transient-slab
Li,9.433732216299774e+19,15.232595933948712,43383802.038497664,43383802.038497664,477.73605561041506,103.29476675832777,transient-slab
Li,1e+20,15.232595933948712,45987951.58032824,45987951.58032824,506.41256785408217,109.49512281030535,transient-slab
Li,1e+18,16.005891602988825,495339.5320842848,495339.5320842848,5.454606169276388,1.1793798382959162,transient-slab
Li,1.0600258488068824e+18,16.005891602988825,525072.7079452479,525072.7079452479,5.782023534494458,1.2501731141553523,transient-slab
Li,1.1236548001387516e+18,16.005891602988825,556590.6429249898,556590.6429249898,6.129094404973861,1.325215816488071,transient-slab
Li,1.191103133283008e+18,16.005891602988825,590000.4687045309,590000.4687045309,6.496998499049932,1.4047630207250736,transient-slab
Li,1.2626001098748577e+18,16.005891602988825,625415.7476349787,625415.7476349787,6.886986348652445,1.489085113416616,transient-slab
Li,1.3383887531737592e+18,16.005891602988825,662956.8587439593,662956.8587439593,7.30038354995172,1.5784687112951412,transient-slab
Li,1.418726674116599e+18,16.005891602988825,702751.4069124098,702751.4069124098,7.738595269153372,1.6732176355057378,transient-slab
Li,1.5038869469554132e+18,16.005891602988825,744934.6566125582,744934.6566125582,8.203111018757228,1.7736539443156147,transient-slab
Li,1.5941590374560028e+18,16.005891602988825,789649.9916813902,789649.9916813902,8.695509720515219,1.880119027812834,transient-slab
Li,1.689849786812462e+18,16.005891602988825,837049.4026924135,837049.4026924135,9.217465072297644,1.9929747683152705,transient-slab
Li,1.7912844546220096e+18,16.005891602988825,887294.0035823196,887294.0035823196,9.770751237110103,2.1126047704340944,transient-slab
Li,1.898807824465269e+18,16.005891602988825,940554.5792886053,940554.5792886053,10.357248873598532,2.23941566497287,transient-slab
Li,2.0127853758499466e+18,16.005891602988825,997012.166259604,997012.166259604,10.978951528540414,2.3738384910942956,transient-slab
Li,2.133604526501402e+18,16.005891602988825,1056858.6678101164,1056858.6678101164,11.63797241305057,2.5163301614526583,transient-slab
Li,2.2616759492228552e+18,16.005891602988825,1120297.5064143299,1120297.5064143299,12.336551585535014,2.667375015272214,transient-slab
Li,2.3974349678010685e+18,16.005891602988825,1187544.3151530838,1187544.3151530838,13.077063565806645,2.827486464650199,transient-slab
Li,2.541343036702629e+18,16.005891602988825,1258827.6706659358,1258827.6706659358,13.86202540624575,2.9972087396808,transient-slab
Li,2.693889309590164e+18,16.005891602988825,1334389.870099249,1334389.870099249,14.694105247438218,3.1771187383315453,transient-slab
Li,2.8555923019901005e+18,16.005891602988825,1414487.7546912623,1414487.7546912623,15.576131387373364,3.3678279873601484,transient-slab
Li,3.0270016537634555e+18,16.005891602988825,1499393.5827935466,1499393.5827935466,16.511101895027974,3.5699847209370157,transient-slab
Li,3.208699997370444e+18,16.005891602988825,1589395.9552963218,1589395.9552963218,17.502194801013953,3.784276084038862,transient-slab
Li,3.401304938279246e+18,16.005891602988825,1684800.7966032089,1684800.7966032089,18.552778899928217,4.011430468102878,transient-slab
Li,3.6054711542504986e+18,16.005891602988825,1785932.3944898283,1785932.3944898283,19.666425201122827,4.252219986880544,transient-slab
Li,3.821892620633115e+18,16.005891602988825,1893134.5023807886,1893134.5023807886,20.84691906681729,4.50746310090664,transient-slab
Li,4.051304969235378e+18,16.005891602988825,2006771.5077917904,2006771.5077917904,22.09827307881138,4.778027399504262,transient-slab
Li,4.294487988789272e+18,16.005891602988825,2127229.6709084595,2127229.6709084595,23.424740677533308,5.0648325497820466,transient-slab
Li,4.5522682755073096e+18,16.005891602988825,2254918.437511925,2254918.437511925,24.830830619783356,5.36885342264744,transient-slab
Li,4.825522042741279e+18,16.005891602988825,2390271.830713867,2390271.830713867,26.32132230431577,5.691123406461588,transient-slab
Li,5.115178099293145e+18,16.005891602988825,2533749.926231648,2533749.926231648,27.901282017351853,6.032737919599162,transient-slab
Li,5.422221006501592e+18,16.005891602988825,2685840.4162180787,2685840.4162180787,29.576080153243606,6.394858133852568,transient-slab
Li,5.747694424835359e+18,16.005891602988825,2847060.2669613995,2847060.2669613995,31.35140946882245,6.7787149213366655,transient-slab
Li,6.092704661368687e+18,16.005891602988825,3017957.4760901066,3017957.4760901066,33.23330443348064,7.1856130383097785,transient-slab
Li,6.458424430196991e+18,16.005891602988825,3199112.9352554916,3199112.9352554916,35.22816174075785,7.616935560132123,transient-slab
Li,6.846096838574672e+18,16.005891602988825,3391142.40462328,3391142.40462328,37.342762051152974,8.074148582436381,transient-slab
Li,7.257039612324231e+18,16.005891602988825,3594698.6058858046,3594698.6058858046,39.584293040066875,8.558806204490011,transient-slab
Li,7.692649574879161e+18,16.005891602988825,3810473.4409090164,3810473.4409090164,41.960373829217254,9.072555811688135,transient-slab
Li,8.154407395185187e+18,16.005891602988825,4039200.3435556623,4039200.3435556623,44.47908088457011,9.61714367513253,transient-slab
Li,8.643882620598297e+18,16.005891602988825,4281656.7726786425,4281656.7726786425,47.148975468816424,10.1944208873301,transient-slab
Li,9.162739011886769e+18,16.005891602988825,4538666.854758415,4538666.854758415,49.979132741707005,10.806349654186702,transient-slab
Li,9.712740198471207e+18,16.005891602988825,4811104.185166951,4811104.185166951,52.97917260715981,11.455009964683217,transient-slab
Li,1.0295755673125085e+19,16.005891602988825,5099894.797579901,5099894.797579901,56.159292411990464,12.142606660904526,transient-slab
Li,1.0913767146512693e+19,16.005891602988825,5406020.311630439,5406020.311630439,59.5303016074141,12.871476932453428,transient-slab
Li,1.1568875283162786e+19,16.005891602988825,5730521.269503303,5730521.269503303,63.10365849112885,13.64409826072215,transient-slab
Li,1.2263306841775593e+19,16.005891602988825,6074500.672811132,6074500.672811132,66.89150915487849,14.463096840026505,transient-slab
Li,1.2999422244132422e+19,16.005891602988825,6439127.731774599,6439127.731774599,70.90672876987342,15.331256504225237,transient-slab
Li,1.377972359833554e+19,16.005891602988825,6825641.839450303,6825641.839450303,75.16296535040445,16.25152818916739,transient-slab
Li,1.460686320364986e+19,16.005891602988825,7235356.784515079,7235356.784515079,79.67468614440477,17.227039963131144,transient-slab
Li,1.548365256585496e+19,16.005891602988825,7669665.216926232,7669665.216926232,84.45722680864463,18.261107659348173,transient-slab
Li,1.6413071953751267e+19,16.005891602988825,8130043.381636852,8130043.381636852,89.52684353570892,19.357246146754413,transient-slab
Li,1.7398280529303622e+19,16.005891602988825,8618056.13645638,8618056.13645638,94.9007683099408,20.519181277277095,transient-slab
Li,1.8442627085855328e+19,16.005891602988825,9135362.271112535,9135362.271112535,100.59726748017027,21.750862550267943,transient-slab
Li,1.9549661430912594e+19,16.005891602988825,9683720.145594435,9683720.145594435,106.63570384832047,23.05647653712961,transient-slab
Li,2.0723146452190294e+19,16.005891602988825,10264993.666942047,10264993.666942047,113.03660248493524,24.440461111766776,transient-slab
Li,2.1967070907932353e+19,16.005891602988825,10881158.624797517,10881158.624797517,119.82172049533966,25.907520535232187,transient-slab
Li,2.3285662984981967e+19,16.005891602988825,11534309.407253318,11534309.407253318,127.01412097357344,27.462641445841232,transient-slab
Li,2.468340467068651e+19,16.005891602988825,12226666.119824909,12226666.119824909,134.63825139547225,29.111109809106924,transient-slab
Li,2.6165046987488236e+19,16.005891602988825,12960582.131745748,12960582.131745748,142.72002671735987,30.858528885108928,transient-slab
Li,2.773562614198418e+19,16.005891602988825,13738552.0752351,13738552.0752351,151.28691746281035,32.71083827436929,transient-slab
Li,2.9400480643347137e+19,16.005891602988825,14563220.324928643,14563220.324928643,160.36804309689228,34.67433410697296,transient-slab
Li,3.1165269449294365e+19,16.005891602988825,15437389.986294126,15437389.986294126,169.99427100528195,36.75569044355745,transient-slab
Li,3.303599120128346e+19,16.005891602988825,16364032.4235843,16364032.4235843,180.1983214146812,38.961981960915,transient-slab
Li,3.50190046143172e+19,16.005891602988825,17346297.359713294,17346297.359713294,191.01487861117286,41.30070799931737,transient-slab
Li,3.712105009066372e+19,16.005891602988825,18387523.58238667,18387523.58238667,202.48070883455216,43.77981805330159,transient-slab
Li,3.934927263095861e+19,16.005891602988825,19491250.292875994,19491250.292875994,214.63478524936534,46.40773879256189,transient-slab
Li,4.171124612056533e+19,16.005891602988825,20661229.136013273,20661229.136013273,227.51842041744146,49.19340270479351,transient-slab
Li,4.421499907374468e+19,16.005891602988825,21901436.952295776,21901436.952295776,241.17540672219747,52.14627845784709,transient-slab
Li,4.6869041923142115e+19,16.005891602988825,23216089.295447946,23216089.295447946,255.65216522204463,55.276403084399874,transient-slab
Li,4.9682395947343675e+19,16.005891602988825,24609654.761383384,24609654.761383384,270.99790343881295,58.59441609853187,transient-slab
Li,5.266462393484259e+19,16.005891602988825,26086870.177279755,26086870.177279755,287.26478261761326,62.1115956601899,transient-slab
Li,5.582586268862678e+19,16.005891602988825,27652756.702385925,27652756.702385925,304.5080950265601,65.83989691044268,transient-slab
Li,5.917685748188806e+19,16.005891602988825,29312636.89529685,29312636.89529685,322.7864518990962,69.79199260784965,transient-slab
Li,6.272899858196231e+19,16.005891602988825,31072152.805704977,31072152.805704977,342.1619826577014,73.98131620405947,transient-slab
Li,6.649435996665032e+19,16.005891602988825,32937285.152124576,32937285.152124576,362.70054609617574,78.42210750505852,transient-slab
Li,7.048574036451889e+19,16.005891602988825,34914373.65077517,34914373.65077517,384.47195423831835,83.12946107327423,transient-slab
Li,7.471670675868067e+19,16.005891602988825,37010138.56472361,37010138.56472361,407.5502096339144,88.11937753505622,transient-slab
Li,7.920164050192541e+19,16.005891602988825,39231703.546531476,39231703.546531476,432.01375689861294,93.40881796793208,transient-slab
Li,8.395578619995103e+19,16.005891602988825,41586619.852052,41586619.852052,457.94574935270225,99.01576155250477,transient-slab
Li,8.899530352885224e+19,16.005891602988825,44082892.00768057,44082892.00768057,485.4343316651021,104.95926668495375,transient-slab
Li,9.433732216299774e+19,16.005891602988825,46729005.01830374,46729005.01830374,514.5729394633016,111.25953575786603,transient-slab
Li,1e+20,16.005891602988825,49533953.20842849,49533953.20842849,545.4606169276387,117.93798382959163,transient-slab
Li,1e+18,16.818444283397792,533533.7705070423,533533.7705070423,5.875195512620251,1.2703185012072435,transient-slab
Li,1.0600258488068824e+18,16.818444283397792,565559.5879488639,565559.5879488639,6.227859110171668,1.3465704474972948,transient-slab
Li,1.1236548001387516e+18,16.818444283397792,599507.7822663651,599507.7822663651,6.601691639509398,1.4273994815865836,transient-slab
Li,1.191103133283008e+18,16.818444283397792,635493.7457632354,635493.7457632354,6.997963783732249,1.5130803470553222,transient-slab
Li,1.2626001098748577e+18,16.818444283397792,673639.7972641387,673639.7972641387,7.4180224997706,1.6039042792003302,transient-slab
Li,1.3383887531737592e+18,16.818444283397792,714075.5978850148,714075.5978850148,7.863295596787882,1.700179994964321,transient-slab
Li,1.418726674116599e+18,16.818444283397792,756938.5917603449,756938.5917603449,8.335296589404496,1.8022347422865355,transient-slab
Li,1.5038869469554132e+18,16.818444283397792,802374.473225446,802374.473225446,8.835629842240614,1.910415412441538,transient-slab
Li,1.5941590374560028e+18,16.818444283397792,850537.6820417785,850537.6820417785,9.365996023264527,2.0250897191470916,transient-slab
Li,1.689849786812462e+18,16.818444283397792,901591.9283485744,901591.9283485744,9.928197884482865,2.1466474484489866,transient-slab
Li,1.7912844546220096e+18,16.818444283397792,955710.7491251316,955710.7491251316,10.524146389621643,2.275501783631266,transient-slab
Li,1.898807824465269e+18,16.818444283397792,1013078.0980552289,1013078.0980552289,11.155867209626567,2.412090709655307,transient-slab
Li,2.0127853758499466e+18,16.818444283397792,1073888.9707986563,1073888.9707986563,11.825507608061272,2.5568785019015627,transient-slab
Li,2.133604526501402e+18,16.818444283397792,1138350.0677951856,1138350.0677951856,12.535343739807292,2.7103573042742517,transient-slab
Li,2.2616759492228552e+18,16.818444283397792,1206680.496853964,1206680.496853964,13.287788387875267,2.8730488020332476,transient-slab
Li,2.3974349678010685e+18,16.818444283397792,1279112.5179163336,1279112.5179163336,14.085399164623714,3.04550599503889,transient-slab
Li,2.541343036702629e+18,16.818444283397792,1355892.3325237702,1355892.3325237702,14.930887205264005,3.228315077437548,transient-slab
Li,2.693889309590164e+18,16.818444283397792,1437280.920674253,1437280.920674253,15.827126383199795,3.4220974301767932,transient-slab
Li,2.8555923019901005e+18,16.818444283397792,1523554.927911663,1523554.927911663,16.777163078525174,3.6275117331230073,transient-slab
Li,3.0270016537634555e+18,16.818444283397792,1615007.605663469,1615007.605663469,17.784226532885135,3.845256203960641,transient-slab
Li,3.208699997370444e+18,16.818444283397792,1711949.8080229894,1711949.8080229894,18.85173982589544,4.0760709714833085,transient-slab
Li,3.401304938279246e+18,16.818444283397792,1814711.0483643487,1814711.0483643487,19.983331510431324,4.320740591343688,transient-slab
Li,3.6054711542504986e+18,16.818444283397792,1923640.6193816462,1923640.6193816462,21.18284794633428,4.580096712813444,transient-slab
Li,3.821892620633115e+18,16.818444283397792,2039108.780359427,2039108.780359427,22.454366374460133,4.855020905617684,transient-slab
Li,4.051304969235378e+18,16.818444283397792,2161508.0157100684,2161508.0157100684,23.80220877550782,5.146447656452544,transient-slab
Li,4.294487988789272e+18,16.818444283397792,2291254.369055945,2291254.369055945,25.230956560736296,5.455367545371298,transient-slab
Li,4.5522682755073096e+18,16.818444283397792,2428788.857391006,2428788.857391006,26.74546614450407,5.7828306128357285,transient-slab
Li,4.825522042741279e+18,16.818444283397792,2574578.9701285996,2574578.9701285996,28.350885451563673,6.129949928877618,transient-slab
Li,5.115178099293145e+18,16.818444283397792,2729120.258130918,2729120.258130918,30.05267141522047,6.497905376502185,transient-slab
Li,5.422221006501592e+18,16.818444283397792,2892938.018121284,2892938.018121284,31.856608525833412,6.887947662193533,transient-slab
Li,5.747694424835359e+18,16.818444283397792,3066589.0782047147,3066589.0782047147,33.76882849270513,7.301402567154082,transient-slab
Li,6.092704661368687e+18,16.818444283397792,3250663.690565868,3250663.690565868,35.79583108619379,7.739675453728257,transient-slab
Li,6.458424430196991e+18,16.818444283397792,3445787.5377777964,3445787.5377777964,37.94450623089036,8.204256042328087,transient-slab
Li,6.846096838574672e+18,16.818444283397792,3652623.8595410874,3652623.8595410874,40.22215742495761,8.696723475097828,transient-slab
Li,7.257039612324231e+18,16.818444283397792,3871875.7070823116,3871875.7070823116,42.636526565234725,9.218751683529312,transient-slab
Li,7.692649574879161e+18,16.818444283397792,4104288.332874675,4104288.332874675,45.19582026249013,9.772115078273035,transient-slab
Li,8.154407395185187e+18,16.818444283397792,4350651.723803662,4350651.723803662,47.908737736269394,10.35869458048491,transient-slab
Li,8.643882620598297e+18,16.818444283397792,4611803.286388102,4611803.286388102,50.78450038415528,10.980484015209768,transient-slab
Li,9.162739011886769e+18,16.818444283397792,4888630.693183919,4888630.693183919,53.83288312594767,11.639596888533141,transient-slab
Li,9.712740198471207e+18,16.818444283397792,5182074.90004566,5182074.90004566,57.064247629304354,12.338273571537288,transient-slab
Li,1.0295755673125085e+19,16.818444283397792,5493133.344501698,5493133.344501698,60.489577529779,13.078888915480235,transient-slab
Li,1.0913767146512693e+19,16.818444283397792,5822863.3361148015,5822863.3361148015,64.1205157649737,13.86396032408286,transient-slab
Li,1.1568875283162786e+19,16.818444283397792,6172385.650351567,6172385.650351567,67.96940414970133,14.696156310360875,transient-slab
Li,1.2263306841775593e+19,16.818444283397792,6542888.338177341,6542888.338177341,72.04932532668519,15.578305567088908,transient-slab
Li,1.2999422244132422e+19,16.818444283397792,6935630.764325089,6935630.764325089,76.3741472353827,16.5134065817264,transient-slab
Li,1.377972359833554e+19,16.818444283397792,7351947.887964828,7351947.887964828,80.95857025008833,17.504637828487684,transient-slab
Li,1.460686320364986e+19,16.818444283397792,7793254.800323884,7793254.800323884,85.81817714754152,18.555368572199725,transient-slab
Li,1.548365256585496e+19,16.818444283397792,8261051.534681637,8261051.534681637,90.9694860738821,19.669170320670567,transient-slab
Li,1.6413071953751267e+19,16.818444283397792,8756928.165088302,8756928.165088302,96.43000669099274,20.849828964495956,transient-slab
Li,1.7398280529303622e+19,16.818444283397792,9282570.211138621,9282570.211138621,102.21829969307294,22.101357645568147,transient-slab
Li,1.8442627085855328e+19,16.818444283397792,9839764.3671717,9839764.3671717,108.35403989574591,23.42801039802786,transient-slab
Li,1.9549661430912594e+19,16.818444283397792,10430404.575370895,10430404.575370895,114.85808311214285,24.83429660802594,transient-slab
Li,2.0723146452190294e+19,16.818444283397792,11056498.463406725,11056498.463406725,121.7525370432807,26.324996341444585,transient-slab
Li,2.1967070907932353e+19,16.818444283397792,11720174.168504704,11720174.168504704,129.060836423695,27.90517659167787,transient-slab
Li,2.3285662984981967e+19,16.818444283397792,12423687.5711337,12423687.5711337,136.80782267775353,29.580208502699286,transient-slab
Li,2.468340467068651e+19,16.818444283397792,13169429.962902512,13169429.962902512,145.01982835740714,31.355785625958365,transient-slab
Li,2.6165046987488236e+19,16.818444283397792,13959936.174728524,13959936.174728524,153.72476664838888,33.237943273163154,transient-slab
Li,2.773562614198418e+19,16.818444283397792,14797893.192906508,14797893.192906508,162.95222624909835,35.23307903072978,transient-slab
Li,2.9400480643347137e+19,16.818444283397792,15686149.29236431,15686149.29236431,172.73357194467164,37.34797450562932,transient-slab
Li,3.1165269449294365e+19,16.818444283397792,16627723.718149956,16627723.718149956,183.10205121809526,39.58981837654752,transient-slab
Li,3.303599120128346e+19,16.818444283397792,17625816.948058236,17625816.948058236,194.09290726074266,41.96623082871009,transient-slab
Li,3.50190046143172e+19,16.818444283397792,18683821.571280167,18683821.571280167,205.74349876646426,44.48528945542897,transient-slab
Li,3.712105009066372e+19,16.818444283397792,19805333.8200526,19805333.8200526,218.09342691641908,47.155556714410956,transient-slab
Li,3.934927263095861e+19,16.818444283397792,20994165.793504912,20994165.793504912,231.1846699862789,49.98610903215455,transient-slab
Li,4.171124612056533e+19,16.818444283397792,22254358.415252462,22254358.415252462,245.0617260333443,52.986567655363004,transient-slab
Li,4.421499907374468e+19,16.818444283397792,23590195.168780383,23590195.168780383,259.7717641485733,56.16713135423901,transient-slab
Li,4.6869041923142115e+19,16.818444283397792,25006216.65730665,25006216.65730665,275.36478478765497,59.538611088825355,transient-slab
Li,4.9682395947343675e+19,16.818444283397792,26507236.03761007,26507236.03761007,291.8937897260561,63.11246675621445,transient-slab
Li,5.266462393484259e+19,16.818444283397792,28098355.380291995,28098355.380291995,309.41496221582025,66.90084614355237,transient-slab
Li,5.582586268862678e+19,16.818444283397792,29784983.012071457,29784983.012071457,327.98785795637434,70.91662621921775,transient-slab
Li,5.917685748188806e+19,16.818444283397792,31572851.89906962,31572851.89906962,347.67560752855695,75.1734569025467,transient-slab
Li,6.272899858196231e+19,16.818444283397792,33468039.133565255,33468039.133565255,368.54513097990696,79.68580746086965,transient-slab
Li,6.649435996665032e+19,16.818444283397792,35476986.59045947,35476986.59045947,390.6673652906196,84.46901569157016,transient-slab
Li,7.048574036451889e+19,16.818444283397792,37606522.823662184,37606522.823662184,414.11750549333743,89.53934005633853,transient-slab
Li,7.471670675868067e+19,16.818444283397792,39863886.27682791,39863886.27682791,438.9752602663638,94.91401494482835,transient-slab
Li,7.920164050192541e+19,16.818444283397792,42256749.88733554,42256749.88733554,465.32512286907445,100.61130925556081,transient-slab
Li,8.395578619995103e+19,16.818444283397792,44793247.16714299,44793247.16714299,493.2566583404576,106.65058849319759,transient-slab
Li,8.899530352885224e+19,16.818444283397792,47481999.84916723,47481999.84916723,522.86480793699,113.05238059325531,transient-slab
Li,9.433732216299774e+19,16.818444283397792,50332147.19316175,50332147.19316175,554.2502118446553,119.83844569800416,transient-slab
Li,1e+20,16.818444283397792,53353377.050704226,53353377.050704226,587.5195512620251,127.03185012072436,transient-slab
Li,1e+18,17.67224689069721,574673.0592522646,574673.0592522646,6.328215317530854,1.368269188695868,transient-slab
Li,1.0600258488068824e+18,17.67224689069721,609168.2974203296,609168.2974203296,6.708071813398359,1.450400708143642,transient-slab
Li,1.1236548001387516e+18,17.67224689069721,645734.1415392284,645734.1415392284,7.110729517855119,1.5374622417600676,transient-slab
Li,1.191103133283008e+18,17.67224689069721,684494.8814887041,684494.8814887041,7.537557092800527,1.629749717830248,transient-slab
Li,1.2626001098748577e+18,17.67224689069721,725582.26775403,725582.26775403,7.990005355226215,1.7275768279857857,transient-slab
Li,1.3383887531737592e+18,17.67224689069721,769135.9592551884,769135.9592551884,8.469612208645206,1.8312760934647343,transient-slab
Li,1.418726674116599e+18,17.67224689069721,815303.9980573766,815303.9980573766,8.978007870534267,1.941199995374706,transient-slab
Li,1.5038869469554132e+18,17.67224689069721,864243.3125764156,864243.3125764156,9.516920413557958,2.0577221728009896,transient-slab
Li,1.5941590374560028e+18,17.67224689069721,916120.2509894866,916120.2509894866,10.08818163940932,2.181238692832111,transient-slab
Li,1.689849786812462e+18,17.67224689069721,971111.1466643045,971111.1466643045,10.69373330523287,2.312169396819773,transient-slab
Li,1.7912844546220096e+18,17.67224689069721,1029402.9175286547,1029402.9175286547,11.335633723793906,2.4509593274491777,transient-slab
Li,1.898807824465269e+18,17.67224689069721,1091193.701417593,1091193.701417593,12.016064759828552,2.5980802414704596,transient-slab
Li,2.0127853758499466e+18,17.67224689069721,1156693.529557908,1156693.529557908,12.73733924635573,2.7540322132331143,transient-slab
Li,2.133604526501402e+18,17.67224689069721,1226125.04047904,1226125.04047904,13.501908846159335,2.919345334473905,transient-slab
Li,2.2616759492228552e+18,17.67224689069721,1299724.2367771678,1299724.2367771678,14.312372385163208,3.0945815161361137,transient-slab
Li,2.3974349678010685e+18,17.67224689069721,1377741.2873045944,1377741.2873045944,15.171484686022811,3.280336398344273,transient-slab
Li,2.541343036702629e+18,17.67224689069721,1460441.37751134,1460441.37751134,16.082165931961953,3.477241375027,transient-slab
Li,2.693889309590164e+18,17.67224689069721,1548105.6108291503,1548105.6108291503,17.04751159268109,3.6859657400694052,transient-slab
Li,2.8555923019901005e+18,17.67224689069721,1641031.9641618675,1641031.9641618675,18.070802946076945,3.907218962290161,transient-slab
Li,3.0270016537634555e+18,17.67224689069721,1739536.3007299092,1739536.3007299092,19.15551823153713,4.141753096975974,transient-slab
Li,3.208699997370444e+18,17.67224689069721,1843953.4437116066,1843953.4437116066,20.305344472720858,4.390365342170491,transient-slab
Li,3.401304938279246e+18,17.67224689069721,1954638.3143307692,1954638.3143307692,21.524190010012063,4.653900748406594,transient-slab
Li,3.6054711542504986e+18,17.67224689069721,2071967.1382589277,2071967.1382589277,22.81619778524366,4.933255091092685,transient-slab
Li,3.821892620633115e+18,17.67224689069721,2196338.724432887,2196338.724432887,24.185759423848616,5.229377915316398,transient-slab
Li,4.051304969235378e+18,17.67224689069721,2328175.8206343967,2328175.8206343967,25.637530162304188,5.543275763415231,transient-slab
Li,4.294487988789272e+18,17.67224689069721,2467926.5504396358,2467926.5504396358,27.176444671608543,5.876015596284847,transient-slab
Li,4.5522682755073096e+18,17.67224689069721,2616065.9364228165,2616065.9364228165,28.807733830575124,6.228728420054325,transient-slab
Li,4.825522042741279e+18,17.67224689069721,2773097.514791368,2773097.514791368,30.53694250595814,6.602613130455638,transient-slab
Li,5.115178099293145e+18,17.67224689069721,2939555.046940976,2939555.046940976,32.36994839984524,6.998940587954705,transient-slab
Li,5.422221006501592e+18,17.67224689069721,3116004.333748163,3116004.333748163,34.312982028380944,7.4190579374956265,transient-slab
Li,5.747694424835359e+18,17.67224689069721,3303045.138767321,3303045.138767321,36.37264789972981,7.86439318754124,transient-slab
Li,6.092704661368687e+18,17.67224689069721,3501313.226869276,3501313.226869276,38.55594696326496,8.336460063974467,transient-slab
Li,6.458424430196991e+18,17.67224689069721,3711482.5252508684,3711482.5252508684,40.870300406288074,8.836863155359211,transient-slab
Li,6.846096838574672e+18,17.67224689069721,3934267.4141609636,3934267.4141609636,43.32357487916779,9.367303367049912,transient-slab
Li,7.257039612324231e+18,17.67224689069721,4170425.155129234,4170425.155129234,45.92410923463837,9.929583702688653,transient-slab
Li,7.692649574879161e+18,17.67224689069721,4420758.464951441,4420758.464951441,48.68074287214753,10.525615392741525,transient-slab
Li,8.154407395185187e+18,17.67224689069721,4686118.244180361,4686118.244180361,51.602845783597765,11.157424390905621,transient-slab
Li,8.643882620598297e+18,17.67224689069721,4967406.469396705,4967406.469396705,54.70035040260888,11.827158260468345,transient-slab
Li,9.162739011886769e+18,17.67224689069721,5265579.259091041,5265579.259091041,57.98378536555937,12.537093474026287,transient-slab
Li,9.712740198471207e+18,17.67224689069721,5581650.123577896,5581650.123577896,61.46431129916316,13.289643151375943,transient-slab
Li,1.0295755673125085e+19,17.67224689069721,5916693.409988652,5916693.409988652,65.15375875622536,14.087365261877743,transient-slab
Li,1.0913767146512693e+19,17.67224689069721,6271847.954053307,6271847.954053307,69.06466842852662,14.932971319174541,transient-slab
Li,1.1568875283162786e+19,17.67224689069721,6648320.951083067,6648320.951083067,73.21033377351483,15.829335597816826,transient-slab
Li,1.2263306841775593e+19,17.67224689069721,7047392.059312407,7047392.059312407,77.60484619970522,16.779504903124778,transient-slab
Li,1.2999422244132422e+19,17.67224689069721,7470417.749547517,7470417.749547517,82.26314296437009,17.78670892749409,transient-slab
Li,1.377972359833554e+19,17.67224689069721,7918835.915906108,7918835.915906108,87.20105794632835,18.85437122834788,transient-slab
Li,1.460686320364986e+19,17.67224689069721,8394170.7633208,8394170.7633208,92.43537546641487,19.986120865049525,transient-slab
Li,1.548365256585496e+19,17.67224689069721,8898037.988419047,8898037.988419047,97.98388733856928,21.185804734331064,transient-slab
Li,1.6413071953751267e+19,17.67224689069721,9432150.271389782,9432150.271389782,103.86545334546481,22.45750064616615,transient-slab
Li,1.7398280529303622e+19,17.67224689069721,9998323.097504022,9998323.097504022,110.10006534423799,23.805531184533386,transient-slab
Li,1.8442627085855328e+19,17.67224689069721,10598480.928077158,10598480.928077158,116.7089152202191,25.234478400183708,transient-slab
Li,1.9549661430912594e+19,17.67224689069721,11234663.741848545,11234663.741848545,123.71446691964324,26.749199385353677,transient-slab
Li,2.0723146452190294e+19,17.67224689069721,11909033.96901291,11909033.96901291,131.1405328061858,28.354842783364074,transient-slab
Li,2.1967070907932353e+19,17.67224689069721,12623883.841472905,12623883.841472905,139.01235460086392,30.0568662892212,transient-slab
Li,2.3285662984981967e+19,17.67224689069721,13381643.184296807,13381643.184296807,147.35668918042413,31.861055200706684,transient-slab
Li,2.468340467068651e+19,17.67224689069721,14184887.674865054,14184887.674865054,156.201899525851,33.77354208301203,transient-slab
Li,2.6165046987488236e+19,17.67224689069721,15036347.597779116,15036347.597779116,165.57805113013762,35.8008276137598,transient-slab
Li,2.773562614198418e+19,17.67224689069721,15938917.125291133,15938917.125291133,175.5170141930135,37.9498026792646,transient-slab
Li,2.9400480643347137e+19,17.67224689069721,16895664.154799286,16895664.154799286,186.0525719499987,40.22777179714116,transient-slab
Li,3.1165269449294365e+19,17.67224689069721,17909840.736847132,17909840.736847132,197.220535504001,42.64247794487412,transient-slab
Li,3.303599120128346e+19,17.67224689069721,18984894.12907246,18984894.12907246,209.05886554977653,45.202128878743956,transient-slab
Li,3.50190046143172e+19,17.67224689069721,20124478.513678834,20124478.513678834,221.60780140500574,47.915425032568656,transient-slab
Li,3.712105009066372e+19,17.67224689069721,21332467.41825828,21332467.41825828,234.9099977865683,50.79158909109114,transient-slab
Li,3.934927263095861e+19,17.67224689069721,22612966.882184394,22612966.882184394,249.01066979692993,53.840397338534274,transient-slab
Li,4.171124612056533e+19,17.67224689069721,23970329.413329434,23970329.413329434,263.9577466134609,57.072212888879605,transient-slab
Li,4.421499907374468e+19,17.67224689069721,25409168.782544903,25409168.782544903,279.8020344030836,60.498020910821204,transient-slab
Li,4.6869041923142115e+19,17.67224689069721,26934375.70619472,26934375.70619472,296.5973890160237,64.12946596713029,transient-slab
Li,4.9682395947343675e+19,17.67224689069721,28551134.470042307,28551134.470042307,314.40089904561313,67.97889159533882,transient-slab
Li,5.266462393484259e+19,17.67224689069721,30264940.551006034,30264940.551006034,333.273079876473,72.05938226430008,transient-slab
Li,5.582586268862678e+19,17.67224689069721,32081619.29667001,32081619.29667001,353.27807938054224,76.3848078492143,transient-slab
Li,5.917685748188806e+19,17.67224689069721,34007345.726051874,34007345.726051874,374.48389596022434,80.96987077631398,transient-slab
Li,6.272899858196231e+19,17.67224689069721,36048665.51892725,36048665.51892725,396.96260967974507,85.83015599744583,transient-slab
Li,6.649435996665032e+19,17.67224689069721,38212517.265056245,38212517.265056245,420.7906272703669,90.98218396441963,transient-slab
Li,7.048574036451889e+19,17.67224689069721,40506256.04893891,40506256.04893891,446.0489418422513,96.44346678318789,transient-slab
Li,7.471670675868067e+19,17.67224689069721,42937678.450265385,42937678.450265385,472.82340818574426,102.23256773872711,transient-slab
Li,7.920164050192541e+19,17.67224689069721,45515049.04503954,45515049.04503954,501.2050345978565,108.36916439295129,transient-slab
Li,8.395578619995103e+19,17.67224689069721,48247128.49745493,48247128.49745493,531.2902922258758,114.87411547013077,transient-slab
Li,8.899530352885224e+19,17.67224689069721,51143203.33800938,51143203.33800938,563.1814429795905,121.7695317571652,transient-slab
Li,9.433732216299774e+19,17.67224689069721,54213117.52907637,54213117.52907637,596.9868871267252,129.07885125970566,transient-slab
Li,1e+20,17.67224689069721,57467305.92522645,57467305.92522645,632.8215317530853,136.8269188695868,transient-slab
Li,1e+18,18.56939351245764,618984.4828688267,618984.4828688267,6.816166205705054,1.4737725782591113,transient-slab
Li,1.0600258488068824e+18,18.56939351245764,656139.5518513173,656139.5518513173,7.225312367811288,1.562237028217422,transient-slab
Li,1.1236548001387516e+18,18.56939351245764,695524.88538696,695524.88538696,7.659017875584024,1.6560116318737141,transient-slab
Li,1.191103133283008e+18,18.56939351245764,737274.356998622,737274.356998622,8.118756924593042,1.7554151357110048,transient-slab
Li,1.2626001098748577e+18,18.56939351245764,781529.8760810127,781529.8760810127,8.606092200248494,1.8607854192405064,transient-slab
Li,1.3383887531737592e+18,18.56939351245764,828441.8702607132,828441.8702607132,9.1226801894787,1.9724806434778885,transient-slab
Li,1.418726674116599e+18,18.56939351245764,878169.7967102736,878169.7967102736,9.67027681124589,2.0908804683577946,transient-slab
Li,1.5038869469554132e+18,18.56939351245764,930882.6841543753,930882.6841543753,10.250743385038438,2.2163873432247034,transient-slab
Li,1.5941590374560028e+18,18.56939351245764,986759.7074103706,986759.7074103706,10.866052957626906,2.3494278747865964,transient-slab
Li,1.689849786812462e+18,18.56939351245764,1045990.7964161091,1045990.7964161091,11.518297009588997,2.4904542771812124,transient-slab
Li,1.7912844546220096e+18,18.56939351245764,1108777.281815173,1108777.281815173,12.209692564399353,2.639945909083745,transient-slab
Li,1.898807824465269e+18,18.56939351245764,1175332.5792939167,1175332.5792939167,12.942589724248503,2.7984109030807542,transient-slab
Li,2.0127853758499466e+18,18.56939351245764,1245882.9149964163,1245882.9149964163,13.719479658205753,2.9663878928486103,transient-slab
Li,2.133604526501402e+18,18.56939351245764,1320668.0944830584,1320668.0944830584,14.543003069878191,3.1444478440072823,transient-slab
Li,2.2616759492228552e+18,18.56939351245764,1399942.3178465718,1399942.3178465718,15.415959173348725,3.3331959948727903,transient-slab
Li,2.3974349678010685e+18,18.56939351245764,1483975.0437559867,1483975.0437559867,16.34131520790123,3.5332739137047304,transient-slab
Li,2.541343036702629e+18,18.56939351245764,1573051.9053656708,1573051.9053656708,17.32221652387632,3.745361679442073,transient-slab
Li,2.693889309590164e+18,18.56939351245764,1667475.6812025283,1667475.6812025283,18.361997273938595,3.970180193339353,transient-slab
Li,2.8555923019901005e+18,18.56939351245764,1767567.324331545,1767567.324331545,19.464191746096425,4.208493629360821,transient-slab
Li,3.0270016537634555e+18,18.56939351245764,1873667.053297856,1873667.053297856,20.63254637699578,4.461112031661561,transient-slab
Li,3.208699997370444e+18,18.56939351245764,1986135.5085535499,1986135.5085535499,21.871032486322314,4.728894067984642,transient-slab
Li,3.401304938279246e+18,18.56939351245764,2105354.9782999656,2105354.9782999656,23.183859775596712,5.012749948333251,transient-slab
Li,3.6054711542504986e+18,18.56939351245764,2231730.6979122167,2231730.6979122167,24.575490637246645,5.313644518838611,transient-slab
Li,3.821892620633115e+18,18.56939351245764,2365692.227362774,2365692.227362774,26.050655322592966,5.632600541339938,transient-slab
Li,4.051304969235378e+18,18.56939351245764,2507694.911326069,2507694.911326069,27.614368020307143,5.970702169823974,transient-slab
Li,4.294487988789272e+18,18.56939351245764,2658221.4269271153,2658221.4269271153,29.2719438999917,6.329098635540751,transient-slab
Li,4.5522682755073096e+18,18.56939351245764,2817783.4243950583,2817783.4243950583,31.02901717881615,6.709008153321568,transient-slab
Li,4.825522042741279e+18,18.56939351245764,2986923.2661983347,2986923.2661983347,32.89156027261792,7.1117220623769875,transient-slab
Li,5.115178099293145e+18,18.56939351245764,3166215.870572916,3166215.870572916,34.865904096564556,7.5386092156498,transient-slab
Li,5.422221006501592e+18,18.56939351245764,3356270.665709878,3356270.665709878,36.9587595843802,7.991120632642567,transient-slab
Li,5.747694424835359e+18,18.56939351245764,3557733.6612447537,3557733.6612447537,39.17724049928213,8.470794431535127,transient-slab
Li,6.092704661368687e+18,18.56939351245764,3771289.644089787,3771289.644089787,41.5288876141629,8.979261057356636,transient-slab
Li,6.458424430196991e+18,18.56939351245764,3997664.506072882,3997664.506072882,44.02169434320866,9.518248823983052,transient-slab
Li,6.846096838574672e+18,18.56939351245764,4237627.711295053,4237627.711295053,46.66413391207689,10.089589788797745,transient-slab
Li,7.257039612324231e+18,18.56939351245764,4491994.911593105,4491994.911593105,49.46518815898733,10.695225979983583,transient-slab
Li,7.692649574879161e+18,18.56939351245764,4761630.718997678,4761630.718997678,52.4343780646227,11.33721599761352,transient-slab
Li,8.154407395185187e+18,18.56939351245764,5047451.64461044,5047451.64461044,55.581796114612665,12.017742010977239,transient-slab
Li,8.643882620598297e+18,18.56939351245764,5350429.213889876,5350429.213889876,58.91814060460336,12.739117175928278,transient-slab
Li,9.162739011886769e+18,18.56939351245764,5671593.268934757,5671593.268934757,62.45475200451793,13.503793497463707,transient-slab
Li,9.712740198471207e+18,18.56939351245764,6012035.4689899655,6012035.4689899655,66.20365150561244,14.314370164261824,transient-slab
Li,1.0295755673125085e+19,18.56939351245764,6372913.001073121,6372913.001073121,70.1775818813513,15.173602383507431,transient-slab
Li,1.0913767146512693e+19,18.56939351245764,6755452.513334951,6755452.513334951,74.39005080099392,16.084410746035598,transient-slab
Li,1.1568875283162786e+19,18.56939351245764,7160954.284522468,7160954.284522468,78.85537674311067,17.049891153624927,transient-slab
Li,1.2263306841775593e+19,18.56939351245764,7590796.643718211,7590796.643718211,83.58873766510239,18.073325342186216,transient-slab
Li,1.2999422244132422e+19,18.56939351245764,8046440.65537783,8046440.65537783,88.60622259414596,19.158192036613883,transient-slab
Li,1.377972359833554e+19,18.56939351245764,8529435.085591093,8529435.085591093,93.92488631493116,20.308178775216888,transient-slab
Li,1.460686320364986e+19,18.56939351245764,9041421.666446902,9041421.666446902,99.56280734007483,21.527194443921193,transient-slab
Li,1.548365256585496e+19,18.56939351245764,9584140.676396316,9584140.676396316,105.53914936025895,22.81938256284837,transient-slab
Li,1.6413071953751267e+19,18.56939351245764,10159436.855581572,10159436.855581572,111.87422638296482,24.189135370432318,transient-slab
Li,1.7398280529303622e+19,18.56939351245764,10769265.676237779,10769265.676237779,118.58957178121558,25.641108752947094,transient-slab
Li,1.8442627085855328e+19,18.56939351245764,11415699.989480777,11415699.989480777,125.70801148702776,27.180238070192328,transient-slab
Li,1.9549661430912594e+19,18.56939351245764,12100937.07107408,12100937.07107408,133.25374157836194,28.81175493112876,transient-slab
Li,2.0723146452190294e+19,18.56939351245764,12827306.090123972,12827306.090123972,141.25241052329608,30.54120497648565,transient-slab
Li,2.1967070907932353e+19,18.56939351245764,13597276.026089357,13597276.026089357,149.73120636097516,32.374466728784185,transient-slab
Li,2.3285662984981967e+19,18.56939351245764,14413464.061016843,14413464.061016843,158.71894911567114,34.317771573849626,transient-slab
Li,2.468340467068651e+19,18.56939351245764,15278644.475526873,15278644.475526873,168.2461887580757,36.37772494173065,transient-slab
Li,2.6165046987488236e+19,18.56939351245764,16195758.078788958,16195758.078788958,178.34530904680213,38.561328759021336,transient-slab
Li,2.773562614198418e+19,18.56939351245764,17167922.204539187,17167922.204539187,189.05063760306217,40.87600524890283,transient-slab
Li,2.9400480643347137e+19,18.56939351245764,18198441.307117183,18198441.307117183,200.39856259266838,43.32962215980282,transient-slab
Li,3.1165269449294365e+19,18.56939351245764,19290818.193539117,19290818.193539117,212.42765641197238,45.930519508426464,transient-slab
Li,3.303599120128346e+19,18.56939351245764,20448765.929785557,20448765.929785557,225.1788067981579,48.68753792806085,transient-slab
Li,3.50190046143172e+19,18.56939351245764,21676220.461774193,21676220.461774193,238.69535580953826,51.61004871850998,transient-slab
Li,3.712105009066372e+19,18.56939351245764,22977353.9939173,22977353.9939173,253.02324714826665,54.7079856998031,transient-slab
Li,3.934927263095861e+19,18.56939351245764,24356589.1707384,24356589.1707384,268.21118232621495,57.99187897794857,transient-slab
Li,4.171124612056533e+19,18.56939351245764,25818614.10975249,25818614.10975249,284.3107862048435,61.472890737505935,transient-slab
Li,4.421499907374468e+19,18.56939351245764,27368398.33670751,27368398.33670751,301.3767824717388,65.16285318263692,transient-slab
Li,4.6869041923142115e+19,18.56939351245764,29011209.677353486,29011209.677353486,319.4671796502947,69.07430875560355,transient-slab
Li,4.9682395947343675e+19,18.56939351245764,30752632.16315082,30752632.16315082,338.64346827474174,73.22055276940672,transient-slab
Li,5.266462393484259e+19,18.56939351245764,32598585.011789776,32598585.011789776,358.9708299008396,77.61567859949947,transient-slab
Li,5.582586268862678e+19,18.56939351245764,34555342.74702578,34555342.74702578,380.51835866254856,82.27462558815662,transient-slab
Li,5.917685748188806e+19,18.56939351245764,36629556.52622875,36629556.52622875,403.35929612786975,87.21322982435417,transient-slab
Li,6.272899858196231e+19,18.56939351245764,38828276.748135306,38828276.748135306,427.57128025209175,92.44827797175073,transient-slab
Li,6.649435996665032e+19,18.56939351245764,41158977.01765067,41158977.01765067,453.23660927466904,97.9975643277397,transient-slab
Li,7.048574036451889e+19,18.56939351245764,43629579.549158126,43629579.549158126,480.4425214567345,103.87995130751935,transient-slab
Li,7.471670675868067e+19,18.56939351245764,46248482.09468374,46248482.09468374,509.2814916100937,110.1154335587708,transient-slab
Li,7.920164050192541e+19,18.56939351245764,49024586.48844703,49024586.48844703,539.8515454256247,116.72520592487389,transient-slab
Li,8.395578619995103e+19,18.56939351245764,51967328.904822476,51967328.904822476,572.256592669505,123.73173548767255,transient-slab
Li,8.899530352885224e+19,18.56939351245764,55086711.93256088,55086711.93256088,606.6067803798264,131.15883793466878,transient-slab
Li,9.433732216299774e+19,18.56939351245764,58393338.57429306,58393338.57429306,643.0188672641356,139.03175851022158,transient-slab
Li,1e+20,18.56939351245764,61898448.28688268,61898448.28688268,681.6166205705055,147.37725782591116,transient-slab
Li,1e+18,19.512084544383583,666712.6357566047,666712.6357566047,7.341741614746993,1.5874110375157258,transient-slab
Li,1.0600258488068824e+18,19.512084544383583,706732.6276281688,706732.6276281688,7.782435886892992,1.682696732448021,transient-slab
Li,1.1236548001387516e+18,19.512084544383583,749154.853481068,749154.853481068,8.249583206788888,1.783702032097781,transient-slab
Li,1.191103133283008e+18,19.512084544383583,794123.509449065,794123.509449065,8.744771441079395,1.890770260593012,transient-slab
Li,1.2626001098748577e+18,19.512084544383583,841791.4471612453,841791.4471612453,9.269683769452369,2.0042653503839176,transient-slab
Li,1.3383887531737592e+18,19.512084544383583,892320.693295473,892320.693295473,9.82610440588513,2.1245730792749358,transient-slab
Li,1.418726674116599e+18,19.512084544383583,945883.0003184797,945883.0003184797,10.415924663313435,2.252102381710666,transient-slab
Li,1.5038869469554132e+18,19.512084544383583,1002660.430284597,1002660.430284597,11.041149382337363,2.38728673877285,transient-slab
Li,1.5941590374560028e+18,19.512084544383583,1062845.9736775039,1062845.9736775039,11.703903745815749,2.5305856516131047,transient-slab
Li,1.689849786812462e+18,19.512084544383583,1126644.2053984732,1126644.2053984732,12.406440502512387,2.6824862033296983,transient-slab
Li,1.7912844546220096e+18,19.512084544383583,1194271.9801308725,1194271.9801308725,13.151147624347782,2.843504714597316,transient-slab
Li,1.898807824465269e+18,19.512084544383583,1265959.1694445042,1265959.1694445042,13.940556423283873,3.014188498677391,transient-slab
Li,2.0127853758499466e+18,19.512084544383583,1341949.4431452663,1341949.4431452663,14.777350155431721,3.195117721774444,transient-slab
Li,2.133604526501402e+18,19.512084544383583,1422501.0975259726,1422501.0975259726,15.664373141627898,3.3869073750618397,transient-slab
Li,2.2616759492228552e+18,19.512084544383583,1507887.933333691,1507887.933333691,16.604640435481844,3.590209365080217,transient-slab
Li,2.3974349678010685e+18,19.512084544383583,1598400.1864377013,1598400.1864377013,17.601348071754725,3.805714729613575,transient-slab
Li,2.541343036702629e+18,19.512084544383583,1694345.514361704,1694345.514361704,18.65788392990719,4.0341559865754855,transient-slab
Li,2.693889309590164e+18,19.512084544383583,1796050.0420333983,1796050.0420333983,19.77783924974015,4.276309623889044,transient-slab
Li,2.8555923019901005e+18,19.512084544383583,1903859.4703060903,1903859.4703060903,20.96502083827188,4.532998738824024,transient-slab
Li,3.0270016537634555e+18,19.512084544383583,2018140.2510202352,2018140.2510202352,22.223464009343132,4.805095835762464,transient-slab
Li,3.208699997370444e+18,19.512084544383583,2139280.832599059,2139280.832599059,23.557446299933154,5.093525791902523,transient-slab
Li,3.401304938279246e+18,19.512084544383583,2267692.980412112,2267692.980412112,24.971502009809193,5.39926900098122,transient-slab
Li,3.6054711542504986e+18,19.512084544383583,2403813.1763947583,2403813.1763947583,26.470437613930763,5.7233647057018056,transient-slab
Li,3.821892620633115e+18,19.512084544383583,2548104.102681022,2548104.102681022,28.059348099996587,6.06691453019291,transient-slab
Li,4.051304969235378e+18,19.512084544383583,2701056.2142927498,2701056.2142927498,29.743634286666666,6.431086224506547,transient-slab
Li,4.294487988789272e+18,19.512084544383583,2863189.4062307766,2863189.4062307766,31.52902118132532,6.817117633882801,transient-slab
Li,4.5522682755073096e+18,19.512084544383583,3035054.7806346524,3035054.7806346524,33.42157743978455,7.226320906272981,transient-slab
Li,4.825522042741279e+18,19.512084544383583,3217236.5200176337,3217236.5200176337,35.42773599407256,7.660086952422938,transient-slab
Li,5.115178099293145e+18,19.512084544383583,3410353.8729441925,3410353.8729441925,37.55431591842291,8.11989017367665,transient-slab
Li,5.422221006501592e+18,19.512084544383583,3615063.2588995076,3615063.2588995076,39.808545607788076,8.607293473570255,transient-slab
Li,5.747694424835359e+18,19.512084544383583,3832060.4995055245,3832060.4995055245,42.19808734766304,9.123953570251249,transient-slab
Li,6.092704661368687e+18,19.512084544383583,4062083.1836676695,4062083.1836676695,44.73106335873347,9.671626627780165,transient-slab
Li,6.458424430196991e+18,19.512084544383583,4305913.174691484,4305913.174691484,47.41608340487589,10.252174225455915,transient-slab
Li,6.846096838574672e+18,19.512084544383583,4564379.267891079,4564379.267891079,50.2622740583515,10.867569685454951,transient-slab
Li,7.257039612324231e+18,19.512084544383583,4838360.007722777,4838360.007722777,53.2793097216682,11.519904780292327,transient-slab
Li,7.692649574879161e+18,19.512084544383583,5128786.674019611,5128786.674019611,56.477445511556105,12.211396842903836,transient-slab
Li,8.154407395185187e+18,19.512084544383583,5436646.447477066,5436646.447477066,59.86755211683172,12.944396303516825,transient-slab
Li,8.643882620598297e+18,19.512084544383583,5762985.765149798,5762985.765149798,63.4611527486348,13.721394678928093,transient-slab
Li,9.162739011886769e+18,19.512084544383583,6108913.877364897,6108913.877364897,67.27046230863485,14.545033041344993,transient-slab
Li,9.712740198471207e+18,19.512084544383583,6475606.618141867,6475606.618141867,71.30842890834202,15.418110995575875,transient-slab
Li,1.0295755673125085e+19,19.512084544383583,6864310.401935241,6864310.401935241,75.58877788064987,16.343596195083908,transient-slab
Li,1.0913767146512693e+19,19.512084544383583,7276346.460285316,7276346.460285316,80.12605843321077,17.32463442925075,transient-slab
Li,1.1568875283162786e+19,19.512084544383583,7713115.332776899,7713115.332776899,84.93569310221413,18.364560316135478,transient-slab
Li,1.2263306841775593e+19,19.512084544383583,8176101.627572211,8176101.627572211,90.03403017467541,19.466908637076692,transient-slab
Li,1.2999422244132422e+19,19.512084544383583,8666879.067698564,8666879.067698564,95.43839925741473,20.63542635166325,transient-slab
Li,1.377972359833554e+19,19.512084544383583,9187115.840243774,9187115.840243774,101.1671701816112,21.874085333913747,transient-slab
Li,1.460686320364986e+19,19.512084544383583,9738580.266641563,9738580.266641563,107.23981544315276,23.187095872956103,transient-slab
Li,1.548365256585496e+19,19.512084544383583,10323146.813320678,10323146.813320678,113.67697639102141,24.578920984096854,transient-slab
Li,1.6413071953751267e+19,19.512084544383583,10942802.463148315,10942802.463148315,120.50053338869242,26.05429157892456,transient-slab
Li,1.7398280529303622e+19,19.512084544383583,11599653.469324835,11599653.469324835,127.73368018703076,27.618222546011513,transient-slab
Li,1.8442627085855328e+19,19.512084544383583,12295932.514686758,12295932.514686758,135.40100276148414,29.27602979687323,transient-slab
Li,1.9549661430912594e+19,19.512084544383583,13034006.300752975,13034006.300752975,143.52856288154527,31.03334833512613,transient-slab
Li,2.0723146452190294e+19,19.512084544383583,13816383.592309922,13816383.592309922,152.14398669654196,32.896151410261716,transient-slab
Li,2.1967070907932353e+19,19.512084544383583,14645723.744879812,14645723.744879812,161.27655863886497,34.87077082114241,transient-slab
Li,2.3285662984981967e+19,19.512084544383583,15524845.744057335,15524845.744057335,170.95732096381576,36.96391843823175,transient-slab
Li,2.468340467068651e+19,19.512084544383583,16456737.787440294,16456737.787440294,181.21917926441947,39.182709017714984,transient-slab
Li,2.6165046987488236e+19,19.512084544383583,17444567.441723697,17444567.441723697,192.09701431985286,41.53468438505642,transient-slab
Li,2.773562614198418e+19,19.512084544383583,18491692.409482066,18491692.409482066,203.62780065766987,44.02783907019539,transient-slab
Li,2.9400480643347137e+19,19.512084544383583,19601671.94223701,19601671.94223701,215.8507322328251,46.67064748151669,transient-slab
Li,3.1165269449294365e+19,19.512084544383583,20778278.938603837,20778278.938603837,228.80735565068753,49.47209271096152,transient-slab
Li,3.303599120128346e+19,19.512084544383583,22025512.7686397,22025512.7686397,242.54171138687826,52.44169706818976,transient-slab
Li,3.50190046143172e+19,19.512084544383583,23347612.867984124,23347612.867984124,257.1004834839495,55.58955444758124,transient-slab
Li,3.712105009066372e+19,19.512084544383583,24749073.147999365,24749073.147999365,272.5331582337335,58.92636463809372,transient-slab
Li,3.934927263095861e+19,19.512084544383583,26234657.27089165,26234657.27089165,288.8921923847338,62.46346969259917,transient-slab
Li,4.171124612056533e+19,19.512084544383583,27809414.841734573,27809414.841734573,306.23319144630864,66.2128924803204,transient-slab
Li,4.421499907374468e+19,19.512084544383583,29478698.572432157,29478698.572432157,324.6150986957111,70.1873775534099,transient-slab
Li,4.6869041923142115e+19,19.512084544383583,31248182.47596489,31248182.47596489,344.1003955304539,74.40043446658306,transient-slab
Li,4.9682395947343675e+19,19.512084544383583,33123881.15275676,33123881.15275676,364.75531384695046,78.86638369703991,transient-slab
Li,5.266462393484259e+19,19.512084544383583,35112170.23472928,35112170.23472928,386.65006116743444,83.60040532078402,transient-slab
Li,5.582586268862678e+19,19.512084544383583,37219808.05652066,37219808.05652066,409.8590592802427,88.61859061076349,transient-slab
Li,5.917685748188806e+19,19.512084544383583,39453958.627542555,39453958.627542555,434.4611972047296,93.93799673224419,transient-slab
Li,6.272899858196231e+19,19.512084544383583,41822215.98295242,41822215.98295242,460.54009934059786,99.5767047213153,transient-slab
Li,6.649435996665032e+19,19.512084544383583,44332629.99631389,44332629.99631389,488.1844097131231,105.55388094360451,transient-slab
Li,7.048574036451889e+19,19.512084544383583,46993733.7416841,46993733.7416841,517.4880932804404,111.889842242105,transient-slab
Li,7.471670675868067e+19,19.512084544383583,49814572.498133324,49814572.498133324,548.5507553270539,118.60612499555553,transient-slab
Li,7.920164050192541e+19,19.512084544383583,52804734.49528576,52804734.49528576,581.4779800292167,125.72555832210895,transient-slab
Li,8.395578619995103e+19,19.512084544383583,55974383.504387334,55974383.504387334,616.3816893429818,133.2723416771127,transient-slab
Li,8.899530352885224e+19,19.512084544383583,59334293.385680154,59334293.385680154,653.3805234348144,141.27212710876228,transient-slab
Li,9.433732216299774e+19,19.512084544383583,62895884.709512204,62895884.709512204,692.6002439478744,149.75210645121953,transient-slab
Li,1e+20,19.512084544383583,66671263.575660475,66671263.575660475,734.1741614746992,158.74110375157255,transient-slab
Li,1e+18,20.502632087136195,718120.9723018492,718120.9723018492,7.9078426656605165,1.7098118388139265,transient-slab
Li,1.0600258488068824e+18,20.502632087136195,761226.7932102914,761226.7932102914,8.38251763389807,1.812444745738789,transient-slab
Li,1.1236548001387516e+18,20.502632087136195,806920.0776072803,806920.0776072803,8.885685370011462,1.9212382800173342,transient-slab
Li,1.191103133283008e+18,20.502632087136195,855356.1401849728,855356.1401849728,9.419056176577296,2.0365622385356494,transient-slab
Li,1.2626001098748577e+18,20.502632087136195,906699.6185317545,906699.6185317545,9.984443018536057,2.1588086155517963,transient-slab
Li,1.3383887531737592e+18,20.502632087136195,961125.0327469998,961125.0327469998,10.583767685587638,2.2883929351119043,transient-slab
Li,1.418726674116599e+18,20.502632087136195,1018817.3786471809,1018817.3786471809,11.219067324489886,2.4257556634456687,transient-slab
Li,1.5038869469554132e+18,20.502632087136195,1079972.7565796808,1079972.7565796808,11.892501363463953,2.5713637061420975,transient-slab
Li,1.5941590374560028e+18,20.502632087136195,1144799.037981685,1144799.037981685,12.606358852242884,2.725711995194488,transient-slab
Li,1.689849786812462e+18,20.502632087136195,1213516.5719498377,1213516.5719498377,13.363066242712916,2.8893251713091375,transient-slab
Li,1.7912844546220096e+18,20.502632087136195,1286358.934222345,1286358.934222345,14.165195636594355,3.06275936719606,transient-slab
Li,1.898807824465269e+18,20.502632087136195,1363573.721119358,1363573.721119358,15.01547352819648,3.2466040979032336,transient-slab
Li,2.0127853758499466e+18,20.502632087136195,1445423.3911403068,1445423.3911403068,15.916790071963751,3.4414842646197785,transient-slab
Li,2.133604526501402e+18,20.502632087136195,1532186.1570788135,1532186.1570788135,16.872208906314196,3.64806227875908,transient-slab
Li,2.2616759492228552e+18,20.502632087136195,1624156.9316876244,1624156.9316876244,17.884977567162743,3.867040313541963,transient-slab
Li,2.3974349678010685e+18,20.502632087136195,1721648.330107756,1721648.330107756,18.95853852652374,4.099162690732752,transient-slab
Li,2.541343036702629e+18,20.502632087136195,1824991.7324694258,1824991.7324694258,20.09654089371631,4.345218410641491,transient-slab
Li,2.693889309590164e+18,20.502632087136195,1934538.4102764458,1934538.4102764458,21.30285281894385,4.606043833991538,transient-slab
Li,2.8555923019901005e+18,20.502632087136195,2050660.7204028068,2050660.7204028068,22.58157464140905,4.882525524768587,transient-slab
Li,3.0270016537634555e+18,20.502632087136195,2173753.3707599184,2173753.3707599184,23.9370528266556,5.175603263714091,transient-slab
Li,3.208699997370444e+18,20.502632087136195,2304234.761936604,2304234.761936604,25.373894740510785,5.486273242706201,transient-slab
Li,3.401304938279246e+18,20.502632087136195,2442548.4093721732,2442548.4093721732,26.896984309846435,5.815591450886127,transient-slab
Li,3.6054711542504986e+18,20.502632087136195,2589164.450896639,2589164.450896639,28.51149862339037,6.164677264039617,transient-slab
Li,3.821892620633115e+18,20.502632087136195,2744581.244762315,2744581.244762315,30.222925529015633,6.534717249434083,transient-slab
Li,4.051304969235378e+18,20.502632087136195,2909327.063598623,2909327.063598623,32.037082287321994,6.926969199044341,transient-slab
Li,4.294487988789272e+18,20.502632087136195,3083961.890047965,3083961.890047965,33.960135344914434,7.342766404876107,transient-slab
Li,4.5522682755073096e+18,20.502632087136195,3269079.3201861717,3269079.3201861717,35.998621294589526,7.783522190919457,transient-slab
Li,4.825522042741279e+18,20.502632087136195,3465308.5811973726,3465308.5811973726,38.15946909367478,8.2507347171366,transient-slab
Li,5.115178099293145e+18,20.502632087136195,3673316.6701615183,3673316.6701615183,40.45002361604261,8.74599207181314,transient-slab
Li,5.422221006501592e+18,20.502632087136195,3893810.6212244346,3893810.6212244346,42.878070617854,9.270977669581988,transient-slab
Li,5.747694424835359e+18,20.502632087136195,4127539.9088566857,4127539.9088566857,45.45186320189214,9.8274759734683,transient-slab
Li,6.092704661368687e+18,20.502632087136195,4375298.995370091,4375298.995370091,48.180149870440026,10.417378560404979,transient-slab
Li,6.458424430196991e+18,20.502632087136195,4637930.031351079,4637930.031351079,51.072204262055976,11.042690550835903,transient-slab
Li,6.846096838574672e+18,20.502632087136195,4916325.71818986,4916325.71818986,54.13785667332438,11.705537424261571,transient-slab
Li,7.257039612324231e+18,20.502632087136195,5211432.3424353115,5211432.3424353115,57.38752747272601,12.408172243893599,transient-slab
Li,7.692649574879161e+18,20.502632087136195,5524252.992289631,5524252.992289631,60.83226252020468,13.15298331497531,transient-slab
Li,8.154407395185187e+18,20.502632087136195,5855850.967175776,5855850.967175776,64.48377071282307,13.942502302799467,transient-slab
Li,8.643882620598297e+18,20.502632087136195,6207353.391967105,6207353.391967105,68.35446378412865,14.779412838016917,transient-slab
Li,9.162739011886769e+18,20.502632087136195,6579955.048164212,6579955.048164212,72.45749849251028,15.666559638486218,transient-slab
Li,9.712740198471207e+18,20.502632087136195,6974922.4350414,6974922.4350414,76.80682134194662,16.60695817867,transient-slab
Li,1.0295755673125085e+19,20.502632087136195,7393598.074566865,7393598.074566865,81.41721598715486,17.603804939444917,transient-slab
Li,1.0913767146512693e+19,20.502632087136195,7837405.074729674,7837405.074729674,86.3043534842771,18.660488273165893,transient-slab
Li,1.1568875283162786e+19,20.502632087136195,8307851.966783691,8307851.966783691,91.48484555790009,19.78059992091355,transient-slab
Li,1.2263306841775593e+19,20.502632087136195,8806537.832851809,8806537.832851809,96.97630106547956,20.967947221075733,transient-slab
Li,1.2999422244132422e+19,20.502632087136195,9335157.741318662,9335157.741318662,102.79738585108676,22.22656605075872,transient-slab
Li,1.377972359833554e+19,20.502632087136195,9895508.508487454,9895508.508487454,108.96788619192685,23.560734544017745,transient-slab
Li,1.460686320364986e+19,20.502632087136195,10489494.806085141,10489494.806085141,115.50877605328904,24.97498763353605,transient-slab
Li,1.548365256585496e+19,20.502632087136195,11119135.635375785,11119135.635375785,122.44228838053178,26.47413246518044,transient-slab
Li,1.6413071953751267e+19,20.502632087136195,11786571.189888071,11786571.189888071,129.7919906704303,28.063264737828742,transient-slab
Li,1.7398280529303622e+19,20.502632087136195,12494070.130083848,12494070.130083848,137.58286507875783,29.747786024009162,transient-slab
Li,1.8442627085855328e+19,20.502632087136195,13244037.294694846,13244037.294694846,145.84139333639305,31.533422130225823,transient-slab
Li,1.9549661430912594e+19,20.502632087136195,14039021.87493891,14039021.87493891,154.59564676258844,33.42624255937836,transient-slab
Li,2.0723146452190294e+19,20.502632087136195,14881726.079400511,14881726.079400511,163.8753816813618,35.43268114142979,transient-slab
Li,2.1967070907932353e+19,20.502632087136195,15775014.319028048,15775014.319028048,173.7121405653374,37.559557902447736,transient-slab
Li,2.3285662984981967e+19,20.502632087136195,16721922.943468433,16721922.943468433,184.13935925083229,39.814102246353414,transient-slab
Li,2.468340467068651e+19,20.502632087136195,17725670.561833404,17725670.561833404,195.19248058861888,42.20397752817477,transient-slab
Li,2.6165046987488236e+19,20.502632087136195,18789668.98297862,18789668.98297862,206.90907491667164,44.73730710233004,transient-slab
Li,2.773562614198418e+19,20.502632087136195,19917534.812482264,19917534.812482264,219.32896776439168,47.42270193448158,transient-slab
Li,2.9400480643347137e+19,20.502632087136195,21113101.745742142,21113101.745742142,232.49437522238665,50.269289870814625,transient-slab
Li,3.1165269449294365e+19,20.502632087136195,22380433.59897639,22380433.59897639,246.45004743793626,53.2867466642295,transient-slab
Li,3.303599120128346e+19,20.502632087136195,23723838.122421015,23723838.122421015,261.2434207238948,56.485328862907174,transient-slab
Li,3.50190046143172e+19,20.502632087136195,25147881.64267641,25147881.64267641,276.92477879806006,59.87590867303907,transient-slab
Li,3.712105009066372e+19,20.502632087136195,26657404.583973084,26657404.583973084,293.54742370107186,63.470010914221625,transient-slab
Li,3.934927263095861e+19,20.502632087136195,28257537.92111455,28257537.92111455,311.16785697380226,67.27985219312988,transient-slab
Li,4.171124612056533e+19,20.502632087136195,29953720.620022118,29953720.620022118,329.84597171007334,71.31838242862409,transient-slab
Li,4.421499907374468e+19,20.502632087136195,31751718.125162892,31751718.125162892,349.64525613749845,75.59932886943545,transient-slab
Li,4.6869041923142115e+19,20.502632087136195,33657641.95670295,33657641.95670295,370.63300941845466,80.13724275405464,transient-slab
Li,4.9682395947343675e+19,20.502632087136195,35677970.4839919,35677970.4839919,392.8805704046436,84.94754877140929,transient-slab
Li,5.266462393484259e+19,20.502632087136195,37819570.9460004,37819570.9460004,416.46356012291426,90.04659749047714,transient-slab
Li,5.582586268862678e+19,20.502632087136195,40089722.79354619,40089722.79354619,441.4621388164285,95.45172093701474,transient-slab
Li,5.917685748188806e+19,20.502632087136195,42496142.432661414,42496142.432661414,467.9612784149862,101.18129150633669,transient-slab
Li,6.272899858196231e+19,20.502632087136195,45047009.45320009,45047009.45320009,496.0510513605996,107.25478441238117,transient-slab
Li,6.649435996665032e+19,20.502632087136195,47750994.43184008,47750994.43184008,525.8269367700659,113.69284388533352,transient-slab
Li,7.048574036451889e+19,20.502632087136195,50617288.403984,50617288.403984,557.3901449752121,120.51735334281905,transient-slab
Li,7.471670675868067e+19,20.502632087136195,53655634.10473591,53655634.10473591,590.8479615439405,127.75150977318076,transient-slab
Li,7.920164050192541e+19,20.502632087136195,56876359.08514419,56876359.08514419,626.3141119514318,135.41990258367665,transient-slab
Li,8.395578619995103e+19,20.502632087136195,60290410.81627501,60290410.81627501,663.9091481410453,143.54859718160716,transient-slab
Li,8.899530352885224e+19,20.502632087136195,63909393.90043756,63909393.90043756,703.7608582888657,152.16522357247038,transient-slab
Li,9.433732216299774e+19,20.502632087136195,67745609.51604472,67745609.51604472,746.0047011647149,161.29907027629696,transient-slab
Li,1e+20,20.502632087136195,71812097.23018493,71812097.23018493,790.7842665660518,170.9811838813927,transient-slab
Li,1e+18,21.543465617130273,773493.2611176997,773493.2611176997,8.517594176732118,1.8416506217088089,transient-slab
Li,1.0600258488068824e+18,21.543465617130273,819922.8506626931,819922.8506626931,9.02886999698302,1.952197263482603,transient-slab
Li,1.1236548001387516e+18,21.543465617130273,869139.4157298801,869139.4157298801,9.570835582318923,2.069379561261619,transient-slab
Li,1.191103133283008e+18,21.543465617130273,921310.2468905839,921310.2468905839,10.145333111938728,2.193595825929962,transient-slab
Li,1.2626001098748577e+18,21.543465617130273,976612.6764746697,976612.6764746697,10.75431534341142,2.3252682773206423,transient-slab
Li,1.3383887531737592e+18,21.543465617130273,1035234.681335623,1035234.681335623,11.39985225023657,2.464844479370531,transient-slab
Li,1.418726674116599e+18,21.543465617130273,1097375.5217971164,1097375.5217971164,12.08413805783007,2.6127988614217057,transient-slab
Li,1.5038869469554132e+18,21.543465617130273,1163246.4189528837,1163246.4189528837,12.80949870185087,2.769634330840199,transient-slab
Li,1.5941590374560028e+18,21.543465617130273,1233071.2726220968,1233071.2726220968,13.578399734220127,2.935883982433564,transient-slab
Li,1.689849786812462e+18,21.543465617130273,1307087.422400621,1307087.422400621,14.393454703705839,3.1121129104776695,transient-slab
Li,1.7912844546220096e+18,21.543465617130273,1385546.4543950185,1385546.4543950185,15.257434039559199,3.298920129511949,transient-slab
Li,1.898807824465269e+18,21.543465617130273,1468715.0563814456,1468715.0563814456,16.173274468398755,3.4969406104320138,transient-slab
Li,2.0127853758499466e+18,21.543465617130273,1556875.9242961903,1556875.9242961903,17.144088996351073,3.706847438800453,transient-slab
Li,2.133604526501402e+18,21.543465617130273,1650328.7231390548,1650328.7231390548,18.173177490377626,3.929354102712036,transient-slab
Li,2.2616759492228552e+18,21.543465617130273,1749391.1055558552,1749391.1055558552,19.264037894755674,4.165216917990132,transient-slab
Li,2.3974349678010685e+18,21.543465617130273,1854399.7915620557,1854399.7915620557,20.420378120836332,4.415237598957276,transient-slab
Li,2.541343036702629e+18,21.543465617130273,1965711.7130778746,1965711.7130778746,21.64612865049703,4.6802659835187495,transient-slab
Li,2.693889309590164e+18,21.543465617130273,2083705.2271650042,2083705.2271650042,22.94545589612608,4.961202921821439,transient-slab
Li,2.8555923019901005e+18,21.543465617130273,2208781.402088922,2208781.402088922,24.32277636255194,5.259003338306957,transient-slab
Li,3.0270016537634555e+18,21.543465617130273,2341365.3805781654,2341365.3805781654,25.782771659054095,5.57467947756706,transient-slab
Li,3.208699997370444e+18,21.543465617130273,2481907.8249144196,2481907.8249144196,27.330404412482856,5.909304345034332,transient-slab
Li,3.401304938279246e+18,21.543465617130273,2630886.4487653505,2630886.4487653505,28.970935135577502,6.264015354203216,transient-slab
Li,3.6054711542504986e+18,21.543465617130273,2788807.6409670147,2788807.6409670147,30.70994010781967,6.640018192778606,transient-slab
Li,3.821892620633115e+18,21.543465617130273,2956208.1867751796,2956208.1867751796,32.55333032960007,7.038590920893284,transient-slab
Li,4.051304969235378e+18,21.543465617130273,3133657.092436215,3133657.092436215,34.50737161412515,7.4610883153243215,transient-slab
Li,4.294487988789272e+18,21.543465617130273,3321757.519279406,3321757.519279406,36.57870588535753,7.908946474474776,transient-slab
Li,4.5522682755073096e+18,21.543465617130273,3521148.833904796,3521148.833904796,38.77437375438342,8.383687699773324,transient-slab
Li,4.825522042741279e+18,21.543465617130273,3732508.7814352955,3732508.7814352955,41.101838450945586,8.886925670084038,transient-slab
Li,5.115178099293145e+18,21.543465617130273,3956555.7892200914,3956555.7892200914,43.56901119148695,9.420370926714504,transient-slab
Li,5.422221006501592e+18,21.543465617130273,4194051.408819812,4194051.408819812,46.18427806993252,9.98583668766622,transient-slab
Li,5.747694424835359e+18,21.543465617130273,4445802.904573922,4445802.904573922,48.9565285626133,10.58524501089029,transient-slab
Li,6.092704661368687e+18,21.543465617130273,4712665.997549076,4712665.997549076,51.89518574422255,11.220633327497799,transient-slab
Li,6.458424430196991e+18,21.543465617130273,4995547.774195292,4995547.774195292,55.01023831751033,11.894161367131648,transient-slab
Li,6.846096838574672e+18,21.543465617130273,5295409.769596697,5295409.769596697,58.31227456558778,12.608118499039755,transient-slab
Li,7.257039612324231e+18,21.543465617130273,5613271.235796997,5613271.235796997,61.81251834224719,13.364931513802375,transient-slab
Li,7.692649574879161e+18,21.543465617130273,5950212.606308969,5950212.606308969,65.52286722263153,14.167172872164212,transient-slab
Li,8.154407395185187e+18,21.543465617130273,6307379.168584077,6307379.168584077,69.45593294393066,15.017569449009708,transient-slab
Li,8.643882620598297e+18,21.543465617130273,6685984.9569251845,6685984.9569251845,73.62508427356401,15.91901180220282,transient-slab
Li,9.162739011886769e+18,21.543465617130273,7087316.879074668,7087316.879074668,78.04449245056296,16.87456399779683,transient-slab
Li,9.712740198471207e+18,21.543465617130273,7512739.0905044675,7512739.0905044675,82.7291793546103,17.88747402501064,transient-slab
Li,1.0295755673125085e+19,21.543465617130273,7963697.631276579,7963697.631276579,87.69506856646687,18.96118483637281,transient-slab
Li,1.0913767146512693e+19,21.543465617130273,8441725.341235315,8441725.341235315,92.95903949334682,20.099346050560275,transient-slab
Li,1.1568875283162786e+19,21.543465617130273,8948447.070237534,8948447.070237534,98.53898474320745,21.305826357708415,transient-slab
Li,1.2263306841775593e+19,21.543465617130273,9485585.201132003,9485585.201132003,104.45387094298694,22.584726669361913,transient-slab
Li,1.2999422244132422e+19,21.543465617130273,10054965.504259953,10054965.504259953,110.72380320750428,23.940394057761793,transient-slab
Li,1.377972359833554e+19,21.543465617130273,10658523.34337708,10658523.34337708,117.37009347816092,25.37743653185019,transient-slab
Li,1.460686320364986e+19,21.543465617130273,11298310.25409126,11298310.25409126,124.41533296373068,26.900738700217282,transient-slab
Li,1.548365256585496e+19,21.543465617130273,11976500.91717659,11976500.91717659,131.8834689294695,28.515478374229975,transient-slab
Li,1.6413071953751267e+19,21.543465617130273,12695400.550466524,12695400.550466524,139.79988609555704,30.22714416777744,transient-slab
Li,1.7398280529303622e+19,21.543465617130273,13457452.744451635,13457452.744451635,148.19149292154827,32.04155415345627,transient-slab
Li,1.8442627085855328e+19,21.543465617130273,14265247.768215854,14265247.768215854,157.08681307012333,33.96487563860918,transient-slab
Li,1.9549661430912594e+19,21.543465617130273,15121531.373943498,15121531.373943498,166.51608236102558,36.003646128436905,transient-slab
Li,2.0723146452190294e+19,21.543465617130273,16029214.129924363,16029214.129924363,176.51135154474295,38.16479554743896,transient-slab
Li,2.1967070907932353e+19,21.543465617130273,16991381.31378034,16991381.31378034,187.10659524526608,40.4556697947151,transient-slab
Li,2.3285662984981967e+19,21.543465617130273,18011303.39954141,18011303.39954141,198.337827442229,42.88405571319384,transient-slab
Li,2.468340467068651e+19,21.543465617130273,19092447.17421717,19092447.17421717,210.24322388496176,45.458207557659925,transient-slab
Li,2.6165046987488236e+19,21.543465617130273,20238487.52165012,20238487.52165012,222.86325185455203,48.18687505154791,transient-slab
Li,2.773562614198418e+19,21.543465617130273,21453319.913704667,21453319.913704667,236.24080771498353,51.07933312786825,transient-slab
Li,2.9400480643347137e+19,21.543465617130273,22741073.65125038,22741073.65125038,250.4213627208989,54.14541345535805,transient-slab
Li,3.1165269449294365e+19,21.543465617130273,24106125.899946515,24106125.899946515,265.453117577597,57.39553785701551,transient-slab
Li,3.303599120128346e+19,21.543465617130273,25553116.56853638,25553116.56853638,281.3871662786255,60.84075373461042,transient-slab
Li,3.50190046143172e+19,21.543465617130273,27086964.080223985,27086964.080223985,298.27766977786337,64.49277161958092,transient-slab
Li,3.712105009066372e+19,21.543465617130273,28712882.090740964,28712882.090740964,316.18204008641857,68.36400497795468,transient-slab
Li,3.934927263095861e+19,21.543465617130273,30436397.209929626,30436397.209929626,335.16113542009754,72.46761240459435,transient-slab
Li,4.171124612056533e+19,21.543465617130273,32263367.787079077,32263367.787079077,355.27946706076733,76.81754235018828,transient-slab
Li,4.421499907374468e+19,21.543465617130273,34200003.82386685,34200003.82386685,376.6054186347438,81.42858053301632,transient-slab
Li,4.6869041923142115e+19,21.543465617130273,36252888.082593374,36252888.082593374,399.2114785535687,86.3164001966509,transient-slab
Li,4.9682395947343675e+19,21.543465617130273,38428998.46145165,38428998.46145165,423.1744864071939,91.49761538440869,transient-slab
Li,5.266462393484259e+19,21.543465617130273,40735731.71289866,40735731.71289866,448.5758941472021,96.98983741166347,transient-slab
Li,5.582586268862678e+19,21.543465617130273,43180928.58573484,43180928.58573484,475.50204294769424,102.81173472794008,transient-slab
Li,5.917685748188806e+19,21.543465617130273,45772900.47636294,45772900.47636294,504.0444566850362,108.98309637229274,transient-slab
Li,6.272899858196231e+19,21.543465617130273,48520457.679809585,48520457.679809585,534.3001530339594,115.52489923764186,transient-slab
Li,6.649435996665032e+19,21.543465617130273,51432939.33653857,51432939.33653857,566.3719732374699,122.45937937271088,transient-slab
Li,7.048574036451889e+19,21.543465617130273,54520245.17684719,54520245.17684719,600.368931671478,129.81010756392186,transient-slab
Li,7.471670675868067e+19,21.543465617130273,57792869.17074679,57792869.17074679,636.4065863923397,137.60206945415902,transient-slab
Li,7.920164050192541e+19,21.543465617130273,61261935.19770597,61261935.19770597,674.6074319268305,145.8617504707285,transient-slab
Li,8.395578619995103e+19,21.543465617130273,64939234.85750049,64939234.85750049,715.1013156396697,154.61722585119165,transient-slab
Li,8.899530352885224e+19,21.543465617130273,68837267.55069144,68837267.55069144,758.025879093859,163.89825607307486,transient-slab
Li,9.433732216299774e+19,21.543465617130273,72969282.96496817,72969282.96496817,803.5270259040512,173.736388011829,transient-slab
Li,1e+20,21.543465617130273,77349326.11176997,77349326.11176997,851.7594176732118,184.1650621708809,transient-slab
Li,1e+18,22.637137945214064,833135.1514170967,833135.1514170967,9.174361912199355,1.9836551224216588,transient-slab
Li,1.0600258488068824e+18,22.637137945214064,883144.7960517583,883144.7960517583,9.725060773240653,2.102725704885139,transient-slab
Li,1.1236548001387516e+18,22.637137945214064,936156.3120541463,936156.3120541463,10.30881580085294,2.2289436001289196,transient-slab
Li,1.191103133283008e+18,22.637137945214064,992349.8893011173,992349.8893011173,10.92761121949294,2.362737831669327,transient-slab
Li,1.2626001098748577e+18,22.637137945214064,1051916.5337198325,1051916.5337198325,11.583550358374614,2.5045631755234106,transient-slab
Li,1.3383887531737592e+18,22.637137945214064,1115058.7165303594,1115058.7165303594,12.278862800833322,2.654901706024665,transient-slab
Li,1.418726674116599e+18,22.637137945214064,1181991.0624596064,1181991.0624596064,13.015911962836588,2.8142644344276344,transient-slab
Li,1.5038869469554132e+18,22.637137945214064,1252941.0792658934,1252941.0792658934,13.797203126401515,2.983193045871175,transient-slab
Li,1.5941590374560028e+18,22.637137945214064,1328149.93105384,1328149.93105384,14.625391955224735,3.1622617406043814,transient-slab
Li,1.689849786812462e+18,22.637137945214064,1407873.2580081492,1407873.2580081492,15.50329352147045,3.3520791857336887,transient-slab
Li,1.7912844546220096e+18,22.637137945214064,1492382.0453325992,1492382.0453325992,16.433891874398956,3.5532905841252362,transient-slab
Li,1.898807824465269e+18,22.637137945214064,1581963.54434784,1581963.54434784,17.42035018336028,3.766579867494857,transient-slab
Li,2.0127853758499466e+18,22.637137945214064,1676922.248878863,1676922.248878863,18.466021489629608,3.99267202114015,transient-slab
Li,2.133604526501402e+18,22.637137945214064,1777580.9302509483,1777580.9302509483,19.574460103630596,4.232335548216543,transient-slab
Li,2.2616759492228552e+18,22.637137945214064,1884281.7344121893,1884281.7344121893,20.749433686287485,4.4863850819337845,transient-slab
Li,2.3974349678010685e+18,22.637137945214064,1997387.3449115858,1997387.3449115858,21.99493605556901,4.755684154551394,transient-slab
Li,2.541343036702629e+18,22.637137945214064,2117282.215686029,2117282.215686029,23.31520076175764,5.041148132585783,transient-slab
Li,2.693889309590164e+18,22.637137945214064,2244373.877846299,2244373.877846299,24.714715477585013,5.343747328205475,transient-slab
Li,2.8555923019901005e+18,22.637137945214064,2379094.324904018,2379094.324904018,26.198237252147656,5.664510297390519,transient-slab
Li,3.0270016537634555e+18,22.637137945214064,2521901.4811480185,2521901.4811480185,27.7708086804519,6.004527336066711,transient-slab
Li,3.208699997370444e+18,22.637137945214064,2673280.758161263,2673280.758161263,29.43777504354957,6.364954186098246,transient-slab
Li,3.401304938279246e+18,22.637137945214064,2833746.704768998,2833746.704768998,31.204802477524687,6.74701596373571,transient-slab
Li,3.6054711542504986e+18,22.637137945214064,3003844.7560264636,3003844.7560264636,33.07789723308922,7.152011323872533,transient-slab
Li,3.821892620633115e+18,22.637137945214064,3184153.0871910546,3184153.0871910546,35.063426091252225,7.581316874264416,transient-slab
Li,4.051304969235378e+18,22.637137945214064,3375284.5789807537,3375284.5789807537,37.168138004457035,8.03639185471608,transient-slab
Li,4.294487988789272e+18,22.637137945214064,3577888.900798853,3577888.900798853,39.3991870367459,8.518783097140126,transient-slab
Li,4.5522682755073096e+18,22.637137945214064,3792654.719006028,3792654.719006028,41.7641566809277,9.030130283347685,transient-slab
Li,4.825522042741279e+18,22.637137945214064,4020312.0377457934,4020312.0377457934,44.27108563540401,9.572171518442365,transient-slab
Li,5.115178099293145e+18,22.637137945214064,4261634.680280011,4261634.680280011,46.928495128271315,10.146749238761933,transient-slab
Li,5.422221006501592e+18,22.637137945214064,4517442.919268667,4517442.919268667,49.745417881575456,10.755816474449208,transient-slab
Li,5.747694424835359e+18,22.637137945214064,4788606.264934409,4788606.264934409,52.731428814170094,11.40144348793907,transient-slab
Li,6.092704661368687e+18,22.637137945214064,5076046.420589051,5076046.420589051,55.89667758754033,12.085824810926313,transient-slab
Li,6.458424430196991e+18,22.637137945214064,5380740.415568046,5380740.415568046,59.25192310521708,12.811286703733444,transient-slab
Li,6.846096838574672e+18,22.637137945214064,5703723.926222016,5703723.926222016,62.80857008304788,13.580295062433372,transient-slab
Li,7.257039612324231e+18,22.637137945214064,6046094.796253617,6046094.796253617,66.57870781462938,14.395463800603851,transient-slab
Li,7.692649574879161e+18,22.637137945214064,6409016.768365615,6409016.768365615,70.57515126366793,15.259563734203846,transient-slab
Li,8.154407395185187e+18,22.637137945214064,6793723.439904303,6793723.439904303,74.81148462294372,16.17553199977215,transient-slab
Li,8.643882620598297e+18,22.637137945214064,7201522.455943773,7201522.455943773,79.30210748793895,17.146482037961366,transient-slab
Li,9.162739011886769e+18,22.637137945214064,7633799.954063622,7633799.954063622,84.06228380207713,18.17571417634196,transient-slab
Li,9.712740198471207e+18,22.637137945214064,8092025.275928231,8092025.275928231,89.10819373994184,19.266726847448172,transient-slab
Li,1.0295755673125085e+19,22.637137945214064,8577755.9616825,8577755.9616825,94.4569887048292,20.42322848019643,transient-slab
Li,1.0913767146512693e+19,22.637137945214064,9092643.044140788,9092643.044140788,100.12684962757868,21.649150105097114,transient-slab
Li,1.1568875283162786e+19,22.637137945214064,9638436.660763336,9638436.660763336,106.1370487648332,22.948658716103182,transient-slab
Li,1.2263306841775593e+19,22.637137945214064,10216992.002497025,10216992.002497025,112.50801520679974,24.326171434516727,transient-slab
Li,1.2999422244132422e+19,22.637137945214064,10830275.619700039,10830275.619700039,119.26140431716553,25.786370523095332,transient-slab
Li,1.377972359833554e+19,22.637137945214064,11480372.106585018,11480372.106585018,126.42017134120418,27.334219301392903,transient-slab
Li,1.460686320364986e+19,22.637137945214064,12169491.186901644,12169491.186901644,134.0086494322715,28.97497901643249,transient-slab
Li,1.548365256585496e+19,22.637137945214064,12899975.22494329,12899975.22494329,142.05263236190754,30.714226726055454,transient-slab
Li,1.6413071953751267e+19,22.637137945214064,13674307.187408265,13674307.187408265,150.57946219468306,32.557874255733964,transient-slab
Li,1.7398280529303622e+19,22.637137945214064,14495119.083178496,14495119.083178496,159.61812222580275,34.512188293282136,transient-slab
Li,1.8442627085855328e+19,22.637137945214064,15365200.909703126,15365200.909703126,169.1993354973673,36.58381168976935,transient-slab
Li,1.9549661430912594e+19,22.637137945214064,16287510.136396341,16287510.136396341,179.35566922815724,38.77978603903891,transient-slab
Li,2.0723146452190294e+19,22.637137945214064,17265181.75728423,17265181.75728423,190.1216455119038,41.107575612581506,transient-slab
Li,2.1967070907932353e+19,22.637137945214064,18301538.94707032,18301538.94707032,201.53385866031707,43.57509273111981,transient-slab
Li,2.3285662984981967e+19,22.637137945214064,19400104.356840435,19400104.356840435,213.63109958972888,46.190724659143896,transient-slab
Li,2.468340467068651e+19,22.637137945214064,20564612.087801877,20564612.087801877,226.45448767414996,48.963362113814,transient-slab
Li,2.6165046987488236e+19,22.637137945214064,21799020.38375646,21799020.38375646,240.0476105129185,51.90242948513443,transient-slab
Li,2.773562614198418e+19,22.637137945214064,23107525.085449975,23107525.085449975,254.45667208802038,55.01791687011899,transient-slab
Li,2.9400480643347137e+19,22.637137945214064,24494573.892530438,24494573.892530438,269.7306498146783,58.320414029834375,transient-slab
Li,3.1165269449294365e+19,22.637137945214064,25964881.481592484,25964881.481592484,285.9214610190364,61.82114638474401,transient-slab
Li,3.303599120128346e+19,22.637137945214064,27523445.531695172,27523445.531695172,303.084139408808,65.5320131707028,transient-slab
Li,3.50190046143172e+19,22.637137945214064,29175563.711825166,29175563.711825166,321.2770221367251,69.465627885298,transient-slab
Li,3.712105009066372e+19,22.637137945214064,30926851.68804675,30926851.68804675,340.5619480926296,73.63536116201607,transient-slab
Li,3.934927263095861e+19,22.637137945214064,32783262.21154632,32783262.21154632,361.00446809821517,78.05538621796742,transient-slab
Li,4.171124612056533e+19,22.637137945214064,34751105.352452986,34751105.352452986,382.67406771888767,82.74072702964996,transient-slab
Li,4.421499907374468e+19,22.637137945214064,36837069.94821107,36837069.94821107,405.64440345009297,87.70730940050254,transient-slab
Li,4.6869041923142115e+19,22.637137945214064,39048246.33941126,39048246.33941126,429.99355308094977,92.97201509383633,transient-slab
Li,4.9682395947343675e+19,22.637137945214064,41392150.470354326,41392150.470354326,455.8042810861174,98.55273921512935,transient-slab
Li,5.266462393484259e+19,22.637137945214064,43876749.436279535,43876749.436279535,483.16431994812234,104.4684510387608,transient-slab
Li,5.582586268862678e+19,22.637137945214064,46510488.56407911,46510488.56407911,512.1666683662085,110.73925848590265,transient-slab
Li,5.917685748188806e+19,22.637137945214064,49302320.11856076,49302320.11856076,542.9099073654833,117.38647647276372,transient-slab
Li,6.272899858196231e+19,22.637137945214064,52261733.73182601,52261733.73182601,575.4985353807623,124.4326993614905,transient-slab
Li,6.649435996665032e+19,22.637137945214064,55398788.65919814,55398788.65919814,610.0433234541101,131.90187775999556,transient-slab
Li,7.048574036451889e+19,22.637137945214064,58724147.97133961,58724147.97133961,646.6616917534147,139.81939993176098,transient-slab
Li,7.471670675868067e+19,22.637137945214064,62249114.79878024,62249114.79878024,685.4781086918082,148.21217809233391,transient-slab
Li,7.920164050192541e+19,22.637137945214064,65985670.75205408,65985670.75205408,726.6245140045702,157.10873988584305,transient-slab
Li,8.395578619995103e+19,22.637137945214064,69946516.6480376,69946516.6480376,770.2407672215829,166.53932535247048,transient-slab
Li,8.899530352885224e+19,22.637137945214064,74145115.6809208,74145115.6809208,816.4751230597228,176.5359897164781,transient-slab
Li,9.433732216299774e+19,22.637137945214064,78595739.18455255,78595739.18455255,865.4847353510864,187.13271234417275,transient-slab
Li,1e+20,22.637137945214064,83313515.14170969,83313515.14170969,917.4361912199356,198.36551224216592,transient-slab
Li,1e+18,23.78633147784654,897375.8601643045,897375.8601643045,9.881771160915612,2.1366091908673916,transient-slab
Li,1.0600258488068824e+18,23.78633147784654,951241.607869473,951241.607869473,10.474932862564945,2.264860971117793,transient-slab
Li,1.1236548001387516e+18,23.78633147784654,1008340.6928022619,1008340.6928022619,11.103699598835512,2.400811173338719,transient-slab
Li,1.191103133283008e+18,23.78633147784654,1068867.1987742374,1068867.1987742374,11.770208592152253,2.5449219018434226,transient-slab
Li,1.2626001098748577e+18,23.78633147784654,1133026.8596424956,1133026.8596424956,12.47672535353025,2.697682999148799,transient-slab
Li,1.3383887531737592e+18,23.78633147784654,1201037.758613533,1201037.758613533,13.225651383206257,2.8596137109846027,transient-slab
Li,1.418726674116599e+18,23.78633147784654,1273131.069523426,1273131.069523426,14.019532333507131,3.0312644512462525,transient-slab
Li,1.5038869469554132e+18,23.78633147784654,1349551.8426139837,1349551.8426139837,14.861066661701429,3.2132186728904375,transient-slab
Li,1.5941590374560028e+18,23.78633147784654,1430559.8374757802,1430559.8374757802,15.75311480224572,3.40609485113281,transient-slab
Li,1.689849786812462e+18,23.78633147784654,1516430.4059892998,1516430.4059892998,16.698708889602784,3.610548585688809,transient-slab
Li,1.7912844546220096e+18,23.78633147784654,1607455.4282653728,1607455.4282653728,17.701063064680223,3.8272748292032683,transient-slab
Li,1.898807824465269e+18,23.78633147784654,1703944.3047662326,1703944.3047662326,18.76358439992181,4.057010249443412,transient-slab
Li,2.0127853758499466e+18,23.78633147784654,1806225.0079794785,1806225.0079794785,19.889884480186694,4.300535733284472,transient-slab
Li,2.133604526501402e+18,23.78633147784654,1914645.1972196493,1914645.1972196493,21.083791678780567,4.5586790409991655,transient-slab
Li,2.2616759492228552e+18,23.78633147784654,2029573.4003467795,2029573.4003467795,22.349364170366854,4.832317619873284,transient-slab
Li,2.3974349678010685e+18,23.78633147784654,2151400.2664184654,2151400.2664184654,23.69090372498725,5.122381586710633,transient-slab
Li,2.541343036702629e+18,23.78633147784654,2280539.893533587,2280539.893533587,25.112970330081744,5.429856889365683,transient-slab
Li,2.693889309590164e+18,23.78633147784654,2417431.2363808975,2417431.2363808975,26.62039769020695,5.755788658049756,transient-slab
Li,2.8555923019901005e+18,23.78633147784654,2562539.5982769327,2562539.5982769327,28.218309657138402,6.101284757802222,transient-slab
Li,3.0270016537634555e+18,23.78633147784654,2716358.212764753,2716358.212764753,29.912137646203583,6.467519554201793,transient-slab
Li,3.208699997370444e+18,23.78633147784654,2879409.9201495033,2879409.9201495033,31.707639098045252,6.855737905117865,transient-slab
Li,3.401304938279246e+18,23.78633147784654,3052248.944669435,3052248.944669435,33.610917048567714,7.267259392070083,transient-slab
Li,3.6054711542504986e+18,23.78633147784654,3235462.778343129,3235462.778343129,35.6284408735857,7.703482805578878,transient-slab
Li,3.821892620633115e+18,23.78633147784654,3429674.17789625,3429674.17789625,37.76706827868852,8.165890899752977,transient-slab
Li,4.051304969235378e+18,23.78633147784654,3635543.281555518,3635543.281555518,40.03406860906427,8.656055432275044,transient-slab
Li,4.294487988789272e+18,23.78633147784654,3853769.8529050467,3853769.8529050467,42.437147558516315,9.175642506916779,transient-slab
Li,4.5522682755073096e+18,23.78633147784654,4085095.659432047,4085095.659432047,44.984473361659184,9.726418236742969,transient-slab
Li,4.825522042741279e+18,23.78633147784654,4330306.993846767,4330306.993846767,47.68470455832337,10.310254747254207,transient-slab
Li,5.115178099293145e+18,23.78633147784654,4590237.346746798,4590237.346746798,50.54701942454213,10.929136539873328,transient-slab
Li,5.422221006501592e+18,23.78633147784654,4865770.239710327,4865770.239710327,53.58114717015827,11.585167237405543,transient-slab
Li,5.747694424835359e+18,23.78633147784654,5157842.228448207,5157842.228448207,56.79740100909349,12.280576734400492,transient-slab
Li,6.092704661368687e+18,23.78633147784654,5467446.086222792,5467446.086222792,60.20671321468921,13.017728776720933,transient-slab
Li,6.458424430196991e+18,23.78633147784654,5795634.178354183,5795634.178354183,63.820672279273474,13.79912899608139,transient-slab
Li,6.846096838574672e+18,23.78633147784654,6143522.039284072,6143522.039284072,67.65156230426274,14.627433426866837,transient-slab
Li,7.257039612324231e+18,23.78633147784654,6512292.164355888,6512292.164355888,71.71240475468781,15.505457534180687,transient-slab
Li,7.692649574879161e+18,23.78633147784654,6903198.0291997595,6903198.0291997595,76.01700272007066,16.436185783808952,transient-slab
Li,8.154407395185187e+18,23.78633147784654,7317568.350384472,7317568.350384472,80.57998783209797,17.422781786629695,transient-slab
Li,8.643882620598297e+18,23.78633147784654,7756811.601818679,7756811.601818679,85.41686999856793,18.468599051949237,transient-slab
Li,9.162739011886769e+18,23.78633147784654,8222420.802252919,8222420.802252919,90.54409012265911,19.577192386316476,transient-slab
Li,9.712740198471207e+18,23.78633147784654,8715978.590155518,8715978.590155518,95.97907598671856,20.75232997656076,transient-slab
Li,1.0295755673125085e+19,23.78633147784654,9239162.60321214,9239162.60321214,101.74030149052078,21.998006198124145,transient-slab
Li,1.0913767146512693e+19,23.78633147784654,9793751.180734755,9793751.180734755,107.84734944535741,23.31845519222561,transient-slab
Li,1.1568875283162786e+19,23.78633147784654,10381629.408361766,10381629.408361766,114.32097813738747,24.71816525800421,transient-slab
Li,1.2263306841775593e+19,23.78633147784654,11004795.525597172,11004795.525597172,121.18319188651716,26.201894108564698,transient-slab
Li,1.2999422244132422e+19,23.78633147784654,11665367.717967328,11665367.717967328,128.4573158406327,27.774685042779353,transient-slab
Li,1.377972359833554e+19,23.78633147784654,12365591.31688272,12365591.31688272,136.16807525942045,29.441884087816,transient-slab
Li,1.460686320364986e+19,23.78633147784654,13107846.43167762,13107846.43167762,144.34167955726662,31.209158170661,transient-slab
Li,1.548365256585496e+19,23.78633147784654,13894656.039769335,13894656.039769335,153.00591139090258,33.08251438040318,transient-slab
Li,1.6413071953751267e+19,23.78633147784654,14728694.562436165,14728694.562436165,162.19022109461216,35.068320386752774,transient-slab
Li,1.7398280529303622e+19,23.78633147784654,15612796.955363708,15612796.955363708,171.92582678399216,37.1733260841993,transient-slab
Li,1.8442627085855328e+19,23.78633147784654,16549968.344858924,16549968.344858924,182.24582046852632,39.40468653537839,transient-slab
Li,1.9549661430912594e+19,23.78633147784654,17543394.24248612,17543394.24248612,193.18528053365637,41.769986291633614,transient-slab
Li,2.0723146452190294e+19,23.78633147784654,18596451.372845117,18596451.372845117,204.78139097468474,44.27726517344076,transient-slab
Li,2.1967070907932353e+19,23.78633147784654,19712719.151296068,19712719.151296068,217.0735677877943,46.935045598323974,transient-slab
Li,2.3285662984981967e+19,23.78633147784654,20895991.850644294,20895991.850644294,230.10359294779494,49.752361549153086,transient-slab
Li,2.468340467068651e+19,23.78633147784654,22150291.498140916,22150291.498140916,243.9157564279997,52.7387892812879,transient-slab
Li,2.6165046987488236e+19,23.78633147784654,23479881.546636697,23479881.546636697,258.55700674496313,55.90447987294451,transient-slab
Li,2.773562614198418e+19,23.78633147784654,24889281.36635862,24889281.36635862,274.07711053979637,59.26019372942528,transient-slab
Li,2.9400480643347137e+19,23.78633147784654,26383281.606567618,26383281.606567618,290.5288217384854,62.817337158494325,transient-slab
Li,3.1165269449294365e+19,23.78633147784654,27966960.47931285,27966960.47931285,307.9680608662014,66.58800114122107,transient-slab
Li,3.303599120128346e+19,23.78633147784654,29645701.020632137,29645701.020632137,326.4541051251048,70.58500243007651,transient-slab
Li,3.50190046143172e+19,23.78633147784654,31425209.38787064,31425209.38787064,346.0497898817304,74.82192711397771,transient-slab
Li,3.712105009066372e+19,23.78633147784654,33311534.255311586,33311534.255311586,366.8217222488246,79.31317679836091,transient-slab
Li,3.934927263095861e+19,23.78633147784654,35311087.374046214,35311087.374046214,388.8405074876129,84.07401755725289,transient-slab
Li,4.171124612056533e+19,23.78633147784654,37430665.365967326,37430665.365967326,412.1809890000558,89.12063182373174,transient-slab
Li,4.421499907374468e+19,23.78633147784654,39677472.82596556,39677472.82596556,436.9225027268408,94.47017339515611,transient-slab
Li,4.6869041923142115e+19,23.78633147784654,42059146.81085651,42059146.81085651,463.1491468158507,100.14082574013456,transient-slab
Li,4.9682395947343675e+19,23.78633147784654,44583782.79827109,44583782.79827109,490.95006747765154,106.15186380540736,transient-slab
Li,5.266462393484259e+19,23.78633147784654,47259962.20375899,47259962.20375899,520.4197619997936,112.52371953275951,transient-slab
Li,5.582586268862678e+19,23.78633147784654,50096781.54962081,50096781.54962081,551.658399949707,119.27805130862097,transient-slab
Li,5.917685748188806e+19,23.78633147784654,53103883.384629756,53103883.384629756,584.7721636581348,126.4378175824518,transient-slab
Li,6.272899858196231e+19,23.78633147784654,56291489.05973386,56291489.05973386,619.8736091403515,134.02735490412826,transient-slab
Li,6.649435996665032e+19,23.78633147784654,59670433.47114772,59670433.47114772,657.0820486819867,142.0724606455898,transient-slab
Li,7.048574036451889e+19,23.78633147784654,63252201.888927974,63252201.888927974,696.5239563898883,150.60048068792375,transient-slab
Li,7.471670675868067e+19,23.78633147784654,67048968.99621517,67048968.99621517,738.3333980865193,159.64040237194087,transient-slab
Li,7.920164050192541e+19,23.78633147784654,71073640.27183934,71073640.27183934,782.6524870091326,169.2229530281889,transient-slab
Li,8.395578619995103e+19,23.78633147784654,75339895.8569515,75339895.8569515,829.6318668626732,179.3807044213131,transient-slab
Li,8.899530352885224e+19,23.78633147784654,79862237.05478714,79862237.05478714,879.4312238683436,190.1481834637789,transient-slab
Li,9.433732216299774e+19,23.78633147784654,84656035.62161721,84656035.62161721,932.2198295483165,201.56198957527909,transient-slab
Li,1e+20,23.78633147784654,89737586.01643045,89737586.01643045,988.1771160915613,213.66091908673917,transient-slab
Li,1e+18,24.993864796128623,966569.9893179422,966569.9893179422,10.643726747563434,2.301357117423672,transient-slab
Li,1.0600258488068824e+18,24.993864796128623,1024589.173358011,1024589.173358011,11.282625480054449,2.4394980318047876,transient-slab
Li,1.1236548001387516e+18,24.993864796128623,1086091.0081671677,1086091.0081671677,11.95987465126488,2.5859309718265897,transient-slab
Li,1.191103133283008e+18,24.993864796128623,1151284.5428139244,1151284.5428139244,12.677776278830969,2.7411536733664867,transient-slab
Li,1.2626001098748577e+18,24.993864796128623,1220391.374714574,1220391.374714574,13.438770560951559,2.9056937493204145,transient-slab
Li,1.3383887531737592e+18,24.993864796128623,1293646.4028584145,1293646.4028584145,14.245444170793618,3.080110482996225,transient-slab
Li,1.418726674116599e+18,24.993864796128623,1371298.626245961,1371298.626245961,15.100539048776563,3.2649967291570503,transient-slab
Li,1.5038869469554132e+18,24.993864796128623,1453611.9902540867,1453611.9902540867,16.00696172262085,3.460980929176397,transient-slab
Li,1.5941590374560028e+18,24.993864796128623,1540866.2838049496,1540866.2838049496,16.96779318684044,3.668729247154642,transient-slab
Li,1.689849786812462e+18,24.993864796128623,1633358.0903882484,1633358.0903882484,17.986299375260174,3.8889478342577344,transient-slab
Li,1.7912844546220096e+18,24.993864796128623,1731401.7961693916,1731401.7961693916,19.065942262154866,4.122385228974742,transient-slab
Li,1.898807824465269e+18,24.993864796128623,1835330.6586102198,1835330.6586102198,20.210391629743718,4.369834901452905,transient-slab
Li,2.0127853758499466e+18,24.993864796128623,1945497.939234593,1945497.939234593,21.4235375420386,4.632137950558555,transient-slab
Li,2.133604526501402e+18,24.993864796128623,2062278.1043891732,2062278.1043891732,22.709503567445392,4.910185962831365,transient-slab
Li,2.2616759492228552e+18,24.993864796128623,2186068.0980809815,2186068.0980809815,24.07266079506422,5.204924043049956,transient-slab
Li,2.3974349678010685e+18,24.993864796128623,2317288.69121794,2317288.69121794,25.517642692328117,5.517354026709381,transient-slab
Li,2.541343036702629e+18,24.993864796128623,2456385.9118388873,2456385.9118388873,27.04936085448586,5.848537885330685,transient-slab
Li,2.693889309590164e+18,24.993864796128623,2603832.5611942834,2603832.5611942834,28.673021699460026,6.199601336176865,transient-slab
Li,2.8555923019901005e+18,24.993864796128623,2760129.820830969,2760129.820830969,30.394144164828276,6.571737668645165,transient-slab
Li,3.0270016537634555e+18,24.993864796128623,2925808.9561435366,2925808.9561435366,32.218578467080846,6.966211800341753,transient-slab
Li,3.208699997370444e+18,24.993864796128623,3101433.122182831,3101433.122182831,34.15252598691852,7.384364576625789,transient-slab
Li,3.401304938279246e+18,24.993864796128623,3287599.2778596343,3287599.2778596343,36.2025603481824,7.827617328237225,transient-slab
Li,3.6054711542504986e+18,24.993864796128623,3484940.215050054,3484940.215050054,38.375649762064455,8.297476702500127,transient-slab
Li,3.821892620633115e+18,24.993864796128623,3694126.709499672,3694126.709499672,40.679180712548,8.79553978452303,transient-slab
Li,4.051304969235378e+18,24.993864796128623,3915869.8008375657,3915869.8008375657,43.12098306358725,9.323499525803728,transient-slab
Li,4.294487988789272e+18,24.993864796128623,4150923.2094500777,4150923.2094500777,45.70935667336628,9.883150498690663,transient-slab
Li,4.5522682755073096e+18,24.993864796128623,4400085.898429508,4400085.898429508,48.45309960610164,10.476394996260733,transient-slab
Li,4.825522042741279e+18,24.993864796128623,4664204.789305932,4664204.789305932,51.36153803728229,11.105249498347456,transient-slab
Li,5.115178099293145e+18,24.993864796128623,4944177.6407931475,4944177.6407931475,54.44455795399715,11.77185152569797,transient-slab
Li,5.422221006501592e+18,24.993864796128623,5240956.100333766,5240956.100333766,57.71263875810134,12.478466905556587,transient-slab
Li,5.747694424835359e+18,24.993864796128623,5555548.938815909,5555548.938815909,61.176888886441354,13.227497473371214,transient-slab
Li,6.092704661368687e+18,24.993864796128623,5889025.479456508,5889025.479456508,64.84908356921432,14.021489236801209,transient-slab
Li,6.458424430196991e+18,24.993864796128623,6242519.232506243,6242519.232506243,68.74170485480485,14.863141029776768,transient-slab
Li,6.846096838574672e+18,24.993864796128623,6617231.748130719,6617231.748130719,72.86798403714673,15.755313686025524,transient-slab
Li,7.257039612324231e+18,24.993864796128623,7014436.700564116,7014436.700564116,77.24194662982282,16.701039763247895,transient-slab
Li,7.692649574879161e+18,24.993864796128623,7435484.217417623,7435484.217417623,81.87846003977381,17.70353385099434,transient-slab
Li,8.154407395185187e+18,24.993864796128623,7881805.468858295,7881805.468858295,86.79328410266166,18.766203497281655,transient-slab
Li,8.643882620598297e+18,24.993864796128623,8354917.532257243,8354917.532257243,92.00312465166084,19.892660791088677,transient-slab
Li,9.162739011886769e+18,24.993864796128623,8856428.548842488,8856428.548842488,97.52569030176218,21.086734640101163,transient-slab
Li,9.712740198471207e+18,24.993864796128623,9388043.189884262,9388043.189884262,103.37975264260258,22.35248378543872,transient-slab
Li,1.0295755673125085e+19,24.993864796128623,9951568.450992657,9951568.450992657,109.58521004441947,23.694210597601565,transient-slab
Li,1.0913767146512693e+19,24.993864796128623,10548919.794223282,10548919.794223282,116.16315529401624,25.116475700531627,transient-slab
Li,1.1568875283162786e+19,24.993864796128623,11182127.658867259,11182127.658867259,123.13594729062527,26.624113473493473,transient-slab
Li,1.2263306841775593e+19,24.993864796128623,11853344.36305768,11853344.36305768,130.52728704538455,28.22224848347067,transient-slab
Li,1.2999422244132422e+19,24.993864796128623,12564851.419650495,12564851.419650495,138.36229824274335,29.91631290392975,transient-slab
Li,1.377972359833554e+19,24.993864796128623,13319067.291247379,13319067.291247379,146.66761263763507,31.712064979160427,transient-slab
Li,1.460686320364986e+19,24.993864796128623,14118555.61072049,14118555.61072049,155.47146057868815,33.61560859695355,transient-slab
Li,1.548365256585496e+19,24.993864796128623,14966033.895181155,14966033.895181155,164.80376696516964,35.6334140361456,transient-slab
Li,1.6413071953751267e+19,24.993864796128623,15864382.783011977,15864382.783011977,174.6962529638256,37.772339959552326,transient-slab
Li,1.7398280529303622e+19,24.993864796128623,16816655.825359564,16816655.825359564,185.1825438313611,40.03965672704658,transient-slab
Li,1.8442627085855328e+19,24.993864796128623,17826089.86536997,17826089.86536997,196.2982832090562,42.443071108023744,transient-slab
Li,1.9549661430912594e+19,24.993864796128623,18896116.040446572,18896116.040446572,208.08125427801366,44.99075247725374,transient-slab
Li,2.0723146452190294e+19,24.993864796128623,20030371.444927722,20030371.444927722,220.57150818685216,47.69136058316125,transient-slab
Li,2.1967070907932353e+19,24.993864796128623,21232711.49282665,21232711.49282665,233.81150018838218,50.5540749829206,transient-slab
Li,2.3285662984981967e+19,24.993864796128623,22507223.022655223,22507223.022655223,247.84623394800042,53.5886262444172,transient-slab
Li,2.468340467068651e+19,24.993864796128623,23858238.18887591,23858238.18887591,262.72341451431834,56.80532902113312,transient-slab
Li,2.6165046987488236e+19,24.993864796128623,25290349.187199958,25290349.187199958,278.4936104719826,60.21511711238085,transient-slab
Li,2.773562614198418e+19,24.993864796128623,26808423.863784082,26808423.863784082,295.2104258278566,63.82958062805734,transient-slab
Li,2.9400480643347137e+19,24.993864796128623,28417622.26138241,28417622.26138241,312.93068221481496,67.66100538424382,transient-slab
Li,3.1165269449294365e+19,24.993864796128623,30123414.158695247,30123414.158695247,331.71461203247605,71.72241466356012,transient-slab
Li,3.303599120128346e+19,24.993864796128623,31931597.662532188,31931597.662532188,351.62606318137114,76.0276134822195,transient-slab
Li,3.50190046143172e+19,24.993864796128623,33848318.91598555,33848318.91598555,372.7327160864554,80.59123551425131,transient-slab
Li,3.712105009066372e+19,24.993864796128623,35880092.98960363,35880092.98960363,395.1063137476396,85.4287928323896,transient-slab
Li,3.934927263095861e+19,24.993864796128623,38033826.026574455,38033826.026574455,418.8229055993,90.55672863470109,transient-slab
Li,4.171124612056533e+19,24.993864796128623,40316838.7171929,40316838.7171929,443.96310600766293,95.99247313617359,transient-slab
Li,4.421499907374468e+19,24.993864796128623,42736891.18240223,42736891.18240223,470.61236828470896,101.7545028152434,transient-slab
Li,4.6869041923142115e+19,24.993864796128623,45302209.35099366,45302209.35099366,498.86127515001976,107.86240321665159,transient-slab
Li,4.9682395947343675e+19,24.993864796128623,48021512.92011376,48021512.92011376,528.8058466277791,114.33693552408037,transient-slab
Li,5.266462393484259e+19,24.993864796128623,50904044.99413425,50904044.99413425,560.5478664256536,121.20010712889106,transient-slab
Li,5.582586268862678e+19,24.993864796128623,53959603.502610885,53959603.502610885,594.1952279047404,128.47524643478783,transient-slab
Li,5.917685748188806e+19,24.993864796128623,57198574.50413794,57198574.50413794,629.8623008167215,136.1870821527094,transient-slab
Li,6.272899858196231e+19,24.993864796128623,60631967.48929252,60631967.48929252,667.670320054701,144.3618273554584,transient-slab
Li,6.649435996665032e+19,24.993864796128623,64271452.8026686,64271452.8026686,707.7477977391474,153.0272685777824,transient-slab
Li,7.048574036451889e+19,24.993864796128623,68129401.31120028,68129401.31120028,750.2309600396416,162.21286026476255,transient-slab
Li,7.471670675868067e+19,24.993864796128623,72218926.4536098,72218926.4536098,795.2642102172232,171.94982488954713,transient-slab
Li,7.920164050192541e+19,24.993864796128623,76553928.81390955,76553928.81390955,843.0006194612471,182.271259080737,transient-slab
Li,8.395578619995103e+19,24.993864796128623,81149143.3704661,81149143.3704661,893.6024471891359,193.21224612015737,transient-slab
Li,8.899530352885224e+19,24.993864796128623,86020189.58122972,86020189.58122972,947.241692577571,204.8099751934041,transient-slab
Li,9.433732216299774e+19,24.993864796128623,91183624.47537199,91183624.47537199,1004.1006791998079,217.10386779850472,transient-slab
Li,1e+20,24.993864796128623,96656998.93179421,96656998.93179421,1064.3726747563435,230.1357117423672,transient-slab
Li,1e+18,26.262699568824527,1041099.4831965166,1041099.4831965166,11.464434586876262,2.4788082933250397,transient-slab
Li,1.0600258488068824e+18,26.262699568824527,1103592.363367794,1103592.363367794,12.152597004044488,2.6276008651614147,transient-slab
Li,1.1236548001387516e+18,26.262699568824527,1169836.4317157394,1169836.4317157394,12.882066954420235,2.785324837418427,transient-slab
Li,1.191103133283008e+18,26.262699568824527,1240056.8564946912,1240056.8564946912,13.6553239577464,2.9525163249873603,transient-slab
Li,1.2626001098748577e+18,26.262699568824527,1314492.3218745792,1314492.3218745792,14.474996369043083,3.129743623510903,transient-slab
Li,1.3383887531737592e+18,26.262699568824527,1393395.839245231,1393395.839245231,15.34387031257144,3.3176091410600734,transient-slab
Li,1.418726674116599e+18,26.262699568824527,1477035.607219904,1477035.607219904,16.264899152066263,3.516751445761676,transient-slab
Li,1.5038869469554132e+18,26.262699568824527,1565695.9232612678,1565695.9232612678,17.241213529427384,3.727847436336352,transient-slab
Li,1.5941590374560028e+18,26.262699568824527,1659678.1500285005,1659678.1500285005,18.27613200599196,3.951614642925001,transient-slab
Li,1.689849786812462e+18,26.262699568824527,1759301.7397301982,1759301.7397301982,19.373172342558266,4.188813666024282,transient-slab
Li,1.7912844546220096e+18,26.262699568824527,1864905.3199649279,1864905.3199649279,20.536063456502344,4.4402507618212566,transient-slab
Li,1.898807824465269e+18,26.262699568824527,1976847.8447402932,1976847.8447402932,21.76875809663089,4.706780582714984,transient-slab
Li,2.0127853758499466e+18,26.262699568824527,2095509.814582886,2095509.814582886,23.07544627885286,4.989309082340204,transient-slab
Li,2.133604526501402e+18,26.262699568824527,2221294.569886358,2221294.569886358,24.460569528338418,5.288796594967519,transient-slab
Li,2.2616759492228552e+18,26.262699568824527,2354629.6618939056,2354629.6618939056,25.928835976576696,5.606261099747394,transient-slab
Li,2.3974349678010685e+18,26.262699568824527,2495968.3059749496,2495968.3059749496,27.48523636464514,5.942781680892737,transient-slab
Li,2.541343036702629e+18,26.262699568824527,2645790.922136173,2645790.922136173,29.135061007090762,6.299502195562318,transient-slab
Li,2.693889309590164e+18,26.262699568824527,2804606.7680029403,2804606.7680029403,30.883917774081684,6.677635161911763,transient-slab
Li,2.8555923019901005e+18,26.262699568824527,2972955.669821845,2972955.669821845,32.7377511529529,7.078465880528203,transient-slab
Li,3.0270016537634555e+18,26.262699568824527,3151409.8573681344,3151409.8573681344,34.7028624539374,7.503356803257463,transient-slab
Li,3.208699997370444e+18,26.262699568824527,3340575.908995033,3340575.908995033,36.785931228763474,7.9537521642738875,transient-slab
Li,3.401304938279246e+18,26.262699568824527,3541096.813436283,3541096.813436283,38.99403797492161,8.431182889134005,transient-slab
Li,3.6054711542504986e+18,26.262699568824527,3753654.155370142,3753654.155370142,41.33468820277409,8.937271798500339,transient-slab
Li,3.821892620633115e+18,26.262699568824527,3978970.4321737164,3978970.4321737164,43.81583794731343,9.473739124223133,transient-slab
Li,4.051304969235378e+18,26.262699568824527,4217811.509742431,4217811.509742431,46.445920811285724,10.042408356529599,transient-slab
Li,4.294487988789272e+18,26.262699568824527,4470989.225722159,4470989.225722159,49.233876631600396,10.645212442195618,transient-slab
Li,4.5522682755073096e+18,26.262699568824527,4739364.149002558,4739364.149002558,52.18918186646554,11.284200354767995,transient-slab
Li,4.825522042741279e+18,26.262699568824527,5023848.504851344,5023848.504851344,55.321881806536894,11.961544059169867,transient-slab
Li,5.115178099293145e+18,26.262699568824527,5325409.275632232,5325409.275632232,58.642624719568296,12.679545894362457,transient-slab
Li,5.422221006501592e+18,26.262699568824527,5645071.487646103,5645071.487646103,62.16269804462385,13.440646399157389,transient-slab
Li,5.747694424835359e+18,26.262699568824527,5983921.695267591,5983921.695267591,65.89406675887832,14.247432607779979,transient-slab
Li,6.092704661368687e+18,26.262699568824527,6343111.674219946,6343111.674219946,69.84941404741738,15.102646843380827,transient-slab
Li,6.458424430196991e+18,26.262699568824527,6723862.336541844,6723862.336541844,74.04218441427697,16.00919603938534,transient-slab
Li,6.846096838574672e+18,26.262699568824527,7127467.8805533955,7127467.8805533955,78.48662938125968,16.97016162036523,transient-slab
Li,7.257039612324231e+18,26.262699568824527,7555300.189927406,7555300.189927406,83.19785592986099,17.98880997601763,transient-slab
Li,7.692649574879161e+18,26.262699568824527,8008813.496818596,8008813.496818596,88.19187785096359,19.0686035638538,transient-slab
Li,8.154407395185187e+18,26.262699568824527,8489549.32490115,8489549.32490115,93.4856701768406,20.21321267833607,transient-slab
Li,8.643882620598297e+18,26.262699568824527,8999141.729116237,8999141.729116237,99.0972268804857,21.426527926467234,transient-slab
Li,9.162739011886769e+18,26.262699568824527,9539322.849939875,9539322.849939875,105.04562203839507,22.712673452237798,transient-slab
Li,9.712740198471207e+18,26.262699568824527,10111928.801050404,10111928.801050404,111.35107466469668,24.076020954881916,transient-slab
Li,1.0295755673125085e+19,26.262699568824527,10718905.910408128,10718905.910408128,118.03501743700268,25.521204548590784,transient-slab
Li,1.0913767146512693e+19,26.262699568824527,11362317.335961483,11362317.335961483,125.1201695475939,27.05313651419401,transient-slab
Li,1.1568875283162786e+19,26.262699568824527,12044350.078465732,12044350.078465732,132.63061392754935,28.67702399634698,transient-slab
Li,1.2263306841775593e+19,26.262699568824527,12767322.415252874,12767322.415252874,140.59187910632835,30.398386702983032,transient-slab
Li,1.2999422244132422e+19,26.262699568824527,13533691.780219564,13533691.780219564,149.03102598504032,32.22307566718944,transient-slab
Li,1.377972359833554e+19,26.262699568824527,14346063.116817974,14346063.116817974,157.97673981835294,34.15729313528089,transient-slab
Li,1.460686320364986e+19,26.262699568824527,15207197.732442083,15207197.732442083,167.45942771769361,36.207613648671625,transient-slab
Li,1.548365256585496e+19,26.262699568824527,16120022.684306014,16120022.684306014,177.51132200716293,38.38100639120479,transient-slab
Li,1.6413071953751267e+19,26.262699568824527,17087640.728717685,17087640.728717685,188.16658978347473,40.684858877899245,transient-slab
Li,1.7398280529303622e+19,26.262699568824527,18113340.867566016,18113340.867566016,199.4614490523242,43.12700206563337,transient-slab
Li,1.8442627085855328e+19,26.262699568824527,19200609.527870063,19200609.527870063,211.4342918359408,45.7157369711192,transient-slab
Li,1.9549661430912594e+19,26.262699568824527,20353142.41238997,20353142.41238997,224.12581467027513,48.45986288664279,transient-slab
Li,2.0723146452190294e+19,26.262699568824527,21574857.061581038,21574857.061581038,237.57915693539243,51.36870728947866,transient-slab
Li,2.1967070907932353e+19,26.262699568824527,22869906.1695896,22869906.1695896,251.8400474892629,54.452157546641914,transient-slab
Li,2.3285662984981967e+19,26.262699568824527,24242691.69955298,24242691.69955298,266.95696010337156,57.720694522745184,transient-slab
Li,2.468340467068651e+19,26.262699568824527,25697879.84618221,25697879.84618221,282.9812782284814,61.185428205195734,transient-slab
Li,2.6165046987488236e+19,26.262699568824527,27240416.896486573,27240416.896486573,299.9674696506026,64.85813546782518,transient-slab
Li,2.773562614198418e+19,26.262699568824527,28875546.04255152,28875546.04255152,317.97327163083276,68.75130010131313,transient-slab
Li,2.9400480643347137e+19,26.262699568824527,30608825.20351789,30608825.20351789,337.0598871583749,72.87815524647118,transient-slab
Li,3.1165269449294365e+19,26.262699568824527,32446145.917340547,32446145.917340547,357.2921929838083,77.25272837462035,transient-slab
Li,3.303599120128346e+19,26.262699568824527,34393753.36654088,34393753.36654088,378.7389601397339,81.88988896795448,transient-slab
Li,3.50190046143172e+19,26.262699568824527,36458267.60602207,36458267.60602207,401.47308769835746,86.8053990619573,transient-slab
Li,3.712105009066372e+19,26.262699568824527,38646706.06510201,38646706.06510201,425.5718505605713,92.01596682167146,transient-slab
Li,3.934927263095861e+19,26.262699568824527,40966507.40024984,40966507.40024984,451.11716211878525,97.53930333392819,transient-slab
Li,4.171124612056533e+19,26.262699568824527,43425556.77960328,43425556.77960328,478.19585268631744,103.39418280857925,transient-slab
Li,4.421499907374468e+19,26.262699568824527,46032212.68521005,46032212.68521005,506.89996463974035,109.60050639335726,transient-slab
Li,4.6869041923142115e+19,26.262699568824527,48795335.32409913,48795335.32409913,537.327065277424,116.17936981928365,transient-slab
Li,4.9682395947343675e+19,26.262699568824527,51724316.744744204,51724316.744744204,569.5805784576077,123.15313510653382,transient-slab
Li,5.266462393484259e+19,26.262699568824527,54829112.761303514,54829112.761303514,603.7701361434407,130.54550657453217,transient-slab
Li,5.582586268862678e+19,26.262699568824527,58120276.79412904,58120276.79412904,640.0119510496977,138.38161141459295,transient-slab
Li,5.917685748188806e+19,26.262699568824527,61608995.741587564,61608995.741587564,678.4292116580045,146.688085099018,transient-slab
Li,6.272899858196231e+19,26.262699568824527,65307128.00511597,65307128.00511597,719.1525009431604,155.49316191694277,transient-slab
Li,6.649435996665032e+19,26.262699568824527,69227243.79676278,69227243.79676278,762.3202402338659,164.82677094467329,transient-slab
Li,7.048574036451889e+19,26.262699568824527,73382667.86622445,73382667.86622445,808.0791597165703,174.7206377767249,transient-slab
Li,7.471670675868067e+19,26.262699568824527,77787524.79260811,77787524.79260811,856.5847971817097,185.20839236335266,transient-slab
Li,7.920164050192541e+19,26.262699568824527,82456786.99487083,82456786.99487083,908.0020267076131,196.32568332112103,transient-slab
Li,8.395578619995103e+19,26.262699568824527,87406325.62412624,87406325.62412624,962.505619079107,208.1102991050625,transient-slab
Li,8.899530352885224e+19,26.262699568824527,92652964.51080519,92652964.51080519,1020.2808358457244,220.60229645429808,transient-slab
Li,9.433732216299774e+19,26.262699568824527,98214537.35004023,98214537.35004023,1081.5240590387596,233.84413654771484,transient-slab
Li,1e+20,26.262699568824527,104109948.31965165,104109948.31965165,1146.443458687626,247.88082933250394,transient-slab
Li,1e+18,27.595947816328525,1121375.7367709058,1121375.7367709058,12.34842489984557,2.6699422304069187,transient-slab
Li,1.0600258488068824e+18,27.595947816328525,1188687.2672020223,1188687.2672020223,13.08964958588684,2.8302077790524343,transient-slab
Li,1.1236548001387516e+18,27.595947816328525,1260039.2293817576,1260039.2293817576,13.87536691286436,3.0000934032898994,transient-slab
Li,1.191103133283008e+18,27.595947816328525,1335674.1536553672,1335674.1536553672,14.70824758931597,3.1801765563223032,transient-slab
Li,1.2626001098748577e+18,27.595947816328525,1415849.1284579453,1415849.1284579453,15.59112263532645,3.3710693534712983,transient-slab
Li,1.3383887531737592e+18,27.595947816328525,1500836.6741761183,1500836.6741761183,16.52699300536412,3.573420652800282,transient-slab
Li,1.418726674116599e+18,27.595947816328525,1590925.6694640378,1590925.6694640378,17.519039788736503,3.7879182606286617,transient-slab
Li,1.5038869469554132e+18,27.595947816328525,1686422.3331622747,1686422.3331622747,18.57063502233696,4.0152912694339875,transient-slab
Li,1.5941590374560028e+18,27.595947816328525,1787651.2651572232,1787651.2651572232,19.685353152435553,4.256312536088627,transient-slab
Li,1.689849786812462e+18,27.595947816328525,1894956.5497189825,1894956.5497189825,20.866983184473735,4.511801308854721,transient-slab
Li,1.7912844546220096e+18,27.595947816328525,2008702.9250680264,2008702.9250680264,22.11954156216072,4.782626012066729,transient-slab
Li,1.898807824465269e+18,27.595947816328525,2129277.0231461017,2129277.0231461017,23.447285819648524,5.069707197966909,transient-slab
Li,2.0127853758499466e+18,27.595947816328525,2257088.683805438,2257088.683805438,24.854729053190503,5.374020675727234,transient-slab
Li,2.133604526501402e+18,27.595947816328525,2392572.347883249,2392572.347883249,26.346655261473128,5.696600828293451,transient-slab
Li,2.2616759492228552e+18,27.595947816328525,2536188.533896817,2536188.533896817,27.928135606765373,6.038544128325754,transient-slab
Li,2.3974349678010685e+18,27.595947816328525,2688425.4033782557,2688425.4033782557,29.604545652155174,6.401012865186323,transient-slab
Li,2.541343036702629e+18,27.595947816328525,2849800.4201700217,2849800.4201700217,31.381583633467898,6.7852390956429085,transient-slab
Li,2.693889309590164e+18,27.595947816328525,3020862.1093209367,3020862.1093209367,33.265289827970975,7.192528831716516,transient-slab
Li,2.8555923019901005e+18,27.595947816328525,3202191.921561476,3202191.921561476,35.262067085701894,7.624266479908276,transient-slab
Li,3.0270016537634555e+18,27.595947816328525,3394406.2096957453,3394406.2096957453,37.37870259320638,8.081919546894632,transient-slab
Li,3.208699997370444e+18,27.595947816328525,3598158.3236280847,3598158.3236280847,39.6223909436636,8.567043627685917,transient-slab
Li,3.401304938279246e+18,27.595947816328525,3814140.8311454095,3814140.8311454095,42.000758591815135,9.081287693203357,transient-slab
Li,3.6054711542504986e+18,27.595947816328525,4043087.8720039004,4043087.8720039004,44.5218897768218,9.626399695247382,transient-slab
Li,3.821892620633115e+18,27.595947816328525,4285777.653321747,4285777.653321747,47.19435400116199,10.204232507908921,transient-slab
Li,4.051304969235378e+18,27.595947816328525,4543035.094759954,4543035.094759954,50.027235158974236,10.81675022561894,transient-slab
Li,4.294487988789272e+18,27.595947816328525,4815734.632482375,4815734.632482375,53.03016241285317,11.46603483924375,transient-slab
Li,4.5522682755073096e+18,27.595947816328525,5104803.19142583,5104803.19142583,56.213342924051524,12.154293312918643,transient-slab
Li,4.825522042741279e+18,27.595947816328525,5411223.3359832475,5411223.3359832475,59.58759654734006,12.8838650856744,transient-slab
Li,5.115178099293145e+18,27.595947816328525,5736036.609809252,5736036.609809252,63.16439260845622,13.657230023355364,transient-slab
Li,5.422221006501592e+18,27.595947816328525,6080347.076100404,6080347.076100404,66.95588888914996,14.477016847858104,transient-slab
Li,5.747694424835359e+18,27.595947816328525,6445325.070383778,6445325.070383778,70.97497295234051,15.34601207234233,transient-slab
Li,6.092704661368687e+18,27.595947816328525,6832211.178569843,6832211.178569843,75.23530594785026,16.26716947278534,transient-slab
Li,6.458424430196991e+18,27.595947816328525,7242320.453791369,7242320.453791369,79.75136904761547,17.243620128074685,transient-slab
Li,6.846096838574672e+18,27.595947816328525,7677046.886361642,7677046.886361642,84.53851266820953,18.278683062765815,transient-slab
Li,7.257039612324231e+18,27.595947816328525,8137868.142045733,8137868.142045733,89.61300864799017,19.375876528680315,transient-slab
Li,7.692649574879161e+18,27.595947816328525,8626350.584750516,8626350.584750516,94.9921055562243,20.538929963691704,transient-slab
Li,8.154407395185187e+18,27.595947816328525,9144154.60070591,9144154.60070591,100.6940873221896,21.771796668347406,transient-slab
Li,8.643882620598297e+18,27.595947816328525,9693040.242234642,9693040.242234642,106.73833538353838,23.078667243415815,transient-slab
Li,9.162739011886769e+18,27.595947816328525,10274873.210294047,10274873.210294047,113.14539456516898,24.463983834033446,transient-slab
Li,9.712740198471207e+18,27.595947816328525,10891631.196125044,10891631.196125044,119.93704291253287,25.932455228869152,transient-slab
Li,1.0295755673125085e+19,27.595947816328525,11545410.603563877,11545410.603563877,127.13636571674411,27.48907286562828,transient-slab
Li,1.0913767146512693e+19,27.595947816328525,12238433.674866777,12238433.674866777,134.7678339831139,29.13912779730185,transient-slab
Li,1.1568875283162786e+19,27.595947816328525,12973056.044267392,12973056.044267392,142.85738760981533,30.888228676827122,transient-slab
Li,1.2263306841775593e+19,27.595947816328525,13751774.744943796,13751774.744943796,151.4325235594283,32.742320821294754,transient-slab
Li,1.2999422244132422e+19,27.595947816328525,14577236.696610095,14577236.696610095,160.5223893230512,34.70770642050023,transient-slab
Li,1.377972359833554e+19,27.595947816328525,15452247.702582953,15452247.702582953,170.15788199467622,36.791065958530844,transient-slab
Li,1.460686320364986e+19,27.595947816328525,16379781.986904694,16379781.986904694,180.37175329258795,38.99948092120165,transient-slab
Li,1.548365256585496e+19,27.595947816328525,17362992.30394033,17362992.30394033,191.19872088476114,41.340457866524595,transient-slab
Li,1.6413071953751267e+19,27.595947816328525,18405220.654811714,18405220.654811714,202.6755863966591,43.82195394002789,transient-slab
Li,1.7398280529303622e+19,27.595947816328525,19510009.647094753,19510009.647094753,214.84136050255123,46.452403921654174,transient-slab
Li,1.8442627085855328e+19,27.595947816328525,20681114.53639208,20681114.53639208,227.7373955255423,49.240748896171624,transient-slab
Li,1.9549661430912594e+19,27.595947816328525,21922515.990711365,21922515.990711365,241.40752599703163,52.19646664455087,transient-slab
Li,2.0723146452190294e+19,27.595947816328525,23238433.621036272,23238433.621036272,255.89821765337302,55.329603859610174,transient-slab
Li,2.1967070907932353e+19,27.595947816328525,24633340.324081372,24633340.324081372,271.2587253761851,58.65081029543184,transient-slab
Li,2.3285662984981967e+19,27.595947816328525,26111977.485983163,26111977.485983163,287.5412606131637,62.17137496662658,transient-slab
Li,2.468340467068651e+19,27.595947816328525,27679371.098605502,27679371.098605502,304.80116884846973,65.90326452048929,transient-slab
Li,2.6165046987488236e+19,27.595947816328525,29340848.843239985,29340848.843239985,323.097117725929,69.85916391247616,transient-slab
Li,2.773562614198418e+19,27.595947816328525,31102058.199769903,31102058.199769903,342.49129646448523,74.05251952326168,transient-slab
Li,2.9400480643347137e+19,27.595947816328525,32968985.64285215,32968985.64285215,363.04962724373553,78.4975848639337,transient-slab
Li,3.1165269449294365e+19,27.595947816328525,34947976.990366265,34947976.990366265,384.84198927806295,83.2094690246816,transient-slab
Li,3.303599120128346e+19,27.595947816328525,37045758.973296404,37045758.973296404,407.9424563410079,88.2041880316581,transient-slab
Li,3.50190046143172e+19,27.595947816328525,39269462.100363694,39269462.100363694,432.42954854724144,93.49871928658023,transient-slab
Li,3.712105009066372e+19,27.595947816328525,41626644.89512773,41626644.89512773,458.3864992479666,99.11105927411364,transient-slab
Li,3.934927263095861e+19,27.595947816328525,44125319.587940454,44125319.587940454,485.9015379469412,105.06028473319157,transient-slab
Li,4.171124612056533e+19,27.595947816328525,46773979.35008153,46773979.35008153,515.0681901987759,111.36661750019412,transient-slab
Li,4.421499907374468e+19,27.595947816328525,49581627.16264536,49581627.16264536,545.9855955088777,118.05149324439371,transient-slab
Li,4.6869041923142115e+19,27.595947816328525,52557806.418309964,52557806.418309964,578.7588443156341,125.13763432930945,transient-slab
Li,4.9682395947343675e+19,27.595947816328525,55712633.35999638,55712633.35999638,613.4993352001653,132.64912704761042,transient-slab
Li,5.266462393484259e+19,27.595947816328525,59056831.4666968,59056831.4666968,650.3251535380134,140.61150349213523,transient-slab
Li,5.582586268862678e+19,27.595947816328525,62601767.90333027,62601767.90333027,689.3614728795986,149.05182834126254,transient-slab
Li,5.917685748188806e+19,27.595947816328525,66359492.15853911,66359492.15853911,730.7409804239592,157.99879085366456,transient-slab
Li,6.272899858196231e+19,27.595947816328525,70342777.00174908,70342777.00174908,774.6043280318809,167.48280238511686,transient-slab
Li,6.649435996665032e+19,27.595947816328525,74565161.89871232,74565161.89871232,821.1006103114793,177.53609975883887,transient-slab
Li,7.048574036451889e+19,27.595947816328525,79040999.03310515,79040999.03310515,870.3878714012752,188.19285484072654,transient-slab
Li,7.471670675868067e+19,27.595947816328525,83785502.09061125,83785502.09061125,922.6336421733523,199.48929069193156,transient-slab
Li,7.920164050192541e+19,27.595947816328525,88814797.97131102,88814797.97131102,978.0155096825931,211.46380469359767,transient-slab
Li,8.395578619995103e+19,27.595947816328525,94145981.60615073,94145981.60615073,1036.7217207975864,224.15709906226365,transient-slab
Li,8.899530352885224e+19,27.595947816328525,99797174.06381707,99797174.06381707,1098.9518220649934,237.61231919956447,transient-slab
Li,9.433732216299774e+19,27.595947816328525,105787584.14552589,105787584.14552589,1164.9173379823146,251.8752003464902,transient-slab
Li,1e+20,27.595947816328525,112137573.67709059,112137573.67709059,1234.8424899845572,266.99422304069185,transient-slab
Li,1e+18,28.996879543393113,1207841.8665213482,1207841.8665213482,13.300577220064511,2.8758139679079724,transient-slab
Li,1.0600258488068824e+18,28.996879543393113,1280343.5997837817,1280343.5997837817,14.09895565732037,3.0484371423423378,transient-slab
Li,1.1236548001387516e+18,28.996879543393113,1357197.3111252624,1357197.3111252624,14.945257437941622,3.231422169345863,transient-slab
Li,1.191103133283008e+18,28.996879543393113,1438664.2317239747,1438664.2317239747,15.84235920129144,3.425391027914226,transient-slab
Li,1.2626001098748577e+18,28.996879543393113,1525021.2733813075,1525021.2733813075,16.79331025945248,3.631003031860256,transient-slab
Li,1.3383887531737592e+18,28.996879543393113,1616561.9697645737,1616561.9697645737,17.80134296205345,3.8489570708680327,transient-slab
Li,1.418726674116599e+18,28.996879543393113,1713597.4741486178,1713597.4741486178,18.869883683253125,4.079993986068137,transient-slab
Li,1.5038869469554132e+18,28.996879543393113,1816457.6170477185,1816457.6170477185,20.002564468227536,4.324899088208854,transient-slab
Li,1.5941590374560028e+18,28.996879543393113,1925492.0273327345,1925492.0273327345,21.20323537874728,4.584504826982701,transient-slab
Li,1.689849786812462e+18,28.996879543393113,2041071.3206442667,2041071.3206442667,22.475977579808706,4.859693620581587,transient-slab
Li,1.7912844546220096e+18,28.996879543393113,2163588.3591413237,2163588.3591413237,23.825117211801185,5.151400855098389,transient-slab
Li,1.898807824465269e+18,28.996879543393113,2293459.586867471,2293459.586867471,25.25524009536301,5.46061806397017,transient-slab
Li,2.0127853758499466e+18,28.996879543393113,2431126.4452734734,2431126.4452734734,26.771207318908793,5.788396298270174,transient-slab
Li,2.133604526501402e+18,28.996879543393113,2577056.8737078514,2577056.8737078514,28.378171761811082,6.1358496993044085,transient-slab
Li,2.2616759492228552e+18,28.996879543393113,2731746.8999757757,2731746.8999757757,30.081595609401294,6.504159285656609,transient-slab
Li,2.3974349678010685e+18,28.996879543393113,2895722.326372391,2895722.326372391,31.887268919320988,6.894576967553312,transient-slab
Li,2.541343036702629e+18,28.996879543393113,3069540.516921935,3069540.516921935,33.80132930233656,7.308429802195084,transient-slab
Li,2.693889309590164e+18,28.996879543393113,3253792.29189729,3253792.29189729,35.83028278451025,7.747124504517357,transient-slab
Li,2.8555923019901005e+18,28.996879543393113,3449103.936059717,3449103.936059717,37.98102592164112,8.212152228713611,transient-slab
Li,3.0270016537634555e+18,28.996879543393113,3656139.3274448607,3656139.3274448607,40.26086924114383,8.705093636773478,transient-slab
Li,3.208699997370444e+18,28.996879543393113,3875602.1939309626,3875602.1939309626,42.67756209104638,9.227624271264197,transient-slab
Li,3.401304938279246e+18,28.996879543393113,4108238.505259484,4108238.505259484,45.23931898056987,9.78152025061782,transient-slab
Li,3.6054711542504986e+18,28.996879543393113,4354839.008638803,4354839.008638803,47.954847501823885,10.368664306282865,transient-slab
Li,3.821892620633115e+18,28.996879543393113,4616241.91654967,4616241.91654967,50.83337792752547,10.99105218226112,transient-slab
Li,4.051304969235378e+18,28.996879543393113,4893335.755888473,4893335.755888473,53.88469458534623,11.650799418782078,transient-slab
Li,4.294487988789272e+18,28.996879543393113,5187062.388132746,5187062.388132746,57.11916911553126,12.350148543173205,transient-slab
Li,4.5522682755073096e+18,28.996879543393113,5498420.210794669,5498420.210794669,60.547795724834884,13.091476692368259,transient-slab
Li,4.825522042741279e+18,28.996879543393113,5828467.551044537,5828467.551044537,64.18222855660383,13.877303692963183,transient-slab
Li,5.115178099293145e+18,28.996879543393113,6178326.263039355,6178326.263039355,68.0348213040313,14.71030062628418,transient-slab
Li,5.422221006501592e+18,28.996879543393113,6549185.541184147,6549185.541184147,72.11866920123035,15.593298907581302,transient-slab
Li,5.747694424835359e+18,28.996879543393113,6942305.962287487,6942305.962287487,76.44765353485697,16.529299910208305,transient-slab
Li,6.092704661368687e+18,28.996879543393113,7359023.770350874,7359023.770350874,81.03648882758122,17.52148516750208,transient-slab
Li,6.458424430196991e+18,28.996879543393113,7800755.418556209,7800755.418556209,85.90077285378622,18.57322718703859,transient-slab
Li,6.846096838574672e+18,28.996879543393113,8269002.383889934,8269002.383889934,91.05703965750196,19.688100914023654,transient-slab
Li,7.257039612324231e+18,28.996879543393113,8765356.270769063,8765356.270769063,96.52281575278548,20.869895882783485,transient-slab
Li,7.692649574879161e+18,28.996879543393113,9291504.221016703,9291504.221016703,102.31667969757673,22.122629097658816,transient-slab
Li,8.154407395185187e+18,28.996879543393113,9849234.648575965,9849234.648575965,108.45832524352572,23.450558687085632,transient-slab
Li,8.643882620598297e+18,28.996879543393113,10440443.31845489,10440443.31845489,114.96862827644124,24.858198377273546,transient-slab
Li,9.162739011886769e+18,28.996879543393113,11067139.790565291,11067139.790565291,121.8697177748976,26.350332834679268,transient-slab
Li,9.712740198471207e+18,28.996879543393113,11731454.250358395,11731454.250358395,129.185051028191,27.93203392942475,transient-slab
Li,1.0295755673125085e+19,28.996879543393113,12435644.749475166,12435644.749475166,136.9394933693175,29.60867797494087,transient-slab
Li,1.0913767146512693e+19,28.996879543393113,13182104.881023264,13182104.881023264,145.15940269399525,31.385964002436342,transient-slab
Li,1.1568875283162786e+19,28.996879543393113,13973371.915568033,13973371.915568033,153.87271905300236,33.26993313230484,transient-slab
Li,1.2263306841775593e+19,28.996879543393113,14812135.425494255,14812135.425494255,163.10905962238175,35.266989108319656,transient-slab
Li,1.2999422244132422e+19,28.996879543393113,15701246.427052042,15701246.427052042,172.89981937430764,37.38392006440963,transient-slab
Li,1.377972359833554e+19,28.996879543393113,16643727.07116187,16643727.07116187,183.27827779080707,39.627921598004455,transient-slab
Li,1.460686320364986e+19,28.996879543393113,17642780.91591845,17642780.91591845,194.2797119830639,42.00662122837726,transient-slab
Li,1.548365256585496e+19,28.996879543393113,18701803.81571032,18701803.81571032,205.94151660080396,44.52810432311981,transient-slab
Li,1.6413071953751267e+19,28.996879543393113,19824395.463968124,19824395.463968124,218.30333093934382,47.20094158087648,transient-slab
Li,1.7398280529303622e+19,28.996879543393113,21014371.628776122,21014371.628776122,231.40717367634772,50.034218163752676,transient-slab
Li,1.8442627085855328e+19,28.996879543393113,22275777.122936677,22275777.122936677,245.29758569627214,53.03756457842066,transient-slab
Li,1.9549661430912594e+19,28.996879543393113,23612899.552573882,23612899.552573882,260.02178148796986,56.2211894108902,transient-slab
Li,2.0723146452190294e+19,28.996879543393113,25030283.891008783,25030283.891008783,275.62980963006294,59.59591402621139,transient-slab
Li,2.1967070907932353e+19,28.996879543393113,26532747.927443825,26532747.927443825,292.17472290958693,63.17320935105672,transient-slab
Li,2.3285662984981967e+19,28.996879543393113,28125398.642967694,28125398.642967694,309.71275865215057,66.9652348642088,transient-slab
Li,2.468340467068651e+19,28.996879543393113,29813649.569543764,29813649.569543764,328.303529876567,70.98487992748515,transient-slab
Li,2.6165046987488236e+19,28.996879543393113,31603239.190986577,31603239.190986577,348.01022792370367,75.24580759758709,transient-slab
Li,2.773562614198418e+19,28.996879543393113,33500250.44847247,33500250.44847247,368.89983724830046,79.7625010677916,transient-slab
Li,2.9400480643347137e+19,28.996879543393113,35511131.41688518,35511131.41688518,391.04336310385065,84.55031289734568,transient-slab
Li,3.1165269449294365e+19,28.996879543393113,37642717.222276464,37642717.222276464,414.5160728944572,89.62551719589634,transient-slab
Li,3.303599120128346e+19,28.996879543393113,39902253.27494106,39902253.27494106,439.3977520140425,95.00536494033585,transient-slab
Li,3.50190046143172e+19,28.996879543393113,42297419.8970766,42297419.8970766,465.7729750425214,100.70814261208714,transient-slab
Li,3.712105009066372e+19,28.996879543393113,44836358.42873975,44836358.42873975,493.7313932207557,106.75323435414226,transient-slab
Li,3.934927263095861e+19,28.996879543393113,47527698.90083445,47527698.90083445,523.368039181436,113.16118785912964,transient-slab
Li,4.171124612056533e+19,28.996879543393113,50380589.36919499,50380589.36919499,554.7836499716956,119.95378421236903,transient-slab
Li,4.421499907374468e+19,28.996879543393113,53404727.009471476,53404727.009471476,588.0850094654221,127.15411192731305,transient-slab
Li,4.6869041923142115e+19,28.996879543393113,56610391.078515306,56610391.078515306,623.3853113291927,134.78664542503643,transient-slab
Li,4.9682395947343675e+19,28.996879543393113,60008477.854292266,60008477.854292266,660.8045437754648,142.8773282245054,transient-slab
Li,5.266462393484259e+19,28.996879543393113,63610537.673105165,63610537.673105165,700.4698974110319,151.4536611264409,transient-slab
Li,5.582586268862678e+19,28.996879543393113,67428814.18999547,67428814.18999547,742.5161975667988,160.54479569046538,transient-slab
Li,5.917685748188806e+19,28.996879543393113,71476285.9957915,71476285.9957915,787.0863625786046,170.18163332331306,transient-slab
Li,6.272899858196231e+19,28.996879543393113,75766710.73225237,75766710.73225237,834.331889576707,180.3969303148866,transient-slab
Li,6.649435996665032e+19,28.996879543393113,80314671.85526136,80314671.85526136,884.413369435199,191.22540917919372,transient-slab
Li,7.048574036451889e+19,28.996879543393113,85135628.20501965,85135628.20501965,937.5010326317018,202.70387667861823,transient-slab
Li,7.471670675868067e+19,28.996879543393113,90245966.55173312,90245966.55173312,993.7753278727484,214.8713489326979,transient-slab
Li,7.920164050192541e+19,28.996879543393113,95663057.29539843,95663057.29539843,1053.427535451648,227.76918403666292,transient-slab
Li,8.395578619995103e+19,28.996879543393113,101405313.50901613,101405313.50901613,1116.6604174236754,241.44122264051458,transient-slab
Li,8.899530352885224e+19,28.996879543393113,107492253.52592283,107492253.52592283,1183.688906808579,255.93393696648295,transient-slab
Li,9.433732216299774e+19,28.996879543393113,113944567.28398097,113944567.28398097,1254.7408381630548,271.29658877138326,transient-slab
Li,1e+20,28.996879543393113,120784186.65213485,120784186.65213485,1330.0577220064515,287.58139679079727,transient-slab
Li,1e+18,30.46893075933914,1300975.1563938295,1300975.1563938295,14.326147328240335,3.097559896175784,transient-slab
Li,1.0600258488068824e+18,30.46893075933914,1379067.2944330357,1379067.2944330357,15.186086481750413,3.2834935581738947,transient-slab
Li,1.1236548001387516e+18,30.46893075933914,1461846.9793431894,1461846.9793431894,16.097644212872204,3.480588046055213,transient-slab
Li,1.191103133283008e+18,30.46893075933914,1549595.5851040415,1549595.5851040415,17.063918970541057,3.6895132978667653,transient-slab
Li,1.2626001098748577e+18,30.46893075933914,1642611.3754073093,1642611.3754073093,18.088195190719645,3.9109794652554983,transient-slab
Li,1.3383887531737592e+18,30.46893075933914,1741210.5174759738,1741210.5174759738,19.173954460427165,4.145739327323747,transient-slab
Li,1.418726674116599e+18,30.46893075933914,1845728.1567389397,1845728.1567389397,20.32488735189881,4.394590849378428,transient-slab
Li,1.5038869469554132e+18,30.46893075933914,1956519.5560139574,1956519.5560139574,21.544905967100807,4.658379895271327,transient-slab
Li,1.5941590374560028e+18,30.46893075933914,2073961.3030709594,2073961.3030709594,22.83815723524049,4.938003102549904,transient-slab
Li,1.689849786812462e+18,30.46893075933914,2198452.5906804223,2198452.5906804223,24.209037008470855,5.234410930191482,transient-slab
Li,1.7912844546220096e+18,30.46893075933914,2330416.573497704,2330416.573497704,25.662205003701548,5.548610889280249,transient-slab
Li,1.898807824465269e+18,30.46893075933914,2470301.8063955302,2470301.8063955302,27.202600641304958,5.881670967608406,transient-slab
Li,2.0127853758499466e+18,30.46893075933914,2618583.7691335967,2618583.7691335967,28.835459834553927,6.234723259841897,transient-slab
Li,2.133604526501402e+18,30.46893075933914,2775766.4825477432,2775766.4825477432,30.56633278685954,6.608967815589865,transient-slab
Li,2.2616759492228552e+18,30.46893075933914,2942384.221752366,2942384.221752366,32.40110285730442,7.005676718458015,transient-slab
Li,2.3974349678010685e+18,30.46893075933914,3119003.3321790304,3119003.3321790304,34.34600655859323,7.426198409950073,transient-slab
Li,2.541343036702629e+18,30.46893075933914,3306224.1546245716,3306224.1546245716,36.40765475539954,7.871962272915646,transient-slab
Li,2.693889309590164e+18,30.46893075933914,3504683.0658517284,3504683.0658517284,38.59305513516033,8.344483490123162,transient-slab
Li,2.8555923019901005e+18,30.46893075933914,3715054.641678586,3715054.641678586,40.90963602769914,8.845368194472824,transient-slab
Li,3.0270016537634555e+18,30.46893075933914,3938053.949909291,3938053.949909291,43.36527165464239,9.376318928355456,transient-slab
Li,3.208699997370444e+18,30.46893075933914,4174438.9808998927,4174438.9808998927,45.96830889445335,9.939140430714032,transient-slab
Li,3.401304938279246e+18,30.46893075933914,4425013.224020946,4425013.224020946,48.72759565405987,10.535745771478442,transient-slab
Li,3.6054711542504986e+18,30.46893075933914,4690628.398774482,4690628.398774482,51.65251094351337,11.168162854224958,transient-slab
Li,3.821892620633115e+18,30.46893075933914,4972187.349848589,4972187.349848589,54.75299675590455,11.838541309163308,transient-slab
Li,4.051304969235378e+18,30.46893075933914,5270647.115950094,5270647.115950094,58.0395918608982,12.549159799881176,transient-slab
Li,4.294487988789272e+18,30.46893075933914,5587022.182846544,5587022.182846544,61.52346762675363,13.30243376868225,transient-slab
Li,4.5522682755073096e+18,30.46893075933914,5922387.931674789,5922387.931674789,65.21646599259226,14.100923646844736,transient-slab
Li,4.825522042741279e+18,30.46893075933914,6277884.294237206,6277884.294237206,69.13113971998281,14.947343557707633,transient-slab
Li,5.115178099293145e+18,30.46893075933914,6654719.62771019,6654719.62771019,73.28079506066196,15.84457054216712,transient-slab
Li,5.422221006501592e+18,30.46893075933914,7054174.821935316,7054174.821935316,77.67953698542141,16.79565433794123,transient-slab
Li,5.747694424835359e+18,30.46893075933914,7477607.65325412,7477607.65325412,82.34231712789692,17.80382774584314,transient-slab
Li,6.092704661368687e+18,30.46893075933914,7926457.39968554,7926457.39968554,87.28498460622444,18.872517618298904,transient-slab
Li,6.458424430196991e+18,30.46893075933914,8402249.733133258,8402249.733133258,92.52433989530873,20.00535650746014,transient-slab
Li,6.846096838574672e+18,30.46893075933914,8906601.905251984,8906601.905251984,98.07819193282111,21.206195012504725,transient-slab
Li,7.257039612324231e+18,30.46893075933914,9441228.24459973,9441228.24459973,103.96541865303303,22.479114868094598,transient-slab
Li,7.692649574879161e+18,30.46893075933914,10007945.983761342,10007945.983761342,110.20603115424424,23.828442818479388,transient-slab
Li,8.154407395185187e+18,30.46893075933914,10608681.436250046,10608681.436250046,116.82124171791547,25.25876532440487,transient-slab
Li,8.643882620598297e+18,30.46893075933914,11245476.544182772,11245476.544182772,123.83353591070734,26.774944152816126,transient-slab
Li,9.162739011886769e+18,30.46893075933914,11920495.81898523,11920495.81898523,131.26674901450508,28.382132902345788,transient-slab
Li,9.712740198471207e+18,30.46893075933914,12636033.698718714,12636033.698718714,139.1461470442208,30.085794520758842,transient-slab
Li,1.0295755673125085e+19,30.46893075933914,13394522.347036563,13394522.347036563,147.4985126287562,31.891719873896577,transient-slab
Li,1.0913767146512693e+19,30.46893075933914,14198539.920280188,14198539.920280188,156.35223604704996,33.806047429238546,transient-slab
Li,1.1568875283162786e+19,30.46893075933914,15050819.330813412,15050819.330813412,165.7374117286282,35.83528412098432,transient-slab
Li,1.2263306841775593e+19,30.46893075933914,15954257.53638452,15954257.53638452,175.6859405466948,37.986327467582186,transient-slab
Li,1.2999422244132422e+19,30.46893075933914,16911925.3870896,16911925.3870896,186.23163825144562,40.26648901688,transient-slab
Li,1.377972359833554e+19,30.46893075933914,17927078.06340832,17927078.06340832,197.41035041218495,42.68351919859124,transient-slab
Li,1.460686320364986e+19,30.46893075933914,19003166.140791647,19003166.140791647,209.26007425894048,45.24563366855154,transient-slab
Li,1.548365256585496e+19,30.46893075933914,20143847.318410873,20143847.318410873,221.82108783772463,47.9615412343116,transient-slab
Li,1.6413071953751267e+19,30.46893075933914,21352998.85193473,21352998.85193473,235.1360869184501,50.84047345698745,transient-slab
Li,1.7398280529303622e+19,30.46893075933914,22634730.732594494,22634730.732594494,249.25033012085888,53.89221602998689,transient-slab
Li,1.8442627085855328e+19,30.46893075933914,23993399.65733371,23993399.65733371,264.2117927517591,57.12714204127074,transient-slab
Li,1.9549661430912594e+19,30.46893075933914,25433623.83752792,25433623.83752792,280.0713298764715,60.55624723220934,transient-slab
Li,2.0723146452190294e+19,30.46893075933914,26960298.696610495,26960298.696610495,296.8828491787791,64.19118737288213,transient-slab
Li,2.1967070907932353e+19,30.46893075933914,28578613.509961627,28578613.509961627,314.703494196941,68.04431788086103,transient-slab
Li,2.3285662984981967e+19,30.46893075933914,30294069.043620918,30294069.043620918,333.59383855860426,72.12873581814505,transient-slab
Li,2.468340467068651e+19,30.46893075933914,32112496.25177856,32112496.25177856,353.61809187483055,76.45832440899657,transient-slab
Li,2.6165046987488236e+19,30.46893075933914,34040076.09659939,34040076.09659939,374.8443179930873,81.04780022999856,transient-slab
Li,2.773562614198418e+19,30.46893075933914,36083360.557748646,36083360.557748646,397.34466635105935,85.91276323273487,transient-slab
Li,2.9400480643347137e+19,30.46893075933914,38249294.90303229,38249294.90303229,421.1956172176692,91.0697497691245,transient-slab
Li,3.1165269449294365e+19,30.46893075933914,40545241.295851566,40545241.295851566,446.4782416548985,96.5362887996466,transient-slab
Li,3.303599120128346e+19,30.46893075933914,42979003.81971492,42979003.81971492,473.27847708403823,102.33096147551171,transient-slab
Li,3.50190046143172e+19,30.46893075933914,45558855.00486755,45558855.00486755,501.68741939303635,108.4734642973037,transient-slab
Li,3.712105009066372e+19,30.46893075933914,48293563.9472044,48293563.9472044,531.8016325778376,114.9846760647724,transient-slab
Li,3.934927263095861e+19,30.46893075933914,51192426.1150448,51192426.1150448,563.7234769702081,121.88672884534478,transient-slab
Li,4.171124612056533e+19,30.46893075933914,54265294.94508399,54265294.94508399,597.5614571677121,129.20308320258093,transient-slab
Li,4.421499907374468e+19,30.46893075933914,57522615.33491801,57522615.33491801,633.4305908484762,136.95860794028098,transient-slab
Li,4.6869041923142115e+19,30.46893075933914,60975459.145988755,60975459.145988755,671.4527997244066,145.17966463330657,transient-slab
Li,4.9682395947343675e+19,30.46893075933914,64635562.837615594,64635562.837615594,711.7573239616161,153.8941972324181,transient-slab
Li,5.266462393484259e+19,30.46893075933914,68515367.36005405,68515367.36005405,754.4811614769271,163.13182704774775,transient-slab
Li,5.582586268862678e+19,30.46893075933914,72628060.44215666,72628060.44215666,799.7695336033821,172.92395343370634,transient-slab
Li,5.917685748188806e+19,30.46893075933914,76987621.41739467,76987621.41739467,847.7763787078096,183.30386051760635,transient-slab
Li,6.272899858196231e+19,30.46893075933914,81608868.74059671,81608868.74059671,898.664875438171,194.3068303347541,transient-slab
Li,6.649435996665032e+19,30.46893075933914,86507510.35692048,86507510.35692048,952.6079973792786,205.97026275457256,transient-slab
Li,7.048574036451889e+19,30.46893075933914,91700197.09426482,91700197.09426482,1009.7891010021942,218.33380260539244,transient-slab
Li,7.471670675868067e+19,30.46893075933914,97204579.26060647,97204579.26060647,1070.4025489057897,231.4394744300154,transient-slab
Li,7.920164050192541e+19,30.46893075933914,103039366.63864027,103039366.63864027,1134.6543704689102,245.33182533009588,transient-slab
Li,8.395578619995103e+19,30.46893075933914,109224392.08164817,109224392.08164817,1202.7629621587448,260.05807638487664,transient-slab
Li,8.899530352885224e+19,30.46893075933914,115780678.92676486,115780678.92676486,1274.9598298758042,275.66828315896396,transient-slab
Li,9.433732216299774e+19,30.46893075933914,122730512.45478104,122730512.45478104,1351.4903758587775,292.2155058447168,transient-slab
Li,1e+20,30.46893075933914,130097515.63938293,130097515.63938293,1432.6147328240334,309.7559896175784,transient-slab
Li,1e+18,32.0157119054187,1401289.6923572845,1401289.6923572845,15.430796263551347,3.336404029422106,transient-slab
Li,1.0600258488068824e+18,32.0157119054187,1485403.2955653653,1485403.2955653653,16.357042907037084,3.53667451325087,transient-slab
Li,1.1236548001387516e+18,32.0157119054187,1574565.8892022173,1574565.8892022173,17.338888291502585,3.7489664028624223,transient-slab
Li,1.191103133283008e+18,32.0157119054187,1669080.5432039439,1669080.5432039439,18.37966977856774,3.974001293342724,transient-slab
Li,1.2626001098748577e+18,32.0157119054187,1769268.5195368128,1769268.5195368128,19.482925057816473,4.212544094135269,transient-slab
Li,1.3383887531737592e+18,32.0157119054187,1875470.3641893065,1875470.3641893065,20.652404171652787,4.465405629022158,transient-slab
Li,1.418726674116599e+18,32.0157119054187,1988047.0647119223,1988047.0647119223,21.892082261959043,4.733445392171244,transient-slab
Li,1.5038869469554132e+18,32.0157119054187,2107381.277239287,2107381.277239287,23.206173081883236,5.01757446961735,transient-slab
Li,1.5941590374560028e+18,32.0157119054187,2233878.6271653073,2233878.6271653073,24.599143318682703,5.318758636107875,transient-slab
Li,1.689849786812462e+18,32.0157119054187,2367969.087892458,2367969.087892458,26.07572777630878,5.638021637839185,transient-slab
Li,1.7912844546220096e+18,32.0157119054187,2510108.442341662,2510108.442341662,27.640945469338916,5.976448672242053,transient-slab
Li,1.898807824465269e+18,32.0157119054187,2660779.8321905416,2660779.8321905416,29.300116682960734,6.335190076644146,transient-slab
Li,2.0127853758499466e+18,32.0157119054187,2820495.4001060133,2820495.4001060133,31.058881056996153,6.715465238347651,transient-slab
Li,2.133604526501402e+18,32.0157119054187,2989798.030553259,2989798.030553259,32.923216755434076,7.118566739412522,transient-slab
Li,2.2616759492228552e+18,32.0157119054187,3169263.195098364,3169263.195098364,34.89946078663198,7.5458647502342,transient-slab
Li,2.3974349678010685e+18,32.0157119054187,3359500.9084765557,3359500.9084765557,36.99433054325207,7.998811686848943,transient-slab
Li,2.541343036702629e+18,32.0157119054187,3561157.802075354,3561157.802075354,39.21494663515316,8.478947147798463,transient-slab
Li,2.693889309590164e+18,32.0157119054187,3774919.321880178,3774919.321880178,41.568857092844816,8.987903147333757,transient-slab
Li,2.8555923019901005e+18,32.0157119054187,4001512.058353538,4001512.058353538,44.064063023774835,9.52740966274652,transient-slab
Li,3.0270016537634555e+18,32.0157119054187,4241706.216167184,4241706.216167184,46.709045808656874,10.09930051468377,transient-slab
Li,3.208699997370444e+18,32.0157119054187,4496318.232182049,4496318.232182049,49.512795930281065,10.705519600433451,transient-slab
Li,3.401304938279246e+18,32.0157119054187,4766213.550574637,4766213.550574637,52.48484353279813,11.348127501368184,transient-slab
Li,3.6054711542504986e+18,32.0157119054187,5052309.564542745,5052309.564542745,55.635290815350764,12.029308487006537,transient-slab
Li,3.821892620633115e+18,32.0157119054187,5355578.734589553,5355578.734589553,58.97484637015993,12.751377939498937,transient-slab
Li,4.051304969235378e+18,32.0157119054187,5677051.89398538,5677051.89398538,62.514861581784274,13.516790223774716,transient-slab
Li,4.294487988789272e+18,32.0157119054187,6017821.752642573,6017821.752642573,66.26736921127565,14.328147030101364,transient-slab
Li,4.5522682755073096e+18,32.0157119054187,6379046.611313463,6379046.611313463,70.24512429638152,15.18820621741301,transient-slab
Li,4.825522042741279e+18,32.0157119054187,6761954.298736222,6761954.298736222,74.46164750681679,16.099891187467197,transient-slab
Li,5.115178099293145e+18,32.0157119054187,7167846.345111211,7167846.345111211,78.93127110197234,17.06630082169336,transient-slab
Li,5.422221006501592e+18,32.0157119054187,7598102.406093821,7598102.406093821,83.66918764727437,18.0907200145091,transient-slab
Li,5.747694424835359e+18,32.0157119054187,8054184.9523412185,8054184.9523412185,88.69150165478435,19.176630838907663,transient-slab
Li,6.092704661368687e+18,32.0157119054187,8537644.24055312,8537644.24055312,94.01528432356982,20.327724382269334,transient-slab
Li,6.458424430196991e+18,32.0157119054187,9050123.582903512,9050123.582903512,99.65863156591246,21.54791329262741,transient-slab
Li,6.846096838574672e+18,32.0157119054187,9593364.932774479,9593364.932774479,105.64072551658872,22.841345078034472,transient-slab
Li,7.257039612324231e+18,32.0157119054187,10169214.80577845,10169214.80577845,111.98189973429686,24.212416204234405,transient-slab
Li,7.692649574879161e+18,32.0157119054187,10779630.556194816,10779630.556194816,118.70370831685523,25.665787038559085,transient-slab
Li,8.154407395185187e+18,32.0157119054187,11426687.030155016,11426687.030155016,125.82899916509905,27.20639769084528,transient-slab
Li,8.643882620598297e+18,32.0157119054187,12112583.618190667,12112583.618190667,133.38199164450464,28.83948480521587,transient-slab
Li,9.162739011886769e+18,32.0157119054187,12839651.7311169,12839651.7311169,141.38835890851854,30.570599359802145,transient-slab
Li,9.712740198471207e+18,32.0157119054187,13610362.724661946,13610362.724661946,149.87531516341446,32.4056255349094,transient-slab
Li,1.0295755673125085e+19,32.0157119054187,14427336.299779216,14427336.299779216,158.87170817129612,34.35080071376004,transient-slab
Li,1.0913767146512693e+19,32.0157119054187,15293349.407195812,15293349.407195812,168.4081173056775,36.41273668379955,transient-slab
Li,1.1568875283162786e+19,32.0157119054187,16211345.686462974,16211345.686462974,178.51695749291986,38.59844211062613,transient-slab
Li,1.2263306841775593e+19,32.0157119054187,17184445.471594702,17184445.471594702,189.2325893928545,40.91534636093977,transient-slab
Li,1.2999422244132422e+19,32.0157119054187,18215956.39730276,18215956.39730276,200.59143619308486,43.37132475548277,transient-slab
Li,1.377972359833554e+19,32.0157119054187,19309384.64188002,19309384.64188002,212.63210741396637,45.97472533780957,transient-slab
Li,1.460686320364986e+19,32.0157119054187,20468446.84494745,20468446.84494745,225.3955301450859,48.73439724987489,transient-slab
Li,1.548365256585496e+19,32.0157119054187,21697082.740573976,21697082.740573976,238.92508815932194,51.65972081089043,transient-slab
Li,1.6413071953751267e+19,32.0157119054187,22999468.548710085,22999468.548710085,253.26676937734442,54.76063940169068,transient-slab
Li,1.7398280529303622e+19,32.0157119054187,24380031.170453604,24380031.170453604,268.46932218379646,58.04769326298477,transient-slab
Li,1.8442627085855328e+19,32.0157119054187,25843463.235398337,25843463.235398337,284.5844211264873,61.532055322377,transient-slab
Li,1.9549661430912594e+19,32.0157119054187,27394739.052212577,27394739.052212577,301.6668425618199,65.22556917193471,transient-slab
Li,2.0723146452190294e+19,32.0157119054187,29039131.51666469,29039131.51666469,319.77465084348535,69.14078932539212,transient-slab
Li,2.1967070907932353e+19,32.0157119054187,30782230.03456718,30782230.03456718,338.96939568729,73.29102389182663,transient-slab
Li,2.3285662984981967e+19,32.0157119054187,32629959.52056079,32629959.52056079,359.3163213829757,77.69037981085901,transient-slab
Li,2.468340467068651e+19,32.0157119054187,34588600.537316665,34588600.537316665,380.88458856415537,82.35381080313492,transient-slab
Li,2.6165046987488236e+19,32.0157119054187,36664810.64361129,36664810.64361129,403.7475092901789,87.2971681990745,transient-slab
Li,2.773562614198418e+19,32.0157119054187,38865647.02383766,38865647.02383766,427.9827962389865,92.53725481866111,transient-slab
Li,2.9400480643347137e+19,32.0157119054187,41198590.47587221,41198590.47587221,453.6728268579747,98.09188208541002,transient-slab
Li,3.1165269449294365e+19,32.0157119054187,43671570.83883358,43671570.83883358,480.9049233707424,103.97993056865137,transient-slab
Li,3.303599120128346e+19,32.0157119054187,46292993.94716445,46292993.94716445,509.77164959147996,110.22141415991537,transient-slab
Li,3.50190046143172e+19,32.0157119054187,49071770.20265487,49071770.20265487,540.3711255558932,116.83754810155921,transient-slab
Li,3.712105009066372e+19,32.0157119054187,52017344.86152552,52017344.86152552,572.8073610381163,123.8508210988703,transient-slab
Li,3.934927263095861e+19,32.0157119054187,55139730.13951891,55139730.13951891,607.1906090872594,131.2850717607593,transient-slab
Li,4.171124612056533e+19,32.0157119054187,58449539.24412598,58449539.24412598,643.6377407852902,139.1655696288714,transient-slab
Li,4.421499907374468e+19,32.0157119054187,61958022.449625306,61958022.449625306,682.2726425000657,147.51910107053644,transient-slab
Li,4.6869041923142115e+19,32.0157119054187,65677105.33756049,65677105.33756049,723.2266369838528,156.37406032752497,transient-slab
Li,4.9682395947343675e+19,32.0157119054187,69619429.33262601,69619429.33262601,766.6389297485492,165.76054603006196,transient-slab
Li,5.266462393484259e+19,32.0157119054187,73798394.67176765,73798394.67176765,812.6570822351058,175.71046350420872,transient-slab
Li,5.582586268862678e+19,32.0157119054187,78228205.95252582,78228205.95252582,861.4375133851926,186.2576332202996,transient-slab
Li,5.917685748188806e+19,32.0157119054187,82923920.4154658,82923920.4154658,913.146031320229,197.43790575110904,transient-slab
Li,6.272899858196231e+19,32.0157119054187,87901499.1247985,87901499.1247985,967.9583969348619,209.28928363047262,transient-slab
Li,6.649435996665032e+19,32.0157119054187,93177861.22116195,93177861.22116195,1026.0609213206258,221.85205052657608,transient-slab
Li,7.048574036451889e+19,32.0157119054187,98770941.4309721,98770941.4309721,1087.6510990504682,235.16890816898118,transient-slab
Li,7.471670675868067e+19,32.0157119054187,104699751.02782108,104699751.02782108,1152.9382794767114,249.2851214948121,transient-slab
Li,7.920164050192541e+19,32.0157119054187,110984442.4531353,110984442.4531353,1222.1443783242476,264.24867250746496,transient-slab
Li,8.395578619995103e+19,32.0157119054187,117646377.81574333,117646377.81574333,1295.50463199772,280.11042337081744,transient-slab
Li,8.899530352885224e+19,32.0157119054187,124708201.5031885,124708201.5031885,1373.268397166631,296.924289293306,transient-slab
Li,9.433732216299774e+19,32.0157119054187,132193917.15159714,132193917.15159714,1455.6999983462251,314.747421789517,transient-slab
Li,1e+20,32.0157119054187,140128969.23572847,140128969.23572847,1543.079626355135,333.64040294221064,transient-slab
Li,1e+18,33.64101671000025,1509339.2001041034,1509339.2001041034,16.620621571988046,3.593664762152627,transient-slab
Li,1.0600258488068824e+18,33.64101671000025,1599938.5667278534,1599938.5667278534,17.618288489544614,3.8093775398282226,transient-slab
Li,1.1236548001387516e+18,33.64101671000025,1695976.2372345594,1695976.2372345594,18.67584121065405,4.038038660082284,transient-slab
Li,1.191103133283008e+18,33.64101671000025,1797778.6504308663,1797778.6504308663,19.796874431506115,4.2804253581687295,transient-slab
Li,1.2626001098748577e+18,33.64101671000025,1905691.839889871,1905691.839889871,20.985198622980544,4.537361523547312,transient-slab
Li,1.3383887531737592e+18,33.64101671000025,2020082.6101436103,2020082.6101436103,22.24485298270597,4.809720500341929,transient-slab
Li,1.418726674116599e+18,33.64101671000025,2141339.7834775024,2141339.7834775024,23.580119164577198,5.0984280558988155,transient-slab
Li,1.5038869469554132e+18,33.64101671000025,2269875.5215646857,2269875.5215646857,24.995535832398385,5.404465527534967,transient-slab
Li,1.5941590374560028e+18,33.64101671000025,2406126.7264325707,2406126.7264325707,26.49591408712094,5.728873158172787,transient-slab
Li,1.689849786812462e+18,33.64101671000025,2550556.5255236113,2550556.5255236113,28.086353820114613,6.072753632199075,transient-slab
Li,1.7912844546220096e+18,33.64101671000025,2703655.8458980992,2703655.8458980992,29.77226104805742,6.437275823566902,transient-slab
Li,1.898807824465269e+18,33.64101671000025,2865945.0829298217,2865945.0829298217,31.55936628836714,6.823678768880528,transient-slab
Li,2.0127853758499466e+18,33.64101671000025,3037975.8691665954,3037975.8691665954,33.45374403763369,7.233275878968084,transient-slab
Li,2.133604526501402e+18,33.64101671000025,3220332.949368121,3220332.949368121,35.46183341926055,7.667459403257432,transient-slab
Li,2.2616759492228552e+18,33.64101671000025,3413636.1680947132,3413636.1680947132,37.59046007049994,8.12770516213027,transient-slab
Li,2.3974349678010685e+18,33.64101671000025,3618542.5766024715,3618542.5766024715,39.84685934327291,8.615577563339219,transient-slab
Li,2.541343036702629e+18,33.64101671000025,3835748.666206879,3835748.666206879,42.23870089764133,9.132734919540187,transient-slab
Li,2.693889309590164e+18,33.64101671000025,4065992.735705814,4065992.735705814,44.77411477152227,9.680935085013843,transient-slab
Li,2.8555923019901005e+18,33.64101671000025,4310057.400909173,4310057.400909173,47.46171901525967,10.262041430736126,transient-slab
Li,3.0270016537634555e+18,33.64101671000025,4568772.254805132,4568772.254805132,50.31064898498438,10.878029178107457,transient-slab
Li,3.208699997370444e+18,33.64101671000025,4843016.687405144,4843016.687405144,53.33058839433318,11.53099211286939,transient-slab
Li,3.401304938279246e+18,33.64101671000025,5133722.874852534,5133722.874852534,56.53180223007352,12.223149702029845,transient-slab
Li,3.6054711542504986e+18,33.64101671000025,5441878.947954866,5441878.947954866,59.925171643516485,12.956854637987778,transient-slab
Li,3.821892620633115e+18,33.64101671000025,5768532.350910163,5768532.350910163,63.5222309363167,13.734600835500387,transient-slab
Li,4.051304969235378e+18,33.64101671000025,6114793.401643505,6114793.401643505,67.3352067663759,14.559031908675014,transient-slab
Li,4.294487988789272e+18,33.64101671000025,6481839.06585588,6481839.06585588,71.37705970711455,15.432950156799716,transient-slab
Li,4.5522682755073096e+18,33.64101671000025,6870916.957613489,6870916.957613489,75.66152830137362,16.359326089555925,transient-slab
Li,4.825522042741279e+18,33.64101671000025,7283349.58007584,7283349.58007584,80.20317575968951,17.341308523990094,transient-slab
Li,5.115178099293145e+18,33.64101671000025,7720538.820777143,7720538.820777143,85.01743946167245,18.38223528756463,transient-slab
Li,5.422221006501592e+18,33.64101671000025,8183970.7167407805,8183970.7167407805,90.12068342874713,19.485644563668526,transient-slab
Li,5.747694424835359e+18,33.64101671000025,8675220.505623816,8675220.505623816,95.53025394661401,20.655286918151944,transient-slab
Li,6.092704661368687e+18,33.64101671000025,9195957.980060756,9195957.980060756,101.26453852649652,21.895138047763705,transient-slab
Li,6.458424430196991e+18,33.64101671000025,9747953.163406327,9747953.163406327,107.34302840558674,23.209412293824588,transient-slab
Li,6.846096838574672e+18,33.64101671000025,10333082.326169526,10333082.326169526,113.78638479913336,24.6025769670703,transient-slab
Li,7.257039612324231e+18,33.64101671000025,10953334.363589248,10953334.363589248,120.6165091293679,26.079367532355352,transient-slab
Li,7.692649574879161e+18,33.64101671000025,11610817.556029286,11610817.556029286,127.85661746998129,27.644803704831634,transient-slab
Li,8.154407395185187e+18,33.64101671000025,12307766.735171795,12307766.735171795,135.53131945919378,29.304206512313797,transient-slab
Li,8.643882620598297e+18,33.64101671000025,13046550.880367596,13046550.880367596,143.66670194964865,31.06321638182761,transient-slab
Li,9.162739011886769e+18,33.64101671000025,13829681.17096384,13829681.17096384,152.2904176794617,32.92781231181866,transient-slab
Li,9.712740198471207e+18,33.64101671000025,14659819.521979503,14659819.521979503,161.43177926582604,34.9043321951893,transient-slab
Li,1.0295755673125085e+19,33.64101671000025,15539787.632141901,15539787.632141901,171.1218588406611,36.99949436224262,transient-slab
Li,1.0913767146512693e+19,33.64101671000025,16472576.575039912,16472576.575039912,181.39359366698332,39.2204204167617,transient-slab
Li,1.1568875283162786e+19,33.64101671000025,17461356.965993054,17461356.965993054,192.28189809497474,41.574659442840606,transient-slab
Li,1.2263306841775593e+19,33.64101671000025,18509489.739196755,18509489.739196755,203.82378223832404,44.070213664754185,transient-slab
Li,1.2999422244132422e+19,33.64101671000025,19620537.57177432,19620537.57177432,216.05847777420863,46.71556564708171,transient-slab
Li,1.377972359833554e+19,33.64101671000025,20798276.993567403,20798276.993567403,229.02757129452846,49.51970712754144,transient-slab
Li,1.460686320364986e+19,33.64101671000025,22046711.223826937,22046711.223826937,242.77514566166127,52.49216958054033,transient-slab
Li,1.548365256585496e+19,33.64101671000025,23370083.778437372,23370083.778437372,257.34792984921705,55.643056615327076,transient-slab
Li,1.6413071953751267e+19,33.64101671000025,24772892.89392603,24772892.89392603,272.7954577771103,58.9830783188715,transient-slab
Li,1.7398280529303622e+19,33.64101671000025,26259906.817285925,26259906.817285925,289.1702366808434,62.52358766020458,transient-slab
Li,1.8442627085855328e+19,33.64101671000025,27836180.013583153,27836180.013583153,306.5279255872981,66.27661907995989,transient-slab
Li,1.9549661430912594e+19,33.64101671000025,29507070.34643966,29507070.34643966,324.92752450368863,70.25492939628491,transient-slab
Li,2.0723146452190294e+19,33.64101671000025,31278257.28978909,31278257.28978909,344.43157496274165,74.4720411661645,transient-slab
Li,2.1967070907932353e+19,33.64101671000025,33155761.23280874,33155761.23280874,365.1063726057715,78.94228864954462,transient-slab
Li,2.3285662984981967e+19,33.64101671000025,35145963.943646416,35145963.943646416,387.02219252623496,83.68086653249146,transient-slab
Li,2.468340467068651e+19,33.64101671000025,37255630.261499874,37255630.261499874,410.25352813972285,88.70388157499971,transient-slab
Li,2.6165046987488236e+19,33.64101671000025,39491931.09078177,39491931.09078177,434.8793443923278,94.02840735900422,transient-slab
Li,2.773562614198418e+19,33.64101671000025,41862467.77552886,41862467.77552886,460.9833461680579,99.67254232268778,transient-slab
Li,2.9400480643347137e+19,33.64101671000025,44375297.93690574,44375297.93690574,488.6542628076324,105.655471278347,transient-slab
Li,3.1165269449294365e+19,33.64101671000025,47038962.861626804,47038962.861626804,517.9861497057619,111.99753062292096,transient-slab
Li,3.303599120128346e+19,33.64101671000025,49862516.53439138,49862516.53439138,549.0787080120593,118.72027746283662,transient-slab
Li,3.50190046143172e+19,33.64101671000025,52855556.41301543,52855556.41301543,582.0376235222695,125.84656288813198,transient-slab
Li,3.712105009066372e+19,33.64101671000025,56028256.05086673,56028256.05086673,616.9749259117342,133.4006096449208,transient-slab
Li,3.934927263095861e+19,33.64101671000025,59391399.67748936,59391399.67748936,654.0093695321495,141.40809447021277,transient-slab
Li,4.171124612056533e+19,33.64101671000025,62956418.85495946,62956418.85495946,693.2668370659709,149.8962353689511,transient-slab
Li,4.421499907374468e+19,33.64101671000025,66735431.33456948,66735431.33456948,734.8807674105125,158.89388412992733,transient-slab
Li,4.6869041923142115e+19,33.64101671000025,70741282.24592102,70741282.24592102,778.9926092461881,168.43162439505005,transient-slab
Li,4.9682395947343675e+19,33.64101671000025,74987587.75841905,74987587.75841905,825.7523018304719,178.54187561528346,transient-slab
Li,5.266462393484259e+19,33.64101671000025,79488781.36359873,79488781.36359873,875.3187846520829,189.25900324666367,transient-slab
Li,5.582586268862678e+19,33.64101671000025,84260162.93557346,84260162.93557346,927.8605376774331,200.61943556088917,transient-slab
Li,5.917685748188806e+19,33.64101671000025,89317950.73638745,89317950.73638745,983.5561540259309,212.66178746758916,transient-slab
Li,6.272899858196231e+19,33.64101671000025,94679336.54303041,94679336.54303041,1042.5949470205703,225.42699176912,transient-slab
Li,6.649435996665032e+19,33.64101671000025,100362544.08349831,100362544.08349831,1105.1775936772467,238.95843829404362,transient-slab
Li,7.048574036451889e+19,33.64101671000025,106386890.98052847,106386890.98052847,1171.5168168200717,253.30212138221066,transient-slab
Li,7.471670675868067e+19,33.64101671000025,112772854.41355994,112772854.41355994,1241.838108141233,268.50679622276175,transient-slab
Li,7.920164050192541e+19,33.64101671000025,119542140.72210887,119542140.72210887,1316.3804946631437,284.6241445764497,transient-slab
Li,8.395578619995103e+19,33.64101671000025,126717759.18714522,126717759.18714522,1395.3973512081225,301.70895044558387,transient-slab
Li,8.899530352885224e+19,33.64101671000025,134324100.24125972,134324100.24125972,1479.1572616372657,319.8192862887136,transient-slab
Li,9.433732216299774e+19,33.64101671000025,142387018.37346208,142387018.37346208,1567.9449317859062,339.016710413005,transient-slab
Li,1e+20,33.64101671000025,150933920.01041034,150933920.01041034,1662.0621571988047,359.3664762152627,transient-slab
Li,1e+18,35.348831493294746,1625720.1015577372,1625720.1015577372,17.90219096416594,3.870762146566041,transient-slab
Li,1.0600258488068824e+18,35.348831493294746,1723305.330576151,1723305.330576151,18.976785172292892,4.103107929943217,transient-slab
Li,1.1236548001387516e+18,35.348831493294746,1826748.1957974099,1826748.1957974099,20.11588280988564,4.349400466184309,transient-slab
Li,1.191103133283008e+18,35.348831493294746,1936400.3068065904,1936400.3068065904,21.3233557500488,4.610476920968073,transient-slab
Li,1.2626001098748577e+18,35.348831493294746,2052634.3788525637,2052634.3788525637,22.6033082783566,4.887224711553723,transient-slab
Li,1.3383887531737592e+18,35.348831493294746,2175845.4997333763,2175845.4997333763,23.960091043608582,5.180584523174706,transient-slab
Li,1.418726674116599e+18,35.348831493294746,2306452.472727508,2306452.472727508,25.39831584599137,5.491553506494066,transient-slab
Li,1.5038869469554132e+18,35.348831493294746,2444899.2401357093,2444899.2401357093,26.922871312912292,5.821188666989784,transient-slab
Li,1.5941590374560028e+18,35.348831493294746,2591656.3922721567,2591656.3922721567,28.538939515788314,6.17061045779085,transient-slab
Li,1.689849786812462e+18,35.348831493294746,2747222.7670340757,2747222.7670340757,30.25201358427179,6.541006588176371,transient-slab
Li,1.7912844546220096e+18,35.348831493294746,2912127.145486889,2912127.145486889,32.06791637778505,6.933636060683069,transient-slab
Li,1.898807824465269e+18,35.348831493294746,3086930.0492283027,3086930.0492283027,33.99282027782972,7.349833450543578,transient-slab
Li,2.0127853758499466e+18,35.348831493294746,3272225.6456407034,3272225.6456407034,36.03326816834626,7.791013442001675,transient-slab
Li,2.133604526501402e+18,35.348831493294746,3468643.7675079065,3468643.7675079065,38.19619567543694,8.258675636923588,transient-slab
Li,2.2616759492228552e+18,35.348831493294746,3676852.053861271,3676852.053861271,40.48895474204881,8.754409652050645,transient-slab
Li,2.3974349678010685e+18,35.348831493294746,3897558.2193316235,3897558.2193316235,42.919338617743755,9.279900522218151,transient-slab
Li,2.541343036702629e+18,35.348831493294746,4131512.4597212453,4131512.4597212453,45.49560834850382,9.836934427907726,transient-slab
Li,2.693889309590164e+18,35.348831493294746,4379510.001972224,4379510.001972224,48.226520856608246,10.427404766600533,transient-slab
Li,2.8555923019901005e+18,35.348831493294746,4642393.807198838,4642393.807198838,51.121358706028985,11.053318588568663,transient-slab
Li,3.0270016537634555e+18,35.348831493294746,4921057.435971763,4921057.435971763,54.189961654519486,11.716803418980389,transient-slab
Li,3.208699997370444e+18,35.348831493294746,5216448.085593388,5216448.085593388,57.44276009964443,12.420114489508068,transient-slab
Li,3.401304938279246e+18,35.348831493294746,5529569.809688168,5529569.809688168,60.89081053243569,13.165642404019447,transient-slab
Li,3.6054711542504986e+18,35.348831493294746,5861486.931051611,5861486.931051611,64.5458331191842,13.955921264408596,transient-slab
Li,3.821892620633115e+18,35.348831493294746,6213327.659358433,6213327.659358433,68.42025153911062,14.793637284186746,transient-slab
Li,4.051304969235378e+18,35.348831493294746,6586287.926026703,6586287.926026703,72.52723521332614,15.681637919111198,transient-slab
Li,4.294487988789272e+18,35.348831493294746,6981635.449272977,6981635.449272977,76.88074406862245,16.622941545888043,transient-slab
Li,4.5522682755073096e+18,35.348831493294746,7400714.043175809,7400714.043175809,81.49557598824623,17.620747721847163,transient-slab
Li,4.825522042741279e+18,35.348831493294746,7844948.185394449,7844948.185394449,86.38741711094646,18.678448060462976,transient-slab
Li,5.115178099293145e+18,35.348831493294746,8315847.859068764,8315847.859068764,91.57289514926524,19.799637759687535,transient-slab
Li,5.422221006501592e+18,35.348831493294746,8815013.685358262,8815013.685358262,97.06963590830351,20.988127822281577,transient-slab
Li,5.747694424835359e+18,35.348831493294746,9344142.36406618,9344142.36406618,102.89632319707451,22.24795800968138,transient-slab
Li,6.092704661368687e+18,35.348831493294746,9905032.440841598,9905032.440841598,109.07276233608619,23.583410573432378,transient-slab
Li,6.458424430196991e+18,35.348831493294746,10499590.420562822,10499590.420562822,115.61994747702113,24.99902481086386,transient-slab
Li,6.846096838574672e+18,35.348831493294746,11129837.247681716,11129837.247681716,122.56013296333646,26.499612494480278,transient-slab
Li,7.257039612324231e+18,35.348831493294746,11797915.17555627,11797915.17555627,129.91690897434512,28.09027422751493,transient-slab
Li,7.692649574879161e+18,35.348831493294746,12506095.048120633,12506095.048120633,137.71528170989666,29.7764167812396,transient-slab
Li,8.154407395185187e+18,35.348831493294746,13256784.018643621,13256784.018643621,145.98175838821214,31.563771472961005,transient-slab
Li,8.643882620598297e+18,35.348831493294746,14052533.731812222,14052533.731812222,154.74443734578583,33.45841364717195,transient-slab
Li,9.162739011886769e+18,35.348831493294746,14896048.996951599,14896048.996951599,164.03310354561006,35.46678332607524,transient-slab
Li,9.712740198471207e+18,35.348831493294746,15790196.981862526,15790196.981862526,173.87932981836252,37.59570709967269,transient-slab
Li,1.0295755673125085e+19,35.348831493294746,16738016.95852656,16738016.95852656,184.31658418068008,39.85242132982514,transient-slab
Li,1.0913767146512693e+19,35.348831493294746,17742730.63380611,17742730.63380611,195.3803435953106,42.2445967471574,transient-slab
Li,1.1568875283162786e+19,35.348831493294746,18807753.100252196,18807753.100252196,207.10821455979945,44.78036452440999,transient-slab
Li,1.2263306841775593e+19,35.348831493294746,19936704.44424511,19936704.44424511,219.54006093362935,47.468343914869315,transient-slab
Li,1.2999422244132422e+19,35.348831493294746,21133422.050922867,21133422.050922867,232.71813943828514,50.31767154981635,transient-slab
Li,1.377972359833554e+19,35.348831493294746,22401973.6477236,22401973.6477236,246.68724329082667,53.33803249458,transient-slab
Li,1.460686320364986e+19,35.348831493294746,23746671.13087762,23746671.13087762,261.49485445918845,56.539693168756244,transient-slab
Li,1.548365256585496e+19,35.348831493294746,25172085.22184644,25172085.22184644,277.19130505673337,59.93353624249152,transient-slab
Li,1.6413071953751267e+19,35.348831493294746,26683061.00352696,26683061.00352696,293.8299484246513,63.531097627445135,transient-slab
Li,1.7398280529303622e+19,35.348831493294746,28284734.38902948,28284734.38902948,311.46734048372343,67.34460568816544,transient-slab
Li,1.8442627085855328e+19,35.348831493294746,29982549.579008196,29982549.579008196,330.1634319718812,71.38702280716237,transient-slab
Li,1.9549661430912594e+19,35.348831493294746,31782277.5668826,31782277.5668826,349.98177222098684,75.67208944495857,transient-slab
Li,2.0723146452190294e+19,35.348831493294746,33690035.754850656,33690035.754850656,370.98972516548844,80.21437084488252,transient-slab
Li,2.1967070907932353e+19,35.348831493294746,35712308.74736979,35712308.74736979,393.2586983171789,85.02930654135665,transient-slab
Li,2.3285662984981967e+19,35.348831493294746,37855970.392784126,37855970.392784126,416.86438548435746,90.13326283996221,transient-slab
Li,2.468340467068651e+19,35.348831493294746,40128307.1480192,40128307.1480192,441.8870240604154,95.54358844766476,transient-slab
Li,2.6165046987488236e+19,35.348831493294746,42537042.845762335,42537042.845762335,468.4116677563891,101.27867344229128,transient-slab
Li,2.773562614198418e+19,35.348831493294746,45090364.948313944,45090364.948313944,496.5284757045137,107.35801178169987,transient-slab
Li,2.9400480643347137e+19,35.348831493294746,47796952.37734859,47796952.37734859,526.3330189154647,113.80226756511568,transient-slab
Li,3.1165269449294365e+19,35.348831493294746,50666005.01418107,50666005.01418107,557.9266051309543,120.6333452718597,transient-slab
Li,3.303599120128346e+19,35.348831493294746,53707274.970811054,53707274.970811054,591.4166231758823,127.87446421621681,transient-slab
Li,3.50190046143172e+19,35.348831493294746,56931099.73803862,56931099.73803862,626.9169079805147,135.55023747152052,transient-slab
Li,3.712105009066372e+19,35.348831493294746,60348437.32332367,60348437.32332367,664.5481275134313,143.68675553172304,transient-slab
Li,3.934927263095861e+19,35.348831493294746,63970903.497825116,63970903.497825116,704.4381929404492,152.31167499482171,transient-slab
Li,4.171124612056533e+19,35.348831493294746,67810811.27922525,67810811.27922525,746.7226934036863,161.45431256958392,transient-slab
Li,4.421499907374468e+19,35.348831493294746,71881212.78454345,71881212.78454345,791.5453568985973,171.14574472510347,transient-slab
Li,4.6869041923142115e+19,35.348831493294746,76195943.59520441,76195943.59520441,839.058538815589,181.41891332191526,transient-slab
Li,4.9682395947343675e+19,35.348831493294746,80769669.78514725,80769669.78514725,889.4237398066501,192.30873758368395,transient-slab
Li,5.266462393484259e+19,35.348831493294746,85617937.77185233,85617937.77185233,942.8121547375362,203.8522327901246,transient-slab
Li,5.582586268862678e+19,35.348831493294746,90757227.1597026,90757227.1597026,999.4052545911026,216.08863609453002,transient-slab
Li,5.917685748188806e+19,35.348831493294746,96205006.7553228,96205006.7553228,1059.395403299992,229.05953989362573,transient-slab
Li,6.272899858196231e+19,35.348831493294746,101979793.94528292,101979793.94528292,1122.9865116051838,242.80903320305458,transient-slab
Li,6.649435996665032e+19,35.348831493294746,108101217.63799948,108101217.63799948,1190.3947301629646,257.38385151904635,transient-slab
Li,7.048574036451889e+19,35.348831493294746,114590084.98377794,114590084.98377794,1261.8491842562364,272.8335356756618,transient-slab
Li,7.471670675868067e+19,35.348831493294746,121468452.099782,121468452.099782,1337.5927526074893,289.2106002375762,transient-slab
Li,7.920164050192541e+19,35.348831493294746,128759699.04032956,128759699.04032956,1417.8828929406882,306.5707120007847,transient-slab
Li,8.395578619995103e+19,35.348831493294746,136488609.26734406,136488609.26734406,1502.9925170982108,324.9728792079621,transient-slab
Li,8.899530352885224e+19,35.348831493294746,144681453.89108726,144681453.89108726,1593.2109186874231,344.4796521216364,transient-slab
Li,9.433732216299774e+19,35.348831493294746,153366080.96751365,153366080.96751365,1688.8447564100293,365.15733563693726,transient-slab
Li,1e+20,35.348831493294746,162572010.15577373,162572010.15577373,1790.219096416594,387.0762146566041,transient-slab
Li,1e+18,37.143344944444074,1751074.8070590135,1751074.8070590135,19.282578568397657,4.169225731092889,transient-slab
Li,1.0600258488068824e+18,37.143344944444074,1856184.5586770785,1856184.5586770785,20.440031714151125,4.419487044469235,transient-slab
Li,1.1236548001387516e+18,37.143344944444074,1967603.6123538986,1967603.6123538986,21.666961967432645,4.68477050560452,transient-slab
Li,1.191103133283008e+18,37.143344944444074,2085710.6893009297,2085710.6893009297,22.967539750594227,4.965977831668881,transient-slab
Li,1.2626001098748577e+18,37.143344944444074,2210907.2437918056,2210907.2437918056,24.34618581912946,5.264064866170966,transient-slab
Li,1.3383887531737592e+18,37.143344944444074,2343618.827733694,2343618.827733694,25.807586288132793,5.580044827937367,transient-slab
Li,1.418726674116599e+18,37.143344944444074,2484296.5371481995,2484296.5371481995,27.35670856073482,5.914991755114761,transient-slab
Li,1.5038869469554132e+18,37.143344944444074,2633418.545478519,2633418.545478519,28.998818212655436,6.270044155901236,transient-slab
Li,1.5941590374560028e+18,37.143344944444074,2791491.7289346526,2791491.7289346526,30.739496890266555,6.64640887841584,transient-slab
Li,1.689849786812462e+18,37.143344944444074,2959053.389401347,2959053.389401347,32.58466128300133,7.045365212860349,transient-slab
Li,1.7912844546220096e+18,37.143344944444074,3136673.0807650457,3136673.0807650457,34.540583234598245,7.468269239916776,transient-slab
Li,1.898807824465269e+18,37.143344944444074,3324954.544867666,3324954.544867666,36.613911061539774,7.9165584401611095,transient-slab
Li,2.0127853758499466e+18,37.143344944444074,3524537.763667649,3524537.763667649,38.81169215114841,8.39175658016107,transient-slab
Li,2.133604526501402e+18,37.143344944444074,3736101.1345836804,3736101.1345836804,41.14139691615217,8.895478891865906,transient-slab
Li,2.2616759492228552e+18,37.143344944444074,3960363.7764154226,3960363.7764154226,43.61094418714506,9.429437562893863,transient-slab
Li,2.3974349678010685e+18,37.143344944444074,4198087.973678789,4198087.973678789,46.22872812924802,9.99544755637807,transient-slab
Li,2.541343036702629e+18,37.143344944444074,4450081.767664824,4450081.767664824,49.003646774468734,10.595432780154342,transient-slab
Li,2.693889309590164e+18,37.143344944444074,4717201.703028935,4717201.703028935,51.94513226673885,11.23143262625937,transient-slab
Li,2.8555923019901005e+18,37.143344944444074,5000355.739246519,5000355.739246519,55.063182922435644,11.905608902967902,transient-slab
Li,3.0270016537634555e+18,37.143344944444074,5300506.336831157,5300506.336831157,58.368397215363466,12.620253182931327,transient-slab
Li,3.208699997370444e+18,37.143344944444074,5618673.728805706,5618673.728805706,61.87200980171293,13.377794592394538,transient-slab
Li,3.401304938279246e+18,37.143344944444074,5955939.3885462005,5955939.3885462005,65.5859297074485,14.180808067967144,transient-slab
Li,3.6054711542504986e+18,37.143344944444074,6313449.70578603,6313449.70578603,69.52278080792662,15.032023109014357,transient-slab
Li,3.821892620633115e+18,37.143344944444074,6692419.8832754,6692419.8832754,73.69594473733727,15.93433305541762,transient-slab
Li,4.051304969235378e+18,37.143344944444074,7094138.067341062,7094138.067341062,78.11960637382103,16.890804922240623,transient-slab
Li,4.294487988789272e+18,37.143344944444074,7519969.726386426,7519969.726386426,82.80880205486918,17.904689824729587,transient-slab
Li,4.5522682755073096e+18,37.143344944444074,7971362.29221483,7971362.29221483,87.77947068689382,18.97943402908293,transient-slab
Li,4.825522042741279e+18,37.143344944444074,8449850.079952203,8449850.079952203,93.04850792269347,20.11869066655286,transient-slab
Li,5.115178099293145e+18,37.143344944444074,8957059.503292235,8957059.503292235,98.63382359096705,21.326332150695794,transient-slab
Li,5.422221006501592e+18,37.143344944444074,9494714.602791104,9494714.602791104,104.55440257308317,22.60646333997882,transient-slab
Li,5.747694424835359e+18,37.143344944444074,10064642.906002741,10064642.906002741,110.83036933402896,23.963435490482716,transient-slab
Li,6.092704661368687e+18,37.143344944444074,10668781.639373725,10668781.639373725,117.48305632688434,25.40186104612792,transient-slab
Li,6.458424430196991e+18,37.143344944444074,11309184.313012416,11309184.313012416,124.53507650333235,26.926629316696225,transient-slab
Li,6.846096838574672e+18,37.143344944444074,11988027.700714463,11988027.700714463,132.0104001766749,28.5429230969392,transient-slab
Li,7.257039612324231e+18,37.143344944444074,12707619.23897027,12707619.23897027,139.93443649861604,30.25623628326255,transient-slab
Li,7.692649574879161e+18,37.143344944444074,13470404.870104128,13470404.870104128,148.33411982675824,32.072392547866976,transient-slab
Li,8.154407395185187e+18,37.143344944444074,14278977.356204491,14278977.356204491,157.23800127638123,33.99756513382022,transient-slab
Li,8.643882620598297e+18,37.143344944444074,15136085.092104923,15136085.092104923,166.6763457676937,36.03829783834505,transient-slab
Li,9.162739011886769e+18,37.143344944444074,16044641.44737172,16044641.44737172,176.68123489842893,38.20152725564695,transient-slab
Li,9.712740198471207e+18,37.143344944444074,17007734.669052295,17007734.669052295,187.28667599145535,40.494606354886415,transient-slab
Li,1.0295755673125085e+19,37.143344944444074,18028638.37884425,18028638.37884425,198.52871768806034,42.925329473438694,transient-slab
Li,1.0913767146512693e+19,37.143344944444074,19110822.700366713,19110822.700366713,210.44557247982812,45.501958810396935,transient-slab
Li,1.1568875283162786e+19,37.143344944444074,20257966.054354064,20257966.054354064,223.0777465955801,48.23325251036682,transient-slab
Li,1.2263306841775593e+19,37.143344944444074,21473967.661867674,21473967.661867674,236.4681776849064,51.128494433018275,transient-slab
Li,1.2999422244132422e+19,37.143344944444074,22762960.79802283,22762960.79802283,250.66238076625962,54.197525709578166,transient-slab
Li,1.377972359833554e+19,37.143344944444074,24129326.84128194,24129326.84128194,265.7086029357083,57.45077819352843,transient-slab
Li,1.460686320364986e+19,37.143344944444074,25577710.16606858,25577710.16606858,281.6579873622151,60.89930991921091,transient-slab
Li,1.548365256585496e+19,37.143344944444074,27113033.92932327,27113033.92932327,298.56474712687026,64.55484268886494,transient-slab
Li,1.6413071953751267e+19,37.143344944444074,28740516.804660708,28740516.804660708,316.4863494969729,68.42980191585883,transient-slab
Li,1.7398280529303622e+19,37.143344944444074,30465690.721008927,30465690.721008927,335.4837112613202,72.53735885954507,transient-slab
Li,1.8442627085855328e+19,37.143344944444074,32294419.66602546,32294419.66602546,355.62140579066414,76.89147539529871,transient-slab
Li,1.9549661430912594e+19,37.143344944444074,34232919.61820431,34232919.61820431,376.9678825271455,81.50695147191503,transient-slab
Li,2.0723146452190294e+19,37.143344944444074,36287779.6754248,36287779.6754248,399.5956996487705,86.39947541767809,transient-slab
Li,2.1967070907932353e+19,37.143344944444074,38465984.451759316,38465984.451759316,423.5817706997681,91.58567726609361,transient-slab
Li,2.3285662984981967e+19,37.143344944444074,40774937.81866851,40774937.81866851,449.00762602514385,97.08318528254406,transient-slab
Li,2.468340467068651e+19,37.143344944444074,43222488.07128193,43222488.07128193,475.95968989806636,102.91068588400461,transient-slab
Li,2.6165046987488236e+19,37.143344944444074,45816954.605305985,45816954.605305985,504.5295742820584,109.08798715549044,transient-slab
Li,2.773562614198418e+19,37.143344944444074,48567156.19523587,48567156.19523587,534.8143902265139,115.63608617913302,transient-slab
Li,2.9400480643347137e+19,37.143344944444074,51482440.96999134,51482440.96999134,566.9170779539957,122.57724040474129,transient-slab
Li,3.1165269449294365e+19,37.143344944444074,54572718.187865295,54572718.187865295,600.9467567613017,129.9350433044412,transient-slab
Li,3.303599120128346e+19,37.143344944444074,57848491.9187907,57848491.9187907,637.019095923642,137.73450456854928,transient-slab
Li,3.50190046143172e+19,37.143344944444074,61320896.74841419,61320896.74841419,675.2567078626515,146.0021351152719,transient-slab
Li,3.712105009066372e+19,37.143344944444074,65001735.62533696,65001735.62533696,715.7895649146484,154.76603720318323,transient-slab
Li,3.934927263095861e+19,37.143344944444074,68903519.98016837,68903519.98016837,758.755441115759,164.05599995278186,transient-slab
Li,4.171124612056533e+19,37.143344944444074,73039512.25275996,73039512.25275996,804.300380505573,173.90360060180944,transient-slab
Li,4.421499907374468e+19,37.143344944444074,77423770.97217193,77423770.97217193,852.5791935411114,184.34231183850463,transient-slab
Li,4.6869041923142115e+19,37.143344944444074,82071198.54260689,82071198.54260689,903.7559833085115,195.40761557763545,transient-slab
Li,4.9682395947343675e+19,37.143344944444074,86997591.89772435,86997591.89772435,958.0047033208958,207.13712356601036,transient-slab
Li,5.266462393484259e+19,37.143344944444074,92219696.19554,92219696.19554,1015.5097487987181,219.57070522747617,transient-slab
Li,5.582586268862678e+19,37.143344944444074,97755261.73639011,97755261.73639011,1076.4665834420252,232.75062318188122,transient-slab
Li,5.917685748188806e+19,37.143344944444074,103623104.29745589,103623104.29745589,1141.0824038253775,246.7216768987045,transient-slab
Li,6.272899858196231e+19,37.143344944444074,109843169.08891478,109843169.08891478,1209.5768436735934,261.5313549736066,transient-slab
Li,6.649435996665032e+19,37.143344944444074,116436598.54911481,116436598.54911481,1282.1827204122508,277.2299965455115,transient-slab
Li,7.048574036451889e+19,37.143344944444074,123425804.20921162,123425804.20921162,1359.1468265305134,293.87096240288486,transient-slab
Li,7.471670675868067e+19,37.143344944444074,130834542.87154165,130834542.87154165,1440.7307684461882,311.51081636081346,transient-slab
Li,7.920164050192541e+19,37.143344944444074,138687997.3606664,138687997.3606664,1527.2118557243627,330.20951752539617,transient-slab
Li,8.395578619995103e+19,37.143344944444074,147012862.12156704,147012862.12156704,1618.8840436721514,350.03062409896916,transient-slab
Li,8.899530352885224e+19,37.143344944444074,155837433.95594326,155837433.95594326,1716.0589325134904,371.04150941891254,transient-slab
Li,9.433732216299774e+19,37.143344944444074,165191708.20503524,165191708.20503524,1819.0668265402453,393.3135909643696,transient-slab
Li,1e+20,37.143344944444074,175107480.70590135,175107480.70590135,1928.2578568397657,416.9225731092889,transient-slab
Li,1e+18,39.02895839495171,1886095.261403683,1886095.261403683,20.76940397913758,4.490703003342103,transient-slab
Li,1.0600258488068824e+18,39.02895839495171,1999309.730400078,1999309.730400078,22.01610508219835,4.760261262857329,transient-slab
Li,1.1236548001387516e+18,39.02895839495171,2119319.993995202,2119319.993995202,23.33764047717882,5.045999985702862,transient-slab
Li,1.191103133283008e+18,39.02895839495171,2246533.9755281606,2246533.9755281606,24.738502155971336,5.348890417924192,transient-slab
Li,1.2626001098748577e+18,39.02895839495171,2381384.0842827386,2381384.0842827386,26.223451746094412,5.669962105435092,transient-slab
Li,1.3383887531737592e+18,39.02895839495171,2524328.685277011,2524328.685277011,27.797536695800055,6.010306393516692,transient-slab
Li,1.418726674116599e+18,39.02895839495171,2675853.6572783245,2675853.6572783245,29.466107430705907,6.371080136376963,transient-slab
Li,1.5038869469554132e+18,39.02895839495171,2836474.0443394566,2836474.0443394566,31.234835540268815,6.753509629379659,transient-slab
Li,1.5941590374560028e+18,39.02895839495171,3006735.806469623,3006735.806469623,33.10973305591683,7.158894777308626,transient-slab
Li,1.689849786812462e+18,39.02895839495171,3187217.675391009,3187217.675391009,35.09717288636754,7.588613512835736,transient-slab
Li,1.7912844546220096e+18,39.02895839495171,3378533.121688653,3378533.121688653,37.203910479593645,8.044126480211078,transient-slab
Li,1.898807824465269e+18,39.02895839495171,3581332.44004018,3581332.44004018,39.43710678506652,8.526982000095666,transient-slab
Li,2.0127853758499466e+18,39.02895839495171,3796304.959613215,3796304.959613215,41.8043525943278,9.038821332412416,transient-slab
Li,2.133604526501402e+18,39.02895839495171,4024181.3871437437,4024181.3871437437,44.31369434262417,9.581384255104151,transient-slab
Li,2.2616759492228552e+18,39.02895839495171,4265736.290659904,4265736.290659904,46.973661459308914,10.156514977761676,transient-slab
Li,2.3974349678010685e+18,39.02895839495171,4521790.732293086,4521790.732293086,49.79329535997107,10.766168410221635,transient-slab
Li,2.541343036702629e+18,39.02895839495171,4793215.0591260735,4793215.0591260735,52.78218017884514,11.412416807443034,transient-slab
Li,2.693889309590164e+18,39.02895839495171,5080931.861564047,5080931.861564047,55.95047534595812,12.097456813247732,transient-slab
Li,2.8555923019901005e+18,39.02895839495171,5385919.109284363,5385919.109284363,59.30895011974781,12.82361692686753,transient-slab
Li,3.0270016537634555e+18,39.02895839495171,5709213.475424365,5709213.475424365,62.86902019253073,13.593365417677061,transient-slab
Li,3.208699997370444e+18,39.02895839495171,6051913.860306404,6051913.860306404,66.64278649324442,14.409318715015246,transient-slab
Li,3.401304938279246e+18,39.02895839495171,6415185.126677432,6415185.126677432,70.64307631935725,15.274250301612934,transient-slab
Li,3.6054711542504986e+18,39.02895839495171,6800262.059159532,6800262.059159532,74.88348693775605,16.19110014085603,transient-slab
Li,3.821892620633115e+18,39.02895839495171,7208453.561369822,7208453.561369822,79.37843180281396,17.16298466992815,transient-slab
Li,4.051304969235378e+18,39.02895839495171,7641147.10497604,7641147.10497604,84.14318954873708,18.193207392800097,transient-slab
Li,4.294487988789272e+18,39.02895839495171,8099813.445810478,8099813.445810478,89.19395592271842,19.28527010907257,transient-slab
Li,4.5522682755073096e+18,39.02895839495171,8586011.62307265,8586011.62307265,94.54789883542324,20.442884816839644,transient-slab
Li,4.825522042741279e+18,39.02895839495171,9101394.258613346,9101394.258613346,100.2232167159268,21.669986330031776,transient-slab
Li,5.115178099293145e+18,39.02895839495171,9647713.174312698,9647713.174312698,106.23920036945641,22.970745653125473,transient-slab
Li,5.422221006501592e+18,39.02895839495171,10226825.346646162,10226825.346646162,112.61629854819752,24.34958415868134,transient-slab
Li,5.747694424835359e+18,39.02895839495171,10840699.218678337,10840699.218678337,119.37618745804235,25.8111886159008,transient-slab
Li,6.092704661368687e+18,39.02895839495171,11491421.390939612,11491421.390939612,126.54184443754086,27.36052712128479,transient-slab
Li,6.458424430196991e+18,39.02895839495171,12181203.713928325,12181203.713928325,134.1376260594927,29.002865985543632,transient-slab
Li,6.846096838574672e+18,39.02895839495171,12912390.806346424,12912390.806346424,142.18935092065396,30.743787634158153,transient-slab
Li,7.257039612324231e+18,39.02895839495171,13687468.02462355,13687468.02462355,150.72438740096587,32.58920958243703,transient-slab
Li,7.692649574879161e+18,39.02895839495171,14509069.910818642,14509069.910818642,159.77174669060622,34.54540454956819,transient-slab
Li,8.154407395185187e+18,39.02895839495171,15379989.147613933,15379989.147613933,169.3621814010681,36.61902178003318,transient-slab
Li,8.643882620598297e+18,39.02895839495171,16303186.050840097,16303186.050840097,179.5282900954524,38.817109644857375,transient-slab
Li,9.162739011886769e+18,39.02895839495171,17281798.631798297,17281798.631798297,190.30462809328012,41.14713959951976,transient-slab
Li,9.712740198471207e+18,39.02895839495171,18319153.263581607,18319153.263581607,201.72782492645732,43.61703157995621,transient-slab
Li,1.0295755673125085e+19,39.02895839495171,19418775.98765131,19418775.98765131,213.83670884563242,46.23518092297932,transient-slab
Li,1.0913767146512693e+19,39.02895839495171,20584404.499100782,20584404.499100782,226.67243880016161,49.01048690262091,transient-slab
Li,1.1568875283162786e+19,39.02895839495171,21820000.851343524,21820000.851343524,240.27864434026753,51.95238297938935,transient-slab
Li,1.2263306841775593e+19,39.02895839495171,23129764.92341231,23129764.92341231,254.70157391695906,55.07086886526741,transient-slab
Li,1.2999422244132422e+19,39.02895839495171,24518148.69564379,24518148.69564379,269.9902520837734,58.376544513437594,transient-slab
Li,1.377972359833554e+19,39.02895839495171,25989871.382273167,25989871.382273167,286.1966461346861,61.88064614826945,transient-slab
Li,1.460686320364986e+19,39.02895839495171,27549935.472375818,27549935.472375818,303.3758427446036,65.59508445803766,transient-slab
Li,1.548365256585496e+19,39.02895839495171,29203643.733680017,29203643.733680017,321.5862352128517,69.53248508019051,transient-slab
Li,1.6413071953751267e+19,39.02895839495171,30956617.23704796,30956617.23704796,340.8897219461129,73.70623151678086,transient-slab
Li,1.7398280529303622e+19,39.02895839495171,32814814.462891523,32814814.462891523,361.3519168554704,78.1305106259322,transient-slab
Li,1.8442627085855328e+19,39.02895839495171,34784551.55446695,34784551.55446695,383.042372382714,82.82036084396893,transient-slab
Li,1.9549661430912594e+19,39.02895839495171,36872523.78689058,36872523.78689058,406.0348159139883,87.79172330212043,transient-slab
Li,2.0723146452190294e+19,39.02895839495171,39085828.324850656,39085828.324850656,430.4074003843718,93.06149601154918,transient-slab
Li,2.1967070907932353e+19,39.02895839495171,41431988.34636991,41431988.34636991,456.24296992520743,98.64759130088073,transient-slab
Li,2.3285662984981967e+19,39.02895839495171,43918978.61461762,43918978.61461762,483.6293414571409,104.56899670147052,transient-slab
Li,2.468340467068651e+19,39.02895839495171,46555252.58469136,46555252.58469136,512.6596031860194,110.8458394873604,transient-slab
Li,2.6165046987488236e+19,39.02895839495171,49349771.13750627,49349771.13750627,543.4324310162597,117.49945508930064,transient-slab
Li,2.773562614198418e+19,39.02895839495171,52312033.03846047,52312033.03846047,576.0524239571984,124.55245961538206,transient-slab
Li,2.9400480643347137e+19,39.02895839495171,55452107.22440774,55452107.22440774,610.6304596624913,132.02882672478034,transient-slab
Li,3.1165269449294365e+19,39.02895839495171,58780667.02868307,58780667.02868307,647.284071311069,139.95396911591206,transient-slab
Li,3.303599120128346e+19,39.02895839495171,62309026.46051449,62309026.46051449,686.1378471106905,148.3548249059869,transient-slab
Li,3.50190046143172e+19,39.02895839495171,66049178.66213737,66049178.66213737,727.3238537820366,157.25994919556518,transient-slab
Li,3.712105009066372e+19,39.02895839495171,70013836.6743296,70013836.6743296,770.9820854627962,166.69961112935619,transient-slab
Li,3.934927263095861e+19,39.02895839495171,74216476.64893267,74216476.64893267,817.260939557601,176.70589678317302,transient-slab
Li,4.171124612056533e+19,39.02895839495171,78671383.65524103,78671383.65524103,866.3177211512563,187.31281822676436,transient-slab
Li,4.421499907374468e+19,39.02895839495171,83393700.23595807,83393700.23595807,918.3191776997969,198.5564291332335,transient-slab
Li,4.6869041923142115e+19,39.02895839495171,88399477.87776889,88399477.87776889,973.4420658168735,210.47494732802116,transient-slab
Li,4.9682395947343675e+19,39.02895839495171,93705731.57146645,93705731.57146645,1031.8737520818481,223.10888469396775,transient-slab
Li,5.266462393484259e+19,39.02895839495171,99330497.64711359,99330497.64711359,1093.8128499121035,236.50118487408,transient-slab
Li,5.582586268862678e+19,39.02895839495171,105292895.08079164,105292895.08079164,1159.4698946639528,250.6973692399801,transient-slab
Li,5.917685748188806e+19,39.02895839495171,111613190.48135014,111613190.48135014,1229.068059257183,265.74569162226226,transient-slab
Li,6.272899858196231e+19,39.02895839495171,118312866.97803746,118312866.97803746,1302.8439127555232,281.69730232866067,transient-slab
Li,6.649435996665032e+19,39.02895839495171,125414697.24316993,125414697.24316993,1381.0482244815535,298.60642200754745,transient-slab
Li,7.048574036451889e+19,39.02895839495171,132942820.8980494,132942820.8980494,1463.9468163992967,316.53052594773663,transient-slab
Li,7.471670675868067e+19,39.02895839495171,140922826.56523615,140922826.56523615,1551.8214666617976,335.53053944103846,transient-slab
Li,7.920164050192541e+19,39.02895839495171,149381838.84607953,149381838.84607953,1644.9708673949133,355.67104487161794,transient-slab
Li,8.395578619995103e+19,39.02895839495171,158348610.51914835,158348610.51914835,1743.7116399728861,377.0205012360675,transient-slab
Li,8.899530352885224e+19,39.02895839495171,167853620.27295065,167853620.27295065,1848.3794112366998,399.65147684035867,transient-slab
Li,9.433732216299774e+19,39.02895839495171,177929176.30514267,177929176.30514267,1959.3299543133485,423.64089596462543,transient-slab
Li,1e+20,39.02895839495171,188609526.14036828,188609526.14036828,2076.9403979137574,449.07030033421023,transient-slab
Li,1e+18,41.01029661365276,2031526.7633049435,2031526.7633049435,22.37087431634209,4.83696848405939,transient-slab
Li,1.0600258488068824e+18,41.01029661365276,2153470.8816462215,2153470.8816462215,23.71370503573261,5.127311622967194,transient-slab
Li,1.1236548001387516e+18,41.01029661365276,2282734.799197941,2282734.799197941,25.137140308858502,5.435082855233193,transient-slab
Li,1.191103133283008e+18,41.01029661365276,2419757.8931208057,2419757.8931208057,26.646018492475427,5.761328316954299,transient-slab
Li,1.2626001098748577e+18,41.01029661365276,2565005.9145625355,2565005.9145625355,28.24546836981015,6.107156939434609,transient-slab
Li,1.3383887531737592e+18,41.01029661365276,2718972.571778826,2718972.571778826,29.94092658365596,6.473744218521015,transient-slab
Li,1.418726674116599e+18,41.01029661365276,2882181.208282482,2882181.208282482,31.73815611590446,6.862336210196386,transient-slab
Li,1.5038869469554132e+18,41.01029661365276,3055186.581724884,3055186.581724884,33.64326587632697,7.274253766011628,transient-slab
Li,1.5941590374560028e+18,41.01029661365276,3238576.749556317,3238576.749556317,35.66273146718911,7.7108970227531355,transient-slab
Li,1.689849786812462e+18,41.01029661365276,3432975.0678746696,3432975.0678746696,37.803417194279056,8.173750161606357,transient-slab
Li,1.7912844546220096e+18,41.01029661365276,3639042.3102567117,3639042.3102567117,40.07259939916636,8.66438645299217,transient-slab
Li,1.898807824465269e+18,41.01029661365276,3857478.9137740294,3857478.9137740294,42.47799119199949,9.184473604223879,transient-slab
Li,2.0127853758499466e+18,41.01029661365276,4089027.359827966,4089027.359827966,45.02776866891053,9.735779428161823,transient-slab
Li,2.133604526501402e+18,41.01029661365276,4334474.6978961695,4334474.6978961695,47.73059870314143,10.320177852133737,transient-slab
Li,2.2616759492228552e+18,41.01029661365276,4594655.220769342,4594655.220769342,50.59566840435818,10.939655287546053,transient-slab
Li,2.3974349678010685e+18,41.01029661365276,4870453.300370996,4870453.300370996,53.63271634628134,11.596317381835705,transient-slab
Li,2.541343036702629e+18,41.01029661365276,5162806.393800047,5162806.393800047,56.85206566878564,12.292396175714398,transient-slab
Li,2.693889309590164e+18,41.01029661365276,5472708.229813495,5472708.229813495,60.26465916697913,13.03025769003213,transient-slab
Li,2.8555923019901005e+18,41.01029661365276,5801212.186580461,5801212.186580461,63.88209648653452,13.812409968048717,transient-slab
Li,3.0270016537634555e+18,41.01029661365276,6149434.872188784,6149434.872188784,67.71667355170192,14.641511600449487,transient-slab
Li,3.208699997370444e+18,41.01029661365276,6518559.920074558,6518559.920074558,71.78142436002139,15.520380762082281,transient-slab
Li,3.401304938279246e+18,41.01029661365276,6909842.012275556,6909842.012275556,76.09016528579869,16.452004791132275,transient-slab
Li,3.6054711542504986e+18,41.01029661365276,7324611.144183854,7324611.144183854,80.65754204293474,17.43955034329489,transient-slab
Li,3.821892620633115e+18,41.01029661365276,7764277.14529384,7764277.14529384,85.4990794667387,18.486374155461526,transient-slab
Li,4.051304969235378e+18,41.01029661365276,8230334.471311981,8230334.471311981,90.63123428393679,19.596034455504714,transient-slab
Li,4.294487988789272e+18,41.01029661365276,8724367.283917025,8724367.283917025,96.0714510502455,20.772303056945297,transient-slab
Li,4.5522682755073096e+18,41.01029661365276,9248054.835437141,9248054.835437141,101.83822144564536,22.019178179612243,transient-slab
Li,4.825522042741279e+18,41.01029661365276,9803177.176746849,9803177.176746849,107.95114712890349,23.34089803987345,transient-slab
Li,5.115178099293145e+18,41.01029661365276,10391621.207785336,10391621.207785336,114.43100636499257,24.741955256631755,transient-slab
Li,5.422221006501592e+18,41.01029661365276,11015387.091262253,11015387.091262253,121.29982465187703,26.227112122052983,transient-slab
Li,5.747694424835359e+18,41.01029661365276,11676595.051351646,11676595.051351646,128.58094958673195,27.801416788932492,transient-slab
Li,6.092704661368687e+18,41.01029661365276,12377492.580483269,12377492.580483269,136.29913022607047,29.47022042972207,transient-slab
Li,6.458424430196991e+18,41.01029661365276,13120462.078727668,13120462.078727668,144.48060120953016,31.239195425542068,transient-slab
Li,6.846096838574672e+18,41.01029661365276,13908028.951741809,13908028.951741809,153.1531719332609,33.11435464700431,transient-slab
Li,7.257039612324231e+18,41.01029661365276,14742870.194800807,14742870.194800807,162.3463210760213,35.102071892382874,transient-slab
Li,7.692649574879161e+18,41.01029661365276,15627823.492093412,15627823.492093412,172.09129679928412,37.209103552603366,transient-slab
Li,8.154407395185187e+18,41.01029661365276,16565896.86221046,16565896.86221046,182.42122296193833,39.442611576691576,transient-slab
Li,8.643882620598297e+18,41.01029661365276,17560278.88261191,17560278.88261191,193.37121171061818,41.81018781574265,transient-slab
Li,9.162739011886769e+18,41.01029661365276,18614349.527826265,18614349.527826265,204.9784828283634,44.319879828157774,transient-slab
Li,9.712740198471207e+18,41.01029661365276,19731691.658222023,19731691.658222023,217.28249024728288,46.98021823386196,transient-slab
Li,1.0295755673125085e+19,41.01029661365276,20916103.198402315,20916103.198402315,230.32505615524732,49.800245710481704,transient-slab
Li,1.0913767146512693e+19,41.01029661365276,22171610.04661876,22171610.04661876,244.15051315245887,52.78954773004467,transient-slab
Li,1.1568875283162786e+19,41.01029661365276,23502479.759082254,23502479.759082254,258.8058549410712,55.95828514067203,transient-slab
Li,1.2263306841775593e+19,41.01029661365276,24913236.055687737,24913236.055687737,274.3408960600998,59.31722870401842,transient-slab
Li,1.2999422244132422e+19,41.01029661365276,26408674.196456622,26408674.196456622,290.808441208548,62.8777957058491,transient-slab
Li,1.377972359833554e+19,41.01029661365276,27993877.28096335,27993877.28096335,308.26446473229754,66.65208876419845,transient-slab
Li,1.460686320364986e+19,41.01029661365276,29674233.526148878,29674233.526148878,326.768300884853,70.65293696702115,transient-slab
Li,1.548365256585496e+19,41.01029661365276,31455454.58124961,31455454.58124961,346.382845508649,74.89393947916574,transient-slab
Li,1.6413071953751267e+19,41.01029661365276,33343594.94209546,33343594.94209546,367.1747698224489,79.38951176689395,transient-slab
Li,1.7398280529303622e+19,41.01029661365276,35345072.530767605,35345072.530767605,389.214747041513,84.15493459706573,transient-slab
Li,1.8442627085855328e+19,41.01029661365276,37466690.510567755,37466690.510567755,412.57769260083586,89.20640597754227,transient-slab
Li,1.9549661430912594e+19,41.01029661365276,39715660.410449356,39715660.410449356,437.34301879798613,94.56109621535562,transient-slab
Li,2.0723146452190294e+19,41.01029661365276,42099626.637512475,42099626.637512475,463.59490472109957,100.23720627979161,transient-slab
Li,2.1967070907932353e+19,41.01029661365276,44626692.46088199,44626692.46088199,491.42258237952933,106.25402966876665,transient-slab
Li,2.3285662984981967e+19,41.01029661365276,47305447.55529014,47305447.55529014,520.9206400097307,112.63201798878605,transient-slab
Li,2.468340467068651e+19,41.01029661365276,50144997.197985895,50144997.197985895,552.1893435873393,119.39285047139498,transient-slab
Li,2.6165046987488236e+19,41.01029661365276,53154993.21821374,53154993.21821374,585.3349776382845,126.55950766241367,transient-slab
Li,2.773562614198418e+19,41.01029661365276,56345666.8044611,56345666.8044611,620.4702065073801,134.1563495344312,transient-slab
Li,2.9400480643347137e+19,41.01029661365276,59727863.280988656,59727863.280988656,657.7144573123674,142.20919828806822,transient-slab
Li,3.1165269449294365e+19,41.01029661365276,63313078.97185142,63313078.97185142,697.1943258851002,150.74542612345576,transient-slab
Li,3.303599120128346e+19,41.01029661365276,67113500.27771397,67113500.27771397,739.0440070796953,159.79404828027134,transient-slab
Li,3.50190046143172e+19,41.01029661365276,71142045.0982847,71142045.0982847,783.4057509102938,169.38582166258266,transient-slab
Li,3.712105009066372e+19,41.01029661365276,75412406.74116674,75412406.74116674,830.4303460688772,179.55334938373034,transient-slab
Li,3.934927263095861e+19,41.01029661365276,79939100.46637516,79939100.46637516,880.277632466655,190.33119158660753,transient-slab
Li,4.171124612056533e+19,41.01029661365276,84737512.82472798,84737512.82472798,933.1170445411788,201.755982916019,transient-slab
Li,4.421499907374468e+19,41.01029661365276,89823953.95781562,89823953.95781562,989.1281871759243,213.86655704241815,transient-slab
Li,4.6869041923142115e+19,41.01029661365276,95215713.03732459,95215713.03732459,1048.5014461899805,226.70407866029666,transient-slab
Li,4.9682395947343675e+19,41.01029661365276,100931117.03214175,100931117.03214175,1111.438635472769,240.31218340986132,transient-slab
Li,5.266462393484259e+19,41.01029661365276,106989593.00302283,106989593.00302283,1178.153682963785,254.7371261976734,transient-slab
Li,5.582586268862678e+19,41.01029661365276,113411734.13653216,113411734.13653216,1248.8733578086408,270.0279384203146,transient-slab
Li,5.917685748188806e+19,41.01029661365276,120219369.74273798,120219369.74273798,1323.838041163406,286.2365946255666,transient-slab
Li,6.272899858196231e+19,41.01029661365276,127435639.45457429,127435639.45457429,1403.30254326708,303.41818917755785,transient-slab
Li,6.649435996665032e+19,41.01029661365276,135085071.88108292,135085071.88108292,1487.536969559543,321.6311235263879,transient-slab
Li,7.048574036451889e+19,41.01029661365276,143193667.98188367,143193667.98188367,1576.8276387889728,340.93730471877063,transient-slab
Li,7.471670675868067e+19,41.01029661365276,151788989.44626716,151788989.44626716,1671.478056229433,361.40235582444564,transient-slab
Li,7.920164050192541e+19,41.01029661365276,160900252.37731823,160900252.37731823,1771.8099453166824,383.09583899361485,transient-slab
Li,8.395578619995103e+19,41.01029661365276,170558426.59950837,170558426.59950837,1878.1643412087922,406.0914919035914,transient-slab
Li,8.899530352885224e+19,41.01029661365276,180796340.9273102,180796340.9273102,1990.902749988669,430.4674783983576,transient-slab
Li,9.433732216299774e+19,41.01029661365276,191648794.7526505,191648794.7526505,2110.4083774486953,456.3066541729774,transient-slab
Li,1e+20,41.01029661365276,203152676.33049434,203152676.33049434,2237.0874316342088,483.6968484059389,transient-slab
Li,1e+18,43.092219149699915,2188172.0793639873,2188172.0793639873,24.095829527909018,5.209933522295208,transient-slab
Li,1.0600258488068824e+18,43.092219149699915,2319518.9657633314,2319518.9657633314,25.542202148027695,5.522664204198408,transient-slab
Li,1.1236548001387516e+18,43.092219149699915,2458750.0605069376,2458750.0605069376,27.075394512360035,5.8541668107308045,transient-slab
Li,1.191103133283008e+18,43.092219149699915,2606338.6198928403,2606338.6198928403,28.700618049745653,6.205568142602001,transient-slab
Li,1.2626001098748577e+18,43.092219149699915,2762786.307830066,2762786.307830066,30.42339700946376,6.578062637690633,transient-slab
Li,1.3383887531737592e+18,43.092219149699915,2928624.9010295984,2928624.9010295984,32.249587238545594,6.9729164310228535,transient-slab
Li,1.418726674116599e+18,43.092219149699915,3104418.096550873,3104418.096550873,34.1853960862109,7.39147165845446,transient-slab
Li,1.5038869469554132e+18,43.092219149699915,3290763.427847785,3290763.427847785,36.23740350308518,7.835151018685203,transient-slab
Li,1.5941590374560028e+18,43.092219149699915,3488294.2958269943,3488294.2958269943,38.41258440691537,8.305462609111892,transient-slab
Li,1.689849786812462e+18,43.092219149699915,3697682.1218222156,3697682.1218222156,40.718332390806474,8.804005051957656,transient-slab
Li,1.7912844546220096e+18,43.092219149699915,3919638.6298026284,3919638.6298026284,43.162484854565406,9.332472928101497,transient-slab
Li,1.898807824465269e+18,43.092219149699915,4154918.265572777,4154918.265572777,45.75334964457491,9.892662537078042,transient-slab
Li,2.0127853758499466e+18,43.092219149699915,4404320.761187002,4404320.761187002,48.49973329274859,10.486478002826196,transient-slab
Li,2.133604526501402e+18,43.092219149699915,4668693.853294988,4668693.853294988,51.41097095055281,11.115937745940448,transient-slab
Li,2.2616759492228552e+18,43.092219149699915,4948936.164658494,4948936.164658494,54.49695811984572,11.783181344424985,transient-slab
Li,2.3974349678010685e+18,43.092219149699915,5246000.258633198,5246000.258633198,57.76818428838259,12.49047680626952,transient-slab
Li,2.541343036702629e+18,43.092219149699915,5560895.876998781,5560895.876998781,61.23576858432517,13.240228278568527,transient-slab
Li,2.693889309590164e+18,43.092219149699915,5894693.372142325,5894693.372142325,64.9114975709411,14.034984219386489,transient-slab
Li,2.8555923019901005e+18,43.092219149699915,6248527.345261473,6248527.345261473,68.80786530996275,14.877446060146365,transient-slab
Li,3.0270016537634555e+18,43.092219149699915,6623600.502953809,6623600.502953809,72.93811582978289,15.77047738798526,transient-slab
Li,3.208699997370444e+18,43.092219149699915,7021187.745301304,7021187.745301304,77.31628814284032,16.717113679288822,transient-slab
Li,3.401304938279246e+18,43.092219149699915,7442640.499345497,7442640.499345497,81.95726396521182,17.720572617489278,transient-slab
Li,3.6054711542504986e+18,43.092219149699915,7889391.312683188,7889391.312683188,86.87681830061337,18.784265030198068,transient-slab
Li,3.821892620633115e+18,43.092219149699915,8362958.722796641,8362958.722796641,92.09167306074897,19.911806482849148,transient-slab
Li,4.051304969235378e+18,43.092219149699915,8864952.418669432,8864952.418669432,97.61955390426635,21.107029568260554,transient-slab
Li,4.294487988789272e+18,43.092219149699915,9397078.712232688,9397078.712232688,103.47925048751912,22.373996933887355,transient-slab
Li,4.5522682755073096e+18,43.092219149699915,9961146.338239541,9961146.338239541,109.69068033193247,23.71701509104653,transient-slab
Li,4.825522042741279e+18,43.092219149699915,10559072.60228194,10559072.60228194,116.27495652506113,25.140649053052236,transient-slab
Li,5.115178099293145e+18,43.092219149699915,11192889.89784741,11192889.89784741,123.25445948546128,26.649737852017644,transient-slab
Li,5.422221006501592e+18,43.092219149699915,11864752.61456768,11864752.61456768,130.65291303530958,28.249410987065907,transient-slab
Li,5.747694424835359e+18,43.092219149699915,12576944.461140784,12576944.461140784,138.49546503934585,29.94510585985901,transient-slab
Li,6.092704661368687e+18,43.092219149699915,13331886.227817778,13331886.227817778,146.8087728842365,31.742586256708996,transient-slab
Li,6.458424430196991e+18,43.092219149699915,14132144.014839323,14132144.014839323,155.6210940889096,33.64796194009363,transient-slab
Li,6.846096838574672e+18,43.092219149699915,14980437.95479116,14980437.95479116,164.96238235385215,35.66770941616943,transient-slab
Li,7.257039612324231e+18,43.092219149699915,15879651.458526338,15879651.458526338,174.8643893758476,37.80869394887223,transient-slab
Li,7.692649574879161e+18,43.092219149699915,16832841.016081825,16832841.016081825,185.36077277422999,40.07819289543292,transient-slab
Li,8.154407395185187e+18,43.092219149699915,17843246.585903447,17843246.585903447,196.48721049550286,42.48392044262726,transient-slab
Li,8.643882620598297e+18,43.092219149699915,18914302.607692808,18914302.607692808,208.28152208519202,45.03405382784002,transient-slab
Li,9.162739011886769e+18,43.092219149699915,20049649.676309798,20049649.676309798,220.7837972391451,47.73726113407095,transient-slab
Li,9.712740198471207e+18,43.092219149699915,21253146.916410927,21253146.916410927,234.03653207123136,50.602730753359346,transient-slab
Li,1.0295755673125085e+19,43.092219149699915,22528885.09988569,22528885.09988569,248.08477356062423,53.640202618775454,transient-slab
Li,1.0913767146512693e+19,43.092219149699915,23881200.550679047,23881200.550679047,262.97627266966384,56.86000131114059,transient-slab
Li,1.1568875283162786e+19,43.092219149699915,25314689.88426095,25314689.88426095,278.7616466527306,60.273071153002256,transient-slab
Li,1.2263306841775593e+19,43.092219149699915,26834225.63184671,26834225.63184671,295.494551107865,63.89101340915883,transient-slab
Li,1.2999422244132422e+19,43.092219149699915,28444972.802473713,28444972.802473713,313.2318623559233,67.72612572017552,transient-slab
Li,1.377972359833554e+19,43.092219149699915,30152406.439230885,30152406.439230885,332.03387076719815,71.79144390293068,transient-slab
Li,1.460686320364986e+19,43.092219149699915,31962330.229315825,31962330.229315825,351.96448569263396,76.10078626027577,transient-slab
Li,1.548365256585496e+19,43.092219149699915,33880896.23117638,33880896.23117638,373.09145269621206,80.66880055041995,transient-slab
Li,1.6413071953751267e+19,43.092219149699915,35914625.78579065,35914625.78579065,395.48658382689507,85.51101377569202,transient-slab
Li,1.7398280529303622e+19,43.092219149699915,38070431.683164276,38070431.683164276,419.2260017128387,90.64388495991494,transient-slab
Li,1.8442627085855328e+19,43.092219149699915,40355641.65939064,40355641.65939064,444.39039830756735,96.08486109378725,transient-slab
Li,1.9549661430912594e+19,43.092219149699915,42778023.30414195,42778023.30414195,471.0653091676077,101.85243643843322,transient-slab
Li,2.0723146452190294e+19,43.092219149699915,45345810.46325366,45345810.46325366,499.3414041938697,107.9662153886992,transient-slab
Li,2.1967070907932353e+19,43.092219149699915,48067731.22614649,48067731.22614649,529.3147958250274,114.44697910987259,transient-slab
Li,2.3285662984981967e+19,43.092219149699915,50953037.59321702,50953037.59321702,561.0873657304664,121.31675617432624,transient-slab
Li,2.468340467068651e+19,43.092219149699915,54011536.92403886,54011536.92403886,594.7671111132553,128.59889743818778,transient-slab
Li,2.6165046987488236e+19,43.092219149699915,57253625.273268566,57253625.273268566,630.4685118002459,136.3181554125442,transient-slab
Li,2.773562614198418e+19,43.092219149699915,60690322.72756768,60690322.72756768,668.3129193670675,144.50076839897068,transient-slab
Li,2.9400480643347137e+19,43.092219149699915,64333310.863653556,64333310.863653556,708.4289696206813,153.17454967536563,transient-slab
Li,3.1165269449294365e+19,43.092219149699915,68194972.4548014,68194972.4548014,750.953019841548,162.36898203524143,transient-slab
Li,3.303599120128346e+19,43.092219149699915,72288433.56076282,72288433.56076282,796.0296122716285,172.11531800181623,transient-slab
Li,3.50190046143172e+19,43.092219149699915,76627608.14416754,76627608.14416754,843.8119654236466,182.44668605754177,transient-slab
Li,3.712105009066372e+19,43.092219149699915,81227245.36506236,81227245.36506236,894.4624948816045,193.39820325014847,transient-slab
Li,3.934927263095861e+19,43.092219149699915,86102979.71434514,86102979.71434514,948.1533653627946,205.00709455796462,transient-slab
Li,4.171124612056533e+19,43.092219149699915,91271384.15650049,91271384.15650049,1005.0670759177985,217.31281942023926,transient-slab
Li,4.421499907374468e+19,43.092219149699915,96750026.46227269,96750026.46227269,1065.397080257607,230.35720586255403,transient-slab
Li,4.6869041923142115e+19,43.092219149699915,102557528.92275979,102557528.92275979,1129.3484443164534,244.1845926732376,transient-slab
Li,4.9682395947343675e+19,43.092219149699915,108713631.64788395,108713631.64788395,1197.138543285271,258.84198011400946,transient-slab
Li,5.266462393484259e+19,43.092219149699915,115239259.66442692,115239259.66442692,1268.997800485404,274.37918967720697,transient-slab
Li,5.582586268862678e+19,43.092219149699915,122156594.04166089,122156594.04166089,1345.1704705936072,290.8490334325259,transient-slab
Li,5.917685748188806e+19,43.092219149699915,129489147.28636934,129489147.28636934,1425.915469880942,308.30749353897465,transient-slab
Li,6.272899858196231e+19,43.092219149699915,137261843.2635131,137261843.2635131,1511.5072562874102,326.813912532174,transient-slab
Li,6.649435996665032e+19,43.092219149699915,145501101.9142027,145501101.9142027,1602.2367623238235,346.431195033816,transient-slab
Li,7.048574036451889e+19,43.092219149699915,154234929.05893946,154234929.05893946,1698.412383971903,367.22602156890343,transient-slab
Li,7.471670675868067e+19,43.092219149699915,163493011.59137157,163493011.59137157,1800.3610289439366,389.26907521755135,transient-slab
Li,7.920164050192541e+19,43.092219149699915,173306818.3861371,173306818.3861371,1908.4292278651287,412.635281871755,transient-slab
Li,8.395578619995103e+19,43.092219149699915,183709707.26378518,183709707.26378518,2022.9843121555962,437.4040649137742,transient-slab
Li,8.899530352885224e+19,43.092219149699915,194737038.3763578,194737038.3763578,2144.4156626157433,463.65961518180427,transient-slab
Li,9.433732216299774e+19,43.092219149699915,206426294.39903715,206426294.39903715,2273.136032959027,491.4911771405647,transient-slab
Li,1e+20,43.092219149699915,218817207.93639874,218817207.93639874,2409.582952790902,520.9933522295208,transient-slab
Li,1e+18,45.2798322513856,2356895.8752572415,2356895.8752572415,25.9537911852606,5.611656845850575,transient-slab
Li,1.0600258488068824e+18,45.2798322513856,2498370.550718998,2498370.550718998,27.511689530912452,5.9485013112357095,transient-slab
Li,1.1236548001387516e+18,45.2798322513856,2648337.363660024,2648337.363660024,29.16310204711689,6.305565151571486,transient-slab
Li,1.191103133283008e+18,45.2798322513856,2807306.061840698,2807306.061840698,30.91364200133681,6.684062052001662,transient-slab
Li,1.2626001098748577e+18,45.2798322513856,2975816.9910633923,2975816.9910633923,32.76925960217915,7.085278550150933,transient-slab
Li,1.3383887531737592e+18,45.2798322513856,3154442.931845916,3154442.931845916,34.73626222457304,7.510578409156943,transient-slab
Li,1.418726674116599e+18,45.2798322513856,3343791.046342837,3343791.046342837,36.82133584898148,7.9614072531972315,transient-slab
Li,1.5038869469554132e+18,45.2798322513856,3544504.94213242,3544504.94213242,39.03156778751988,8.439297481267666,transient-slab
Li,1.5941590374560028e+18,45.2798322513856,3757266.8598841075,3757266.8598841075,41.374470774229124,8.945873475914542,transient-slab
Li,1.689849786812462e+18,45.2798322513856,3982799.992342622,3982799.992342622,43.85800850138779,9.48285712462529,transient-slab
Li,1.7912844546220096e+18,45.2798322513856,4221870.942511031,4221870.942511031,46.490622688663045,10.052073672645312,transient-slab
Li,1.898807824465269e+18,45.2798322513856,4475292.329388369,4475292.329388369,49.28126177711055,10.655457927115163,transient-slab
Li,2.0127853758499466e+18,45.2798322513856,4743925.550118837,4743925.550118837,52.239411345555794,11.295060833616278,transient-slab
Li,2.133604526501402e+18,45.2798322513856,5028683.707941335,5028683.707941335,55.3751263527442,11.973056447479369,transient-slab
Li,2.2616759492228552e+18,45.2798322513856,5330534.715891853,5330534.715891853,58.69906531485603,12.691749323552031,transient-slab
Li,2.3974349678010685e+18,45.2798322513856,5650504.586807816,5650504.586807816,62.222526534550894,13.45358234954242,transient-slab
Li,2.541343036702629e+18,45.2798322513856,5989680.920818139,5989680.920818139,65.95748650469609,14.261145049566997,transient-slab
Li,2.693889309590164e+18,45.2798322513856,6349216.6021726355,6349216.6021726355,69.91664061730894,15.117182386125323,transient-slab
Li,2.8555923019901005e+18,45.2798322513856,6730333.717976799,6730333.717976799,74.11344631608868,16.02460409042095,transient-slab
Li,3.0270016537634555e+18,45.2798322513856,7134327.712151936,7134327.712151936,78.5621688392152,16.986494552742705,transient-slab
Li,3.208699997370444e+18,45.2798322513856,7562571.788740322,7562571.788740322,83.27792970789874,18.00612330652458,transient-slab
Li,3.401304938279246e+18,45.2798322513856,8016521.579522442,8016521.579522442,88.27675812549523,19.086956141720098,transient-slab
Li,3.6054711542504986e+18,45.2798322513856,8497720.091811966,8497720.091811966,93.57564546189795,20.232666885266585,transient-slab
Li,3.821892620633115e+18,45.2798322513856,9007802.953246279,9007802.953246279,99.19260300840027,21.44714988868162,transient-slab
Li,4.051304969235378e+18,45.2798322513856,9548503.971400028,9548503.971400028,105.14672319934361,22.734533265238163,transient-slab
Li,4.294487988789272e+18,45.2798322513856,10121661.027119203,10121661.027119203,111.45824450864652,24.099192921712387,transient-slab
Li,4.5522682755073096e+18,45.2798322513856,10729222.321607575,10729222.321607575,118.14862024180307,25.54576743239899,transient-slab
Li,4.825522042741279e+18,45.2798322513856,11373252.998499818,11373252.998499818,125.2405914571793,27.07917380595195,transient-slab
Li,5.115178099293145e+18,45.2798322513856,12055942.16343019,12055942.16343019,132.75826426447247,28.70462419864331,transient-slab
Li,5.422221006501592e+18,45.2798322513856,12779610.324956771,12779610.324956771,140.72719176307587,30.427643630849452,transient-slab
Li,5.747694424835359e+18,45.2798322513856,13546717.2821335,13546717.2821335,149.1744608988634,32.25408876698452,transient-slab
Li,6.092704661368687e+18,45.2798322513856,14359870.485540427,14359870.485540427,158.1287845346268,34.1901678227153,transient-slab
Li,6.458424430196991e+18,45.2798322513856,15221833.900191888,15221833.900191888,167.62059904711833,36.24246166712354,transient-slab
Li,6.846096838574672e+18,45.2798322513856,16135537.400448289,16135537.400448289,177.6821677824398,38.41794619154355,transient-slab
Li,7.257039612324231e+18,45.2798322513856,17104086.728865393,17104086.728865393,188.3476907214276,40.724016021108085,transient-slab
Li,7.692649574879161e+18,45.2798322513856,18130774.05283207,18130774.05283207,199.65342072779748,43.16850964960017,transient-slab
Li,8.154407395185187e+18,45.2798322513856,19219089.154879116,19219089.154879116,211.63778677418114,45.75973608304552,transient-slab
Li,8.643882620598297e+18,45.2798322513856,20372731.294695884,20372731.294695884,224.34152456491137,48.50650308260925,transient-slab
Li,9.162739011886769e+18,45.2798322513856,21595621.78317454,21595621.78317454,237.80781499955026,51.41814710279653,transient-slab
Li,9.712740198471207e+18,45.2798322513856,22891917.311221987,22891917.311221987,252.08243094780823,54.504565026719014,transient-slab
Li,1.0295755673125085e+19,45.2798322513856,24266024.078644857,24266024.078644857,267.2138928347506,57.776247806297285,transient-slab
Li,1.0913767146512693e+19,45.2798322513856,25722612.771133766,25722612.771133766,283.2536335651479,61.24431612174706,transient-slab
Li,1.1568875283162786e+19,45.2798322513856,27266634.436251827,27266634.436251827,300.25617334752957,64.92055818155197,transient-slab
Li,1.2263306841775593e+19,45.2798322513856,28903337.312394805,28903337.312394805,318.27930501222136,68.8174697914162,transient-slab
Li,1.2999422244132422e+19,45.2798322513856,30638284.66792294,30638284.66792294,337.3842904532446,72.94829682838795,transient-slab
Li,1.377972359833554e+19,45.2798322513856,32477373.711101905,32477373.711101905,357.6360688618083,77.32708026452833,transient-slab
Li,1.460686320364986e+19,45.2798322513856,34426855.63512913,34426855.63512913,379.1034774591951,81.9687038931646,transient-slab
Li,1.548365256585496e+19,45.2798322513856,36493356.86637976,36493356.86637976,401.85948547932406,86.88894491995181,transient-slab
Li,1.6413071953751267e+19,45.2798322513856,38683901.58809668,38683901.58809668,425.9814421963176,92.10452759070638,transient-slab
Li,1.7398280529303622e+19,45.2798322513856,41005935.61608409,41005935.61608409,451.5513398401315,97.63318003829546,transient-slab
Li,1.8442627085855328e+19,45.2798322513856,43467351.707559906,43467351.707559906,478.6560922939204,103.4936945418093,transient-slab
Li,1.9549661430912594e+19,45.2798322513856,46076516.38919348,46076516.38919348,507.3878305204484,109.70599140284163,transient-slab
Li,2.0723146452190294e+19,45.2798322513856,48842298.39551905,48842298.39551905,537.844215721721,116.29118665599775,transient-slab
Li,2.1967070907932353e+19,45.2798322513856,51774098.81438911,51774098.81438911,570.1287712962892,123.2716638437836,transient-slab
Li,2.3285662984981967e+19,45.2798322513856,54881883.04193424,54881883.04193424,604.3512347225741,130.67115009984343,transient-slab
Li,2.468340467068651e+19,45.2798322513856,58176214.65564638,58176214.65564638,640.6279305642839,138.51479679915803,transient-slab
Li,2.6165046987488236e+19,45.2798322513856,61668291.320722945,61668291.320722945,679.0821658658017,146.82926504934034,transient-slab
Li,2.773562614198418e+19,45.2798322513856,65369982.851719424,65369982.851719424,719.8446492815123,155.6428163136177,transient-slab
Li,2.9400480643347137e+19,45.2798322513856,69293871.55888525,69293871.55888525,763.0539353637278,164.98540847353632,transient-slab
Li,3.1165269449294365e+19,45.2798322513856,73453295.0163224,73453295.0163224,808.8568955193674,174.8887976579105,transient-slab
Li,3.303599120128346e+19,45.2798322513856,77862391.39733951,77862391.39733951,857.4092172362173,185.3866461841417,transient-slab
Li,3.50190046143172e+19,45.2798322513856,82536147.53109853,82536147.53109853,908.8759332756661,196.51463697880604,transient-slab
Li,3.712105009066372e+19,45.2798322513856,87490449.84390278,87490449.84390278,963.4319826306852,208.3105948664352,transient-slab
Li,3.934927263095861e+19,45.2798322513856,92742138.35827902,92742138.35827902,1021.2628051557897,220.8146151387596,transient-slab
Li,4.171124612056533e+19,45.2798322513856,98309063.93340008,98309063.93340008,1082.564971890164,234.06919984142874,transient-slab
Li,4.421499907374468e+19,45.2798322513856,104210148.9414116,104210148.9414116,1147.5468532164602,248.11940224145619,transient-slab
Li,4.6869041923142115e+19,45.2798322513856,110465451.58591239,110465451.58591239,1216.4293271264553,263.0129799664581,transient-slab
Li,4.9682395947343675e+19,45.2798322513856,117096234.0811914,117096234.0811914,1289.446530000795,278.80055733617,transient-slab
Li,5.266462393484259e+19,45.2798322513856,124125034.92400432,124125034.92400432,1366.846652455182,295.53579743810553,transient-slab
Li,5.582586268862678e+19,45.2798322513856,131575745.50350161,131575745.50350161,1448.8927829576503,313.2755845321467,transient-slab
Li,5.917685748188806e+19,45.2798322513856,139473691.30974764,139473691.30974764,1535.8638020848493,332.08021740416103,transient-slab
Li,6.272899858196231e+19,45.2798322513856,147845718.0168443,147845718.0168443,1628.0553304567577,352.0136143258198,transient-slab
Li,6.649435996665032e+19,45.2798322513856,156720282.7332684,156720282.7332684,1725.7807335719945,373.1435303173057,transient-slab
Li,7.048574036451889e+19,45.2798322513856,166127550.72958744,166127550.72958744,1829.3721869592173,395.54178745139865,transient-slab
Li,7.471670675868067e+19,45.2798322513856,176099497.97233936,176099497.97233936,1939.1818052651477,419.2845189817604,transient-slab
Li,7.920164050192541e+19,45.2798322513856,186670019.81259492,186670019.81259492,2055.5828391170508,444.452428125226,transient-slab
Li,8.395578619995103e+19,45.2798322513856,197875046.19864345,197875046.19864345,2178.9709438279124,471.13106237772246,transient-slab
Li,8.899530352885224e+19,45.2798322513856,209752663.8044181,209752663.8044181,2309.7655242567166,499.41110429623353,transient-slab
Li,9.433732216299774e+19,45.2798322513856,222343245.4887829,222343245.4887829,2448.4111603950996,529.3886797351975,transient-slab
Li,1e+20,45.2798322513856,235689587.52572417,235689587.52572417,2595.3791185260598,561.1656845850576,transient-slab
Li,1e+18,47.57850139003336,2538629.4886000007,2538629.4886000007,27.955015041416765,6.044355925238097,transient-slab
Li,1.0600258488068824e+18,47.57850139003336,2691012.878459398,2691012.878459398,29.63303854768698,6.4071735201414235,transient-slab
Li,1.1236548001387516e+18,47.57850139003336,2852543.210639175,2852543.210639175,31.41178683923895,6.791769549140893,transient-slab
Li,1.191103133283008e+18,47.57850139003336,3023769.5381161016,3023769.5381161016,33.29730600680513,7.199451281228814,transient-slab
Li,1.2626001098748577e+18,47.57850139003336,3205273.871237915,3205273.871237915,35.296005062846106,7.63160445532837,transient-slab
Li,1.3383887531737592e+18,47.57850139003336,3397673.156017494,3397673.156017494,37.414677726235475,8.089697990517843,transient-slab
Li,1.418726674116599e+18,47.57850139003336,3601621.371175803,3601621.371175803,39.66052551458872,8.575288978990006,transient-slab
Li,1.5038869469554132e+18,47.57850139003336,3817811.7510616384,3817811.7510616384,42.04118222272892,9.090027978718187,transient-slab
Li,1.5941590374560028e+18,47.57850139003336,4046979.142004002,4046979.142004002,44.56473987049303,9.635664623819052,transient-slab
Li,1.689849786812462e+18,47.57850139003336,4289902.500106541,4289902.500106541,47.239776208077295,10.214053571682241,transient-slab
Li,1.7912844546220096e+18,47.57850139003336,4547407.538974204,4547407.538974204,50.075383872414314,10.82716080708144,transient-slab
Li,1.898807824465269e+18,47.57850139003336,4820369.536371945,4820369.536371945,53.08120129368643,11.477070324695108,transient-slab
Li,2.0127853758499466e+18,47.57850139003336,5109716.309355511,5109716.309355511,56.26744545702896,12.165991212751218,transient-slab
Li,2.133604526501402e+18,47.57850139003336,5416431.367986902,5416431.367986902,59.6449466307816,12.896265161873576,transient-slab
Li,2.2616759492228552e+18,47.57850139003336,5741557.258354538,5741557.258354538,63.225185179335455,13.670374424653662,transient-slab
Li,2.3974349678010685e+18,47.57850139003336,6086199.106260587,6086199.106260587,67.02033058569741,14.4909502530014,transient-slab
Li,2.541343036702629e+18,47.57850139003336,6451528.373621568,6451528.373621568,71.04328281642175,15.360781841956115,transient-slab
Li,2.693889309590164e+18,47.57850139003336,6838786.840349888,6838786.840349888,75.30771616950487,16.282825810356876,transient-slab
Li,2.8555923019901005e+18,47.57850139003336,7249290.825251228,7249290.825251228,79.82812575428719,17.260216250598162,transient-slab
Li,3.0270016537634555e+18,47.57850139003336,7684435.660284878,7684435.660284878,84.61987676135082,18.296275381630664,transient-slab
Li,3.208699997370444e+18,47.57850139003336,8145700.433395354,8145700.433395354,89.69925668988469,19.39452484141751,transient-slab
Li,3.401304938279246e+18,47.57850139003336,8634653.0160365,8634653.0160365,95.08353071004143,20.55869765722976,transient-slab
Li,3.6054711542504986e+18,47.57850139003336,9152955.392477,9152955.392477,100.79100034846697,21.792750934469048,transient-slab
Li,3.821892620633115e+18,47.57850139003336,9702369.309001964,9702369.309001964,106.8410656964785,23.10087930714753,transient-slab
Li,4.051304969235378e+18,47.57850139003336,10284762.262212649,10284762.262212649,113.25429135234145,24.487529195744404,transient-slab
Li,4.294487988789272e+18,47.57850139003336,10902113.846778955,10902113.846778955,120.05247632178772,25.957413920902276,transient-slab
Li,4.5522682755073096e+18,47.57850139003336,11556522.484221129,11556522.484221129,127.2587281143712,27.515529724336023,transient-slab
Li,4.825522042741279e+18,47.57850139003336,12250212.555592325,12250212.555592325,134.89754128752062,29.1671727514103,transient-slab
Li,5.115178099293145e+18,47.57850139003336,12985541.962306483,12985541.962306483,142.9948807052655,30.917957053110673,transient-slab
Li,5.422221006501592e+18,47.57850139003336,13765010.140811319,13765010.140811319,151.57826979463798,32.77383366859838,transient-slab
Li,5.747694424835359e+18,47.57850139003336,14591266.558348864,14591266.558348864,160.67688409973974,34.74111085321158,transient-slab
Li,6.092704661368687e+18,47.57850139003336,15467119.718681231,15467119.718681231,170.3216504514717,36.826475520669604,transient-slab
Li,6.458424430196991e+18,47.57850139003336,16395546.708392741,16395546.708392741,180.54535209001043,39.03701597236367,transient-slab
Li,6.846096838574672e+18,47.57850139003336,17379703.316216905,17379703.316216905,191.38274009735076,41.38024599099263,transient-slab
Li,7.257039612324231e+18,47.57850139003336,18422934.759784613,18422934.759784613,202.8706515186812,43.864130380439555,transient-slab
Li,7.692649574879161e+18,47.57850139003336,19528787.0562545,19528787.0562545,215.04813457409523,46.49711203870119,transient-slab
Li,8.154407395185187e+18,47.57850139003336,20701019.075475037,20701019.075475037,227.95658138624202,49.288140655892946,transient-slab
Li,8.643882620598297e+18,47.57850139003336,21943615.31664789,21943615.31664789,241.63986867506637,52.24670313487593,transient-slab
Li,9.162739011886769e+18,47.57850139003336,23260799.451921385,23260799.451921385,256.1445068978708,55.38285583790806,transient-slab
Li,9.712740198471207e+18,47.57850139003336,24657048.682949636,24657048.682949636,271.5197983416359,58.70725876892771,transient-slab
Li,1.0295755673125085e+19,47.57850139003336,26137108.959216096,26137108.959216096,287.8180047049638,62.23121180765737,transient-slab
Li,1.0913767146512693e+19,47.57850139003336,27706011.10985101,27706011.10985101,305.0945247392825,65.96669311869287,transient-slab
Li,1.1568875283162786e+19,47.57850139003336,29369087.943772737,29369087.943772737,323.40808255309037,69.92639986612556,transient-slab
Li,1.2263306841775593e+19,47.57850139003336,31131992.376281668,31131992.376281668,342.82092721934583,74.12379137209922,transient-slab
Li,1.2999422244132422e+19,47.57850139003336,33000716.64371737,33000716.64371737,363.3990443644496,78.57313486599375,transient-slab
Li,1.377972359833554e+19,47.57850139003336,34981612.67149192,34981612.67149192,385.2123804580356,83.28955397974268,transient-slab
Li,1.460686320364986e+19,47.57850139003336,37081413.664731815,37081413.664731815,408.33508056594894,88.28908015412337,transient-slab
Li,1.548365256585496e+19,47.57850139003336,39307256.99491648,39307256.99491648,432.8457403745468,93.58870713075352,transient-slab
Li,1.6413071953751267e+19,47.57850139003336,41666708.4603066,41666708.4603066,458.82767334297233,99.20644871501572,transient-slab
Li,1.7398280529303622e+19,47.57850139003336,44167788.00262541,44167788.00262541,486.3691938914713,105.16140000625099,transient-slab
Li,1.8442627085855328e+19,47.57850139003336,46818996.96740544,46818996.96740544,515.563917588326,111.47380230334629,transient-slab
Li,1.9549661430912594e+19,47.57850139003336,49629347.00066081,49629347.00066081,546.5110793557668,118.16511190633526,transient-slab
Li,2.0723146452190294e+19,47.57850139003336,52608390.680106774,52608390.680106774,579.3158707764621,125.25807304787328,transient-slab
Li,2.1967070907932353e+19,47.57850139003336,55766253.98504427,55766253.98504427,614.0897976471176,132.77679520248634,transient-slab
Li,2.3285662984981967e+19,47.57850139003336,59113670.71527674,59113670.71527674,650.9510589945326,140.7468350363732,transient-slab
Li,2.468340467068651e+19,47.57850139003336,62662018.97605178,62662018.97605178,690.0249488424183,149.19528327631377,transient-slab
Li,2.6165046987488236e+19,47.57850139003336,66423359.85304226,66423359.85304226,731.4442820946101,158.15085679295777,transient-slab
Li,2.773562614198418e+19,47.57850139003336,70410478.40882613,70410478.40882613,775.3498459822799,167.6439962114908,transient-slab
Li,2.9400480643347137e+19,47.57850139003336,74636927.14021456,74636927.14021456,821.8908786096515,177.70696938146324,transient-slab
Li,3.1165269449294365e+19,47.57850139003336,79117072.0441434,79117072.0441434,871.2255762248304,188.3739810574843,transient-slab
Li,3.303599120128346e+19,47.57850139003336,83866141.44870837,83866141.44870837,923.5216309399912,199.68128916359134,transient-slab
Li,3.50190046143172e+19,47.57850139003336,88900277.77532515,88900277.77532515,978.9568007286805,211.66732803648844,transient-slab
Li,3.712105009066372e+19,47.57850139003336,94236592.40795666,94236592.40795666,1037.7195136376895,224.37283906656347,transient-slab
Li,3.934927263095861e+19,47.57850139003336,99893223.85591248,99893223.85591248,1100.009508267257,237.84100918074398,transient-slab
Li,4.171124612056533e+19,47.57850139003336,105889399.40791956,105889399.40791956,1166.0385126966407,252.11761763790372,transient-slab
Li,4.421499907374468e+19,47.57850139003336,112245500.48702998,112245500.48702998,1236.0309641627612,267.2511916357857,transient-slab
Li,4.6869041923142115e+19,47.57850139003336,118983131.92851828,118983131.92851828,1310.2247719382308,283.29317125837684,transient-slab
Li,4.9682395947343675e+19,47.57850139003336,126125195.41622783,126125195.41622783,1388.872126001616,300.29808432435203,transient-slab
Li,5.266462393484259e+19,47.57850139003336,133695967.32702084,133695967.32702084,1472.2403542490824,318.32373173100206,transient-slab
Li,5.582586268862678e+19,47.57850139003336,141721181.2478825,141721181.2478825,1560.6128311606287,337.4313839235298,transient-slab
Li,5.917685748188806e+19,47.57850139003336,150228115.44620064,150228115.44620064,1654.2899410099571,357.68598915762055,transient-slab
Li,6.272899858196231e+19,47.57850139003336,159245685.5905172,159245685.5905172,1753.5900988917676,379.1563942631362,transient-slab
Li,6.649435996665032e+19,47.57850139003336,168804543.0369219,168804543.0369219,1858.8508330370908,401.9155786593378,transient-slab
Li,7.048574036451889e+19,47.57850139003336,178937179.01517105,178937179.01517105,1970.4299320955224,426.04090241707394,transient-slab
Li,7.471670675868067e+19,47.57850139003336,189678035.06866577,189678035.06866577,2088.706661284044,451.61436921110896,transient-slab
Li,7.920164050192541e+19,47.57850139003336,201063620.12368405,201063620.12368405,2214.0830515362086,478.72290505639063,transient-slab
Li,8.395578619995103e+19,47.57850139003336,213132634.58579272,213132634.58579272,2346.9852660336014,507.4586537756969,transient-slab
Li,8.899530352885224e+19,47.57850139003336,225926101.88525203,225926101.88525203,2487.865048764515,537.919290202981,transient-slab
Li,9.433732216299774e+19,47.57850139003336,239487507.9185445,239487507.9185445,2637.201260033581,570.2083521870106,transient-slab
Li,1e+20,47.57850139003336,253862948.8600001,253862948.8600001,2795.501504141677,604.4355925238098,transient-slab
Li,1e+18,49.99386441967516,2734376.0698321504,2734376.0698321504,30.1105476416736,6.510419213886072,transient-slab
Li,1.0600258488068824e+18,49.99386441967516,2898509.3143810523,2898509.3143810523,31.91795882190513,6.901212653288219,transient-slab
Li,1.1236548001387516e+18,49.99386441967516,3072494.79625143,3072494.79625143,33.833861392373116,7.315463800598644,transient-slab
Li,1.191103133283008e+18,49.99386441967516,3256923.904351151,3256923.904351151,35.86476764086471,7.754580724645598,transient-slab
Li,1.2626001098748577e+18,49.99386441967516,3452423.5262092543,3452423.5262092543,38.01758076076922,8.220056014783939,transient-slab
Li,1.3383887531737592e+18,49.99386441967516,3659658.178810816,3659658.178810816,40.29961831551861,8.713471854311466,transient-slab
Li,1.418726674116599e+18,49.99386441967516,3879332.2673369837,3879332.2673369837,42.718637111500996,9.236505398421391,transient-slab
Li,1.5038869469554132e+18,49.99386441967516,4112192.4794878135,4112192.4794878135,45.28285956399203,9.790934474970983,transient-slab
Li,1.5941590374560028e+18,49.99386441967516,4359030.323526348,4359030.323526348,48.0010016457235,10.378643627443687,transient-slab
Li,1.689849786812462e+18,49.99386441967516,4620684.8186709555,4620684.8186709555,50.882302513088604,11.001630520645133,transient-slab
Li,1.7912844546220096e+18,49.99386441967516,4898045.346980756,4898045.346980756,53.93655591068532,11.662012730906563,transient-slab
Li,1.898807824465269e+18,49.99386441967516,5192054.6764278775,5192054.6764278775,57.17414346094409,12.3620349438759,transient-slab
Li,2.0127853758499466e+18,49.99386441967516,5503712.165432204,5503712.165432204,60.60606995199371,13.104076584362389,transient-slab
Li,2.133604526501402e+18,49.99386441967516,5834077.15975099,5834077.15975099,64.24400074371091,13.890659904169024,transient-slab
Li,2.2616759492228552e+18,49.99386441967516,6184272.593269887,6184272.593269887,68.10030141910214,14.724458555404492,transient-slab
Li,2.3974349678010685e+18,49.99386441967516,6555488.804934055,6555488.804934055,72.1880798157883,15.608306678414415,transient-slab
Li,2.541343036702629e+18,49.99386441967516,6948987.584794236,6948987.584794236,76.52123058046998,16.545208535224376,transient-slab
Li,2.693889309590164e+18,49.99386441967516,7366106.462919997,7366106.462919997,81.11448239780984,17.538348721238087,transient-slab
Li,2.8555923019901005e+18,49.99386441967516,7808263.255758633,7808263.255758633,85.9834480542693,18.591102989901508,transient-slab
Li,3.0270016537634555e+18,49.99386441967516,8276960.885393136,8276960.885393136,91.1446775070693,19.707049727126517,transient-slab
Li,3.208699997370444e+18,49.99386441967516,8773792.488080224,8773792.488080224,96.61571413866069,20.889982114476723,transient-slab
Li,3.401304938279246e+18,49.99386441967516,9300446.829432689,9300446.829432689,102.41515438791691,22.143921022458784,transient-slab
Li,3.6054711542504986e+18,49.99386441967516,9858714.044652663,9858714.044652663,108.56271096073954,23.473128677744437,transient-slab
Li,3.821892620633115e+18,49.99386441967516,10450491.723327272,10450491.723327272,115.07927983493416,24.88212315077922,transient-slab
Li,4.051304969235378e+18,49.99386441967516,11077791.35946929,11077791.35946929,121.98701128711083,26.375693713022123,transient-slab
Li,4.294487988789272e+18,49.99386441967516,11742745.188726984,11742745.188726984,129.3093851830344,27.95891711601663,transient-slab
Li,4.5522682755073096e+18,49.99386441967516,12447613.436003257,12447613.436003257,137.07129078734218,29.637174847626802,transient-slab
Li,4.825522042741279e+18,49.99386441967516,13194791.998119304,13194791.998119304,145.29911136390737,31.41617142409358,transient-slab
Li,5.115178099293145e+18,49.99386441967516,13986820.587636678,13986820.587636678,154.02081385441167,33.30195378008733,transient-slab
Li,5.422221006501592e+18,49.99386441967516,14826391.36551915,14826391.36551915,163.26604393994958,35.30093182266464,transient-slab
Li,5.747694424835359e+18,49.99386441967516,15716358.091977468,15716358.091977468,173.0662268087868,37.41990021899397,transient-slab
Li,6.092704661368687e+18,49.99386441967516,16659745.82660133,16659745.82660133,183.45467397278867,39.66606149190793,transient-slab
Li,6.458424430196991e+18,49.99386441967516,17659761.21074999,17659761.21074999,194.46669649559516,42.04705050178569,transient-slab
Li,6.846096838574672e+18,49.99386441967516,18719803.367152117,18719803.367152117,206.13972501741367,44.57096039798123,transient-slab
Li,7.257039612324231e+18,49.99386441967516,19843475.453763362,19843475.453763362,218.5134369844013,47.246370128008,transient-slab
Li,7.692649574879161e+18,49.99386441967516,21034596.911154043,21034596.911154043,231.6298915150992,50.08237359798582,transient-slab
Li,8.154407395185187e+18,49.99386441967516,22297216.445056695,22297216.445056695,245.53367236233913,53.08861058346832,transient-slab
Li,8.643882620598297e+18,49.99386441967516,23635625.788202,23635625.788202,260.2720394565595,56.27529949571905,transient-slab
Li,9.162739011886769e+18,49.99386441967516,25054374.28822066,25054374.28822066,275.8950895456378,59.653272114811095,transient-slab
Li,9.712740198471207e+18,49.99386441967516,26558284.371196438,26558284.371196438,292.4559264772656,63.23401040761057,transient-slab
Li,1.0295755673125085e+19,49.99386441967516,28152467.933431834,28152467.933431834,310.01084170266415,67.02968555579008,transient-slab
Li,1.0913767146512693e+19,49.99386441967516,29842343.71714462,29842343.71714462,328.6195056152026,71.05319932653481,transient-slab
Li,1.1568875283162786e+19,49.99386441967516,31633655.72915296,31633655.72915296,348.3451703742532,75.31822792655467,transient-slab
Li,1.2263306841775593e+19,49.99386441967516,33532492.765160065,33532492.765160065,369.25488490374585,79.83926848847635,transient-slab
Li,1.2999422244132422e+19,49.99386441967516,35545309.10599944,35545309.10599944,391.41972279618085,84.63168834761773,transient-slab
Li,1.377972359833554e+19,49.99386441967516,37678946.45619006,37678946.45619006,414.9150238967762,89.71177727664299,transient-slab
Li,1.460686320364986e+19,49.99386441967516,39940657.19937195,39940657.19937195,439.8206503889081,95.0968028556475,transient-slab
Li,1.548365256585496e+19,49.99386441967516,42338129.04966897,42338129.04966897,466.2212582512974,100.80506916587849,transient-slab
Li,1.6413071953751267e+19,49.99386441967516,44879511.18277068,44879511.18277068,494.20658500964436,106.85597900659685,transient-slab
Li,1.7398280529303622e+19,49.99386441967516,47573441.93555445,47573441.93555445,523.8717547607989,113.27009984655822,transient-slab
Li,1.8442627085855328e+19,49.99386441967516,50429078.16840105,50429078.16840105,555.3176015062668,120.0692337342882,transient-slab
Li,1.9549661430912594e+19,49.99386441967516,53456126.390007935,53456126.390007935,588.6510118940824,127.27649140478081,transient-slab
Li,2.0723146452190294e+19,49.99386441967516,56664875.75049616,56664875.75049616,623.985288534055,134.91637083451465,transient-slab
Li,2.1967070907932353e+19,49.99386441967516,60066233.014956236,60066233.014956236,661.4405351213194,143.01484051180054,transient-slab
Li,2.3285662984981967e+19,49.99386441967516,63671759.63631096,63671759.63631096,701.144064677255,151.59942770550228,transient-slab
Li,2.468340467068651e+19,49.99386441967516,67493711.05350831,67493711.05350831,743.2308322954148,160.69931203216265,transient-slab
Li,2.6165046987488236e+19,49.99386441967516,71545078.34862162,71545078.34862162,787.8438938633929,170.3454246395753,transient-slab
Li,2.773562614198418e+19,49.99386441967516,75839632.40445255,75839632.40445255,835.1348923198624,180.57055334393465,transient-slab
Li,2.9400480643347137e+19,49.99386441967516,80391970.71273173,80391970.71273173,885.2645730996063,191.4094540779327,transient-slab
Li,3.1165269449294365e+19,49.99386441967516,85217566.99202152,85217566.99202152,938.403330518573,202.89896902862264,transient-slab
Li,3.303599120128346e+19,49.99386441967516,90332823.78397496,90332823.78397496,994.7317869561556,215.07815186660707,transient-slab
Li,3.50190046143172e+19,49.99386441967516,95755128.20673059,95755128.20673059,1054.4414068033857,227.98840049221567,transient-slab
Li,3.712105009066372e+19,49.99386441967516,101502911.05495144,101502911.05495144,1117.735147263882,241.67359774988438,transient-slab
Li,3.934927263095861e+19,49.99386441967516,107595709.4473944,107595709.4473944,1184.8281482196826,256.1802605890343,transient-slab
Li,4.171124612056533e+19,49.99386441967516,114054233.23495294,114054233.23495294,1255.9484635068554,271.5576981784594,transient-slab
Li,4.421499907374468e+19,49.99386441967516,120900435.39489813,120900435.39489813,1331.3378360865433,287.85817951166223,transient-slab
Li,4.6869041923142115e+19,49.99386441967516,128157586.6505996,128157586.6505996,1411.2525197463679,305.1371110728562,transient-slab
Li,4.9682395947343675e+19,49.99386441967516,135850354.57034233,135850354.57034233,1495.964150124983,323.4532251674818,transient-slab
Li,5.266462393484259e+19,49.99386441967516,144004887.41414306,144004887.41414306,1585.7606680209014,342.86877955748344,transient-slab
Li,5.582586268862678e+19,49.99386441967516,152648903.01351655,152648903.01351655,1680.9472981234253,363.4497690798013,transient-slab
Li,5.917685748188806e+19,49.99386441967516,161811782.98634234,161811782.98634234,1781.8475864929194,385.2661499674818,transient-slab
Li,6.272899858196231e+19,49.99386441967516,171524672.6070526,171524672.6070526,1888.8045003166515,408.39207763583954,transient-slab
Li,6.649435996665032e+19,49.99386441967516,181820586.67161354,181820586.67161354,2002.181593678418,432.906158741937,transient-slab
Li,7.048574036451889e+19,49.99386441967516,192734521.71714252,192734521.71714252,2122.364243304482,458.89171837414887,transient-slab
Li,7.471670675868067e+19,49.99386441967516,204303574.97760248,204303574.97760248,2249.7609584862103,486.43708328000594,transient-slab
Li,7.920164050192541e+19,49.99386441967516,216567070.47991365,216567070.47991365,2384.804769631931,515.6358820950326,transient-slab
Li,8.395578619995103e+19,49.99386441967516,229566692.70909035,229566692.70909035,2527.9547001677884,546.5873635930723,transient-slab
Li,8.899530352885224e+19,49.99386441967516,243346628.29674226,243346628.29674226,2679.697326790708,579.3967340398625,transient-slab
Li,9.433732216299774e+19,49.99386441967516,257953716.21454716,257953716.21454716,2840.5484333768545,614.1755147965408,transient-slab
Li,1e+20,49.99386441967516,273437606.983215,273437606.983215,3011.0547641673597,651.0419213886071,transient-slab
Li,1e+18,52.531845404790914,2945216.1195031325,2945216.1195031325,32.43228729937206,7.012419332150316,transient-slab
Li,1.0600258488068824e+18,52.531845404790914,3122005.2169960197,3122005.2169960197,34.37906287326553,7.433345754752428,transient-slab
Li,1.1236548001387516e+18,52.531845404790914,3309406.2301257215,3309406.2301257215,36.442695303418475,7.87953864315648,transient-slab
Li,1.191103133283008e+18,52.531845404790914,3508056.1481358027,3508056.1481358027,38.63019902181676,8.352514638418578,transient-slab
Li,1.2626001098748577e+18,52.531845404790914,3718630.196089857,3718630.196089857,40.94900950768011,8.853881419261564,transient-slab
Li,1.3383887531737592e+18,52.531845404790914,3941844.1300090547,3941844.1300090547,43.40700856117971,9.385343166688227,transient-slab
Li,1.418726674116599e+18,52.531845404790914,4178456.6697772746,4178456.6697772746,46.01255109423213,9.948706356612558,transient-slab
Li,1.5038869469554132e+18,52.531845404790914,4429272.078083434,4429272.078083434,48.77449352943345,10.545885900198654,transient-slab
Li,1.5941590374560028e+18,52.531845404790914,4695142.894167017,4695142.894167017,51.7022239036635,11.178911652778613,transient-slab
Li,1.689849786812462e+18,52.531845404790914,4976972.831658995,4976972.831658995,54.80569377868438,11.849935313473798,transient-slab
Li,1.7912844546220096e+18,52.531845404790914,5275719.850368119,5275719.850368119,58.095452067199986,12.561237738971712,transient-slab
Li,1.898807824465269e+18,52.531845404790914,5592399.412453785,5592399.412453785,61.58268088935322,13.315236696318536,transient-slab
Li,2.0127853758499466e+18,52.531845404790914,5928087.934053433,5928087.934053433,65.27923358154003,14.114495081079603,transient-slab
Li,2.133604526501402e+18,52.531845404790914,6283926.444096777,6283926.444096777,69.19767498673414,14.96172962880185,transient-slab
Li,2.2616759492228552e+18,52.531845404790914,6661124.4627437005,6661124.4627437005,73.35132416327563,15.859820149389762,transient-slab
Li,2.3974349678010685e+18,52.531845404790914,7060964.1126281805,7060964.1126281805,77.75429965728505,16.81181931578138,transient-slab
Li,2.541343036702629e+18,52.531845404790914,7484804.476883622,7484804.476883622,82.42156749259826,17.8209630401991,transient-slab
Li,2.693889309590164e+18,52.531845404790914,7934086.218762115,7934086.218762115,87.36899204133522,18.89068147324313,transient-slab
Li,2.8555923019901005e+18,52.531845404790914,8410336.4785503,8410336.4785503,92.61338994801814,20.024610663215,transient-slab
Li,3.0270016537634555e+18,52.531845404790914,8915174.064426769,8915174.064426769,98.17258729053071,21.22660491530183,transient-slab
Li,3.208699997370444e+18,52.531845404790914,9450314.954905089,9450314.954905089,104.06548017221259,22.500749892631166,transient-slab
Li,3.401304938279246e+18,52.531845404790914,10017578.13156564,10017578.13156564,110.31209895104541,23.851376503727714,transient-slab
Li,3.6054711542504986e+18,52.531845404790914,10618891.761902131,10618891.761902131,116.93367632425071,25.283075623576504,transient-slab
Li,3.821892620633115e+18,52.531845404790914,11256299.75329872,11256299.75329872,123.95271949972316,26.800713698330288,transient-slab
Li,4.051304969235378e+18,52.531845404790914,11931968.70041518,11931968.70041518,131.39308669961548,28.40944928670281,transient-slab
Li,4.294487988789272e+18,52.531845404790914,12648195.249594752,12648195.249594752,139.28006825611615,30.11475059427322,transient-slab
Li,4.5522682755073096e+18,52.531845404790914,13407413.905326854,13407413.905326854,147.64047257507002,31.92241406030203,transient-slab
Li,4.825522042741279e+18,52.531845404790914,14212205.305299297,14212205.305299297,156.50271725963788,33.83858406023642,transient-slab
Li,5.115178099293145e+18,52.531845404790914,15065304.992167564,15065304.992167564,165.89692570373114,35.86977379087515,transient-slab
Li,5.422221006501592e+18,52.531845404790914,15969612.71185699,15969612.71185699,175.85502948354994,38.022887409183305,transient-slab
Li,5.747694424835359e+18,52.531845404790914,16928202.270003382,16928202.270003382,186.41087689525935,40.305243500008054,transient-slab
Li,6.092704661368687e+18,52.531845404790914,17944331.980034925,17944331.980034925,197.60034800773255,42.724599952464104,transient-slab
Li,6.458424430196991e+18,52.531845404790914,19021455.73840901,19021455.73840901,209.46147662143204,45.28918032954526,transient-slab
Li,6.846096838574672e+18,52.531845404790914,20163234.764649555,20163234.764649555,222.03457954797648,48.00770182059418,transient-slab
Li,7.257039612324231e+18,52.531845404790914,21373550.04609009,21373550.04609009,235.36239364982305,50.889404871643066,transient-slab
Li,7.692649574879161e+18,52.531845404790914,22656515.529623024,22656515.529623024,249.49022110587325,53.94408459434054,transient-slab
Li,8.154407395185187e+18,52.531845404790914,24016492.105294958,24016492.105294958,264.46608339677005,57.182124060226094,transient-slab
Li,8.643882620598297e+18,52.531845404790914,25458102.429279078,25458102.429279078,280.3408845332929,60.61452959352162,transient-slab
Li,9.162739011886769e+18,52.531845404790914,26986246.636609115,26986246.636609115,297.1685840826761,64.25296818240265,transient-slab
Li,9.712740198471207e+18,52.531845404790914,28606118.997083448,28606118.997083448,315.0063805809781,68.10980713591297,transient-slab
Li,1.0295755673125085e+19,52.531845404790914,30323225.570953824,30323225.570953824,333.91490595493246,72.19815612131863,transient-slab
Li,1.0913767146512693e+19,52.531845404790914,32143402.924412884,32143402.924412884,353.95843161414757,76.53191172479258,transient-slab
Li,1.1568875283162786e+19,52.531845404790914,34072837.9684924,34072837.9684924,375.20508691413977,81.12580468688667,transient-slab
Li,1.2263306841775593e+19,52.531845404790914,36118088.98881053,36118088.98881053,397.72709073282107,85.99544997335842,transient-slab
Li,1.2999422244132422e+19,52.531845404790914,38286107.93764639,38286107.93764639,421.6009969475505,91.15739985153903,transient-slab
Li,1.377972359833554e+19,52.531845404790914,40584264.06411553,40584264.06411553,446.90795464715507,96.62920015265603,transient-slab
Li,1.460686320364986e+19,52.531845404790914,43020368.96276672,43020368.96276672,473.7339839633982,102.42944991134935,transient-slab
Li,1.548365256585496e+19,52.531845404790914,45602703.12574206,45602703.12574206,502.1702684594673,108.57786458510016,transient-slab
Li,1.6413071953751267e+19,52.531845404790914,48340044.08875299,48340044.08875299,532.3134650693268,115.09534306845951,transient-slab
Li,1.7398280529303622e+19,52.531845404790914,51241696.26654251,51241696.26654251,564.2660326414458,122.00403872986311,transient-slab
Li,1.8442627085855328e+19,52.531845404790914,54317522.579246186,54317522.579246186,598.1365802036407,129.3274347124909,transient-slab
Li,1.9549661430912594e+19,52.531845404790914,57577977.97715244,57577977.97715244,634.0402361328102,137.09042375512485,transient-slab
Li,2.0723146452190294e+19,52.531845404790914,61034144.977815,61034144.977815,672.0990394843984,145.31939280432144,transient-slab
Li,2.1967070907932353e+19,52.531845404790914,64697771.33631068,64697771.33631068,712.4423548117397,154.04231270550162,transient-slab
Li,2.3285662984981967e+19,52.531845404790914,68581309.97668631,68581309.97668631,755.2073118852886,163.28883327782455,transient-slab
Li,2.468340467068651e+19,52.531845404790914,72697961.32032482,72697961.32032482,800.5392718063671,173.0903840960115,transient-slab
Li,2.6165046987488236e+19,52.531845404790914,77061718.15510722,77061718.15510722,848.5923210997877,183.48028132168386,transient-slab
Li,2.773562614198418e+19,52.531845404790914,81687413.19788428,81687413.19788428,899.529795464805,194.49384094734353,transient-slab
Li,2.9400480643347137e+19,52.531845404790914,86590769.51192582,86590769.51192582,953.5248349646613,206.1684988379186,transient-slab
Li,3.1165269449294365e+19,52.531845404790914,91788453.95072027,91788453.95072027,1010.7609725418574,218.54393797790541,transient-slab
Li,3.303599120128346e+19,52.531845404790914,97298133.80978368,97298133.80978368,1071.4327578595523,231.6622233566278,transient-slab
Li,3.50190046143172e+19,52.531845404790914,103138536.87904157,103138536.87904157,1135.7464185895708,245.56794495009896,transient-slab
Li,3.712105009066372e+19,52.531845404790914,109329515.099906,109329515.099906,1203.9205613947868,260.30836928549047,transient-slab
Li,3.934927263095861e+19,52.531845404790914,115892112.04342273,115892112.04342273,1276.1869149885672,275.93360010338745,transient-slab
Li,4.171124612056533e+19,52.531845404790914,122848634.43885152,122848634.43885152,1352.7911177969931,292.4967486639322,transient-slab
Li,4.421499907374468e+19,52.531845404790914,130222727.99580888,130222727.99580888,1433.9935529011566,310.05411427573546,transient-slab
Li,4.6869041923142115e+19,52.531845404790914,138039457.77770624,138039457.77770624,1520.0702330976583,328.6653756612053,transient-slab
Li,4.9682395947343675e+19,52.531845404790914,146325393.39965367,146325393.39965367,1611.3137390854079,348.39379380869923,transient-slab
Li,5.266462393484259e+19,52.531845404790914,155108699.3404689,155108699.3404689,1708.0342139682014,369.3064270011165,transient-slab
Li,5.582586268862678e+19,52.531845404790914,164419230.67571202,164419230.67571202,1810.5604174528382,391.47435875169526,transient-slab
Li,5.917685748188806e+19,52.531845404790914,174288634.55719626,174288634.55719626,1919.2408433265882,414.9729394218959,transient-slab
Li,6.272899858196231e+19,52.531845404790914,184750457.7838845,184750457.7838845,2034.4449040121035,439.88204234258217,transient-slab
Li,6.649435996665032e+19,52.531845404790914,195840260.82982227,195840260.82982227,2156.5641862262664,466.28633530910065,transient-slab
Li,7.048574036451889e+19,52.531845404790914,207595738.71669358,207595738.71669358,2286.0137820110217,494.27556837308,transient-slab
Li,7.471670675868067e+19,52.531845404790914,220056849.14185497,220056849.14185497,2423.233699660466,523.9448789091786,transient-slab
Li,7.920164050192541e+19,52.531845404790914,233265948.2973629,233265948.2973629,2568.690359340027,555.3951149937212,transient-slab
Li,8.395578619995103e+19,52.531845404790914,247267934.8416544,247267934.8416544,2722.8781784814673,588.7331781944152,transient-slab
Li,8.899530352885224e+19,52.531845404790914,262110402.5132496,262110402.5132496,2886.3212523425555,624.0723869363086,transient-slab
Li,9.433732216299774e+19,52.531845404790914,277843801.90522105,277843801.90522105,3059.575135443761,661.5328616790978,transient-slab
Li,1e+20,52.531845404790914,294521611.9503132,294521611.9503132,3243.228729937205,701.2419332150314,transient-slab
Li,1e+18,55.198669150024934,3172313.452521387,3172313.452521387,34.933049773336705,7.5531272679080645,transient-slab
Li,1.0600258488068824e+18,55.198669150024934,3362734.260190475,3362734.260190475,37.02993573739431,8.006510143310654,transient-slab
Li,1.1236548001387516e+18,55.198669150024934,3564585.238470392,3564585.238470392,39.25268906129571,8.487107710643789,transient-slab
Li,1.191103133283008e+18,55.198669150024934,3778552.4930540607,3778552.4930540607,41.608865040152615,8.996553554890621,transient-slab
Li,1.2626001098748577e+18,55.198669150024934,4005363.3137109927,4005363.3137109927,44.1064724820788,9.536579318359507,transient-slab
Li,1.3383887531737592e+18,55.198669150024934,4245788.646396443,4245788.646396443,46.75400093069298,10.109020586658199,transient-slab
Li,1.418726674116599e+18,55.198669150024934,4500645.713751013,4500645.713751013,49.560449521675594,10.715823127978604,transient-slab
Li,1.5038869469554132e+18,55.198669150024934,4770800.792897975,4770800.792897975,52.53535757146482,11.359049506899941,transient-slab
Li,1.5941590374560028e+18,55.198669150024934,5057172.1599802235,5057172.1599802235,55.68883700206507,12.04088609519101,transient-slab
Li,1.689849786812462e+18,55.198669150024934,5360733.211445571,5360733.211445571,59.031606712182146,12.763650503441836,transient-slab
Li,1.7912844546220096e+18,55.198669150024934,5682515.772689836,5682515.772689836,62.575029011514935,13.529799458785323,transient-slab
Li,1.898807824465269e+18,55.198669150024934,6023613.605304041,6023613.605304041,66.33114824204641,14.341937155485812,transient-slab
Li,2.0127853758499466e+18,55.198669150024934,6385186.124847102,6385186.124847102,70.3127317176104,15.202824106778815,transient-slab
Li,2.133604526501402e+18,55.198669150024934,6768462.341780921,6768462.341780921,74.53331312088996,16.11538652804981,transient-slab
Li,2.2616759492228552e+18,55.198669150024934,7174745.038963742,7174745.038963742,79.00723850536053,17.082726283247005,transient-slab
Li,2.3974349678010685e+18,55.198669150024934,7605415.199900508,7605415.199900508,83.7497150585326,18.108131428334545,transient-slab
Li,2.541343036702629e+18,55.198669150024934,8061936.7028033035,8061936.7028033035,88.77686279225559,19.195087387626913,transient-slab
Li,2.693889309590164e+18,55.198669150024934,8545861.29641643,8545861.29641643,94.10576933577286,20.3472888009915,transient-slab
Li,2.8555923019901005e+18,55.198669150024934,9058833.874519711,9058833.874519711,99.75454801777731,21.56865208218979,transient-slab
Li,3.0270016537634555e+18,55.198669150024934,9602598.067038296,9602598.067038296,105.7423994348913,22.86332873104356,transient-slab
Li,3.208699997370444e+18,55.198669150024934,10179002.166763598,10179002.166763598,112.08967671584705,24.235719444675233,transient-slab
Li,3.401304938279246e+18,55.198669150024934,10790005.411830679,10790005.411830679,118.81795470320482,25.69048907578733,transient-slab
Li,3.6054711542504986e+18,55.198669150024934,11437684.64530667,11437684.64530667,125.95010328776239,27.232582488825404,transient-slab
Li,3.821892620633115e+18,55.198669150024934,12124241.37452665,12124241.37452665,133.51036514492486,28.867241367920595,transient-slab
Li,4.051304969235378e+18,55.198669150024934,12852009.254172133,12852009.254172133,141.52443813726578,30.600022033743173,transient-slab
Li,4.294487988789272e+18,55.198669150024934,13623462.018527724,13623462.018527724,150.01956266337228,32.43681432982792,transient-slab
Li,4.5522682755073096e+18,55.198669150024934,14441221.889878172,14441221.889878172,159.02461424987845,34.383861642567076,transient-slab
Li,4.825522042741279e+18,55.198669150024934,15308068.491626643,15308068.491626643,168.57020170141448,36.44778212292058,transient-slab
Li,5.115178099293145e+18,55.198669150024934,16226948.296430424,16226948.296430424,178.68877114208925,38.635591181977205,transient-slab
Li,5.422221006501592e+18,55.198669150024934,17200984.641469058,17200984.641469058,189.414716302152,40.95472533683109,transient-slab
Li,5.747694424835359e+18,55.198669150024934,18233488.344887387,18233488.344887387,200.78449542470347,43.413067487827114,transient-slab
Li,6.092704661368687e+18,55.198669150024934,19327968.959499646,19327968.959499646,212.83675518983284,46.0189737130944,transient-slab
Li,6.458424430196991e+18,55.198669150024934,20488146.70200669,20488146.70200669,225.6124620774052,48.7813016714445,transient-slab
Li,6.846096838574672e+18,55.198669150024934,21717965.098274566,21717965.098274566,239.155041615012,51.70944071017754,transient-slab
Li,7.257039612324231e+18,55.198669150024934,23021604.38765675,23021604.38765675,253.5105259843984,54.81334378013511,transient-slab
Li,7.692649574879161e+18,55.198669150024934,24403495.731922094,24403495.731922094,268.7277104880912,58.10356126648117,transient-slab
Li,8.154407395185187e+18,55.198669150024934,25868336.277085852,25868336.277085852,284.85831940806906,61.59127685020441,transient-slab
Li,8.643882620598297e+18,55.198669150024934,27421105.119339794,27421105.119339794,301.95718182024035,65.2883455222376,transient-slab
Li,9.162739011886769e+18,55.198669150024934,29067080.229350917,29067080.229350917,320.08241796233443,69.20733387940695,transient-slab
Li,9.712740198471207e+18,55.198669150024934,30811856.39245546,30811856.39245546,339.2956367886829,73.36156283917967,transient-slab
Li,1.0295755673125085e+19,55.198669150024934,32661364.2257281,32661364.2257281,359.6621453833923,77.76515291840023,transient-slab
Li,1.0913767146512693e+19,55.198669150024934,34621890.33656818,34621890.33656818,381.25117094373485,82.43307222992424,transient-slab
Li,1.1568875283162786e+19,55.198669150024934,36700098.69131948,36700098.69131948,404.1360960882503,87.38118736028449,transient-slab
Li,1.2263306841775593e+19,55.198669150024934,38903053.266562276,38903053.266562276,428.39470828944724,92.62631730133876,transient-slab
Li,1.2999422244132422e+19,55.198669150024934,41238242.06006704,41238242.06006704,454.10946427889814,98.18629061920726,transient-slab
Li,1.377972359833554e+19,55.198669150024934,43713602.54302624,43713602.54302624,481.3677703234776,104.08000605482438,transient-slab
Li,1.460686320364986e+19,55.198669150024934,46337548.64007809,46337548.64007809,510.2622793254209,110.32749676209069,transient-slab
Li,1.548365256585496e+19,55.198669150024934,49118999.32882898,49118999.32882898,540.8912057560639,116.94999840197376,transient-slab
Li,1.6413071953751267e+19,55.198669150024934,52067408.95608663,52067408.95608663,573.3586594937497,123.97002132401579,transient-slab
Li,1.7398280529303622e+19,55.198669150024934,55192799.3738508,55192799.3738508,607.7749997006382,131.41142708059712,transient-slab
Li,1.8442627085855328e+19,55.198669150024934,58505794.004294164,58505794.004294164,644.2572099412718,139.29950953403375,transient-slab
Li,1.9549661430912594e+19,55.198669150024934,62017653.949522525,62017653.949522525,682.9292958179503,147.6610808321965,transient-slab
Li,2.0723146452190294e+19,55.198669150024934,65740316.26885413,65740316.26885413,723.9227064745095,156.52456254489076,transient-slab
Li,2.1967070907932353e+19,55.198669150024934,69686434.553725,69686434.553725,767.3767814012176,165.92008227077383,transient-slab
Li,2.3285662984981967e+19,55.198669150024934,73869421.9381376,73869421.9381376,813.439224059519,175.87957604318478,transient-slab
Li,2.468340467068651e+19,55.198669150024934,78303496.69084804,78303496.69084804,862.2666039365032,186.43689688297152,transient-slab
Li,2.6165046987488236e+19,55.198669150024934,83003730.54426311,83003730.54426311,914.0248887356199,197.62792986729312,transient-slab
Li,2.773562614198418e+19,55.198669150024934,87986099.92432027,87986099.92432027,968.8900085125919,209.49071410552443,transient-slab
Li,2.9400480643347137e+19,55.198669150024934,93267540.25548477,93267540.25548477,1027.0484536740678,222.0655720368685,transient-slab
Li,3.1165269449294365e+19,55.198669150024934,98866003.52545029,98866003.52545029,1088.6979088716494,235.39524648916736,transient-slab
Li,3.303599120128346e+19,55.198669150024934,104800519.30520971,104800519.30520971,1154.0479249459486,249.52504596478502,transient-slab
Li,3.50190046143172e+19,55.198669150024934,111091259.43190697,111091259.43190697,1223.3206312046502,264.5029986473976,transient-slab
Li,3.712105009066372e+19,55.198669150024934,117759606.57433277,117759606.57433277,1296.7514904556806,280.3800156531733,transient-slab
Li,3.934927263095861e+19,55.198669150024934,124828226.91412161,124828226.91412161,1374.5900993618725,297.2100640812419,transient-slab
Li,4.171124612056533e+19,55.198669150024934,132321147.18969993,132321147.18969993,1457.1010368376062,315.0503504516665,transient-slab
Li,4.421499907374468e+19,55.198669150024934,140263836.36486092,140263836.36486092,1544.5647633711592,333.9615151544308,transient-slab
Li,4.6869041923142115e+19,55.198669150024934,148683292.1995726,148683292.1995726,1637.278574329728,354.00783857041097,transient-slab
Li,4.9682395947343675e+19,55.198669150024934,157608133.0172524,157608133.0172524,1735.5576104871784,375.25745956488663,transient-slab
Li,5.266462393484259e+19,55.198669150024934,167068694.98048097,167068694.98048097,1839.7359292099154,397.78260709638323,transient-slab
Li,5.582586268862678e+19,55.198669150024934,177097135.20574245,177097135.20574245,1950.1676399412588,421.6598457279582,transient-slab
Li,5.917685748188806e+19,55.198669150024934,187727541.0677344,187727541.0677344,2067.228107844448,446.9703358755581,transient-slab
Li,6.272899858196231e+19,55.198669150024934,198996046.06475404,198996046.06475404,2191.3152296952567,473.8001096779858,transient-slab
Li,6.649435996665032e+19,55.198669150024934,210940952.63900435,210940952.63900435,2322.8507863611626,502.2403634262009,transient-slab
Li,7.048574036451889e+19,55.198669150024934,223602862.36929303,223602862.36929303,2462.2818764642266,532.3877675459357,transient-slab
Li,7.471670675868067e+19,55.198669150024934,237024813.97865835,237024813.97865835,2610.0824361007944,564.3447951872818,transient-slab
Li,7.920164050192541e+19,55.198669150024934,251252429.62602076,251252429.62602076,2766.754849783681,598.2200705381446,transient-slab
Li,8.395578619995103e+19,55.198669150024934,266334069.97911406,266334069.97911406,2932.8316580825035,634.1287380455096,transient-slab
Li,8.899530352885224e+19,55.198669150024934,282320998.595802,282320998.595802,3108.8773677666027,672.1928537995286,transient-slab
Li,9.433732216299774e+19,55.198669150024934,299267556.1725217,299267556.1725217,3295.490370603299,712.5418004107661,transient-slab
Li,1e+20,55.198669150024934,317231345.25213873,317231345.25213873,3493.30497733367,755.3127267908066,transient-slab
Li,1e+18,58.00087646751577,3416921.622290292,3416921.622290292,37.62663900951711,8.135527672119743,transient-slab
Li,1.0600258488068824e+18,58.00087646751577,3622025.242974856,3622025.242974856,39.88520995381353,8.62386962613061,transient-slab
Li,1.1236548001387516e+18,58.00087646751577,3839440.3825843767,3839440.3825843767,42.279353536131914,9.141524720438992,transient-slab
Li,1.191103133283008e+18,58.00087646751577,4069906.0504924254,4069906.0504924254,44.81720761914449,9.690252501172443,transient-slab
Li,1.2626001098748577e+18,58.00087646751577,4314205.6157375,4314205.6157375,47.50739854763792,10.271918132708333,transient-slab
Li,1.3383887531737592e+18,58.00087646751577,4573169.469749562,4573169.469749562,50.35907047006675,10.888498737498958,transient-slab
Li,1.418726674116599e+18,58.00087646751577,4847677.848909,4847677.848909,53.381916420158106,11.54209011645,transient-slab
Li,1.5038869469554132e+18,58.00087646751577,5138663.8265320845,5138663.8265320845,56.58621126421615,12.23491387269544,transient-slab
Li,1.5941590374560028e+18,58.00087646751577,5447116.484452895,5447116.484452895,59.98284662611629,12.969324962983082,transient-slab
Li,1.689849786812462e+18,58.00087646751577,5774084.274982141,5774084.274982141,63.583367908701966,13.747819702338433,transient-slab
Li,1.7912844546220096e+18,58.00087646751577,6120678.584670418,6120678.584670418,67.4000135374221,14.57304424921528,transient-slab
Li,1.898807824465269e+18,58.00087646751577,6488077.511989367,6488077.511989367,71.44575655960124,15.447803599974684,transient-slab
Li,2.0127853758499466e+18,58.00087646751577,6877529.871771375,6877529.871771375,75.73434874074118,16.37507112326518,transient-slab
Li,2.133604526501402e+18,58.00087646751577,7290359.440019081,7290359.440019081,80.28036730773997,17.3579986667121,transient-slab
Li,2.2616759492228552e+18,58.00087646751577,7727969.453513494,7727969.453513494,85.09926449791534,18.399927270270226,transient-slab
Li,2.3974349678010685e+18,58.00087646751577,8191847.379514302,8191847.379514302,90.20742008224411,19.5043985226531,transient-slab
Li,2.541343036702629e+18,58.00087646751577,8683569.971766083,8683569.971766083,95.62219704135981,20.675166599443052,transient-slab
Li,2.693889309590164e+18,58.00087646751577,9204808.629995296,9204808.629995296,101.36200058354638,21.916211023798326,transient-slab
Li,2.8555923019901005e+18,58.00087646751577,9757335.081115684,9757335.081115684,107.44634070533749,23.23175019313258,transient-slab
Li,3.0270016537634555e+18,58.00087646751577,10343027.401452823,10343027.401452823,113.89589850736886,24.626255717744815,transient-slab
Li,3.208699997370444e+18,58.00087646751577,10963876.40045787,10963876.40045787,120.7325964908962,26.104467620137786,transient-slab
Li,3.401304938279246e+18,58.00087646751577,11621992.3876091,11621992.3876091,127.97967307392106,27.671410446688334,transient-slab
Li,3.6054711542504986e+18,58.00087646751577,12319612.345502464,12319612.345502464,135.6617615802105,29.33241034643444,transient-slab
Li,3.821892620633115e+18,58.00087646751577,13059107.533512997,13059107.533512997,143.80497396969955,31.093113175030943,transient-slab
Li,4.051304969235378e+18,58.00087646751577,13842991.54787247,13842991.54787247,152.43698959488245,32.95950368541064,transient-slab
Li,4.294487988789272e+18,58.00087646751577,14673928.865560012,14673928.865560012,161.58714928488112,34.93792587038099,transient-slab
Li,4.5522682755073096e+18,58.00087646751577,15554743.901047066,15554743.901047066,171.28655507699057,37.03510452630254,transient-slab
Li,4.825522042741279e+18,58.00087646751577,16488430.606681094,16488430.606681094,181.56817593469373,39.25816811114546,transient-slab
Li,5.115178099293145e+18,58.00087646751577,17478162.649340503,17478162.649340503,192.46695981149108,41.61467297462024,transient-slab
Li,5.422221006501592e+18,58.00087646751577,18527304.197951917,18527304.197951917,204.01995244145593,44.112629042742654,transient-slab
Li,5.747694424835359e+18,58.00087646751577,19639421.358537298,19639421.358537298,216.26642326029415,46.760527044136424,transient-slab
Li,6.092704661368687e+18,58.00087646751577,20818294.295659516,20818294.295659516,229.2479988849218,49.567367370617895,transient-slab
Li,6.458424430196991e+18,58.00087646751577,22067930.081467953,22067930.081467953,243.0088046052684,52.5426906701618,transient-slab
Li,6.846096838574672e+18,58.00087646751577,23392576.316019006,23392576.316019006,257.59561436924554,55.69661027623573,transient-slab
Li,7.257039612324231e+18,58.00087646751577,24796735.56516782,24796735.56516782,273.05800977068986,59.0398465837329,transient-slab
Li,7.692649574879161e+18,58.00087646751577,26285180.665106826,26285180.665106826,289.4485485806935,62.58376348834959,transient-slab
Li,8.154407395185187e+18,58.00087646751577,27862970.945572123,27862970.945572123,306.82294339516983,66.34040701326697,transient-slab
Li,8.643882620598297e+18,58.00087646751577,29535469.426861588,29535469.426861588,325.2402510058909,70.32254625443235,transient-slab
Li,9.162739011886769e+18,58.00087646751577,31308361.049118683,31308361.049118683,344.763073138683,74.54371678361592,transient-slab
Li,9.712740198471207e+18,58.00087646751577,33187671.995844368,33187671.995844368,365.4577692411018,79.0182666567723,transient-slab
Li,1.0295755673125085e+19,58.00087646751577,35179790.17731904,35179790.17731904,387.39468204286555,83.76140518409295,transient-slab
Li,1.0913767146512693e+19,58.00087646751577,37291486.94356064,37291486.94356064,410.6483766557608,88.78925462752534,transient-slab
Li,1.1568875283162786e+19,58.00087646751577,39529940.10061864,39529940.10061864,435.2978940256912,94.11890500147295,transient-slab
Li,1.2263306841775593e+19,58.00087646751577,41902758.308443494,41902758.308443494,461.4270195984316,99.7684721629607,transient-slab
Li,1.2999422244132422e+19,58.00087646751577,44418006.943257466,44418006.943257466,489.12456811225763,105.75715938870826,transient-slab
Li,1.377972359833554e+19,58.00087646751577,47084235.512336485,47084235.512336485,518.4846854854956,112.1053226484202,transient-slab
Li,1.460686320364986e+19,58.00087646751577,49910506.71438765,49910506.71438765,549.6071688251319,118.83453979616108,transient-slab
Li,1.548365256585496e+19,58.00087646751577,52906427.244300365,52906427.244300365,582.5978056442079,125.96768391500089,transient-slab
Li,1.6413071953751267e+19,58.00087646751577,56082180.44697907,56082180.44697907,617.5687334410287,133.52900106423587,transient-slab
Li,1.7398280529303622e+19,58.00087646751577,59448560.93124973,59448560.93124973,654.6388208624178,141.54419269345175,transient-slab
Li,1.8442627085855328e+19,58.00087646751577,63017011.26149567,63017011.26149567,693.9340717466212,150.04050300356113,transient-slab
Li,1.9549661430912594e+19,58.00087646751577,66799660.8517398,66799660.8517398,735.5880534192279,159.04681155176144,transient-slab
Li,2.0723146452190294e+19,58.00087646751577,70809367.19437738,70809367.19437738,779.7423506979197,168.59373141518424,transient-slab
Li,2.1967070907932353e+19,58.00087646751577,75059759.5636981,75059759.5636981,826.5470471492362,178.71371324690023,transient-slab
Li,2.3285662984981967e+19,58.00087646751577,79565285.34274958,79565285.34274958,876.1612352331913,189.4411555779752,transient-slab
Li,2.468340467068651e+19,58.00087646751577,84341259.13100992,84341259.13100992,928.7535570697501,200.81252174049982,transient-slab
Li,2.6165046987488236e+19,58.00087646751577,89403914.79979002,89403914.79979002,984.5027776652734,212.86646380902388,transient-slab
Li,2.773562614198418e+19,58.00087646751577,94770460.67230561,94770460.67230561,1043.5983925473647,225.64395398168003,transient-slab
Li,2.9400480643347137e+19,58.00087646751577,100459138.01598,100459138.01598,1106.2412718735181,239.18842384757144,transient-slab
Li,3.1165269449294365e+19,58.00087646751577,106489283.04579696,106489283.04579696,1172.6443432029314,253.54591201380228,transient-slab
Li,3.303599120128346e+19,58.00087646751577,112881392.64945728,112881392.64945728,1243.0333152522765,268.7652205939459,transient-slab
Li,3.50190046143172e+19,58.00087646751577,119657194.05774394,119657194.05774394,1317.6474450955275,284.89808108986654,transient-slab
Li,3.712105009066372e+19,58.00087646751577,126839718.69690986,126839718.69690986,1396.7403514156065,301.99933023073777,transient-slab
Li,3.934927263095861e+19,58.00087646751577,134453380.47411808,134453380.47411808,1480.5808765721515,320.12709636694785,transient-slab
Li,4.171124612056533e+19,58.00087646751577,142524058.76203173,142524058.76203173,1569.454000415633,339.34299705245655,transient-slab
Li,4.421499907374468e+19,58.00087646751577,151079186.36462343,151079186.36462343,1663.661808953925,359.71234848719865,transient-slab
Li,4.6869041923142115e+19,58.00087646751577,160147842.76321447,160147842.76321447,1763.5245211639924,381.304387531463,transient-slab
Li,4.9682395947343675e+19,58.00087646751577,169760852.9596662,169760852.9596662,1869.3815774385969,404.1925070468243,transient-slab
Li,5.266462393484259e+19,58.00087646751577,179950892.2527505,179950892.2527505,1981.5927933682972,428.4545053636916,transient-slab
Li,5.582586268862678e+19,58.00087646751577,190752597.30377766,190752597.30377766,2100.53958277983,454.1728507232802,transient-slab
Li,5.917685748188806e+19,58.00087646751577,202202683.86905438,202202683.86905438,2226.6262541886445,481.4349615929866,transient-slab
Li,6.272899858196231e+19,58.00087646751577,214340071.59932408,214340071.59932408,2360.2813850720067,510.3335038079145,transient-slab
Li,6.649435996665032e+19,58.00087646751577,227206016.33040142,227206016.33040142,2501.959278634038,540.9667055485747,transient-slab
Li,7.048574036451889e+19,58.00087646751577,240844250.3146642,240844250.3146642,2652.1415080143024,573.438691225391,transient-slab
Li,7.471670675868067e+19,58.00087646751577,255301130.87005922,255301130.87005922,2811.338553188826,607.8598354049029,transient-slab
Li,7.920164050192541e+19,58.00087646751577,270625797.9518915,270625797.9518915,2980.091536127498,644.347137980694,transient-slab
Li,8.395578619995103e+19,58.00087646751577,286870341.1829936,286870341.1829936,3158.9740601057565,683.0246218642704,transient-slab
Li,8.899530352885224e+19,58.00087646751577,304089976.91002274,304089976.91002274,3348.594159422528,724.0237545476732,transient-slab
Li,9.433732216299774e+19,58.00087646751577,322343235.8877121,322343235.8877121,3549.5963661516344,767.4838949707432,transient-slab
Li,1e+20,58.00087646751577,341692162.2290292,341692162.2290292,3762.6639009517116,813.5527672119742,transient-slab
Li,1e+18,60.94534021928508,3680390.840191164,3680390.840191164,40.527923337318335,8.762835333788486,transient-slab
Li,1.0600258488068824e+18,60.94534021928508,3901309.4243147136,3901309.4243147136,42.96064633602112,9.28883196265408,transient-slab
Li,1.1236548001387516e+18,60.94534021928508,4135488.8339674943,4135488.8339674943,45.539395597633074,9.846401985636891,transient-slab
Li,1.191103133283008e+18,60.94534021928508,4383725.061457777,4383725.061457777,48.2729364725334,10.437440622518517,transient-slab
Li,1.2626001098748577e+18,60.94534021928508,4646861.879207783,4646861.879207783,51.170560458697935,11.063956855256627,transient-slab
Li,1.3383887531737592e+18,60.94534021928508,4925793.707795575,4925793.707795575,54.24211678415517,11.728080256656131,transient-slab
Li,1.418726674116599e+18,60.94534021928508,5221468.656153605,5221468.656153605,57.49804588520613,12.432068228937155,transient-slab
Li,1.5038869469554132e+18,60.94534021928508,5534891.744257757,5534891.744257757,60.949414894202704,13.178313676804185,transient-slab
Li,1.5941590374560028e+18,60.94534021928508,5867128.319261035,5867128.319261035,64.60795525751006,13.969353141097704,transient-slab
Li,1.689849786812462e+18,60.94534021928508,6219307.676683578,6219307.676683578,68.4861026115192,14.807875420675186,transient-slab
Li,1.7912844546220096e+18,60.94534021928508,6592626.898967669,6592626.898967669,72.59703905225088,15.696730711827785,transient-slab
Li,1.898807824465269e+18,60.94534021928508,6988354.924445287,6988354.924445287,76.95473794222862,16.638940296298305,transient-slab
Li,2.0127853758499466e+18,60.94534021928508,7407836.8605488725,7407836.8605488725,81.5740114069221,17.637706810830647,transient-slab
Li,2.133604526501402e+18,60.94534021928508,7852498.555926166,7852498.555926166,86.4705606822042,18.696425133157536,transient-slab
Li,2.2616759492228552e+18,60.94534021928508,8323851.447000452,8323851.447000452,91.66102948396053,19.81869392142965,transient-slab
Li,2.3974349678010685e+18,60.94534021928508,8823497.69544905,8823497.69544905,97.16306058124793,21.008327846307264,transient-slab
Li,2.541343036702629e+18,60.94534021928508,9353135.634063954,9353135.634063954,102.99535576531193,22.26937055729513,transient-slab
Li,2.693889309590164e+18,60.94534021928508,9914565.53950454,9914565.53950454,109.17773941829158,23.60610842739176,transient-slab
Li,2.8555923019901005e+18,60.94534021928508,10509695.751564765,10509695.751564765,115.73122589769116,25.02308512277325,transient-slab
Li,3.0270016537634555e+18,60.94534021928508,11140549.159754526,11140549.159754526,122.67809096566113,26.525117047034584,transient-slab
Li,3.208699997370444e+18,60.94534021928508,11809270.079243593,11809270.079243593,130.04194750588286,28.117309712484747,transient-slab
Li,3.401304938279246e+18,60.94534021928508,12518131.539539909,12518131.539539909,137.84782578542354,29.80507509414264,transient-slab
Li,3.6054711542504986e+18,60.94534021928508,13269543.010676999,13269543.010676999,146.12225853437684,31.594150025421424,transient-slab
Li,3.821892620633115e+18,60.94534021928508,14066058.593172321,14066058.593172321,154.89337113248155,33.49061569802934,transient-slab
Li,4.051304969235378e+18,60.94534021928508,14910385.69959483,14910385.69959483,164.19097720926817,35.50091833236864,transient-slab
Li,4.294487988789272e+18,60.94534021928508,15805394.257251011,15805394.257251011,174.046679982686,37.63189108869288,transient-slab
Li,4.5522682755073096e+18,60.94534021928508,16754126.46326993,16754126.46326993,184.4939796806666,39.89077729349984,transient-slab
Li,4.825522042741279e+18,60.94534021928508,17759807.125245556,17759807.125245556,195.5683874107583,42.28525506010847,transient-slab
Li,5.115178099293145e+18,60.94534021928508,18825854.62258494,18825854.62258494,207.30754586488226,44.823463387107,transient-slab
Li,5.422221006501592e+18,60.94534021928508,19955892.525820572,19955892.525820572,219.75135726949355,47.514029823382316,transient-slab
Li,5.747694424835359e+18,60.94534021928508,21153761.913381875,21153761.913381875,232.9421190160594,50.36609979376637,transient-slab
Li,6.092704661368687e+18,60.94534021928508,22423534.42769132,22423534.42769132,246.92466743287218,53.389367684979334,transient-slab
Li,6.458424430196991e+18,60.94534021928508,23769526.114963844,23769526.114963844,261.7465301868875,56.594109797532965,transient-slab
Li,6.846096838574672e+18,60.94534021928508,25196312.095751908,25196312.095751908,277.45808783361167,59.99121927559978,transient-slab
Li,7.257039612324231e+18,60.94534021928508,26708742.11610253,26708742.11610253,294.11274506415873,63.592243133577455,transient-slab
Li,7.692649574879161e+18,60.94534021928508,28311957.032185715,28311957.032185715,311.76711223155706,67.4094215052041,transient-slab
Li,8.154407395185187e+18,60.94534021928508,30011406.28442665,30011406.28442665,330.48119777332687,71.45572924863488,transient-slab
Li,8.643882620598297e+18,60.94534021928508,31812866.420537565,31812866.420537565,350.318612184386,75.74492004889896,transient-slab
Li,9.162739011886769e+18,60.94534021928508,33722460.7304103,33722460.7304103,371.3467842336029,80.29157316764358,transient-slab
Li,9.712740198471207e+18,60.94534021928508,35746680.05960994,35746680.05960994,393.6371901589311,85.11114299907129,transient-slab
Li,1.0295755673125085e+19,60.94534021928508,37892404.87221577,37892404.87221577,417.26559662017365,90.22001160051374,transient-slab
Li,1.0913767146512693e+19,60.94534021928508,40166928.63800457,40166928.63800457,442.31231823520983,95.63554437620135,transient-slab
Li,1.1568875283162786e+19,60.94534021928508,42577982.62346627,42577982.62346627,468.8624905750182,101.37614910349112,transient-slab
Li,1.2263306841775593e+19,60.94534021928508,45133762.17092452,45133762.17092452,497.0063595454926,107.46133850220126,transient-slab
Li,1.2999422244132422e+19,60.94534021928508,47842954.55508223,47842954.55508223,526.8395881396294,113.9117965597196,transient-slab
Li,1.377972359833554e+19,60.94534021928508,50714768.51168014,50714768.51168014,558.463581602779,120.74944883733367,transient-slab
Li,1.460686320364986e+19,60.94534021928508,53758965.5386383,53758965.5386383,591.9858321162175,127.99753699675787,transient-slab
Li,1.548365256585496e+19,60.94534021928508,56985893.076075,56985893.076075,627.5202841706421,135.6806978001786,transient-slab
Li,1.6413071953751267e+19,60.94534021928508,60406519.677984655,60406519.677984655,665.1877218715209,143.82504685234443,transient-slab
Li,1.7398280529303622e+19,60.94534021928508,64032472.29512531,64032472.29512531,705.1161794927752,152.458267369346,transient-slab
Li,1.8442627085855328e+19,60.94534021928508,67876075.79584341,67876075.79584341,747.4413766742953,161.60970427581762,transient-slab
Li,1.9549661430912594e+19,60.94534021928508,71950394.85916919,71950394.85916919,792.3071797425545,171.31046395040283,transient-slab
Li,2.0723146452190294e+19,60.94534021928508,76269278.38258117,76269278.38258117,839.8660907223887,181.59351995852663,transient-slab
Li,2.1967070907932353e+19,60.94534021928508,80847406.55538402,80847406.55538402,890.2797657021182,192.4938251318667,transient-slab
Li,2.3285662984981967e+19,60.94534021928508,85700340.75770608,85700340.75770608,943.7195643139804,204.04843037549065,transient-slab
Li,2.468340467068651e+19,60.94534021928508,90844576.45472643,90844576.45472643,1000.367132197588,216.2966106064915,transient-slab
Li,2.6165046987488236e+19,60.94534021928508,96297599.2659231,96297599.2659231,1060.415018426255,229.27999825219786,transient-slab
Li,2.773562614198418e+19,60.94534021928508,102077944.39992516,102077944.39992516,1124.067329994857,243.04272476172656,transient-slab
Li,2.9400480643347137e+19,60.94534021928508,108205259.6569924,108205259.6569924,1191.540425593884,257.63157061188673,transient-slab
Li,3.1165269449294365e+19,60.94534021928508,114700372.21327251,114700372.21327251,1263.0636510278712,273.0961243173155,transient-slab
Li,3.303599120128346e+19,60.94534021928508,121585359.41383953,121585359.41383953,1338.880118777939,289.4889509853322,transient-slab
Li,3.50190046143172e+19,60.94534021928508,128883623.8151451,128883623.8151451,1419.2475343582441,306.8657709884407,transient-slab
Li,3.712105009066372e+19,60.94534021928508,136619972.73195612,136619972.73195612,1504.4390722751727,325.28564936180027,transient-slab
Li,3.934927263095861e+19,60.94534021928508,144820702.55916494,144820702.55916494,1594.7443045667292,344.8111965694403,transient-slab
Li,4.171124612056533e+19,60.94534021928508,153513688.15508786,153513688.15508786,1690.4701850782883,365.50878132163774,transient-slab
Li,4.421499907374468e+19,60.94534021928508,162728477.59007075,162728477.59007075,1791.942092820326,387.44875616683515,transient-slab
Li,4.6869041923142115e+19,60.94534021928508,172496392.58246788,172496392.58246788,1899.5049379546624,410.7056966249236,transient-slab
Li,4.9682395947343675e+19,60.94534021928508,182850634.96335426,182850634.96335426,2013.5243341682394,435.358654674653,transient-slab
Li,5.266462393484259e+19,60.94534021928508,193826399.53190705,193826399.53190705,2134.387841420001,461.49142745692154,transient-slab
Li,5.582586268862678e+19,60.94534021928508,205460993.68499163,205460993.68499163,2262.5062832843255,489.19284210712294,transient-slab
Li,5.917685748188806e+19,60.94534021928508,217793964.22763872,217793964.22763872,2398.3151433693715,518.557057684854,transient-slab
Li,6.272899858196231e+19,60.94534021928508,230867231.7954186,230867231.7954186,2542.2760455565185,549.6838852271871,transient-slab
Li,6.649435996665032e+19,60.94534021928508,244725233.34563386,244725233.34563386,2694.8783230924532,582.679127013414,transient-slab
Li,7.048574036451889e+19,60.94534021928508,259415073.20166796,259415073.20166796,2856.6406818673463,617.6549361944476,transient-slab
Li,7.471670675868067e+19,60.94534021928508,274986683.1638976,274986683.1638976,3028.1129635327047,654.73019800928,transient-slab
Li,7.920164050192541e+19,60.94534021928508,291492992.2313998,291492992.2313998,3209.8780144518796,694.0309338842852,transient-slab
Li,8.395578619995103e+19,60.94534021928508,308990106.5113475,308990106.5113475,3402.5536668359036,735.6907297889226,transient-slab
Li,8.899530352885224e+19,60.94534021928508,327537499.9276202,327537499.9276202,3606.7948387986994,779.8511903038575,transient-slab
Li,9.433732216299774e+19,60.94534021928508,347198216.3768598,347198216.3768598,3823.2957604698745,826.6624199449043,transient-slab
Li,1e+20,60.94534021928508,368039084.0191164,368039084.0191164,4052.792333731833,876.2835333788486,transient-slab
Li,1e+18,64.03928217403187,3964175.4286081353,3964175.4286081353,43.652917541216,9.438512925257466,transient-slab
Li,1.0600258488068824e+18,64.03928217403187,4202128.4235297255,4202128.4235297255,46.27322096952434,10.005067675070777,transient-slab
Li,1.1236548001387516e+18,64.03928217403187,4454364.748947624,4454364.748947624,49.050810335248464,10.605630354637201,transient-slab
Li,1.191103133283008e+18,64.03928217403187,4721741.773898661,4721741.773898661,51.99512686028716,11.242242318806335,transient-slab
Li,1.2626001098748577e+18,64.03928217403187,5005168.331723843,5005168.331723843,55.11617848389742,11.91706745648534,transient-slab
Li,1.3383887531737592e+18,64.03928217403187,5305607.8092568945,5305607.8092568945,58.424573880385,12.632399545849749,transient-slab
Li,1.418726674116599e+18,64.03928217403187,5624081.4214439625,5624081.4214439625,61.93155851873551,13.390670051057054,transient-slab
Li,1.5038869469554132e+18,64.03928217403187,5961671.682525154,5961671.682525154,65.64905288675571,14.194456386964653,transient-slab
Li,1.5941590374560028e+18,64.03928217403187,6319526.085576681,6319526.085576681,69.58969300965114,15.04649067994448,transient-slab
Li,1.689849786812462e+18,64.03928217403187,6698861.002920657,6698861.002920657,73.76687340076583,15.949669054572995,transient-slab
Li,1.7912844546220096e+18,64.03928217403187,7100965.820660295,7100965.820660295,78.19479259047665,16.907061477762607,transient-slab
Li,1.898807824465269e+18,64.03928217403187,7527207.321394088,7527207.321394088,82.88850138799812,17.921922193795446,transient-slab
Li,2.0127853758499466e+18,64.03928217403187,7979034.330006148,7979034.330006148,87.86395404014316,18.997700785728924,transient-slab
Li,2.133604526501402e+18,64.03928217403187,8457982.638323953,8457982.638323953,93.13806246093091,20.138053900771318,transient-slab
Li,2.2616759492228552e+18,64.03928217403187,8965680.225383224,8965680.225383224,98.72875371637673,21.34685767948387,transient-slab
Li,2.3974349678010685e+18,64.03928217403187,9503852.791042931,9503852.791042931,104.65503095984786,22.6282209310546,transient-slab
Li,2.541343036702629e+18,64.03928217403187,10074329.621760942,10074329.621760942,110.93703802512329,23.986499099430816,transient-slab
Li,2.693889309590164e+18,64.03928217403187,10679049.808467463,10679049.808467463,117.59612789670273,25.426309067779673,transient-slab
Li,2.8555923019901005e+18,64.03928217403187,11320068.837671699,11320068.837671699,124.65493529010504,26.952544851599285,transient-slab
Li,3.0270016537634555e+18,64.03928217403187,11999565.57820528,11999565.57820528,132.13745358886058,28.570394233822093,transient-slab
Li,3.208699997370444e+18,64.03928217403187,12719849.6873509,12719849.6873509,140.06911639971196,30.285356398454525,transient-slab
Li,3.401304938279246e+18,64.03928217403187,13483369.461530095,13483369.461530095,148.47688400323466,32.103260622690705,transient-slab
Li,3.6054711542504986e+18,64.03928217403187,14292720.158235239,14292720.158235239,157.38933499372988,34.03028609103629,transient-slab
Li,3.821892620633115e+18,64.03928217403187,15150652.817492547,15150652.817492547,166.83676341987928,36.07298289879178,transient-slab
Li,4.051304969235378e+18,64.03928217403187,16060083.61284092,16060083.61284092,176.85128175635055,38.23829431628791,transient-slab
Li,4.294487988789272e+18,64.03928217403187,17024103.7636112,17024103.7636112,187.4669300563606,40.53358038955048,transient-slab
Li,4.5522682755073096e+18,64.03928217403187,18045990.042198405,18045990.042198405,198.7197916562141,42.96664295761525,transient-slab
Li,4.825522042741279e+18,64.03928217403187,19129215.91204191,19129215.91204191,210.6481158251052,45.545752171528356,transient-slab
Li,5.115178099293145e+18,64.03928217403187,20277463.33417235,20277463.33417235,223.29244777707763,48.27967460517226,transient-slab
Li,5.422221006501592e+18,64.03928217403187,21494635.282456484,21494635.282456484,236.69576648706322,51.17770305346782,transient-slab
Li,5.747694424835359e+18,64.03928217403187,22784869.010080297,22784869.010080297,250.9036307794448,54.249688119238805,transient-slab
Li,6.092704661368687e+18,64.03928217403187,24152550.112363994,24152550.112363994,265.9643341857096,57.506071696104755,transient-slab
Li,6.458424430196991e+18,64.03928217403187,25602327.43370941,25602327.43370941,281.9290690975642,60.95792246121288,transient-slab
Li,6.846096838574672e+18,64.03928217403187,27139128.869349547,27139128.869349547,298.85210077347966,64.6169734984513,transient-slab
Li,7.257039612324231e+18,64.03928217403187,28768178.11561162,28768178.11561162,316.79095179012774,68.49566218002768,transient-slab
Li,7.692649574879161e+18,64.03928217403187,30495012.42562879,30495012.42562879,335.8065975656703,72.6071724419733,transient-slab
Li,8.154407395185187e+18,64.03928217403187,32325501.430853587,32325501.430853587,355.9636736195009,76.96547959727046,transient-slab
Li,8.643882620598297e+18,64.03928217403187,34265867.09234867,34265867.09234867,377.3306952729275,81.58539783892542,transient-slab
Li,9.162739011886769e+18,64.03928217403187,36322704.849670716,36322704.849670716,399.9802905375761,86.4826305944541,transient-slab
Li,9.712740198471207e+18,64.03928217403187,38503006.03923406,38503006.03923406,423.98944698311743,91.67382390293824,transient-slab
Li,1.0295755673125085e+19,64.03928217403187,40814181.65835527,40814181.65835527,449.4397734234361,97.17662299608399,transient-slab
Li,1.0913767146512693e+19,64.03928217403187,43264087.55575634,43264087.55575634,476.41777731075075,103.00973227561033,transient-slab
Li,1.1568875283162786e+19,64.03928217403187,45861051.1341459,45861051.1341459,505.015158780517,109.19297889082357,transient-slab
Li,1.2263306841775593e+19,64.03928217403187,48613899.655648835,48613899.655648835,535.3291223466599,115.74738013249723,transient-slab
Li,1.2999422244132422e+19,64.03928217403187,51531990.24629176,51531990.24629176,567.4627073065615,122.69521487212323,transient-slab
Li,1.377972359833554e+19,64.03928217403187,54625241.70153342,54625241.70153342,601.5251379788895,130.0600992893653,transient-slab
Li,1.460686320364986e+19,64.03928217403187,57904168.20094907,57904168.20094907,637.6321949647494,137.86706714511686,transient-slab
Li,1.548365256585496e+19,64.03928217403187,61379915.04666754,61379915.04666754,675.9066086941041,146.14265487301796,transient-slab
Li,1.6413071953751267e+19,64.03928217403187,65064296.5470381,65064296.5470381,716.4784765951491,154.91499177866214,transient-slab
Li,1.7398280529303622e+19,64.03928217403187,68969836.17429675,68969836.17429675,759.4857053046347,164.2138956530875,transient-slab
Li,1.8442627085855328e+19,64.03928217403187,73109809.13273054,73109809.13273054,805.0744794222393,174.0709741255489,transient-slab
Li,1.9549661430912594e+19,64.03928217403187,77498287.48203187,77498287.48203187,853.3997584023183,184.51973210007586,transient-slab
Li,2.0723146452190294e+19,64.03928217403187,82150187.96922062,82150187.96922062,904.6258032720059,195.5956856410015,transient-slab
Li,2.1967070907932353e+19,64.03928217403187,87081322.73171803,87081322.73171803,958.9267349660158,207.33648269456674,transient-slab
Li,2.3285662984981967e+19,64.03928217403187,92308453.04391548,92308453.04391548,1016.4871261759633,219.78203105694163,transient-slab
Li,2.468340467068651e+19,64.03928217403187,97849346.28992675,97849346.28992675,1077.502628725944,232.97463402363513,transient-slab
Li,2.6165046987488236e+19,64.03928217403187,103722836.35617818,103722836.35617818,1142.180638606866,246.9591341813766,transient-slab
Li,2.773562614198418e+19,64.03928217403187,109948887.64911512,109948887.64911512,1210.74100093003,261.7830658312265,transient-slab
Li,2.9400480643347137e+19,64.03928217403187,116548662.95562582,116548662.95562582,1283.4167571961495,277.4968165610139,transient-slab
Li,3.1165269449294365e+19,64.03928217403187,123544595.37684451,123544595.37684451,1360.454937419825,294.1537985162965,transient-slab
Li,3.303599120128346e+19,64.03928217403187,130960464.57984243,130960464.57984243,1442.117399801964,311.8106299520058,transient-slab
Li,3.50190046143172e+19,64.03928217403187,138821477.62639114,138821477.62639114,1528.6817208042512,330.5273276818837,transient-slab
Li,3.712105009066372e+19,64.03928217403187,147154354.6535409,147154354.6535409,1620.442138651092,350.3675110798593,transient-slab
Li,3.934927263095861e+19,64.03928217403187,155987419.69724873,155987419.69724873,1717.7105534660639,371.3986183267827,transient-slab
Li,4.171124612056533e+19,64.03928217403187,165350696.9677715,165350696.9677715,1820.8175874424041,393.6921356375512,transient-slab
Li,4.421499907374468e+19,64.03928217403187,175276012.9040701,175276012.9040701,1930.1137086511183,417.323840247786,transient-slab
Li,4.6869041923142115e+19,64.03928217403187,185797104.35412455,185797104.35412455,2045.9704223067183,442.3740579860108,transient-slab
Li,4.9682395947343675e+19,64.03928217403187,196949733.24884015,196949733.24884015,2168.781533539437,468.92793630676226,transient-slab
Li,5.266462393484259e+19,64.03928217403187,208771808.15939093,208771808.15939093,2298.9644859668347,497.07573371283553,transient-slab
Li,5.582586268862678e+19,64.03928217403187,221303513.15110594,221303513.15110594,2436.9617806138713,526.9131265502523,transient-slab
Li,5.917685748188806e+19,64.03928217403187,234587444.37194613,234587444.37194613,2583.2424800051504,558.5415342189193,transient-slab
Li,6.272899858196231e+19,64.03928217403187,248668754.83980957,248668754.83980957,2738.3038025414558,592.0684639043085,transient-slab
Li,6.649435996665032e+19,64.03928217403187,263595307.92081964,263595307.92081964,2902.6728125801205,627.6078760019516,transient-slab
Li,7.048574036451889e+19,64.03928217403187,279417840.0202784,279417840.0202784,3076.9082119639033,665.2805714768534,transient-slab
Li,7.471670675868067e+19,64.03928217403187,296190133.03928137,296190133.03928137,3261.602239087904,705.2146024744794,transient-slab
Li,7.920164050192541e+19,64.03928217403187,313969197.1831876,313969197.1831876,3457.382681959583,747.5457075790182,transient-slab
Li,8.395578619995103e+19,64.03928217403187,332815464.7433238,332815464.7433238,3664.9150120944214,792.41777319839,transient-slab
Li,8.899530352885224e+19,64.03928217403187,352792995.51059884,352792995.51059884,3884.904646500475,839.9833226442829,transient-slab
Li,9.433732216299774e+19,64.03928217403187,373969694.5192453,373969694.5192453,4118.099345440469,890.4040345696318,transient-slab
Li,1e+20,64.03928217403187,396417542.86081356,396417542.86081356,4365.2917541216,943.8512925257467,transient-slab
Li,1e+18,67.29029071967635,4269841.8486348195,4269841.8486348195,47.01887126068307,10.166290115797189,transient-slab
Li,1.0600258488068824e+18,67.29029071967635,4526142.729870271,4526142.729870271,49.84121891804709,10.77653030921493,transient-slab
Li,1.1236548001387516e+18,67.29029071967635,4797828.289051835,4797828.289051835,52.832980389172526,11.423400688218656,transient-slab
Li,1.191103133283008e+18,67.29029071967635,5085822.0045318445,5085822.0045318445,56.004324882029984,12.109100010790106,transient-slab
Li,1.2626001098748577e+18,67.29029071967635,5391102.787234588,5391102.787234588,59.36603201993022,12.835959017225209,transient-slab
Li,1.3383887531737592e+18,67.29029071967635,5714708.308043496,5714708.308043496,62.92952848222312,13.606448352484515,transient-slab
Li,1.418726674116599e+18,67.29029071967635,6057738.524917548,6057738.524917548,66.70692684438542,14.4231869640894,transient-slab
Li,1.5038869469554132e+18,67.29029071967635,6421359.421725877,6421359.421725877,70.71106674951828,15.288951004109231,transient-slab
Li,1.5941590374560028e+18,67.29029071967635,6806806.971509043,6806806.971509043,74.95555855119824,16.206683265497723,transient-slab
Li,1.689849786812462e+18,67.29029071967635,7215391.337638478,7215391.337638478,79.45482957602788,17.17950318485352,transient-slab
Li,1.7912844546220096e+18,67.29029071967635,7648501.327154055,7648501.327154055,84.22417316313515,18.210717445604892,transient-slab
Li,1.898807824465269e+18,67.29029071967635,8107609.111417044,8107609.111417044,89.27980064731018,19.303831217659628,transient-slab
Li,2.0127853758499466e+18,67.29029071967635,8594275.230124265,8594275.230124265,94.63889646247422,20.46256007172444,transient-slab
Li,2.133604526501402e+18,67.29029071967635,9110153.895692365,9110153.895692365,100.3196765527801,21.690842608791346,transient-slab
Li,2.2616759492228552e+18,67.29029071967635,9656998.616042627,9656998.616042627,106.34145028989262,22.99285384772054,transient-slab
Li,2.3974349678010685e+18,67.29029071967635,10236668.154897472,10236668.154897472,112.7246861068983,24.373019416422554,transient-slab
Li,2.541343036702629e+18,67.29029071967635,10851132.849849578,10851132.849849578,119.49108107195427,25.83603059487995,transient-slab
Li,2.693889309590164e+18,67.29029071967635,11502481.30967804,11502481.30967804,126.66363463815028,27.386860261138192,transient-slab
Li,2.8555923019901005e+18,67.29029071967635,12192927.51367677,12192927.51367677,134.26672682027015,29.0307797944685,transient-slab
Li,3.0270016537634555e+18,67.29029071967635,12924818.337126007,12924818.337126007,142.32620106417866,30.77337699315716,transient-slab
Li,3.208699997370444e+18,67.29029071967635,13700641.528486755,13700641.528486755,150.86945209051498,32.620575067825605,transient-slab
Li,3.401304938279246e+18,67.29029071967635,14523034.165432993,14523034.165432993,159.9255190112774,34.578652774840464,transient-slab
Li,3.6054711542504986e+18,67.29029071967635,15394791.618464464,15394791.618464464,169.5251840358106,36.65426575824873,transient-slab
Li,3.821892620633115e+18,67.29029071967635,16318877.052567873,16318877.052567873,179.70107710170305,38.85446917278065,transient-slab
Li,4.051304969235378e+18,67.29029071967635,17298431.499223415,17298431.499223415,190.48778678624382,41.18674166481765,transient-slab
Li,4.294487988789272e+18,67.29029071967635,18336784.532992013,18336784.532992013,201.92197787543253,43.659010792838124,transient-slab
Li,4.5522682755073096e+18,67.29029071967635,19437465.588973768,19437465.588973768,214.04251599016987,46.279679973747065,transient-slab
Li,4.825522042741279e+18,67.29029071967635,20604215.95960649,20604215.95960649,226.89059969324057,49.057657046682124,transient-slab
Li,5.115178099293145e+18,67.29029071967635,21841001.511582185,21841001.511582185,240.50990052612994,52.00238455138616,transient-slab
Li,5.422221006501592e+18,67.29029071967635,23152026.166107304,23152026.166107304,254.9467114516697,55.12387182406501,transient-slab
Li,5.747694424835359e+18,67.29029071967635,24541746.18832705,24541746.18832705,270.2501042070796,58.43272901982632,transient-slab
Li,6.092704661368687e+18,67.29029071967635,26014885.33448445,26014885.33448445,286.47209610225786,61.94020317734393,transient-slab
Li,6.458424430196991e+18,67.29029071967635,27576450.9083006,27576450.9083006,303.66782683028276,65.65821644833477,transient-slab
Li,6.846096838574672e+18,67.29029071967635,29231750.781152666,29231750.781152666,321.89574589111186,69.59940662179206,transient-slab
Li,7.257039612324231e+18,67.29029071967635,30986411.43390261,30986411.43390261,341.2178112655504,73.7771700807205,transient-slab
Li,7.692649574879161e+18,67.29029071967635,32846397.08170189,32846397.08170189,361.6997000147916,78.20570733738545,transient-slab
Li,8.154407395185187e+18,67.29029071967635,34818029.94677896,34818029.94677896,383.4110315213743,82.90007130185467,transient-slab
Li,8.643882620598297e+18,67.29029071967635,36908011.74811781,36908011.74811781,406.42560413036705,87.87621844789956,transient-slab
Li,9.162739011886769e+18,67.29029071967635,39123446.48107298,39123446.48107298,430.8216459951424,93.15106305017376,transient-slab
Li,9.712740198471207e+18,67.29029071967635,41471864.56435002,41471864.56435002,456.68208098037894,98.74253467702384,transient-slab
Li,1.0295755673125085e+19,67.29029071967635,43961248.436428845,43961248.436428845,484.09481052611574,104.6696391343544,transient-slab
Li,1.0913767146512693e+19,67.29029071967635,46600059.6884357,46600059.6884357,513.1530124309527,110.95252306770406,transient-slab
Li,1.1568875283162786e+19,67.29029071967635,49397267.82568545,49397267.82568545,543.9554575699293,117.61254244210821,transient-slab
Li,1.2263306841775593e+19,67.29029071967635,52362380.75566312,52362380.75566312,576.6068456237005,124.67233513253124,transient-slab
Li,1.2999422244132422e+19,67.29029071967635,55505477.10607097,55505477.10607097,611.2181609601222,132.15589787159755,transient-slab
Li,1.377972359833554e+19,67.29029071967635,58837240.48279385,58837240.48279385,647.907049877935,140.08866781617584,transient-slab
Li,1.460686320364986e+19,67.29029071967635,62368995.784228235,62368995.784228235,686.7982204948214,148.49760901006724,transient-slab
Li,1.548365256585496e+19,67.29029071967635,66112747.69540941,66112747.69540941,728.0238666390795,157.41130403668907,transient-slab
Li,1.6413071953751267e+19,67.29029071967635,70081221.49278162,70081221.49278162,771.7241171857588,166.8600511732896,transient-slab
Li,1.7398280529303622e+19,67.29029071967635,74287906.29830895,74287906.29830895,818.0475123645758,176.8759673769261,transient-slab
Li,1.8442627085855328e+19,67.29029071967635,78747100.9299511,78747100.9299511,867.1515086586182,187.49309745226455,transient-slab
Li,1.9549661430912594e+19,67.29029071967635,83473962.50435266,83473962.50435266,919.2030140100204,198.74752977226825,transient-slab
Li,2.0723146452190294e+19,67.29029071967635,88484557.95695029,88484557.95695029,974.3789551518165,210.67751894511974,transient-slab
Li,2.1967070907932353e+19,67.29029071967635,93795918.65461802,93795918.65461802,1032.8668789943677,223.32361584432863,transient-slab
Li,2.3285662984981967e+19,67.29029071967635,99426098.28648278,99426098.28648278,1094.86559011052,236.72880544400664,transient-slab
Li,2.468340467068651e+19,67.29029071967635,105394234.22968541,105394234.22968541,1160.585826486352,250.9386529278224,transient-slab
Li,2.6165046987488236e+19,67.29029071967635,111720612.59867367,111720612.59867367,1230.2509758344327,266.00145856827066,transient-slab
Li,2.773562614198418e+19,67.29029071967635,118426737.19913393,118426737.19913393,1304.0978349043899,281.96842190269984,transient-slab
Li,2.9400480643347137e+19,67.29029071967635,125535402.62094155,125535402.62094155,1382.3774143717435,298.89381576414655,transient-slab
Li,3.1165269449294365e+19,67.29029071967635,133070771.7185773,133070771.7185773,1465.355792040871,316.8351707585174,transient-slab
Li,3.303599120128346e+19,67.29029071967635,141058457.7423718,141058457.7423718,1553.3150172622056,335.85347081517097,transient-slab
Li,3.50190046143172e+19,67.29029071967635,149525611.3997474,149525611.3997474,1646.5540696378466,356.0133604755891,transient-slab
Li,3.712105009066372e+19,67.29029071967635,158501013.14238533,158501013.14238533,1745.3898752742855,377.383364624727,transient-slab
Li,3.934927263095861e+19,67.29029071967635,168015170.9930078,168015170.9930078,1850.1583840365627,400.0361214119234,transient-slab
Li,4.171124612056533e+19,67.29029071967635,178100424.2442966,178100424.2442966,1961.2157114655274,424.0486291530872,transient-slab
Li,4.421499907374468e+19,67.29029071967635,188791053.3824248,188791053.3824248,2078.939349239622,449.5025080533924,transient-slab
Li,4.6869041923142115e+19,67.29029071967635,200123396.60885197,200123396.60885197,2203.729448295777,476.4842776401237,transient-slab
Li,4.9682395947343675e+19,67.29029071967635,212135973.356413,212135973.356413,2336.010178970435,505.08565084860237,transient-slab
Li,5.266462393484259e+19,67.29029071967635,224869615.2196058,224869615.2196058,2476.231172784652,535.4038457609662,transient-slab
Li,5.582586268862678e+19,67.29029071967635,238367604.7440397,238367604.7440397,2624.8690507731126,567.5419160572374,transient-slab
Li,5.917685748188806e+19,67.29029071967635,252675822.54686418,252675822.54686418,2782.4290435526846,601.6091013020576,transient-slab
Li,6.272899858196231e+19,67.29029071967635,267842903.2682169,267842903.2682169,2949.446708636857,637.7211982576594,transient-slab
Li,6.649435996665032e+19,67.29029071967635,283920400.8837913,283920400.8837913,3126.4897508334498,676.0009544852174,transient-slab
Li,7.048574036451889e+19,67.29029071967635,300962963.9404312,300962963.9404312,3314.159951913245,716.5784855724552,transient-slab
Li,7.471670675868067e+19,67.29029071967635,319028521.3103908,319028521.3103908,3513.095216108615,759.5917174056923,transient-slab
Li,7.920164050192541e+19,67.29029071967635,338178479.09565157,338178479.09565157,3723.9717383949333,805.1868549896466,transient-slab
Li,8.395578619995103e+19,67.29029071967635,358477929.35158855,358477929.35158855,3947.50630292493,853.5188794085442,transient-slab
Li,8.899530352885224e+19,67.29029071967635,379995871.3394513,379995871.3394513,4184.458719428518,904.7520746177413,transient-slab
Li,9.433732216299774e+19,67.29029071967635,402805446.0597128,402805446.0597128,4435.634405859575,959.060585856459,transient-slab
Li,1e+20,67.29029071967635,426984184.8634819,426984184.8634819,4701.887126068306,1016.6290115797187,transient-slab
Li,1e+18,70.70633947509599,4599077.346774863,4599077.346774863,50.64436420638621,10.950184158987769,transient-slab
Li,1.0600258488068824e+18,70.70633947509599,4875140.8682435285,4875140.8682435285,53.68433515515943,11.607478257722686,transient-slab
Li,1.1236548001387516e+18,70.70633947509599,5167775.336912969,5167775.336912969,56.906782940481044,12.304226992649927,transient-slab
Li,1.191103133283008e+18,70.70633947509599,5477975.437954443,5477975.437954443,60.32266088935243,13.042798661796292,transient-slab
Li,1.2626001098748577e+18,70.70633947509599,5806795.563360912,5806795.563360912,63.943579811525545,13.825703722287885,transient-slab
Li,1.3383887531737592e+18,70.70633947509599,6155353.39589969,6155353.39589969,67.781847465463,14.655603323570691,transient-slab
Li,1.418726674116599e+18,70.70633947509599,6524833.708194893,6524833.708194893,71.85051039327602,15.535318352844984,transient-slab
Li,1.5038869469554132e+18,70.70633947509599,6916492.389853051,6916492.389853051,76.16339826684016,16.467839023459646,transient-slab
Li,1.5941590374560028e+18,70.70633947509599,7331660.716320322,7331660.716320322,80.73517089582387,17.45633503885791,transient-slab
Li,1.689849786812462e+18,70.70633947509599,7771749.873981526,7771749.873981526,85.58136805741442,18.50416636662268,transient-slab
Li,1.7912844546220096e+18,70.70633947509599,8238255.756882049,8238255.756882049,90.71846231711494,19.614894659242974,transient-slab
Li,1.898807824465269e+18,70.70633947509599,8732764.05137708,8732764.05137708,96.16391502015495,20.79229536042162,transient-slab
Li,2.0127853758499466e+18,70.70633947509599,9256955.625991218,9256955.625991218,101.93623564383265,22.040370538074328,transient-slab
Li,2.133604526501402e+18,70.70633947509599,9812612.244808905,9812612.244808905,108.05504471253118,23.363362487640252,transient-slab
Li,2.2616759492228552e+18,70.70633947509599,10401622.62381637,10401622.62381637,114.54114048926652,24.76576815194374,transient-slab
Li,2.3974349678010685e+18,70.70633947509599,11025988.850779818,11025988.850779818,121.41656967044311,26.252354406618615,transient-slab
Li,2.541343036702629e+18,70.70633947509599,11687833.190483099,11687833.190483099,128.70470232413143,27.828174263054997,transient-slab
Li,2.693889309590164e+18,70.70633947509599,12389405.2984551,12389405.2984551,136.43031132657458,29.498584043940713,transient-slab
Li,2.8555923019901005e+18,70.70633947509599,13133089.867707355,13133089.867707355,144.61965656693943,31.26926158977942,transient-slab
Li,3.0270016537634555e+18,70.70633947509599,13921414.734473554,13921414.734473554,153.30057420652977,33.146225558270366,transient-slab
Li,3.208699997370444e+18,70.70633947509599,14757059.47050297,14757059.47050297,162.5025712958592,35.13585588214993,transient-slab
Li,3.401304938279246e+18,70.70633947509599,15642864.491113555,15642864.491113555,172.2569260711941,37.24491545503227,transient-slab
Li,3.6054711542504986e+18,70.70633947509599,16581840.709963685,16581840.709963685,182.59679427148188,39.48057311896115,transient-slab
Li,3.821892620633115e+18,70.70633947509599,17577179.77335977,17577179.77335977,193.55732183704328,41.85042803180898,transient-slab
Li,4.051304969235378e+18,70.70633947509599,18632264.90888686,18632264.90888686,205.17576437309876,44.36253549734967,transient-slab
Li,4.294487988789272e+18,70.70633947509599,19750682.42523748,19750682.42523748,217.4916137841949,47.025434345803525,transient-slab
Li,4.5522682755073096e+18,70.70633947509599,20936233.902327538,20936233.902327538,230.54673250996984,49.84817595792271,transient-slab
Li,4.825522042741279e+18,70.70633947509599,22192949.113134176,22192949.113134176,244.38549581853403,52.84035503127185,transient-slab
Li,5.115178099293145e+18,70.70633947509599,23525099.721178003,23525099.721178003,259.05494264113236,56.01214219328096,transient-slab
Li,5.422221006501592e+18,70.70633947509599,24937213.80020827,24937213.80020827,274.60493546078465,59.374318571924455,transient-slab
Li,5.747694424835359e+18,70.70633947509599,26434091.225444473,26434091.225444473,291.0883297983774,62.93831244153446,transient-slab
Li,6.092704661368687e+18,70.70633947509599,28020819.98869034,28020819.98869034,308.5611538723027,66.71623806831033,transient-slab
Li,6.458424430196991e+18,70.70633947509599,29702793.492776334,29702793.492776334,327.08279904231875,70.7209368875627,transient-slab
Li,6.846096838574672e+18,70.70633947509599,31485728.884115778,31485728.884115778,346.71622168496486,74.96602115265662,transient-slab
Li,7.257039612324231e+18,70.70633947509599,33375686.485688202,33375686.485688202,367.5281571867201,79.46592020401953,transient-slab
Li,7.692649574879161e+18,70.70633947509599,35379090.39650404,35379090.39650404,389.5893467822823,84.23592951548581,transient-slab
Li,8.154407395185187e+18,70.70633947509599,37502750.32756961,37502750.32756961,412.97477800900765,89.29226268468956,transient-slab
Li,8.643882620598297e+18,70.70633947509599,39753884.748574555,39753884.748574555,437.76393959483204,94.65210654422513,transient-slab
Li,9.162739011886769e+18,70.70633947509599,42140145.42397872,42140145.42397872,464.0410916460567,100.33367958090173,transient-slab
Li,9.712740198471207e+18,70.70633947509599,44669643.42189851,44669643.42189851,491.8955520533836,106.35629386166312,transient-slab
Li,1.0295755673125085e+19,70.70633947509599,47350976.68419836,47350976.68419836,521.4220000897137,112.74042067666277,transient-slab
Li,1.0913767146512693e+19,70.70633947509599,50193259.25150227,50193259.25150227,552.7207982316812,119.50776012262445,transient-slab
Li,1.1568875283162786e+19,70.70633947509599,53206152.24245759,53206152.24245759,585.8983332987553,126.68131486299426,transient-slab
Li,1.2263306841775593e+19,70.70633947509599,56399896.692559324,56399896.692559324,621.067378069551,134.28546831561744,transient-slab
Li,1.2999422244132422e+19,70.70633947509599,59785348.36415068,59785348.36415068,658.3474746044408,142.34606753369212,transient-slab
Li,1.377972359833554e+19,70.70633947509599,63374014.64592398,63374014.64592398,697.8653405774398,150.89051106172374,transient-slab
Li,1.460686320364986e+19,70.70633947509599,67178093.66734537,67178093.66734537,739.7552999985048,159.94784206510803,transient-slab
Li,1.548365256585496e+19,70.70633947509599,71210515.76095602,71210515.76095602,784.1597397903047,169.54884704989527,transient-slab
Li,1.6413071953751267e+19,70.70633947509599,75484987.41348329,75484987.41348329,831.229593771402,179.72616050829353,transient-slab
Li,1.7398280529303622e+19,70.70633947509599,80016037.85515444,80016037.85515444,881.1248556909301,190.5143758456058,transient-slab
Li,1.8442627085855328e+19,70.70633947509599,84819068.44557373,84819068.44557373,934.0151230586202,201.95016296565174,transient-slab
Li,1.9549661430912594e+19,70.70633947509599,89910405.02402838,89910405.02402838,990.0801736186788,214.0723929143533,transient-slab
Li,2.0723146452190294e+19,70.70633947509599,95307353.40216626,95307353.40216626,1049.5105764270056,226.92227000515777,transient-slab
Li,2.1967070907932353e+19,70.70633947509599,101028258.1876688,101028258.1876688,1112.5083396088369,240.5434718754019,transient-slab
Li,2.3285662984981967e+19,70.70633947509599,107092565.1388645,107092565.1388645,1179.287596998593,254.98229794967736,transient-slab
Li,2.468340467068651e+19,70.70633947509599,113520887.26223117,113520887.26223117,1250.075335995862,270.28782681483614,transient-slab
Li,2.6165046987488236e+19,70.70633947509599,120335074.87745701,120335074.87745701,1325.1121691115623,286.5120830415643,transient-slab
Li,2.773562614198418e+19,70.70633947509599,127558289.88821612,127558289.88821612,1404.6531518268132,303.7102140195622,transient-slab
Li,2.9400480643347137e+19,70.70633947509599,135215084.51111066,135215084.51111066,1488.96864954448,321.9406774074064,transient-slab
Li,3.1165269449294365e+19,70.70633947509599,143331484.7303844,143331484.7303844,1578.345256580225,341.2654398342486,transient-slab
Li,3.303599120128346e+19,70.70633947509599,151935078.7620765,151935078.7620765,1673.08677031677,361.75018752875354,transient-slab
Li,3.50190046143172e+19,70.70633947509599,161055110.82831064,161055110.82831064,1773.5152238325995,383.4645495912158,transient-slab
Li,3.712105009066372e+19,70.70633947509599,170722580.5604665,170722580.5604665,1879.9719805150794,406.4823346677774,transient-slab
Li,3.934927263095861e+19,70.70633947509599,180970348.36910987,180970348.36910987,1992.8188943786527,430.88178183121397,transient-slab
Li,4.171124612056533e+19,70.70633947509599,191833247.13884294,191833247.13884294,2112.4395400321246,456.7458265210546,transient-slab
Li,4.421499907374468e+19,70.70633947509599,203348200.62773073,203348200.62773073,2239.2405164757547,484.162382446978,transient-slab
Li,4.6869041923142115e+19,70.70633947509599,215554348.97376427,215554348.97376427,2373.6528291599934,513.2246404137245,transient-slab
Li,4.9682395947343675e+19,70.70633947509599,228493181.73492756,228493181.73492756,2516.1333550031595,544.0313850831609,transient-slab
Li,5.266462393484259e+19,70.70633947509599,242208678.9151518,242208678.9151518,2667.166395348532,576.6873307503614,transient-slab
Li,5.582586268862678e+19,70.70633947509599,256747460.45542747,256747460.45542747,2827.265322138521,611.3034772748273,transient-slab
Li,5.917685748188806e+19,70.70633947509599,272158944.698276,272158944.698276,2996.9743229021497,647.9974873768476,transient-slab
Li,6.272899858196231e+19,70.70633947509599,288495516.3641754,288495516.3641754,3176.8702504867833,686.8940865813701,transient-slab
Li,6.649435996665032e+19,70.70633947509599,305812704.6109148,305812704.6109148,3367.5645838215855,728.1254871688449,transient-slab
Li,7.048574036451889e+19,70.70633947509599,324169371.7811134,324169371.7811134,3569.7055063774715,771.8318375740795,transient-slab
Li,7.471670675868067e+19,70.70633947509599,343627913.4794686,343627913.4794686,3783.9801093883816,818.1616987606395,transient-slab
Li,7.920164050192541e+19,70.70633947509599,364254470.6598116,364254470.6598116,4011.116727322779,867.2725491900277,transient-slab
Li,8.395578619995103e+19,70.70633947509599,386119154.4428684,386119154.4428684,4251.887413543813,919.3313201020677,transient-slab
Li,8.899530352885224e+19,70.70633947509599,409296284.4288974,409296284.4288974,4507.11056457308,974.5149629259462,transient-slab
Li,9.433732216299774e+19,70.70633947509599,433864641.3152451,433864641.3152451,4777.653701878046,1033.0110507505835,transient-slab
Li,1e+20,70.70633947509599,459907734.67748624,459907734.67748624,5064.43642063862,1095.0184158987768,transient-slab
Li,1e+18,74.29580684670228,4953699.268365268,4953699.268365268,54.54940871823537,11.794522067536352,transient-slab
Li,1.0600258488068824e+18,74.29580684670228,5251049.271682926,5251049.271682926,57.823783278461015,12.50249826591173,transient-slab
Li,1.1236548001387516e+18,74.29580684670228,5566247.961342456,5566247.961342456,61.29470495097585,13.252971336529658,transient-slab
Li,1.191103133283008e+18,74.29580684670228,5900366.719891615,5900366.719891615,64.97397164302559,14.048492190218132,transient-slab
Li,1.2626001098748577e+18,74.29580684670228,6254541.24052499,6254541.24052499,68.8740894412525,14.891764858392833,transient-slab
Li,1.3383887531737592e+18,74.29580684670228,6629975.387385156,6629975.387385156,73.00831512076485,15.78565568425037,transient-slab
Li,1.418726674116599e+18,74.29580684670228,7027945.287581687,7027945.287581687,77.39070120584908,16.733203065670683,transient-slab
Li,1.5038869469554132e+18,74.29580684670228,7449803.668837108,7449803.668837108,82.03614373549,17.737627782945495,transient-slab
Li,1.5941590374560028e+18,74.29580684670228,7896984.457503682,7896984.457503682,86.9604328960562,18.80234394643734,transient-slab
Li,1.689849786812462e+18,74.29580684670228,8371007.652580098,8371007.652580098,92.18030669325591,19.930970601381187,transient-slab
Li,1.7912844546220096e+18,74.29580684670228,8873484.492295127,8873484.492295127,97.71350784579734,21.127344029274113,transient-slab
Li,1.898807824465269e+18,74.29580684670228,9406122.93081985,9406122.93081985,103.5788440941393,22.395530787666313,transient-slab
Li,2.0127853758499466e+18,74.29580684670228,9970733.443724193,9970733.443724193,109.79625212932575,23.73984153267665,transient-slab
Li,2.133604526501402e+18,74.29580684670228,10569235.18191082,10569235.18191082,116.38686535920203,25.16484567121624,transient-slab
Li,2.2616759492228552e+18,74.29580684670228,11203662.494944582,11203662.494944582,123.37308574236049,26.675386892725193,transient-slab
Li,2.3974349678010685e+18,74.29580684670228,11876171.845949464,11876171.845949464,130.77865993396995,28.27659963321301,transient-slab
Li,2.541343036702629e+18,74.29580684670228,12589049.141578984,12589049.141578984,138.62876000233317,29.973926527569006,transient-slab
Li,2.693889309590164e+18,74.29580684670228,13344717.501973815,13344717.501973815,146.9500689905188,31.773136909461464,transient-slab
Li,2.8555923019901005e+18,74.29580684670228,14145745.497117855,14145745.497117855,155.77087161390463,33.68034642170918,transient-slab
Li,3.0270016537634555e+18,74.29580684670228,14994855.87758849,14994855.87758849,165.1211504019172,35.70203780378212,transient-slab
Li,3.208699997370444e+18,74.29580684670228,15894934.829377605,15894934.829377605,175.0326876107611,37.845082927089535,transient-slab
Li,3.401304938279246e+18,74.29580684670228,16849041.784241073,16849041.784241073,185.5391732535469,40.11676615295494,transient-slab
Li,3.6054711542504986e+18,74.29580684670228,17860419.818922773,17860419.818922773,196.6763196150183,42.524809092673266,transient-slab
Li,3.821892620633115e+18,74.29580684670228,18932506.67860088,18932506.67860088,208.4819826401235,45.07739685381163,transient-slab
Li,4.051304969235378e+18,74.29580684670228,20068946.46202587,20068946.46202587,220.99629060903865,47.78320586196635,transient-slab
Li,4.294487988789272e+18,74.29580684670228,21273602.008068852,21273602.008068852,234.26178053601868,50.651433352544885,transient-slab
Li,4.5522682755073096e+18,74.29580684670228,22550568.02578298,22550568.02578298,248.32354275570472,53.69182863281662,transient-slab
Li,4.825522042741279e+18,74.29580684670228,23904185.01260795,23904185.01260795,263.2293741883481,56.914726220495126,transient-slab
Li,5.115178099293145e+18,74.29580684670228,25339054.00802649,25339054.00802649,279.0299408049081,60.33108097149165,transient-slab
Li,5.422221006501592e+18,74.29580684670228,26860052.23282173,26860052.23282173,295.77894984425694,63.95250531624221,transient-slab
Li,5.747694424835359e+18,74.29580684670228,28472349.667094048,28472349.667094048,313.53333236786676,67.7913087311763,transient-slab
Li,6.092704661368687e+18,74.29580684670228,30181426.623387724,30181426.623387724,332.3534367724984,71.86053957949457,transient-slab
Li,6.458424430196991e+18,74.29580684670228,31993092.37465921,31993092.37465921,352.3032339186521,76.17402946347431,transient-slab
Li,6.846096838574672e+18,74.29580684670228,33913504.90040513,33913504.90040513,373.45053457202886,80.74644023905984,transient-slab
Li,7.257039612324231e+18,74.29580684670228,35949191.81806831,35949191.81806831,395.86721989709883,85.5933138525436,transient-slab
Li,7.692649574879161e+18,74.29580684670228,38107072.5708693,38107072.5708693,419.62948578624304,90.73112516873643,transient-slab
Li,8.154407395185187e+18,74.29580684670228,40394481.94748119,40394481.94748119,444.81810185495783,96.17733797019332,transient-slab
Li,8.643882620598297e+18,74.29580684670228,42819195.01349304,42819195.01349304,471.51868598346795,101.95046431784057,transient-slab
Li,9.162739011886769e+18,74.29580684670228,45389453.5394054,45389453.5394054,499.8219953379316,108.07012747477475,transient-slab
Li,9.712740198471207e+18,74.29580684670228,48113994.01498875,48113994.01498875,529.8242348604405,114.55712860711607,transient-slab
Li,1.0295755673125085e+19,74.29580684670228,51002077.3452273,51002077.3452273,561.6273842763909,121.43351748863644,transient-slab
Li,1.0913767146512693e+19,74.29580684670228,54063520.32878883,54063520.32878883,595.3395447307704,128.7226674494972,transient-slab
Li,1.1568875283162786e+19,74.29580684670228,57308729.02601252,57308729.02601252,631.0753062315376,136.44935482383934,transient-slab
Li,1.2263306841775593e+19,74.29580684670228,60748734.12984256,60748734.12984256,668.9561371491492,144.6398431662918,transient-slab
Li,1.2999422244132422e+19,74.29580684670228,64395228.45992997,64395228.45992997,709.1107970961,153.3219725236428,transient-slab
Li,1.377972359833554e+19,74.29580684670228,68260606.70735039,68260606.70735039,751.6757745899184,162.52525406511995,transient-slab
Li,1.460686320364986e+19,74.29580684670228,72358007.56503187,72358007.56503187,796.7957509872492,172.28097039293303,transient-slab
Li,1.548365256585496e+19,74.29580684670228,76701358.38709773,76701358.38709773,844.6240922659762,182.62228187404222,transient-slab
Li,1.6413071953751267e+19,74.29580684670228,81305422.52892415,81305422.52892415,895.3233703269839,193.58433935458132,transient-slab
Li,1.7398280529303622e+19,74.29580684670228,86185849.52882506,86185849.52882506,949.0659155875,205.20440364005967,transient-slab
Li,1.8442627085855328e+19,74.29580684670228,91359228.30193502,91359228.30193502,1006.0344027443206,217.5219721474643,transient-slab
Li,1.9549661430912594e+19,74.29580684670228,96843143.52710043,96843143.52710043,1066.4224716979734,230.57891315976295,transient-slab
Li,2.0723146452190294e+19,74.29580684670228,102656235.41844139,102656235.41844139,1130.435385748378,244.41960813914616,transient-slab
Li,2.1967070907932353e+19,74.29580684670228,108818263.08475246,108818263.08475246,1198.2907292992597,259.09110258274393,transient-slab
Li,2.3285662984981967e+19,74.29580684670228,115350171.69210541,115350171.69210541,1270.2191474428664,274.6432659335843,transient-slab
Li,2.468340467068651e+19,74.29580684670228,122274163.65794364,122274163.65794364,1346.4651299388788,291.12896109034205,transient-slab
Li,2.6165046987488236e+19,74.29580684670228,129613774.11866334,129613774.11866334,1427.287842252329,308.6042240920556,transient-slab
Li,2.773562614198418e+19,74.29580684670228,137393950.92719963,137393950.92719963,1512.962006475269,327.12845458857055,transient-slab
Li,2.9400480643347137e+19,74.29580684670228,145641139.45253596,145641139.45253596,1603.7788351265108,346.76461774413326,transient-slab
Li,3.1165269449294365e+19,74.29580684670228,154383372.46937594,154383372.46937594,1700.0470210034928,367.5794582604189,transient-slab
Li,3.303599120128346e+19,74.29580684670228,163650365.4435193,163650365.4435193,1802.093786450839,389.6437272464745,transient-slab
Li,3.50190046143172e+19,74.29580684670228,173473617.53682306,173473617.53682306,1910.2659956121597,413.0324227067216,transient-slab
Li,3.712105009066372e+19,74.29580684670228,183886518.67507136,183886518.67507136,2024.9313334457038,437.82504446445563,transient-slab
Li,3.934927263095861e+19,74.29580684670228,194924463.04268518,194924463.04268518,2146.4795555114347,464.10586438734566,transient-slab
Li,4.171124612056533e+19,74.29580684670228,206624969.39004812,206624969.39004812,2275.323812777628,491.9642128334479,transient-slab
Li,4.421499907374468e+19,74.29580684670228,219027808.56238005,219027808.56238005,2411.9020559500973,521.4947822913811,transient-slab
Li,4.6869041923142115e+19,74.29580684670228,232175138.68365017,232175138.68365017,2556.6785240975873,552.7979492467862,transient-slab
Li,4.9682395947343675e+19,74.29580684670228,246111648.45498994,246111648.45498994,2710.1453226328513,585.9801153690237,transient-slab
Li,5.266462393484259e+19,74.29580684670228,260884709.05476174,260884709.05476174,2872.8240960138896,621.1540691780042,transient-slab
Li,5.582586268862678e+19,74.29580684670228,276544535.1565104,276544535.1565104,3045.267800849989,658.4393694202629,transient-slab
Li,5.917685748188806e+19,74.29580684670228,293144355.61218464,293144355.61218464,3228.062585440277,697.9627514575825,transient-slab
Li,6.272899858196231e+19,74.29580684670228,310740594.3807527,310740594.3807527,3421.82978213307,739.8585580494112,transient-slab
Li,6.649435996665032e+19,74.29580684670228,329393062.3172125,329393062.3172125,3627.228019278277,784.2691959933632,transient-slab
Li,7.048574036451889e+19,74.29580684670228,349165160.4739015,349165160.4739015,3844.9554599515623,831.3456201759559,transient-slab
Li,7.471670675868067e+19,74.29580684670228,370124095.6051387,370124095.6051387,4075.752175059811,881.2478466789017,transient-slab
Li,7.920164050192541e+19,74.29580684670228,392341108.6077169,392341108.6077169,4320.402658894274,934.1454966850403,transient-slab
Li,8.395578619995103e+19,74.29580684670228,415891716.6737283,415891716.6737283,4579.738495681914,990.2183730326865,transient-slab
Li,8.899530352885224e+19,74.29580684670228,440855969.9788203,440855969.9788203,4854.641186198776,1049.6570713781437,transient-slab
Li,9.433732216299774e+19,74.29580684670228,467318723.7783805,467318723.7783805,5146.045144053208,1112.6636280437633,transient-slab
Li,1e+20,74.29580684670228,495369926.8365268,495369926.8365268,5454.940871823537,1179.4522067536354,transient-slab
Li,1e+18,78.06749657782365,5335665.089131595,5335665.089131595,58.75556023139627,12.703964497932368,transient-slab
Li,1.0600258488068824e+18,78.06749657782365,5655942.915055969,5655942.915055969,62.282412606409736,13.46653075013326,transient-slab
Li,1.1236548001387516e+18,78.06749657782365,5995445.689335477,5995445.689335477,66.02096728884996,14.274870688893992,transient-slab
Li,1.191103133283008e+18,78.06749657782365,6355327.4058134025,6355327.4058134025,69.98393188941459,15.13173191860334,transient-slab
Li,1.2626001098748577e+18,78.06749657782365,6736811.327792994,6736811.327792994,74.18477680391975,16.0400269709357,transient-slab
Li,1.3383887531737592e+18,78.06749657782365,7141194.145995589,7141194.145995589,78.63778100012415,17.002843204751404,transient-slab
Li,1.418726674116599e+18,78.06749657782365,7569850.386103713,7569850.386103713,83.35808055294632,18.023453300246935,transient-slab
Li,1.5038869469554132e+18,78.06749657782365,8024237.080870698,8024237.080870698,88.36172009304944,19.10532638302547,transient-slab
Li,1.5941590374560028e+18,78.06749657782365,8505898.72267762,8505898.72267762,93.66570734367087,20.252139815899096,transient-slab
Li,1.689849786812462e+18,78.06749657782365,9016472.513371723,9016472.513371723,99.28807093107176,21.467791698504104,transient-slab
Li,1.7912844546220096e+18,78.06749657782365,9557693.929230785,9557693.929230785,105.2479216651073,22.756414117216156,transient-slab
Li,1.898807824465269e+18,78.06749657782365,10131402.61996925,10131402.61996925,111.56551749821566,24.12238719040298,transient-slab
Li,2.0127853758499466e+18,78.06749657782365,10739548.661837175,10739548.661837175,118.26233238362511,25.57035395675518,transient-slab
Li,2.133604526501402e+18,78.06749657782365,11384199.18606668,11384199.18606668,125.36112926683286,27.10523615730162,transient-slab
Li,2.2616759492228552e+18,78.06749657782365,12067545.40519695,12067545.40519695,132.8860374584638,28.73225096475464,transient-slab
Li,2.3974349678010685e+18,78.06749657782365,12791910.061159492,12791910.061159492,140.86263465149125,30.45692871704641,transient-slab
Li,2.541343036702629e+18,78.06749657782365,13559755.32044189,13559755.32044189,149.31803386162082,32.28513171533784,transient-slab
Li,2.693889309590164e+18,78.06749657782365,14373691.143165056,14373691.143165056,158.28097558633942,34.223074150392996,transient-slab
Li,2.8555923019901005e+18,78.06749657782365,15236484.154521508,15236484.154521508,167.7819254958909,36.27734322505121,transient-slab
Li,3.0270016537634555e+18,78.06749657782365,16151067.048729273,16151067.048729273,177.85317798823482,38.4549215445935,transient-slab
Li,3.208699997370444e+18,78.06749657782365,17120548.55746612,17120548.55746612,188.52896595998018,40.76321085110981,transient-slab
Li,3.401304938279246e+18,78.06749657782365,18148224.016667467,18148224.016667467,199.84557716641183,43.21005718254158,transient-slab
Li,3.6054711542504986e+18,78.06749657782365,19237586.567605384,19237586.567605384,211.84147756612703,45.803777541917576,transient-slab
Li,3.821892620633115e+18,78.06749657782365,20392339.030321777,20392339.030321777,224.55744206953793,48.5531881674328,transient-slab
Li,4.051304969235378e+18,78.06749657782365,21616406.489774555,21616406.489774555,238.03669313566425,51.46763449946323,transient-slab
Li,4.294487988789272e+18,78.06749657782365,22913949.637477875,22913949.637477875,252.3250476883159,54.55702294637589,transient-slab
Li,4.5522682755073096e+18,78.06749657782365,24289378.91398564,24289378.91398564,267.47107285104414,57.83185455710867,transient-slab
Li,4.825522042741279e+18,78.06749657782365,25747369.500289623,25747369.500289623,283.5262510302156,61.303260714975295,transient-slab
Li,5.115178099293145e+18,78.06749657782365,27292877.20908894,27292877.20908894,300.54515490733746,64.98304097402128,transient-slab
Li,5.422221006501592e+18,78.06749657782365,28931155.329946525,28931155.329946525,318.5856329354464,68.88370316653935,transient-slab
Li,5.747694424835359e+18,78.06749657782365,30667772.485590328,30667772.485590328,337.7090059700745,73.01850591807222,transient-slab
Li,6.092704661368687e+18,78.06749657782365,32508631.560054235,32508631.560054235,357.9802757031567,77.40150371441484,transient-slab
Li,6.458424430196991e+18,78.06749657782365,34459989.762996696,34459989.762996696,379.4683456083604,82.04759467380165,transient-slab
Li,6.846096838574672e+18,78.06749657782365,36528479.89839705,36528479.89839705,402.24625514884565,86.97257118665965,transient-slab
Li,7.257039612324231e+18,78.06749657782365,38721132.90992349,38721132.90992349,426.39142804354503,92.19317359505592,transient-slab
Li,7.692649574879161e+18,78.06749657782365,41045401.779605746,41045401.779605746,451.98593543583746,97.7271470942994,transient-slab
Li,8.154407395185187e+18,78.06749657782365,43509186.861046106,43509186.861046106,479.1167748591464,103.59330205010978,transient-slab
Li,8.643882620598297e+18,78.06749657782365,46120862.73327766,46120862.73327766,507.87616594768275,109.8115779363754,transient-slab
Li,9.162739011886769e+18,78.06749657782365,48889306.66654836,48889306.66654836,538.3618638974774,116.40311111082943,transient-slab
Li,9.712740198471207e+18,78.06749657782365,51823928.7967879,51823928.7967879,570.6774917431788,123.39030665901882,transient-slab
Li,1.0295755673125085e+19,78.06749657782365,54934704.11132208,54934704.11132208,604.9328925800407,130.79691455076687,transient-slab
Li,1.0913767146512693e+19,78.06749657782365,58232206.354559116,58232206.354559116,641.2445029283604,138.6481103679979,transient-slab
Li,1.1568875283162786e+19,78.06749657782365,61727643.96888909,61727643.96888909,679.7357485093828,146.97058087830737,transient-slab
Li,1.2263306841775593e+19,78.06749657782365,65432898.19297067,65432898.19297067,720.5374637780399,155.79261474516827,transient-slab
Li,1.2999422244132422e+19,78.06749657782365,69360563.44689804,69360563.44689804,763.7883366384749,165.1441986830906,transient-slab
Li,1.377972359833554e+19,78.06749657782365,73523990.14152174,73523990.14152174,809.6353798539963,175.05711938457557,transient-slab
Li,1.460686320364986e+19,78.06749657782365,77937330.05743544,77937330.05743544,858.2344307538151,185.56507156532246,transient-slab
Li,1.548365256585496e+19,78.06749657782365,82615584.44787516,82615584.44787516,909.7506809351046,196.70377249494084,transient-slab
Li,1.6413071953751267e+19,78.06749657782365,87574655.02903552,87574655.02903552,964.3592377608734,208.51108340246552,transient-slab
Li,1.7398280529303622e+19,78.06749657782365,92831398.0311233,92831398.0311233,1022.2457195622279,221.02713816934119,transient-slab
Li,1.8442627085855328e+19,78.06749657782365,98403681.49387103,98403681.49387103,1083.606886568153,234.29447974731198,transient-slab
Li,1.9549661430912594e+19,78.06749657782365,104310446.00126274,104310446.00126274,1148.6513097073894,248.35820476491128,transient-slab
Li,2.0723146452190294e+19,78.06749657782365,110571769.06191303,110571769.06191303,1217.600079555713,263.26611681407866,transient-slab
Li,2.1967070907932353e+19,78.06749657782365,117208933.35393295,117208933.35393295,1290.6875578383722,279.0688889379356,transient-slab
Li,2.3285662984981967e+19,78.06749657782365,124244499.0662521,124244499.0662521,1368.1621740421026,295.82023587202883,transient-slab
Li,2.468340467068651e+19,78.06749657782365,131702380.58228977,131702380.58228977,1450.2872698444492,313.57709662449946,transient-slab
Li,2.6165046987488236e+19,78.06749657782365,139607927.7666288,139607927.7666288,1537.341994230679,332.3998280157829,transient-slab
Li,2.773562614198418e+19,78.06749657782365,147988012.13099062,147988012.13099062,1629.6222523408405,352.35240983569196,transient-slab
Li,2.9400480643347137e+19,78.06749657782365,156871118.17239654,156871118.17239654,1727.4417112721828,373.5026623152298,transient-slab
Li,3.1165269449294365e+19,78.06749657782365,166287440.1939794,166287440.1939794,1831.1328662557094,395.92247665233197,transient-slab
Li,3.303599120128346e+19,78.06749657782365,176268984.93754667,176268984.93754667,1941.0481708308873,419.68805937511115,transient-slab
Li,3.50190046143172e+19,78.06749657782365,186849680.37675053,186849680.37675053,2057.561234860058,444.88019137321555,transient-slab
Li,3.712105009066372e+19,78.06749657782365,198065491.04065964,198065491.04065964,2181.0680944546702,471.5845024777611,transient-slab
Li,3.934927263095861e+19,78.06749657782365,209954540.25972718,209954540.25972718,2311.9885581299213,499.89176252315997,transient-slab
Li,4.171124612056533e+19,78.06749657782365,222557239.74967614,222557239.74967614,2450.7676337634707,529.8981898801812,transient-slab
Li,4.421499907374468e+19,78.06749657782365,235916426.9737653,235916426.9737653,2597.877041208536,561.705778508965,transient-slab
Li,4.6869041923142115e+19,78.06749657782365,250077510.75035456,250077510.75035456,2753.8168157030136,595.4226446437013,transient-slab
Li,4.9682395947343675e+19,78.06749657782365,265088625.60065472,265088625.60065472,2919.11700752423,631.1633942872731,transient-slab
Li,5.266462393484259e+19,78.06749657782365,281000795.36138386,281000795.36138386,3094.3394836674775,669.0495127651997,transient-slab
Li,5.582586268862678e+19,78.06749657782365,297868106.61836,297868106.61836,3280.0798376712687,709.2097776627619,transient-slab
Li,5.917685748188806e+19,78.06749657782365,315747892.550626,315747892.550626,3476.9694140818274,751.7806965491095,transient-slab
Li,6.272899858196231e+19,78.06749657782365,334700927.8099616,334700927.8099616,3685.6774544376576,796.906970976099,transient-slab
Li,6.649435996665032e+19,78.06749657782365,354791635.0982057,354791635.0982057,3906.913372068668,844.7419883290612,transient-slab
Li,7.048574036451889e+19,78.06749657782365,376088304.14455724,376088304.14455724,4141.42916344205,895.4483432013268,transient-slab
Li,7.471670675868067e+19,78.06749657782365,398663323.82717514,398663323.82717514,4390.021964251235,949.1983900647027,transient-slab
Li,7.920164050192541e+19,78.06749657782365,422593428.2280744,422593428.2280744,4653.536758936273,1006.1748291144629,transient-slab
Li,8.395578619995103e+19,78.06749657782365,447959957.45767486,447959957.45767486,4932.86925284545,1066.5713272801781,transient-slab
Li,8.899530352885224e+19,78.06749657782365,474849134.1355667,474849134.1355667,5228.968916800871,1130.593176513254,transient-slab
Li,9.433732216299774e+19,78.06749657782365,503352356.4672674,503352356.4672674,5542.842214416649,1198.4579915887318,transient-slab
Li,1e+20,78.06749657782365,533566508.9131595,533566508.9131595,5875.556023139627,1270.3964497932368,transient-slab
Li,1e+18,82.03065934129528,5747083.220248171,5747083.220248171,63.286036260026236,13.68353147678136,transient-slab
Li,1.0600258488068824e+18,82.03065934129528,6092056.768707359,6092056.768707359,67.08483430415745,14.504897068350855,transient-slab
Li,1.1236548001387516e+18,82.03065934129528,6457737.647228731,6457737.647228731,71.11165842533356,15.375565826735073,transient-slab
Li,1.191103133283008e+18,82.03065934129528,6845368.830875796,6845368.830875796,75.38019608237931,16.298497216370944,transient-slab
Li,1.2626001098748577e+18,82.03065934129528,7256267.905345291,7256267.905345291,79.90495633545335,17.276828346060217,transient-slab
Li,1.3383887531737592e+18,82.03065934129528,7691831.545533783,7691831.545533783,84.70131916336584,18.313884632223292,transient-slab
Li,1.418726674116599e+18,82.03065934129528,8153540.262934001,8153540.262934001,89.78558774120951,19.413191102223813,transient-slab
Li,1.5038869469554132e+18,82.03065934129528,8642963.437997706,8642963.437997706,95.17504385600043,20.578484376185017,transient-slab
Li,1.5941590374560028e+18,82.03065934129528,9161764.65457037,9161764.65457037,100.88800664868913,21.813725368024695,transient-slab
Li,1.689849786812462e+18,82.03065934129528,9711707.35452985,9711707.35452985,106.94389488221108,23.123112748880597,transient-slab
Li,1.7912844546220096e+18,82.03065934129528,10294660.831849547,10294660.831849547,113.36329294722982,24.5110972186894,transient-slab
Li,1.898807824465269e+18,82.03065934129528,10912606.58646028,10912606.58646028,120.16802082993053,25.98239663442924,transient-slab
Li,2.0127853758499466e+18,82.03065934129528,11567645.059508136,11567645.059508136,127.38120827969026,27.542012046447944,transient-slab
Li,2.133604526501402e+18,82.03065934129528,12262002.772901751,12262002.772901751,135.02737342872385,29.19524469738512,transient-slab
Li,2.2616759492228552e+18,82.03065934129528,12998039.897417527,12998039.897417527,143.1325061309469,30.947714041470302,transient-slab
Li,2.3974349678010685e+18,82.03065934129528,13778258.275085736,13778258.275085736,151.72415630331326,32.80537684544223,transient-slab
Li,2.541343036702629e+18,82.03065934129528,14605309.923128212,14605309.923128212,160.83152756992777,34.77454743601955,transient-slab
Li,2.693889309590164e+18,82.03065934129528,15482006.04835156,15482006.04835156,170.48557652722013,36.86191916274181,transient-slab
Li,2.8555923019901005e+18,82.03065934129528,16411326.602637153,16411326.602637153,180.71911796759727,39.07458714913608,transient-slab
Li,3.0270016537634555e+18,82.03065934129528,17396430.412007418,17396430.412007418,191.56693641923343,41.42007240954147,transient-slab
Li,3.208699997370444e+18,82.03065934129528,18440665.91369803,18440665.91369803,203.06590438113201,43.906347413566735,transient-slab
Li,3.401304938279246e+18,82.03065934129528,19547582.537731893,19547582.537731893,215.25510765534665,46.54186318507594,transient-slab
Li,3.6054711542504986e+18,82.03065934129528,20720942.771681845,20720942.771681845,228.1759782023757,49.335578027813916,transient-slab
Li,3.821892620633115e+18,82.03065934129528,21964734.949630886,21964734.949630886,241.87243497131402,52.29698797531163,transient-slab
Li,4.051304969235378e+18,82.03065934129528,23283186.808800675,23283186.808800675,256.3910331834546,55.43615906857303,transient-slab
Li,4.294487988789272e+18,82.03065934129528,24680779.859928142,24680779.859928142,271.78112257676503,58.76376157125748,transient-slab
Li,4.5522682755073096e+18,82.03065934129528,26162264.62023614,26162264.62023614,288.09501514912273,62.29110623865748,transient-slab
Li,4.825522042741279e+18,82.03065934129528,27732676.760776076,27732676.760776076,305.3881629704804,66.03018276375256,transient-slab
Li,5.115178099293145e+18,82.03065934129528,29397354.223028563,29397354.223028563,323.71934666835807,69.9937005310204,transient-slab
Li,5.422221006501592e+18,82.03065934129528,31161955.36294245,31161955.36294245,343.1508752273357,74.19513181652964,transient-slab
Li,5.747694424835359e+18,82.03065934129528,33032478.184085254,33032478.184085254,363.7487977816812,78.64875758115537,transient-slab
Li,6.092704661368687e+18,82.03065934129528,35015280.72527979,35015280.72527979,385.58312812100957,83.36971601257093,transient-slab
Li,6.458424430196991e+18,82.03065934129528,37117102.67202598,37117102.67202598,408.72808267208603,88.37405398101424,transient-slab
Li,6.846096838574672e+18,82.03065934129528,39345088.26516654,39345088.26516654,433.26233276568763,93.67878158372986,transient-slab
Li,7.257039612324231e+18,82.03065934129528,41706810.584664874,41706810.584664874,459.269272045998,99.3019299634878,transient-slab
Li,7.692649574879161e+18,82.03065934129528,44210297.29103725,44210297.29103725,486.83729993147796,105.26261259770773,transient-slab
Li,8.154407395185187e+18,82.03065934129528,46864057.91193639,46864057.91193639,516.0601220907159,111.5810902665152,transient-slab
Li,8.643882620598297e+18,82.03065934129528,49677112.766635254,49677112.766635254,547.0370689545944,118.27883992056013,transient-slab
Li,9.162739011886769e+18,82.03065934129528,52659023.62672775,52659023.62672775,579.873433347423,125.37862768268512,transient-slab
Li,9.712740198471207e+18,82.03065934129528,55819926.21726376,55819926.21726376,614.6808283846632,132.9045862315804,transient-slab
Li,1.0295755673125085e+19,82.03065934129528,59170564.66879209,59170564.66879209,651.577566853765,140.88229683045736,transient-slab
Li,1.0913767146512693e+19,82.03065934129528,62722328.03741886,62722328.03741886,690.6890633676853,149.3388762795687,transient-slab
Li,1.1568875283162786e+19,82.03065934129528,66487289.017008655,66487289.017008655,732.1482606579614,158.30306908811585,transient-slab
Li,1.2263306841775593e+19,82.03065934129528,70478244.9751231,70478244.9751231,776.0960814564381,167.80534517886454,transient-slab
Li,1.2999422244132422e+19,82.03065934129528,74708761.45217426,74708761.45217426,822.6819075015561,177.87800345755778,transient-slab
Li,1.377972359833554e+19,82.03065934129528,79193218.27165192,79193218.27165192,872.0640872974021,188.55528159917125,transient-slab
Li,1.460686320364986e+19,82.03065934129528,83946858.41815655,83946858.41815655,924.410474351428,199.87347242418227,transient-slab
Li,1.548365256585496e+19,82.03065934129528,88985839.84937757,88985839.84937757,979.8989977203452,211.87104726042278,transient-slab
Li,1.6413071953751267e+19,82.03065934129528,94327290.41812976,94327290.41812976,1038.7182668035223,224.58878670983276,transient-slab
Li,1.7398280529303622e+19,82.03065934129528,99989366.09113133,99989366.09113133,1101.0682124396176,238.06991926459838,transient-slab
Li,1.8442627085855328e+19,82.03065934129528,105991312.66241357,105991312.66241357,1167.1607664855821,252.36026824384186,transient-slab
Li,1.9549661430912594e+19,82.03065934129528,112353531.17113061,112353531.17113061,1237.2205821879709,267.508407550311,transient-slab
Li,2.0723146452190294e+19,82.03065934129528,119097647.24612825,119097647.24612825,1311.485797795149,283.56582677649584,transient-slab
Li,2.1967070907932353e+19,82.03065934129528,126246584.61297977,126246584.61297977,1390.2088460059742,300.5871062213804,transient-slab
Li,2.3285662984981967e+19,82.03065934129528,133824643.0133438,133824643.0133438,1473.6573120063194,318.6301024127233,transient-slab
Li,2.468340467068651e+19,82.03065934129528,141857580.8014978,141857580.8014978,1562.1148430099677,337.75614476547094,transient-slab
Li,2.6165046987488236e+19,82.03065934129528,150372702.49879858,150372702.49879858,1655.8821123954706,358.03024404475855,transient-slab
Li,2.773562614198418e+19,82.03065934129528,159398951.6036738,159398951.6036738,1755.2778417161423,379.5213133420805,transient-slab
Li,2.9400480643347137e+19,82.03065934129528,168967008.97261146,168967008.97261146,1860.6398840570662,402.3024023157416,transient-slab
Li,3.1165269449294365e+19,82.03065934129528,179109397.10655257,179109397.10655257,1972.3263724215308,426.4509454917918,transient-slab
Li,3.303599120128346e+19,82.03065934129528,189860590.69716236,189860590.69716236,2090.7169370503325,452.0490254694342,transient-slab
Li,3.50190046143172e+19,82.03065934129528,201257133.80873564,201257133.80873564,2216.2139958117045,479.18365192556104,transient-slab
Li,3.712105009066372e+19,82.03065934129528,213337764.09404534,213337764.09404534,2349.2441220479946,507.94705736677463,transient-slab
Li,3.934927263095861e+19,82.03065934129528,226143544.46635285,226143544.46635285,2490.259494528505,538.4370106341734,transient-slab
Li,4.171124612056533e+19,82.03065934129528,239718002.67514262,239718002.67514262,2639.739434436976,570.75714922653,transient-slab
Li,4.421499907374468e+19,82.03065934129528,254107279.26000652,254107279.26000652,2798.1920346180327,605.0173315714441,transient-slab
Li,4.6869041923142115e+19,82.03065934129528,269360284.3855982,269360284.3855982,2966.155886620663,641.3340104419004,transient-slab
Li,4.9682395947343675e+19,82.03065934129528,285528864.0907045,285528864.0907045,3144.201911408572,679.8306287873917,transient-slab
Li,5.266462393484259e+19,82.03065934129528,302667976.516614,302667976.516614,3332.9352999610937,720.6380393252715,transient-slab
Li,5.582586268862678e+19,82.03065934129528,320835878.7136854,320835878.7136854,3532.99757035968,763.8949493182986,transient-slab
Li,5.917685748188806e+19,82.03065934129528,340094324.6611763,340094324.6611763,3745.0687483531733,809.7483920504199,transient-slab
Li,6.272899858196231e+19,82.03065934129528,360508775.1733669,360508775.1733669,3969.869678813201,858.3542266032546,transient-slab
Li,6.649435996665032e+19,82.03065934129528,382148620.40547776,382148620.40547776,4208.164475936669,909.8776676320899,transient-slab
Li,7.048574036451889e+19,82.03065934129528,405087415.71569574,405087415.71569574,4460.763120523738,964.4938469421327,transient-slab
Li,7.471670675868067e+19,82.03065934129528,429403131.68501675,429403131.68501675,4728.524213159612,1022.3884087738495,transient-slab
Li,7.920164050192541e+19,82.03065934129528,455178419.14474344,455178419.14474344,5012.357892658414,1083.7581408208177,transient-slab
Li,8.395578619995103e+19,82.03065934129528,482500890.11248153,482500890.11248153,5313.228929689111,1148.8116431249562,transient-slab
Li,8.899530352885224e+19,82.03065934129528,511463415.5915595,511463415.5915595,5632.160006098984,1217.7700371227609,transient-slab
Li,9.433732216299774e+19,82.03065934129528,542164441.2461102,542164441.2461102,5970.235191081251,1290.8677172526434,transient-slab
Li,1e+20,82.03065934129528,574708322.024817,574708322.024817,6328.603626002623,1368.3531476781357,transient-slab
Li,1e+18,86.19501542821503,6190224.646546117,6190224.646546117,68.16584455551157,14.738630110824088,transient-slab
Li,1.0600258488068824e+18,86.19501542821503,6561798.135260331,6561798.135260331,72.25755723459415,15.623328893476979,transient-slab
Li,1.1236548001387516e+18,86.19501542821503,6955675.638028752,6955675.638028752,76.59487844031257,16.56113247149703,transient-slab
Li,1.191103133283008e+18,86.19501542821503,7373195.97222678,7373195.97222678,81.19255103295228,17.555228505301855,transient-slab
Li,1.2626001098748577e+18,86.19501542821503,7815778.3188791815,7815778.3188791815,86.0662028255014,18.608995997331384,transient-slab
Li,1.3383887531737592e+18,86.19501542821503,8284927.046556332,8284927.046556332,91.2323997036874,19.726016777515078,transient-slab
Li,1.418726674116599e+18,86.19501542821503,8782236.824828973,8782236.824828973,96.70870193459001,20.91008767816422,transient-slab
Li,1.5038869469554132e+18,86.19501542821503,9309398.044662392,9309398.044662392,102.51372385522556,22.16523343967236,transient-slab
Li,1.5941590374560028e+18,86.19501542821503,9868202.564174384,9868202.564174384,108.66719714398984,23.49572039089139,transient-slab
Li,1.689849786812462e+18,86.19501542821503,10460549.799287204,10460549.799287204,115.19003789002265,24.90607095068382,transient-slab
Li,1.7912844546220096e+18,86.19501542821503,11088453.179976083,11088453.179976083,122.10441768846822,26.401078999943056,transient-slab
Li,1.898807824465269e+18,86.19501542821503,11754046.994059522,11754046.994059522,129.43383900328863,27.985826176332193,transient-slab
Li,2.0127853758499466e+18,86.19501542821503,12459593.641793929,12459593.641793929,137.2032150537944,29.6656991471284,transient-slab
Li,2.133604526501402e+18,86.19501542821503,13207491.325931337,13207491.325931337,145.43895449643043,31.446407918884137,transient-slab
Li,2.2616759492228552e+18,86.19501542821503,14000282.203379903,14000282.203379903,154.16905118966423,33.334005246142624,transient-slab
Li,2.3974349678010685e+18,86.19501542821503,14840661.02617367,14840661.02617367,163.42317934707552,35.334907205175405,transient-slab
Li,2.541343036702629e+18,86.19501542821503,15731484.301124968,15731484.301124968,173.23279440210314,37.455915002678495,transient-slab
Li,2.693889309590164e+18,86.19501542821503,16675779.999292137,16675779.999292137,183.6312399272775,39.70423809355271,transient-slab
Li,2.8555923019901005e+18,86.19501542821503,17676757.848266482,17676757.848266482,194.65386097137264,42.08751868634877,transient-slab
Li,3.0270016537634555e+18,86.19501542821503,18737820.242262397,18737820.242262397,206.33812419971616,44.613857719672374,transient-slab
Li,3.208699997370444e+18,86.19501542821503,19862573.80709498,19862573.80709498,218.723745246024,47.29184239784519,transient-slab
Li,3.401304938279246e+18,86.19501542821503,21054841.659355205,21054841.659355205,231.8528237086369,50.13057537941715,transient-slab
Li,3.6054711542504986e+18,86.19501542821503,22318676.401452515,22318676.401452515,245.76998625002037,53.139705717744086,transient-slab
Li,3.821892620633115e+18,86.19501542821503,23658373.896695837,23658373.896695837,260.52253828593365,56.32946165879961,transient-slab
Li,4.051304969235378e+18,86.19501542821503,25078487.871235594,25078487.871235594,276.1606247798703,59.7106854077038,transient-slab
Li,4.294487988789272e+18,86.19501542821503,26583845.392499615,26583845.392499615,292.737400689321,63.29486998214194,transient-slab
Li,4.5522682755073096e+18,86.19501542821503,28179563.276735336,28179563.276735336,310.3092116432179,67.09419827794129,transient-slab
Li,4.825522042741279e+18,86.19501542821503,29871065.481428627,29871065.481428627,328.9357854646966,71.12158447959197,transient-slab
Li,5.115178099293145e+18,86.19501542821503,31664101.541717347,31664101.541717347,348.68043519017357,75.39071795646987,transient-slab
Li,5.422221006501592e+18,86.19501542821503,33564766.11346625,33564766.11346625,369.61027427481696,79.91610979396727,transient-slab
Li,5.747694424835359e+18,86.19501542821503,35579519.68943155,35579519.68943155,391.79644471590757,84.71314211769416,transient-slab
Li,6.092704661368687e+18,86.19501542821503,37715210.55893086,37715210.55893086,415.3143588694986,89.79812037840681,transient-slab
Li,6.458424430196991e+18,86.19501542821503,39979098.08566098,39979098.08566098,440.2439557823265,95.1883287753833,transient-slab
Li,6.846096838574672e+18,86.19501542821503,42378877.382786386,42378877.382786386,466.66997291026024,100.90208900663426,transient-slab
Li,7.257039612324231e+18,86.19501542821503,44922705.469170935,44922705.469170935,494.6822341468835,106.95882254564508,transient-slab
Li,7.692649574879161e+18,86.19501542821503,47619228.99565949,47619228.99565949,524.3759551412351,113.37911665633213,transient-slab
Li,8.154407395185187e+18,86.19501542821503,50477613.63565327,50477613.63565327,555.8520669425075,120.18479437060303,transient-slab
Li,8.643882620598297e+18,86.19501542821503,53507575.23987921,53507575.23987921,589.2175590717914,127.3989886663791,transient-slab
Li,9.162739011886769e+18,86.19501542821503,56719412.86125109,56719412.86125109,624.5858431869951,135.0462210982169,transient-slab
Li,9.712740198471207e+18,86.19501542821503,60124043.76207569,60124043.76207569,662.0771385770569,143.15248514779927,transient-slab
Li,1.0295755673125085e+19,86.19501542821503,63733040.52259592,63733040.52259592,701.818880795771,151.74533457760936,transient-slab
Li,1.0913767146512693e+19,86.19501542821503,67558670.37700815,67558670.37700815,743.9461548242332,160.85397708811465,transient-slab
Li,1.1568875283162786e+19,86.19501542821503,71613936.91065247,71613936.91065247,788.6021542341743,170.50937359679162,transient-slab
Li,1.2263306841775593e+19,86.19501542821503,75912624.2601169,75912624.2601169,835.9386679130165,180.74434347646883,transient-slab
Li,1.2999422244132422e+19,86.19501542821503,80469343.96648835,80469343.96648835,886.11659600499,191.59367611068654,transient-slab
Li,1.377972359833554e+19,86.19501542821503,85299584.64100981,85299584.64100981,939.3064968220549,203.09424914526147,transient-slab
Li,1.460686320364986e+19,86.19501542821503,90419764.61196093,90419764.61196093,995.6891665836181,215.28515383800223,transient-slab
Li,1.548365256585496e+19,86.19501542821503,95847287.7317124,95847287.7317124,1055.456253955617,228.20782793264857,transient-slab
Li,1.6413071953751267e+19,86.19501542821503,101600602.53364593,101600602.53364593,1118.8109114778354,241.90619650868078,transient-slab
Li,1.7398280529303622e+19,86.19501542821503,107699264.9400187,107699264.9400187,1185.968486093694,256.4268212857588,transient-slab
Li,1.8442627085855328e+19,86.19501542821503,114164004.73392065,114164004.73392065,1257.1572511296818,271.8190588902873,transient-slab
Li,1.9549661430912594e+19,86.19501542821503,121016796.02126716,121016796.02126716,1332.6191822124676,288.1352286220647,transient-slab
Li,2.0723146452190294e+19,86.19501542821503,128280931.92233309,128280931.92233309,1412.6107797611048,305.4307902912693,transient-slab
Li,2.1967070907932353e+19,86.19501542821503,135981103.74670905,135981103.74670905,1497.4039408500173,323.76453273025965,transient-slab
Li,2.3285662984981967e+19,86.19501542821503,144143484.920802,144143484.920802,1587.2868834063102,343.1987736209571,transient-slab
Li,2.468340467068651e+19,86.19501542821503,152795819.95315516,152795819.95315516,1682.5651258828045,363.7995713170361,transient-slab
Li,2.6165046987488236e+19,86.19501542821503,161967518.73998693,161967518.73998693,1783.5625257367794,385.6369493809213,transient-slab
Li,2.773562614198418e+19,86.19501542821503,171689756.53149924,171689756.53149924,1890.6223802442764,408.7851345988077,transient-slab
Li,2.9400480643347137e+19,86.19501542821503,181995579.8987495,181995579.8987495,2004.1085933917277,433.3228092827369,transient-slab
Li,3.1165269449294365e+19,86.19501542821503,192920019.06127274,192920019.06127274,2124.4069128112333,459.33337871731607,transient-slab
Li,3.303599120128346e+19,86.19501542821503,204500206.95726556,204500206.95726556,2251.9262409639364,486.9052546601561,transient-slab
Li,3.50190046143172e+19,86.19501542821503,216775505.46105856,216775505.46105856,2387.100025028289,516.1321558596633,transient-slab
Li,3.712105009066372e+19,86.19501542821503,229787639.17689952,229787639.17689952,2530.3877302175415,547.1134266116655,transient-slab
Li,3.934927263095861e+19,86.19501542821503,243580837.2638226,243580837.2638226,2682.2764015343705,579.9543744376729,transient-slab
Li,4.171124612056533e+19,86.19501542821503,258201983.77367464,258201983.77367464,2843.282319271141,614.7666280325586,transient-slab
Li,4.421499907374468e+19,86.19501542821503,273700777.0133081,273700777.0133081,3013.952753882968,651.6685166983527,transient-slab
Li,4.6869041923142115e+19,86.19501542821503,290129898.47263753,290129898.47263753,3194.86782619866,690.7854725538989,transient-slab
Li,4.9682395947343675e+19,86.19501542821503,307545191.89270973,307545191.89270973,3386.6424792920066,732.2504568874041,transient-slab
Li,5.266462393484259e+19,86.19501542821503,326005853.08254516,326005853.08254516,3589.9285687169545,776.204412101298,transient-slab
Li,5.582586268862678e+19,86.19501542821503,345574631.12983674,345574631.12983674,3805.4170782102656,822.7967407853256,transient-slab
Li,5.917685748188806e+19,86.19501542821503,366318041.68953043,366318041.68953043,4033.8404683940425,872.185813546501,transient-slab
Li,6.272899858196231e+19,86.19501542821503,388306593.0752195,388306593.0752195,4275.9751664609485,924.5395073219513,transient-slab
Li,6.649435996665032e+19,86.19501542821503,411615025.92186826,411615025.92186826,4532.644205304917,980.0357760044482,transient-slab
Li,7.048574036451889e+19,86.19501542821503,436322567.23449534,436322567.23449534,4804.720021067942,1038.8632553202272,transient-slab
Li,7.471670675868067e+19,86.19501542821503,462513199.6863439,462513199.6863439,5093.127418611967,1101.2219040151044,transient-slab
Li,7.920164050192541e+19,86.19501542821503,490275947.0819039,490275947.0819039,5398.846714995757,1167.3236835283426,transient-slab
Li,8.395578619995103e+19,86.19501542821503,519705176.95509326,519705176.95509326,5722.917071641626,1237.3932784645078,transient-slab
Li,8.899530352885224e+19,86.19501542821503,550900921.3311539,550900921.3311539,6066.440026518312,1311.6688603122711,transient-slab
Li,9.433732216299774e+19,86.19501542821503,583969216.7425498,583969216.7425498,6430.583238346119,1390.4028970060708,transient-slab
Li,1e+20,86.19501542821503,619022464.6546116,619022464.6546116,6816.584455551156,1473.8630110824085,transient-slab
Li,1e+18,90.57077858851346,6667535.462110869,6667535.462110869,73.4219211466261,15.875084433597308,transient-slab
Li,1.0600258488068824e+18,90.57077858851346,7067759.937674064,7067759.937674064,77.82913428448434,16.827999851604915,transient-slab
Li,1.1236548001387516e+18,90.57077858851346,7492008.227096228,7492008.227096228,82.50089413181534,17.83811482641959,transient-slab
Li,1.191103133283008e+18,90.57077858851346,7941722.3801958235,7941722.3801958235,87.45308032940429,18.908862809990058,transient-slab
Li,1.2626001098748577e+18,90.57077858851346,8418431.007055694,8418431.007055694,92.70252570695328,20.043883350132603,transient-slab
Li,1.3383887531737592e+18,90.57077858851346,8923754.47387639,8923754.47387639,98.26707349905499,21.247034461610454,transient-slab
Li,1.418726674116599e+18,90.57077858851346,9459410.410715034,9459410.410715034,104.16563799560404,22.5224057397977,transient-slab
Li,1.5038869469554132e+18,90.57077858851346,10027219.549830865,10027219.549830865,110.41826883280062,23.874332261502058,transient-slab
Li,1.5941590374560028e+18,90.57077858851346,10629111.914482426,10629111.914482426,117.04621914327599,25.307409320196253,transient-slab
Li,1.689849786812462e+18,90.57077858851346,11267133.379212582,11267133.379212582,124.07201779698752,26.826508045744244,transient-slab
Li,1.7912844546220096e+18,90.57077858851346,11943452.623920176,11943452.623920176,131.51954597843434,28.436791961714704,transient-slab
Li,1.898807824465269e+18,90.57077858851346,12660368.505355772,12660368.505355772,139.41411836048565,30.143734536561364,transient-slab
Li,2.0127853758499466e+18,90.57077858851346,13420317.871097673,13420317.871097673,147.78256915073698,31.953137788327794,transient-slab
Li,2.133604526501402e+18,90.57077858851346,14225883.842568368,14225883.842568368,156.65334330287047,33.87115200611516,transient-slab
Li,2.2616759492228552e+18,90.57077858851346,15079804.595246647,15079804.595246647,166.0565932030612,35.90429665534916,transient-slab
Li,2.3974349678010685e+18,90.57077858851346,15984982.665918253,15984982.665918253,176.02428116005416,38.0594825379006,transient-slab
Li,2.541343036702629e+18,90.57077858851346,16944494.8186033,16944494.8186033,186.59028804730772,40.34403528238881,transient-slab
Li,2.693889309590164e+18,90.57077858851346,17961602.502693787,17961602.502693787,197.7905284664681,42.76572024450902,transient-slab
Li,2.8555923019901005e+18,90.57077858851346,19039762.938849807,19039762.938849807,209.6630728236297,45.33276890202335,transient-slab
Li,3.0270016537634555e+18,90.57077858851346,20182640.87033609,20182640.87033609,222.2482767333273,48.05390683413355,transient-slab
Li,3.208699997370444e+18,90.57077858851346,21394121.019742485,21394121.019742485,235.58891819011214,50.93838338033925,transient-slab
Li,3.401304938279246e+18,90.57077858851346,22678321.29342969,22678321.29342969,249.73034297396876,53.99600307959451,transient-slab
Li,3.6054711542504986e+18,90.57077858851346,24039606.77858301,24039606.77858301,264.72061878381515,57.23715899662621,transient-slab
Li,3.821892620633115e+18,90.57077858851346,25482604.58045114,25482604.58045114,280.6106986229968,60.67286804869318,transient-slab
Li,4.051304969235378e+18,90.57077858851346,27012219.550202865,27012219.550202865,297.45459399213445,64.31480845286397,transient-slab
Li,4.294487988789272e+18,90.57077858851346,28633650.956861656,28633650.956861656,315.30955847801886,68.17535942109919,transient-slab
Li,4.5522682755073096e+18,90.57077858851346,30352410.15998728,30352410.15998728,334.2362823625853,72.26764323806495,transient-slab
Li,4.825522042741279e+18,90.57077858851346,32174339.343175158,32174339.343175158,354.2990989134563,76.60556986470276,transient-slab
Li,5.115178099293145e+18,90.57077858851346,34105631.37204991,34105631.37204991,375.5662030572501,81.20388421916645,transient-slab
Li,5.422221006501592e+18,90.57077858851346,36152850.844251856,36152850.844251856,398.1098831789396,86.07821629583776,transient-slab
Li,5.747694424835359e+18,90.57077858851346,38322956.40296669,38322956.40296669,422.0067668351642,91.24513429277785,transient-slab
Li,6.092704661368687e+18,90.57077858851346,40623324.38984392,40623324.38984392,447.3380812166931,96.72220092819981,transient-slab
Li,6.458424430196991e+18,90.57077858851346,43061773.91770162,43061773.91770162,474.18992924536707,102.52803313738481,transient-slab
Li,6.846096838574672e+18,90.57077858851346,45646593.44824173,45646593.44824173,502.65358224399586,108.68236535295651,transient-slab
Li,7.257039612324231e+18,90.57077858851346,48386568.965115115,48386568.965115115,532.8257901740117,115.20611658360743,transient-slab
Li,7.692649574879161e+18,90.57077858851346,51291013.83809891,51291013.83809891,564.8091104954046,122.12146151928313,transient-slab
Li,8.154407395185187e+18,90.57077858851346,54369800.47989635,54369800.47989635,598.7122567667516,129.45190590451514,transient-slab
Li,8.643882620598297e+18,90.57077858851346,57633393.90316297,57633393.90316297,634.65046817026,137.2223664361023,transient-slab
Li,9.162739011886769e+18,90.57077858851346,61092887.29182174,61092887.29182174,672.7459012178651,145.45925545671844,transient-slab
Li,9.712740198471207e+18,90.57077858851346,64760039.707576536,64760039.707576536,713.1280449698186,154.19057073232509,transient-slab
Li,1.0295755673125085e+19,90.57077858851346,68647316.05979067,68647316.05979067,755.9341611771185,163.44599061854922,transient-slab
Li,1.0913767146512693e+19,90.57077858851346,72767929.47459392,72767929.47459392,801.3097508438935,173.25697493950932,transient-slab
Li,1.1568875283162786e+19,90.57077858851346,77135886.2072258,77135886.2072258,849.40904879553,183.6568719219662,transient-slab
Li,1.2263306841775593e+19,90.57077858851346,81766033.25028561,81766033.25028561,900.395547933728,194.68103154829907,transient-slab
Li,1.2999422244132422e+19,90.57077858851346,86674108.79970577,86674108.79970577,954.4425549603881,206.36692571358518,transient-slab
Li,1.377972359833554e+19,90.57077858851346,91876795.7499882,91876795.7499882,1011.7337794592949,218.75427559521,transient-slab
Li,1.460686320364986e+19,90.57077858851346,97391778.40053782,97391778.40053782,1072.4639583379344,231.8851866679472,transient-slab
Li,1.548365256585496e+19,90.57077858851346,103237802.56584188,103237802.56584188,1136.8395177519578,245.80429182343306,transient-slab
Li,1.6413071953751267e+19,90.57077858851346,109434739.29381391,109434739.29381391,1205.0792747622263,260.5589030805093,transient-slab
Li,1.7398280529303622e+19,90.57077858851346,116003652.40888494,116003652.40888494,1277.4151811094107,276.199172402107,transient-slab
Li,1.8442627085855328e+19,90.57077858851346,122966870.10942684,122966870.10942684,1354.0931116343008,292.778262165302,transient-slab
Li,1.9549661430912594e+19,90.57077858851346,130348060.86287083,130348060.86287083,1435.3737000237022,310.3525258639782,transient-slab
Li,2.0723146452190294e+19,90.57077858851346,138172313.8564958,138172313.8564958,1521.5332247227,328.98169965832335,transient-slab
Li,2.1967070907932353e+19,90.57077858851346,146466224.27734298,146466224.27734298,1612.8645480245539,348.7291054222452,transient-slab
Li,2.3285662984981967e+19,90.57077858851346,155257983.71112967,155257983.71112967,1709.678111530256,369.66186597888014,transient-slab
Li,2.468340467068651e+19,90.57077858851346,164577475.96743536,164577475.96743536,1812.3029913614075,391.85113325579846,transient-slab
Li,2.6165046987488236e+19,90.57077858851346,174456378.65687498,174456378.65687498,1921.0880167131284,415.37233013541663,transient-slab
Li,2.773562614198418e+19,90.57077858851346,184928270.8655288,184928270.8655288,2036.4029555490642,440.3054068226876,transient-slab
Li,2.9400480643347137e+19,90.57077858851346,196028747.2926212,196028747.2926212,2158.6397714687405,466.73511260147905,transient-slab
Li,3.1165269449294365e+19,90.57077858851346,207795539.23941064,207795539.23941064,2288.2139560194464,494.7512839033587,transient-slab
Li,3.303599120128346e+19,90.57077858851346,220268642.8605401,220268642.8605401,2425.565940981268,524.4491496679526,transient-slab
Li,3.50190046143172e+19,90.57077858851346,233490455.11378407,233490455.11378407,2571.162595425733,555.9296550328193,transient-slab
Li,3.712105009066372e+19,90.57077858851346,247505917.87029424,247505917.87029424,2725.4988126366698,589.2998044530816,transient-slab
Li,3.934927263095861e+19,90.57077858851346,262362670.6751852,262362670.6751852,2889.0991922873363,624.6730254171077,transient-slab
Li,4.171124612056533e+19,90.57077858851346,278111212.67770374,278111212.67770374,3062.5198235916614,662.1695539945327,transient-slab
Li,4.421499907374468e+19,90.57077858851346,294805074.28139186,294805074.28139186,3246.350175490628,701.9168435271235,transient-slab
Li,4.6869041923142115e+19,90.57077858851346,312500999.0977111,312500999.0977111,3441.215100298854,744.0499978516931,transient-slab
Li,4.9682395947343675e+19,90.57077858851346,331259136.82154727,331259136.82154727,3647.7769576213236,788.7122305274936,transient-slab
Li,5.266462393484259e+19,90.57077858851346,351143247.68429583,351143247.68429583,3866.737865760731,836.0553516292758,transient-slab
Li,5.582586268862678e+19,90.57077858851346,372220919.17935103,372220919.17935103,4098.8420882667315,886.2402837603596,transient-slab
Li,5.917685748188806e+19,90.57077858851346,394563795.79676956,394563795.79676956,4344.878563740316,939.4376090399276,transient-slab
Li,6.272899858196231e+19,90.57077858851346,418247822.5479361,418247822.5479361,4605.683587491657,995.8281489236574,transient-slab
Li,6.649435996665032e+19,90.57077858851346,443353503.10800624,443353503.10800624,4882.143654166771,1055.6035788285863,transient-slab
Li,7.048574036451889e+19,90.57077858851346,469966173.4535692,469966173.4535692,5175.198471005267,1118.9670796513553,transient-slab
Li,7.471670675868067e+19,90.57077858851346,498176291.92564225,498176291.92564225,5485.844151971439,1186.1340283943864,transient-slab
Li,7.920164050192541e+19,90.57077858851346,528079746.7039442,528079746.7039442,5815.136603615796,1257.3327302474863,transient-slab
Li,8.395578619995103e+19,90.57077858851346,559778181.7375718,559778181.7375718,6164.195114175805,1332.8051946132664,transient-slab
Li,8.899530352885224e+19,90.57077858851346,593379342.2399429,593379342.2399429,6534.206158115446,1412.80795771415,transient-slab
Li,9.433732216299774e+19,90.57077858851346,628997440.9223651,628997440.9223651,6926.427429035484,1497.6129545770596,transient-slab
Li,1e+20,90.57077858851346,666753546.211087,666753546.211087,7342.192114662612,1587.5084433597308,transient-slab
Li,1e+18,95.16868108181045,7181650.37246436,7181650.37246436,79.0832790235782,17.09916755348657,transient-slab
Li,1.0600258488068824e+18,95.16868108181045,7612735.031905797,7612735.031905797,83.8303199734,18.12555959977571,transient-slab
Li,1.1236548001387516e+18,95.16868108181045,8069695.913937831,8069695.913937831,88.86230608555589,19.21356169985198,transient-slab
Li,1.191103133283008e+18,95.16868108181045,8554086.26078538,8554086.26078538,94.19634143527837,20.366872049489,transient-slab
Li,1.2626001098748577e+18,95.16868108181045,9067552.549356313,9067552.549356313,99.85055678443386,21.58941083180075,transient-slab
Li,1.3383887531737592e+18,95.16868108181045,9611840.087732438,9611840.087732438,105.84417120925933,22.885333542220092,transient-slab
Li,1.418726674116599e+18,95.16868108181045,10188798.947594596,10188798.947594596,112.1975574273561,24.259045113320465,transient-slab
Li,1.5038869469554132e+18,95.16868108181045,10800390.252746634,10800390.252746634,118.9323110459921,25.715214887491985,transient-slab
Li,1.5941590374560028e+18,95.16868108181045,11448692.84511333,11448692.84511333,126.07132396709194,27.25879248836507,transient-slab
Li,1.689849786812462e+18,95.16868108181045,12135910.350870537,12135910.350870537,133.63886219842408,28.89502464492985,transient-slab
Li,1.7912844546220096e+18,95.16868108181045,12864378.670725774,12864378.670725774,141.66064833547048,30.62947302553756,transient-slab
Li,1.898807824465269e+18,95.16868108181045,13636573.919809239,13636573.919809239,150.16394899434036,32.46803314240295,transient-slab
Li,2.0127853758499466e+18,95.16868108181045,14455120.844163587,14455120.844163587,159.17766749291906,34.41695439086568,transient-slab
Li,2.133604526501402e+18,95.16868108181045,15322801.74244044,15322801.74244044,168.73244209527985,36.482861291524856,transient-slab
Li,2.2616759492228552e+18,95.16868108181045,16242565.923130004,16242565.923130004,178.86075015330712,38.67277600745239,transient-slab
Li,2.3974349678010685e+18,95.16868108181045,17217539.729467623,17217539.729467623,189.5970184994951,40.99414221301815,transient-slab
Li,2.541343036702629e+18,95.16868108181045,18251037.16609514,18251037.16609514,200.97774046618153,43.45485039546462,transient-slab
Li,2.693889309590164e+18,95.16868108181045,19346571.16359596,19346571.16359596,213.04159992895336,46.063264675228474,transient-slab
Li,2.8555923019901005e+18,95.16868108181045,20507865.519193564,20507865.519193564,225.8296027958651,48.82825123617515,transient-slab
Li,3.0270016537634555e+18,95.16868108181045,21738867.554200556,21738867.554200556,239.38521638940801,51.759208462382276,transient-slab
Li,3.208699997370444e+18,95.16868108181045,23043761.53124184,23043761.53124184,253.75451719500145,54.86609888390915,transient-slab
Li,3.401304938279246e+18,95.16868108181045,24426982.876858015,24426982.876858015,268.98634747821205,58.159483040138134,transient-slab
Li,3.6054711542504986e+18,95.16868108181045,25893233.2578326,25893233.2578326,285.13248130305476,61.65055537579191,transient-slab
Li,3.821892620633115e+18,95.16868108181045,27447496.5624886,27447496.5624886,302.24780051568314,65.35118229163952,transient-slab
Li,4.051304969235378e+18,95.16868108181045,29095055.84127596,29095055.84127596,320.39048129165025,69.27394247922848,transient-slab
Li,4.294487988789272e+18,95.16868108181045,30841511.2642322,30841511.2642322,339.62219188082724,73.43216967674334,transient-slab
Li,4.5522682755073096e+18,95.16868108181045,32692799.15635476,32692799.15635476,360.00830222212767,77.83999799132086,transient-slab
Li,4.825522042741279e+18,95.16868108181045,34655212.175587885,34655212.175587885,381.6181061405356,82.51240994187592,transient-slab
Li,5.115178099293145e+18,95.16868108181045,36735420.702010155,36735420.702010155,404.52505688169623,87.46528738573846,transient-slab
Li,5.422221006501592e+18,95.16868108181045,38940495.51092624,38940495.51092624,428.80701678467244,92.71546550220533,transient-slab
Li,5.747694424835359e+18,95.16868108181045,41277931.806930184,41277931.806930184,454.54652194151953,98.28079001650043,transient-slab
Li,6.092704661368687e+18,95.16868108181045,43755674.70063377,43755674.70063377,481.8310627432754,104.18017785865185,transient-slab
Li,6.458424430196991e+18,95.16868108181045,46382146.21465715,46382146.21465715,510.75338126596273,110.4336814634694,transient-slab
Li,6.846096838574672e+18,95.16868108181045,49166273.91067687,49166273.91067687,541.4117865074373,117.06255693018302,transient-slab
Li,7.257039612324231e+18,95.16868108181045,52117521.234836936,52117521.234836936,573.910488546597,124.08933627342128,transient-slab
Li,7.692649574879161e+18,95.16868108181045,55245919.684668735,55245919.684668735,608.3599527607789,131.53790401111604,transient-slab
Li,8.154407395185187e+18,95.16868108181045,58562102.90685782,58562102.90685782,644.8772753053595,139.43357834966147,transient-slab
Li,8.643882620598297e+18,95.16868108181045,62077342.84175796,62077342.84175796,683.5865811318333,147.80319724228087,transient-slab
Li,9.162739011886769e+18,95.16868108181045,65803588.03751034,65803588.03751034,724.6194458972666,156.67520961311988,transient-slab
Li,9.712740198471207e+18,95.16868108181045,69753504.2640003,69753504.2640003,768.1153431992227,166.07977205714357,transient-slab
Li,1.0295755673125085e+19,95.16868108181045,73940517.56470081,73940517.56470081,814.2221186563393,176.04885134452573,transient-slab
Li,1.0913767146512693e+19,95.16868108181045,78378859.89274219,78378859.89274219,863.0964924460242,186.6163330779576,transient-slab
Li,1.1568875283162786e+19,95.16868108181045,83083617.48631977,83083617.48631977,914.9045920073399,197.81813687218994,transient-slab
Li,1.2263306841775593e+19,95.16868108181045,88070782.14788243,88070782.14788243,969.8225167198949,209.69233844733913,transient-slab
Li,1.2999422244132422e+19,95.16868108181045,93357305.60139509,93357305.60139509,1028.0369364780333,222.27929905094066,transient-slab
Li,1.377972359833554e+19,95.16868108181045,98961157.11244236,98961157.11244236,1089.7457261949544,235.6218026486723,transient-slab
Li,1.460686320364986e+19,95.16868108181045,104901384.56702796,104901384.56702796,1155.1586383934791,249.76520135006658,transient-slab
Li,1.548365256585496e+19,95.16868108181045,111198179.21668102,111198179.21668102,1224.4980161696503,264.75756956352626,transient-slab
Li,1.6413071953751267e+19,95.16868108181045,117872944.30994213,117872944.30994213,1297.9995489525772,280.6498674046241,transient-slab
Li,1.7398280529303622e+19,95.16868108181045,124948367.84351279,124948367.84351279,1375.9130736294062,297.4961139131257,transient-slab
Li,1.8442627085855328e+19,95.16868108181045,132448499.68035422,132448499.68035422,1458.5034237584978,315.3535706675101,transient-slab
Li,1.9549661430912594e+19,95.16868108181045,140398833.29686555,140398833.29686555,1546.0513297573457,334.28293642110845,transient-slab
Li,2.0723146452190294e+19,95.16868108181045,148826392.4370059,148826392.4370059,1638.8543731250395,354.3485534214426,transient-slab
Li,2.1967070907932353e+19,95.16868108181045,157759822.9679034,157759822.9679034,1737.2279979427417,375.61862611405576,transient-slab
Li,2.3285662984981967e+19,95.16868108181045,167229490.24917534,167229490.24917534,1841.506583090336,398.16545297422704,transient-slab
Li,2.468340467068651e+19,95.16868108181045,177267582.3469243,177267582.3469243,1952.0445788237948,422.06567225458167,transient-slab
Li,2.6165046987488236e+19,95.16868108181045,187908219.44324237,187908219.44324237,2069.217711576566,447.4005224839104,transient-slab
Li,2.773562614198418e+19,95.16868108181045,199187569.8131129,199187569.8131129,2193.4242610801844,474.2561186026498,transient-slab
Li,2.9400480643347137e+19,95.16868108181045,211143972.7629252,211143972.7629252,2325.086414145132,502.7237446736315,transient-slab
Li,3.1165269449294365e+19,95.16868108181045,223818068.948477,223818068.948477,2464.6516997035433,532.9001641630405,transient-slab
Li,3.303599120128346e+19,95.16868108181045,237252938.51542673,237252938.51542673,2612.594509991575,564.8879488462542,transient-slab
Li,3.50190046143172e+19,95.16868108181045,251494247.53174224,251494247.53174224,2769.4177130420194,598.7958274565291,transient-slab
Li,3.712105009066372e+19,95.16868108181045,266590403.20988333,266590403.20988333,2935.6543619681825,634.7390552616271,transient-slab
Li,3.934927263095861e+19,95.16868108181045,282592718.4463256,282592718.4463256,3111.869506848949,672.8398058245848,transient-slab
Li,4.171124612056533e+19,95.16868108181045,299555586.2377106,299555586.2377106,3298.6621153738115,713.2275862802634,transient-slab
Li,4.421499907374468e+19,95.16868108181045,317536664.5664698,317536664.5664698,3496.667108776202,756.0396775392138,transient-slab
Li,4.6869041923142115e+19,95.16868108181045,336597072.38438123,336597072.38438123,3706.5575199756317,801.4216009151935,transient-slab
Li,4.9682395947343675e+19,95.16868108181045,356801597.3601625,356801597.3601625,3929.0467812636703,849.5276127622916,transient-slab
Li,5.266462393484259e+19,95.16868108181045,378218916.09735775,378218916.09735775,4164.891149310972,900.5212288032328,transient-slab
Li,5.582586268862678e+19,95.16868108181045,400921827.57092065,400921827.57092065,4414.8922757366345,954.5757799307635,transient-slab
Li,5.917685748188806e+19,95.16868108181045,424987500.57607174,424987500.57607174,4679.899931978674,1011.8750013715993,transient-slab
Li,6.272899858196231e+19,95.16868108181045,450497736.03046584,450497736.03046584,4960.814897726966,1072.6136572153948,transient-slab
Li,6.649435996665032e+19,95.16868108181045,477539245.0212735,477539245.0212735,5258.592022736855,1136.9982024316034,transient-slab
Li,7.048574036451889e+19,95.16868108181045,506203943.5422733,506203943.5422733,5574.243472430736,1205.2474846244602,transient-slab
Li,7.471670675868067e+19,95.16868108181045,536589264.9227895,536589264.9227895,5908.842168319616,1277.5934879114036,transient-slab
Li,7.920164050192541e+19,95.16868108181045,568798491.010441,568798491.010441,6263.525434938899,1354.2821214534308,transient-slab
Li,8.395578619995103e+19,95.16868108181045,602941103.2334166,602941103.2334166,6639.498865694604,1435.5740553176586,transient-slab
Li,8.899530352885224e+19,95.16868108181045,639133154.7355604,639133154.7355604,7038.040420760255,1521.7456065132392,transient-slab
Li,9.433732216299774e+19,95.16868108181045,677497664.8491831,677497664.8491831,7460.504770953539,1613.0896782123407,transient-slab
Li,1e+20,95.16868108181045,718165037.2464361,718165037.2464361,7908.327902357822,1709.9167553486575,transient-slab
Li,1e+18,100.0,7735407.237862527,7735407.237862527,85.18116828666662,18.417636280625068,transient-slab
Li,1.0600258488068824e+18,100.0,8199731.623182127,8199731.623182127,90.29424021543565,19.523170531386018,transient-slab
Li,1.1236548001387516e+18,100.0,8691927.47385227,8691927.47385227,95.71422862673971,20.695065413933975,transient-slab
Li,1.191103133283008e+18,100.0,9213667.798238115,9213667.798238115,101.4595564429558,21.93730428151932,transient-slab
Li,1.2626001098748577e+18,100.0,9766726.028451998,9766726.028451998,107.54975243801402,23.254109591552375,transient-slab
Li,1.3383887531737592e+18,100.0,10352982.048374102,10352982.048374102,114.0055176170759,24.649957258033574,transient-slab
Li,1.418726674116599e+18,100.0,10974428.58351017,10974428.58351017,120.84879558070882,26.129591865500405,transient-slab
Li,1.5038869469554132e+18,100.0,11633177.974405881,11633177.974405881,128.1028471127303,27.69804279620448,transient-slab
Li,1.5941590374560028e+18,100.0,12331469.356641123,12331469.356641123,135.79232924525022,29.360641325336008,transient-slab
Li,1.689849786812462e+18,100.0,13071676.271809567,13071676.271809567,143.94337906966,31.123038742403732,transient-slab
Li,1.7912844546220096e+18,100.0,13856314.735353727,13856314.735353727,152.58370257844726,32.99122556036602,transient-slab
Li,1.898807824465269e+18,100.0,14688051.788678642,14688051.788678642,161.7426688398154,34.97155187780629,transient-slab
Li,2.0127853758499466e+18,100.0,15569714.564613527,15569714.564613527,171.45140982521582,37.07074896336554,transient-slab
Li,2.133604526501402e+18,100.0,16504299.897035196,16504299.897035196,181.74292622910954,39.29595213579809,transient-slab
Li,2.2616759492228552e+18,100.0,17494984.507318076,17494984.507318076,192.65219964065847,41.65472501742399,transient-slab
Li,2.3974349678010685e+18,100.0,18545135.802233107,18545135.802233107,204.21631144860203,44.15508524341217,transient-slab
Li,2.541343036702629e+18,100.0,19658323.32000105,19658323.32000105,216.474568883515,46.80553171428822,transient-slab
Li,2.693889309590164e+18,100.0,20838330.86340424,20838330.86340424,229.4686386258519,49.61507348429581,transient-slab
Li,2.8555923019901005e+18,100.0,22089169.361198742,22089169.361198742,243.2426884339285,52.59326038380653,transient-slab
Li,3.0270016537634555e+18,100.0,23415090.501543675,23415090.501543675,257.84353727324304,55.75021547986589,transient-slab
Li,3.208699997370444e+18,100.0,24820601.183788806,24820601.183788806,273.3208144574385,59.09666948521144,transient-slab
Li,3.401304938279246e+18,100.0,26310478.83774283,26310478.83774283,289.7271283418346,62.64399723272103,transient-slab
Li,3.6054711542504986e+18,100.0,27889787.66249387,27889787.66249387,307.11824514293386,66.40425633927111,transient-slab
Li,3.821892620633115e+18,100.0,29563895.839978784,29563895.839978784,325.5532784917187,70.39022819042567,transient-slab
Li,4.051304969235378e+18,100.0,31338493.781811774,31338493.781811774,345.0948903650475,74.61546138526613,transient-slab
Li,4.294487988789272e+18,100.0,33219613.471394226,33219613.471394226,365.8095040781274,79.09431778903387,transient-slab
Li,4.5522682755073096e+18,100.0,35213648.967051215,35213648.967051215,387.7675300620418,83.84202135012194,transient-slab
Li,4.825522042741279e+18,100.0,37327378.13588606,37327378.13588606,411.0436051937641,88.87470984734776,transient-slab
Li,5.115178099293145e+18,100.0,39567985.69222808,39567985.69222808,435.7168464921608,94.20948974340018,transient-slab
Li,5.422221006501592e+18,100.0,41943087.61898265,41943087.61898265,461.87112004231085,99.86449433091107,transient-slab
Li,5.747694424835359e+18,100.0,44460757.05489352,44460757.05489352,489.59532606223604,105.85894536879411,transient-slab
Li,6.092704661368687e+18,100.0,47129551.7357101,47129551.7357101,518.9837010810041,112.21321841835739,transient-slab
Li,6.458424430196991e+18,100.0,49958543.08253398,49958543.08253398,550.1361382553289,118.94891210127138,transient-slab
Li,6.846096838574672e+18,100.0,52957347.036218286,52957347.036218286,583.1585269134454,126.08892151480543,transient-slab
Li,7.257039612324231e+18,100.0,56136156.74262793,56136156.74262793,618.1631124803962,133.65751605387604,transient-slab
Li,7.692649574879161e+18,100.0,59505777.19986036,59505777.19986036,655.2688780081362,141.68042190442944,transient-slab
Li,8.154407395185187e+18,100.0,63077661.98519522,63077661.98519522,694.6019486073081,150.18490948856004,transient-slab
Li,8.643882620598297e+18,100.0,66863952.18661018,66863952.18661018,736.2960201553764,159.19988615859566,transient-slab
Li,9.162739011886769e+18,100.0,70877517.67119427,70877517.67119427,780.4928137383323,168.75599445522448,transient-slab
Li,9.712740198471207e+18,100.0,75132000.8307325,75132000.8307325,827.3425573706476,178.8857162636488,transient-slab
Li,1.0295755673125085e+19,100.0,79641862.95315595,79641862.95315595,877.0044966308702,189.6234832217999,transient-slab
Li,1.0913767146512693e+19,100.0,84422433.37748055,84422433.37748055,929.647435948591,201.00579375590607,transient-slab
Li,1.1568875283162786e+19,100.0,89489961.59930632,89489961.59930632,985.4503123825472,213.07133714120553,transient-slab
Li,1.2263306841775593e+19,100.0,94861672.504,94861672.504,1044.6028038403172,225.8611250095238,transient-slab
Li,1.2999422244132422e+19,100.0,100555824.91529308,100555824.91529308,1107.3059738068812,239.41863075069782,transient-slab
Li,1.377972359833554e+19,100.0,106591773.6583098,106591773.6583098,1173.7729547735707,253.78993728169002,transient-slab
Li,1.460686320364986e+19,100.0,112990035.34798096,112990035.34798096,1244.2296726904171,269.02389368566895,transient-slab
Li,1.548365256585496e+19,100.0,119772358.12646316,119772358.12646316,1318.9156149043688,285.17228125348373,transient-slab
Li,1.6413071953751267e+19,100.0,126961795.586606,126961795.586606,1398.0846441936546,302.2899894919191,transient-slab
Li,1.7398280529303622e+19,100.0,134582785.13273793,134582785.13273793,1482.005861665247,320.43520269699513,transient-slab
Li,1.8442627085855328e+19,100.0,142661231.0451248,142661231.0451248,1570.9645214484785,339.6695977264876,transient-slab
Li,1.9549661430912594e+19,100.0,151224592.5304432,151224592.5304432,1665.2630002939216,360.0585536439124,transient-slab
Li,2.0723146452190294e+19,100.0,160301977.05755794,160301977.05755794,1765.2218253732594,381.6713739465665,transient-slab
Li,2.1967070907932353e+19,100.0,169924239.29585928,169924239.29585928,1871.180763773724,404.5815221329983,transient-slab
Li,2.3285662984981967e+19,100.0,180124085.99245706,180124085.99245706,1983.4999773903526,428.8668714106121,transient-slab
Li,2.468340467068651e+19,100.0,190936187.14471817,190936187.14471817,2102.5612471416407,454.60996939218614,transient-slab
Li,2.6165046987488236e+19,100.0,202397293.84602964,202397293.84602964,2228.769270669775,481.898318681023,transient-slab
Li,2.773562614198418e+19,100.0,214546363.20535356,214546363.20535356,2362.5530379364245,510.8246742984608,transient-slab
Li,2.9400480643347137e+19,100.0,227424690.76518458,227424690.76518458,2504.3672893898365,541.4873589647252,transient-slab
Li,3.1165269449294365e+19,100.0,241076050.86800754,241076050.86800754,2654.694061659653,573.9905973047798,transient-slab
Li,3.303599120128346e+19,100.0,255546845.44837087,255546845.44837087,2814.044326033364,608.4448701151688,transient-slab
Li,3.50190046143172e+19,100.0,270886261.7563305,270886261.7563305,2982.959725283708,644.967289896025,transient-slab
Li,3.712105009066372e+19,100.0,287146439.5483776,287146439.5483776,3162.014414750607,683.6819989247085,transient-slab
Li,3.934927263095861e+19,100.0,304382648.3141431,304382648.3141431,3351.8170139356102,724.7205912241502,transient-slab
Li,4.171124612056533e+19,100.0,322653475.1412863,322653475.1412863,3553.012675242445,768.2225598602056,transient-slab
Li,4.421499907374468e+19,100.0,342021023.8571296,342021023.8571296,3766.285276895454,814.3357710884038,transient-slab
Li,4.6869041923142115e+19,100.0,362551126.1239557,362551126.1239557,3992.3597474900002,863.2169669617994,transient-slab
Li,4.9682395947343675e+19,100.0,384313565.20543414,384313565.20543414,4232.004530075485,915.0322981081765,transient-slab
Li,5.266462393484259e+19,100.0,407382313.1648896,407382313.1648896,4486.034194147838,969.9578884878323,transient-slab
Li,5.582586268862678e+19,100.0,431835782.30152327,431835782.30152327,4755.312204428261,1028.1804340512458,transient-slab
Li,5.917685748188806e+19,100.0,457757091.67935616,457757091.67935616,5040.753855840793,1089.8978373318005,transient-slab
Li,6.272899858196231e+19,100.0,485234349.6547795,485234349.6547795,5343.329384664203,1155.3198801304275,transient-slab
Li,6.649435996665032e+19,100.0,514360953.3630633,514360953.3630633,5664.067266433429,1224.6689365787222,transient-slab
Li,7.048574036451889e+19,100.0,545235906.1817983,545235906.1817983,6004.057711800373,1298.1807290042816,transient-slab
Li,7.471670675868067e+19,100.0,577964154.2503506,577964154.2503506,6364.4563722367,1376.1051291675014,transient-slab
Li,7.920164050192541e+19,100.0,612656943.1891798,612656943.1891798,6746.488268174579,1458.7070075932852,transient-slab
Li,8.395578619995103e+19,100.0,649432196.2315402,649432196.2315402,7151.451952937432,1546.2671338846196,transient-slab
Li,8.899530352885224e+19,100.0,688414915.0528561,688414915.0528561,7580.723926614137,1639.083131078229,transient-slab
Li,9.433732216299774e+19,100.0,729737604.6602218,729737604.6602218,8035.763314879795,1737.4704872862426,transient-slab
Li,1e+20,100.0,773540723.7862529,773540723.7862529,8518.116828666662,1841.7636280625068,transient-slab
